Command line
python /home3/qinl0008/miniconda3/envs/gldm/bin/chemprop_train --data_path /home3/qinl0008/projects/GLDM/ldm/e3_chemprop/data/train.csv --separate_val_path /home3/qinl0008/projects/GLDM/ldm/e3_chemprop/data/val.csv --separate_test_path /home3/qinl0008/projects/GLDM/ldm/e3_chemprop/data/test.csv --dataset_type regression --target_columns neg_log2_mic --smiles_columns smiles --save_dir /home3/qinl0008/projects/GLDM/ldm/e3_chemprop/model --epochs 50 --batch_size 50 --num_folds 1 --gpu 0 --metric rmse --save_smiles_splits
Args
{'activation': 'ReLU',
 'adding_bond_types': True,
 'adding_h': False,
 'aggregation': 'mean',
 'aggregation_norm': 100,
 'atom_constraints': [],
 'atom_descriptor_scaling': True,
 'atom_descriptors': None,
 'atom_descriptors_path': None,
 'atom_descriptors_size': 0,
 'atom_features_size': 0,
 'atom_messages': False,
 'atom_targets': [],
 'batch_size': 50,
 'bias': False,
 'bias_solvent': False,
 'bond_constraints': [],
 'bond_descriptor_scaling': True,
 'bond_descriptors': None,
 'bond_descriptors_path': None,
 'bond_descriptors_size': 0,
 'bond_features_size': 0,
 'bond_targets': [],
 'cache_cutoff': 10000,
 'checkpoint_dir': None,
 'checkpoint_frzn': None,
 'checkpoint_path': None,
 'checkpoint_paths': None,
 'class_balance': False,
 'config_path': None,
 'constraints_path': None,
 'crossval_index_dir': None,
 'crossval_index_file': None,
 'crossval_index_sets': None,
 'cuda': True,
 'data_path': '/home3/qinl0008/projects/GLDM/ldm/e3_chemprop/data/train.csv',
 'data_weights_path': None,
 'dataset_type': 'regression',
 'depth': 3,
 'depth_solvent': 3,
 'device': device(type='cuda', index=0),
 'dropout': 0.0,
 'empty_cache': False,
 'ensemble_size': 1,
 'epochs': 50,
 'evidential_regularization': 0,
 'explicit_h': False,
 'extra_metrics': [],
 'features_generator': None,
 'features_only': False,
 'features_path': None,
 'features_scaling': True,
 'features_size': None,
 'ffn_hidden_size': 300,
 'ffn_num_layers': 2,
 'final_lr': 0.0001,
 'folds_file': None,
 'freeze_first_only': False,
 'frzn_ffn_layers': 0,
 'gpu': 0,
 'grad_clip': None,
 'hidden_size': 300,
 'hidden_size_solvent': 300,
 'ignore_columns': None,
 'init_lr': 0.0001,
 'is_atom_bond_targets': False,
 'keeping_atom_map': False,
 'log_frequency': 10,
 'loss_function': 'mse',
 'max_data_size': None,
 'max_lr': 0.001,
 'metric': 'rmse',
 'metrics': ['rmse'],
 'minimize_score': True,
 'mpn_shared': False,
 'multiclass_num_classes': 3,
 'no_adding_bond_types': False,
 'no_atom_descriptor_scaling': False,
 'no_bond_descriptor_scaling': False,
 'no_cache_mol': False,
 'no_cuda': False,
 'no_features_scaling': False,
 'no_shared_atom_bond_ffn': False,
 'num_folds': 1,
 'num_lrs': 1,
 'num_tasks': 1,
 'num_workers': 8,
 'number_of_molecules': 1,
 'overwrite_default_atom_features': False,
 'overwrite_default_bond_features': False,
 'phase_features_path': None,
 'pytorch_seed': 0,
 'quiet': False,
 'reaction': False,
 'reaction_mode': 'reac_diff',
 'reaction_solvent': False,
 'resume_experiment': False,
 'save_dir': '/home3/qinl0008/projects/GLDM/ldm/e3_chemprop/model',
 'save_preds': False,
 'save_smiles_splits': True,
 'seed': 0,
 'separate_test_atom_descriptors_path': None,
 'separate_test_bond_descriptors_path': None,
 'separate_test_constraints_path': None,
 'separate_test_features_path': None,
 'separate_test_path': '/home3/qinl0008/projects/GLDM/ldm/e3_chemprop/data/test.csv',
 'separate_test_phase_features_path': None,
 'separate_val_atom_descriptors_path': None,
 'separate_val_bond_descriptors_path': None,
 'separate_val_constraints_path': None,
 'separate_val_features_path': None,
 'separate_val_path': '/home3/qinl0008/projects/GLDM/ldm/e3_chemprop/data/val.csv',
 'separate_val_phase_features_path': None,
 'shared_atom_bond_ffn': True,
 'show_individual_scores': False,
 'smiles_columns': ['smiles'],
 'spectra_activation': 'exp',
 'spectra_phase_mask_path': None,
 'spectra_target_floor': 1e-08,
 'split_key_molecule': 0,
 'split_sizes': [1.0, 0.0, 0.0],
 'split_type': 'random',
 'target_columns': ['neg_log2_mic'],
 'target_weights': None,
 'task_names': ['neg_log2_mic'],
 'test': False,
 'test_fold_index': None,
 'train_data_size': None,
 'undirected': False,
 'use_input_features': False,
 'val_fold_index': None,
 'warmup_epochs': 2.0,
 'weights_ffn_num_layers': 2}
Setting molecule featurization parameters to default.
Loading data
Number of tasks = 1
Fold 0
Splitting data with seed 0
Warning: SMILES string in val could not be found in data file, and likely came from a secondary data file. The pickle file of split indices can only indicate indices for a single file and will not be generated.
Total size = 12,866 | train size = 12,866 | val size = 1,608 | test size = 1,609
Fitting scaler
Building model 0
MoleculeModel(
  (encoder): MPN(
    (encoder): ModuleList(
      (0): MPNEncoder(
        (dropout): Dropout(p=0.0, inplace=False)
        (act_func): ReLU()
        (W_i): Linear(in_features=147, out_features=300, bias=False)
        (W_h): Linear(in_features=300, out_features=300, bias=False)
        (W_o): Linear(in_features=433, out_features=300, bias=True)
      )
    )
  )
  (readout): Sequential(
    (0): Dropout(p=0.0, inplace=False)
    (1): Linear(in_features=300, out_features=300, bias=True)
    (2): ReLU()
    (3): Dropout(p=0.0, inplace=False)
    (4): Linear(in_features=300, out_features=1, bias=True)
  )
)
Number of parameters = 355,201
Moving model to cuda
Epoch 0
Loss = 9.4007e-01, PNorm = 34.0111, GNorm = 5.0393, lr_0 = 1.1926e-04
Loss = 8.1702e-01, PNorm = 34.0122, GNorm = 0.6666, lr_0 = 1.3677e-04
Loss = 1.0607e+00, PNorm = 34.0144, GNorm = 1.8089, lr_0 = 1.5428e-04
Loss = 8.7860e-01, PNorm = 34.0181, GNorm = 6.8968, lr_0 = 1.7179e-04
Loss = 9.5281e-01, PNorm = 34.0229, GNorm = 3.6285, lr_0 = 1.8930e-04
Loss = 8.4345e-01, PNorm = 34.0287, GNorm = 4.5623, lr_0 = 2.0681e-04
Loss = 9.2131e-01, PNorm = 34.0359, GNorm = 1.2374, lr_0 = 2.2432e-04
Loss = 7.9755e-01, PNorm = 34.0451, GNorm = 5.1890, lr_0 = 2.4183e-04
Loss = 8.6218e-01, PNorm = 34.0535, GNorm = 1.8442, lr_0 = 2.5934e-04
Loss = 8.5345e-01, PNorm = 34.0629, GNorm = 2.0181, lr_0 = 2.7685e-04
Loss = 8.2658e-01, PNorm = 34.0713, GNorm = 1.6100, lr_0 = 2.9436e-04
Loss = 7.8830e-01, PNorm = 34.0828, GNorm = 4.7106, lr_0 = 3.1187e-04
Loss = 8.3542e-01, PNorm = 34.0977, GNorm = 6.7785, lr_0 = 3.2938e-04
Loss = 8.1871e-01, PNorm = 34.1145, GNorm = 7.2111, lr_0 = 3.4689e-04
Loss = 8.7990e-01, PNorm = 34.1318, GNorm = 2.1563, lr_0 = 3.6440e-04
Loss = 7.1557e-01, PNorm = 34.1520, GNorm = 6.0962, lr_0 = 3.8191e-04
Loss = 7.2657e-01, PNorm = 34.1707, GNorm = 1.4567, lr_0 = 3.9942e-04
Loss = 6.2877e-01, PNorm = 34.1929, GNorm = 2.3443, lr_0 = 4.1693e-04
Loss = 7.7047e-01, PNorm = 34.2165, GNorm = 2.4818, lr_0 = 4.3444e-04
Loss = 7.0765e-01, PNorm = 34.2359, GNorm = 2.8841, lr_0 = 4.5195e-04
Loss = 7.0117e-01, PNorm = 34.2604, GNorm = 2.9094, lr_0 = 4.6946e-04
Loss = 7.5191e-01, PNorm = 34.2865, GNorm = 2.8398, lr_0 = 4.8696e-04
Loss = 7.1793e-01, PNorm = 34.3050, GNorm = 1.9831, lr_0 = 5.0447e-04
Loss = 6.4484e-01, PNorm = 34.3282, GNorm = 4.5569, lr_0 = 5.2198e-04
Loss = 7.7363e-01, PNorm = 34.3502, GNorm = 2.7217, lr_0 = 5.3949e-04
Command line
python /home3/qinl0008/miniconda3/envs/gldm/bin/chemprop_train --data_path /home3/qinl0008/projects/GLDM/ldm/e3_chemprop/data/train.csv --separate_val_path /home3/qinl0008/projects/GLDM/ldm/e3_chemprop/data/val.csv --separate_test_path /home3/qinl0008/projects/GLDM/ldm/e3_chemprop/data/test.csv --dataset_type regression --target_columns neg_log2_mic --smiles_columns smiles --save_dir /home3/qinl0008/projects/GLDM/ldm/e3_chemprop/model --epochs 50 --batch_size 50 --num_folds 1 --gpu 0 --metric mae --save_smiles_splits
Args
{'activation': 'ReLU',
 'adding_bond_types': True,
 'adding_h': False,
 'aggregation': 'mean',
 'aggregation_norm': 100,
 'atom_constraints': [],
 'atom_descriptor_scaling': True,
 'atom_descriptors': None,
 'atom_descriptors_path': None,
 'atom_descriptors_size': 0,
 'atom_features_size': 0,
 'atom_messages': False,
 'atom_targets': [],
 'batch_size': 50,
 'bias': False,
 'bias_solvent': False,
 'bond_constraints': [],
 'bond_descriptor_scaling': True,
 'bond_descriptors': None,
 'bond_descriptors_path': None,
 'bond_descriptors_size': 0,
 'bond_features_size': 0,
 'bond_targets': [],
 'cache_cutoff': 10000,
 'checkpoint_dir': None,
 'checkpoint_frzn': None,
 'checkpoint_path': None,
 'checkpoint_paths': None,
 'class_balance': False,
 'config_path': None,
 'constraints_path': None,
 'crossval_index_dir': None,
 'crossval_index_file': None,
 'crossval_index_sets': None,
 'cuda': True,
 'data_path': '/home3/qinl0008/projects/GLDM/ldm/e3_chemprop/data/train.csv',
 'data_weights_path': None,
 'dataset_type': 'regression',
 'depth': 3,
 'depth_solvent': 3,
 'device': device(type='cuda', index=0),
 'dropout': 0.0,
 'empty_cache': False,
 'ensemble_size': 1,
 'epochs': 50,
 'evidential_regularization': 0,
 'explicit_h': False,
 'extra_metrics': [],
 'features_generator': None,
 'features_only': False,
 'features_path': None,
 'features_scaling': True,
 'features_size': None,
 'ffn_hidden_size': 300,
 'ffn_num_layers': 2,
 'final_lr': 0.0001,
 'folds_file': None,
 'freeze_first_only': False,
 'frzn_ffn_layers': 0,
 'gpu': 0,
 'grad_clip': None,
 'hidden_size': 300,
 'hidden_size_solvent': 300,
 'ignore_columns': None,
 'init_lr': 0.0001,
 'is_atom_bond_targets': False,
 'keeping_atom_map': False,
 'log_frequency': 10,
 'loss_function': 'mse',
 'max_data_size': None,
 'max_lr': 0.001,
 'metric': 'mae',
 'metrics': ['mae'],
 'minimize_score': True,
 'mpn_shared': False,
 'multiclass_num_classes': 3,
 'no_adding_bond_types': False,
 'no_atom_descriptor_scaling': False,
 'no_bond_descriptor_scaling': False,
 'no_cache_mol': False,
 'no_cuda': False,
 'no_features_scaling': False,
 'no_shared_atom_bond_ffn': False,
 'num_folds': 1,
 'num_lrs': 1,
 'num_tasks': 1,
 'num_workers': 8,
 'number_of_molecules': 1,
 'overwrite_default_atom_features': False,
 'overwrite_default_bond_features': False,
 'phase_features_path': None,
 'pytorch_seed': 0,
 'quiet': False,
 'reaction': False,
 'reaction_mode': 'reac_diff',
 'reaction_solvent': False,
 'resume_experiment': False,
 'save_dir': '/home3/qinl0008/projects/GLDM/ldm/e3_chemprop/model',
 'save_preds': False,
 'save_smiles_splits': True,
 'seed': 0,
 'separate_test_atom_descriptors_path': None,
 'separate_test_bond_descriptors_path': None,
 'separate_test_constraints_path': None,
 'separate_test_features_path': None,
 'separate_test_path': '/home3/qinl0008/projects/GLDM/ldm/e3_chemprop/data/test.csv',
 'separate_test_phase_features_path': None,
 'separate_val_atom_descriptors_path': None,
 'separate_val_bond_descriptors_path': None,
 'separate_val_constraints_path': None,
 'separate_val_features_path': None,
 'separate_val_path': '/home3/qinl0008/projects/GLDM/ldm/e3_chemprop/data/val.csv',
 'separate_val_phase_features_path': None,
 'shared_atom_bond_ffn': True,
 'show_individual_scores': False,
 'smiles_columns': ['smiles'],
 'spectra_activation': 'exp',
 'spectra_phase_mask_path': None,
 'spectra_target_floor': 1e-08,
 'split_key_molecule': 0,
 'split_sizes': [1.0, 0.0, 0.0],
 'split_type': 'random',
 'target_columns': ['neg_log2_mic'],
 'target_weights': None,
 'task_names': ['neg_log2_mic'],
 'test': False,
 'test_fold_index': None,
 'train_data_size': None,
 'undirected': False,
 'use_input_features': False,
 'val_fold_index': None,
 'warmup_epochs': 2.0,
 'weights_ffn_num_layers': 2}
Setting molecule featurization parameters to default.
Loading data
Number of tasks = 1
Fold 0
Splitting data with seed 0
Warning: SMILES string in val could not be found in data file, and likely came from a secondary data file. The pickle file of split indices can only indicate indices for a single file and will not be generated.
Total size = 12,866 | train size = 12,866 | val size = 1,608 | test size = 1,609
Fitting scaler
Building model 0
MoleculeModel(
  (encoder): MPN(
    (encoder): ModuleList(
      (0): MPNEncoder(
        (dropout): Dropout(p=0.0, inplace=False)
        (act_func): ReLU()
        (W_i): Linear(in_features=147, out_features=300, bias=False)
        (W_h): Linear(in_features=300, out_features=300, bias=False)
        (W_o): Linear(in_features=433, out_features=300, bias=True)
      )
    )
  )
  (readout): Sequential(
    (0): Dropout(p=0.0, inplace=False)
    (1): Linear(in_features=300, out_features=300, bias=True)
    (2): ReLU()
    (3): Dropout(p=0.0, inplace=False)
    (4): Linear(in_features=300, out_features=1, bias=True)
  )
)
Number of parameters = 355,201
Moving model to cuda
Epoch 0
Loss = 9.4007e-01, PNorm = 34.0111, GNorm = 5.0393, lr_0 = 1.1926e-04
Loss = 8.1702e-01, PNorm = 34.0122, GNorm = 0.6666, lr_0 = 1.3677e-04
Loss = 1.0607e+00, PNorm = 34.0144, GNorm = 1.8089, lr_0 = 1.5428e-04
Loss = 8.7860e-01, PNorm = 34.0181, GNorm = 6.8968, lr_0 = 1.7179e-04
Loss = 9.5281e-01, PNorm = 34.0229, GNorm = 3.6285, lr_0 = 1.8930e-04
Loss = 8.4345e-01, PNorm = 34.0287, GNorm = 4.5623, lr_0 = 2.0681e-04
Loss = 9.2131e-01, PNorm = 34.0359, GNorm = 1.2374, lr_0 = 2.2432e-04
Loss = 7.9755e-01, PNorm = 34.0451, GNorm = 5.1890, lr_0 = 2.4183e-04
Loss = 8.6218e-01, PNorm = 34.0535, GNorm = 1.8442, lr_0 = 2.5934e-04
Loss = 8.5345e-01, PNorm = 34.0629, GNorm = 2.0181, lr_0 = 2.7685e-04
Loss = 8.2658e-01, PNorm = 34.0713, GNorm = 1.6100, lr_0 = 2.9436e-04
Loss = 7.8830e-01, PNorm = 34.0828, GNorm = 4.7106, lr_0 = 3.1187e-04
Loss = 8.3542e-01, PNorm = 34.0977, GNorm = 6.7785, lr_0 = 3.2938e-04
Loss = 8.1871e-01, PNorm = 34.1145, GNorm = 7.2111, lr_0 = 3.4689e-04
Loss = 8.7990e-01, PNorm = 34.1318, GNorm = 2.1563, lr_0 = 3.6440e-04
Loss = 7.1557e-01, PNorm = 34.1520, GNorm = 6.0962, lr_0 = 3.8191e-04
Loss = 7.2657e-01, PNorm = 34.1707, GNorm = 1.4567, lr_0 = 3.9942e-04
Loss = 6.2877e-01, PNorm = 34.1929, GNorm = 2.3443, lr_0 = 4.1693e-04
Loss = 7.7047e-01, PNorm = 34.2165, GNorm = 2.4818, lr_0 = 4.3444e-04
Loss = 7.0765e-01, PNorm = 34.2359, GNorm = 2.8841, lr_0 = 4.5195e-04
Loss = 7.0117e-01, PNorm = 34.2604, GNorm = 2.9094, lr_0 = 4.6946e-04
Loss = 7.5191e-01, PNorm = 34.2865, GNorm = 2.8398, lr_0 = 4.8696e-04
Loss = 7.1793e-01, PNorm = 34.3050, GNorm = 1.9831, lr_0 = 5.0447e-04
Loss = 6.4484e-01, PNorm = 34.3282, GNorm = 4.5569, lr_0 = 5.2198e-04
Loss = 7.7363e-01, PNorm = 34.3502, GNorm = 2.7217, lr_0 = 5.3949e-04
Validation mae = 2.226960
Epoch 1
Loss = 5.5050e-01, PNorm = 34.3805, GNorm = 1.8278, lr_0 = 5.5875e-04
Loss = 7.1863e-01, PNorm = 34.4124, GNorm = 1.6615, lr_0 = 5.7626e-04
Loss = 7.1099e-01, PNorm = 34.4486, GNorm = 2.5639, lr_0 = 5.9377e-04
Loss = 7.7351e-01, PNorm = 34.4865, GNorm = 4.7996, lr_0 = 6.1128e-04
Loss = 6.7230e-01, PNorm = 34.5258, GNorm = 2.3452, lr_0 = 6.2879e-04
Loss = 7.2182e-01, PNorm = 34.5649, GNorm = 1.8025, lr_0 = 6.4630e-04
Loss = 6.5029e-01, PNorm = 34.6020, GNorm = 0.5443, lr_0 = 6.6381e-04
Loss = 6.4876e-01, PNorm = 34.6383, GNorm = 3.4766, lr_0 = 6.8132e-04
Loss = 6.7297e-01, PNorm = 34.6843, GNorm = 1.0248, lr_0 = 6.9883e-04
Loss = 6.6285e-01, PNorm = 34.7228, GNorm = 1.5068, lr_0 = 7.1634e-04
Loss = 7.2220e-01, PNorm = 34.7647, GNorm = 1.4333, lr_0 = 7.3385e-04
Loss = 6.0239e-01, PNorm = 34.8173, GNorm = 0.6563, lr_0 = 7.5136e-04
Loss = 6.3506e-01, PNorm = 34.8725, GNorm = 2.6043, lr_0 = 7.6887e-04
Loss = 6.2942e-01, PNorm = 34.9167, GNorm = 1.3563, lr_0 = 7.8638e-04
Loss = 6.7901e-01, PNorm = 34.9689, GNorm = 3.9240, lr_0 = 8.0389e-04
Loss = 6.4349e-01, PNorm = 35.0237, GNorm = 2.6086, lr_0 = 8.2140e-04
Loss = 6.6077e-01, PNorm = 35.0652, GNorm = 2.1741, lr_0 = 8.3891e-04
Loss = 7.3509e-01, PNorm = 35.1124, GNorm = 2.9325, lr_0 = 8.5642e-04
Loss = 6.1989e-01, PNorm = 35.1710, GNorm = 2.2899, lr_0 = 8.7393e-04
Loss = 7.5295e-01, PNorm = 35.2158, GNorm = 1.5396, lr_0 = 8.9144e-04
Loss = 7.4813e-01, PNorm = 35.2791, GNorm = 1.2634, lr_0 = 9.0895e-04
Loss = 6.6230e-01, PNorm = 35.3326, GNorm = 0.8670, lr_0 = 9.2646e-04
Loss = 6.5669e-01, PNorm = 35.3818, GNorm = 2.1148, lr_0 = 9.4397e-04
Loss = 6.4502e-01, PNorm = 35.4373, GNorm = 2.7044, lr_0 = 9.6148e-04
Loss = 5.4524e-01, PNorm = 35.4964, GNorm = 2.1094, lr_0 = 9.7899e-04
Loss = 5.8610e-01, PNorm = 35.5631, GNorm = 2.8897, lr_0 = 9.9650e-04
Validation mae = 2.135489
Epoch 2
Loss = 7.8659e-01, PNorm = 35.6217, GNorm = 1.7853, lr_0 = 9.9832e-04
Loss = 6.5971e-01, PNorm = 35.6676, GNorm = 3.3598, lr_0 = 9.9646e-04
Loss = 5.6488e-01, PNorm = 35.7298, GNorm = 1.9398, lr_0 = 9.9460e-04
Loss = 6.7073e-01, PNorm = 35.7901, GNorm = 1.6072, lr_0 = 9.9275e-04
Loss = 6.5259e-01, PNorm = 35.8568, GNorm = 2.0369, lr_0 = 9.9090e-04
Loss = 6.2771e-01, PNorm = 35.9299, GNorm = 0.9386, lr_0 = 9.8905e-04
Loss = 6.4627e-01, PNorm = 35.9791, GNorm = 0.8635, lr_0 = 9.8720e-04
Loss = 5.2169e-01, PNorm = 36.0447, GNorm = 2.8713, lr_0 = 9.8536e-04
Loss = 5.6454e-01, PNorm = 36.0991, GNorm = 1.9967, lr_0 = 9.8352e-04
Loss = 6.0891e-01, PNorm = 36.1411, GNorm = 2.3203, lr_0 = 9.8169e-04
Loss = 6.4857e-01, PNorm = 36.1913, GNorm = 1.1477, lr_0 = 9.7986e-04
Loss = 6.0395e-01, PNorm = 36.2312, GNorm = 2.1231, lr_0 = 9.7803e-04
Loss = 5.1355e-01, PNorm = 36.2842, GNorm = 3.0932, lr_0 = 9.7621e-04
Loss = 5.1179e-01, PNorm = 36.3359, GNorm = 1.7972, lr_0 = 9.7439e-04
Loss = 6.3248e-01, PNorm = 36.3797, GNorm = 1.2499, lr_0 = 9.7257e-04
Loss = 5.5753e-01, PNorm = 36.4238, GNorm = 0.9900, lr_0 = 9.7076e-04
Loss = 5.9700e-01, PNorm = 36.4674, GNorm = 2.0862, lr_0 = 9.6895e-04
Loss = 5.6000e-01, PNorm = 36.5008, GNorm = 0.8203, lr_0 = 9.6714e-04
Loss = 5.7020e-01, PNorm = 36.5328, GNorm = 1.2837, lr_0 = 9.6534e-04
Loss = 5.0341e-01, PNorm = 36.5863, GNorm = 2.8763, lr_0 = 9.6354e-04
Loss = 5.5466e-01, PNorm = 36.6376, GNorm = 2.6765, lr_0 = 9.6174e-04
Loss = 4.7701e-01, PNorm = 36.6892, GNorm = 0.9020, lr_0 = 9.5995e-04
Loss = 5.5679e-01, PNorm = 36.7368, GNorm = 2.4662, lr_0 = 9.5816e-04
Loss = 5.5860e-01, PNorm = 36.7854, GNorm = 1.5244, lr_0 = 9.5637e-04
Loss = 6.4615e-01, PNorm = 36.8297, GNorm = 0.9976, lr_0 = 9.5459e-04
Loss = 5.5559e-01, PNorm = 36.8903, GNorm = 1.6230, lr_0 = 9.5281e-04
Validation mae = 2.031744
Epoch 3
Loss = 5.9935e-01, PNorm = 36.9531, GNorm = 2.2756, lr_0 = 9.5085e-04
Loss = 5.6846e-01, PNorm = 37.0313, GNorm = 2.7516, lr_0 = 9.4908e-04
Loss = 6.1760e-01, PNorm = 37.1030, GNorm = 1.1620, lr_0 = 9.4731e-04
Loss = 5.9039e-01, PNorm = 37.1582, GNorm = 1.8309, lr_0 = 9.4554e-04
Loss = 5.9363e-01, PNorm = 37.2187, GNorm = 0.9320, lr_0 = 9.4378e-04
Loss = 5.7663e-01, PNorm = 37.2767, GNorm = 2.9924, lr_0 = 9.4202e-04
Loss = 6.1718e-01, PNorm = 37.3277, GNorm = 0.8463, lr_0 = 9.4026e-04
Loss = 5.3524e-01, PNorm = 37.3848, GNorm = 0.7873, lr_0 = 9.3851e-04
Loss = 6.4991e-01, PNorm = 37.4364, GNorm = 1.0533, lr_0 = 9.3676e-04
Loss = 6.0539e-01, PNorm = 37.4824, GNorm = 1.8052, lr_0 = 9.3501e-04
Loss = 5.5142e-01, PNorm = 37.5243, GNorm = 1.8319, lr_0 = 9.3327e-04
Loss = 5.4169e-01, PNorm = 37.5858, GNorm = 0.6557, lr_0 = 9.3153e-04
Loss = 5.4390e-01, PNorm = 37.6308, GNorm = 1.0178, lr_0 = 9.2979e-04
Loss = 5.2519e-01, PNorm = 37.6612, GNorm = 0.9592, lr_0 = 9.2806e-04
Loss = 5.4775e-01, PNorm = 37.7240, GNorm = 2.2614, lr_0 = 9.2633e-04
Loss = 5.1467e-01, PNorm = 37.7737, GNorm = 1.1572, lr_0 = 9.2460e-04
Loss = 5.6653e-01, PNorm = 37.8395, GNorm = 1.0802, lr_0 = 9.2287e-04
Loss = 4.3946e-01, PNorm = 37.8783, GNorm = 1.0921, lr_0 = 9.2115e-04
Loss = 5.5607e-01, PNorm = 37.9175, GNorm = 0.9536, lr_0 = 9.1944e-04
Loss = 5.5246e-01, PNorm = 37.9613, GNorm = 1.5806, lr_0 = 9.1772e-04
Loss = 5.4509e-01, PNorm = 38.0013, GNorm = 1.4294, lr_0 = 9.1601e-04
Loss = 5.8104e-01, PNorm = 38.0404, GNorm = 2.4650, lr_0 = 9.1430e-04
Loss = 5.7430e-01, PNorm = 38.1092, GNorm = 2.1183, lr_0 = 9.1260e-04
Loss = 5.2471e-01, PNorm = 38.1739, GNorm = 0.9681, lr_0 = 9.1089e-04
Loss = 4.3938e-01, PNorm = 38.2287, GNorm = 2.2082, lr_0 = 9.0920e-04
Validation mae = 1.864885
Epoch 4
Loss = 4.6579e-01, PNorm = 38.2747, GNorm = 1.7197, lr_0 = 9.0750e-04
Loss = 4.4748e-01, PNorm = 38.3227, GNorm = 0.5012, lr_0 = 9.0581e-04
Loss = 6.6297e-01, PNorm = 38.3813, GNorm = 1.7848, lr_0 = 9.0412e-04
Loss = 5.2884e-01, PNorm = 38.4320, GNorm = 1.5640, lr_0 = 9.0243e-04
Loss = 4.6201e-01, PNorm = 38.4835, GNorm = 2.0396, lr_0 = 9.0075e-04
Loss = 5.2733e-01, PNorm = 38.5140, GNorm = 1.0052, lr_0 = 8.9907e-04
Loss = 4.3925e-01, PNorm = 38.5640, GNorm = 1.2712, lr_0 = 8.9739e-04
Loss = 4.8290e-01, PNorm = 38.6073, GNorm = 1.8025, lr_0 = 8.9572e-04
Loss = 5.3260e-01, PNorm = 38.6531, GNorm = 1.2264, lr_0 = 8.9405e-04
Loss = 4.6905e-01, PNorm = 38.6989, GNorm = 0.7685, lr_0 = 8.9238e-04
Loss = 4.9805e-01, PNorm = 38.7426, GNorm = 1.4888, lr_0 = 8.9072e-04
Loss = 5.3143e-01, PNorm = 38.8009, GNorm = 2.4587, lr_0 = 8.8906e-04
Loss = 5.2523e-01, PNorm = 38.8476, GNorm = 0.7228, lr_0 = 8.8740e-04
Loss = 6.1511e-01, PNorm = 38.8950, GNorm = 0.7024, lr_0 = 8.8574e-04
Loss = 5.3267e-01, PNorm = 38.9519, GNorm = 1.1141, lr_0 = 8.8409e-04
Loss = 4.8890e-01, PNorm = 39.0121, GNorm = 1.0661, lr_0 = 8.8244e-04
Loss = 5.2447e-01, PNorm = 39.0657, GNorm = 1.3197, lr_0 = 8.8080e-04
Loss = 5.2895e-01, PNorm = 39.1068, GNorm = 1.0147, lr_0 = 8.7916e-04
Loss = 4.6225e-01, PNorm = 39.1399, GNorm = 0.7552, lr_0 = 8.7752e-04
Loss = 4.9810e-01, PNorm = 39.1787, GNorm = 0.7317, lr_0 = 8.7588e-04
Loss = 6.0065e-01, PNorm = 39.2112, GNorm = 0.8588, lr_0 = 8.7425e-04
Loss = 4.3921e-01, PNorm = 39.2556, GNorm = 0.8001, lr_0 = 8.7262e-04
Loss = 4.7794e-01, PNorm = 39.2960, GNorm = 0.9760, lr_0 = 8.7099e-04
Loss = 4.3695e-01, PNorm = 39.3384, GNorm = 1.0349, lr_0 = 8.6937e-04
Loss = 5.0079e-01, PNorm = 39.3748, GNorm = 0.7250, lr_0 = 8.6774e-04
Loss = 4.6141e-01, PNorm = 39.4107, GNorm = 0.7873, lr_0 = 8.6613e-04
Validation mae = 1.921432
Epoch 5
Loss = 3.1969e-01, PNorm = 39.4470, GNorm = 0.8581, lr_0 = 8.6435e-04
Loss = 4.2109e-01, PNorm = 39.4912, GNorm = 1.2640, lr_0 = 8.6274e-04
Loss = 4.1236e-01, PNorm = 39.5282, GNorm = 0.7818, lr_0 = 8.6113e-04
Loss = 4.8008e-01, PNorm = 39.5770, GNorm = 1.0178, lr_0 = 8.5952e-04
Loss = 4.6839e-01, PNorm = 39.6297, GNorm = 0.8673, lr_0 = 8.5792e-04
Loss = 4.1251e-01, PNorm = 39.6660, GNorm = 1.9539, lr_0 = 8.5632e-04
Loss = 4.1171e-01, PNorm = 39.7031, GNorm = 0.8924, lr_0 = 8.5472e-04
Loss = 5.2496e-01, PNorm = 39.7498, GNorm = 1.1549, lr_0 = 8.5313e-04
Loss = 4.8961e-01, PNorm = 39.8081, GNorm = 1.2449, lr_0 = 8.5154e-04
Loss = 5.0725e-01, PNorm = 39.8498, GNorm = 0.8165, lr_0 = 8.4995e-04
Loss = 5.0232e-01, PNorm = 39.8753, GNorm = 2.4113, lr_0 = 8.4837e-04
Loss = 4.5089e-01, PNorm = 39.9064, GNorm = 0.6235, lr_0 = 8.4678e-04
Loss = 4.3310e-01, PNorm = 39.9449, GNorm = 1.2791, lr_0 = 8.4520e-04
Loss = 5.5048e-01, PNorm = 39.9990, GNorm = 1.5454, lr_0 = 8.4363e-04
Loss = 5.2628e-01, PNorm = 40.0564, GNorm = 0.9651, lr_0 = 8.4206e-04
Loss = 4.1872e-01, PNorm = 40.0956, GNorm = 1.5691, lr_0 = 8.4048e-04
Loss = 4.1345e-01, PNorm = 40.1301, GNorm = 1.8776, lr_0 = 8.3892e-04
Loss = 4.4919e-01, PNorm = 40.1635, GNorm = 1.1656, lr_0 = 8.3735e-04
Loss = 4.8016e-01, PNorm = 40.2081, GNorm = 1.3576, lr_0 = 8.3579e-04
Loss = 4.1100e-01, PNorm = 40.2409, GNorm = 1.4724, lr_0 = 8.3423e-04
Loss = 4.9063e-01, PNorm = 40.2788, GNorm = 0.9836, lr_0 = 8.3268e-04
Loss = 4.5505e-01, PNorm = 40.3280, GNorm = 1.0373, lr_0 = 8.3112e-04
Loss = 4.8186e-01, PNorm = 40.3777, GNorm = 1.0692, lr_0 = 8.2957e-04
Loss = 3.8132e-01, PNorm = 40.4195, GNorm = 1.2743, lr_0 = 8.2803e-04
Loss = 4.9501e-01, PNorm = 40.4528, GNorm = 1.1698, lr_0 = 8.2648e-04
Loss = 4.7420e-01, PNorm = 40.4950, GNorm = 1.0240, lr_0 = 8.2494e-04
Validation mae = 1.793605
Epoch 6
Loss = 3.3244e-01, PNorm = 40.5374, GNorm = 0.7559, lr_0 = 8.2325e-04
Loss = 3.4657e-01, PNorm = 40.5777, GNorm = 1.0257, lr_0 = 8.2171e-04
Loss = 4.2258e-01, PNorm = 40.6222, GNorm = 1.7129, lr_0 = 8.2018e-04
Loss = 4.2412e-01, PNorm = 40.6586, GNorm = 1.2991, lr_0 = 8.1865e-04
Loss = 3.7844e-01, PNorm = 40.6841, GNorm = 1.1249, lr_0 = 8.1713e-04
Loss = 4.1362e-01, PNorm = 40.7134, GNorm = 0.8867, lr_0 = 8.1560e-04
Loss = 4.5016e-01, PNorm = 40.7589, GNorm = 0.9158, lr_0 = 8.1408e-04
Loss = 4.7651e-01, PNorm = 40.8020, GNorm = 2.2285, lr_0 = 8.1256e-04
Loss = 4.4627e-01, PNorm = 40.8339, GNorm = 2.4028, lr_0 = 8.1105e-04
Loss = 4.6974e-01, PNorm = 40.8746, GNorm = 1.8008, lr_0 = 8.0954e-04
Loss = 3.7874e-01, PNorm = 40.9142, GNorm = 0.9506, lr_0 = 8.0803e-04
Loss = 5.4916e-01, PNorm = 40.9606, GNorm = 1.6946, lr_0 = 8.0652e-04
Loss = 4.1972e-01, PNorm = 41.0061, GNorm = 1.1892, lr_0 = 8.0502e-04
Loss = 4.2891e-01, PNorm = 41.0580, GNorm = 0.8666, lr_0 = 8.0351e-04
Loss = 4.3608e-01, PNorm = 41.1008, GNorm = 1.9874, lr_0 = 8.0202e-04
Loss = 4.8389e-01, PNorm = 41.1474, GNorm = 1.4076, lr_0 = 8.0052e-04
Loss = 4.6823e-01, PNorm = 41.1796, GNorm = 1.1503, lr_0 = 7.9903e-04
Loss = 4.3606e-01, PNorm = 41.2183, GNorm = 0.7978, lr_0 = 7.9754e-04
Loss = 4.9782e-01, PNorm = 41.2527, GNorm = 1.4810, lr_0 = 7.9605e-04
Loss = 4.6619e-01, PNorm = 41.3019, GNorm = 1.4426, lr_0 = 7.9457e-04
Loss = 3.9535e-01, PNorm = 41.3360, GNorm = 1.1481, lr_0 = 7.9308e-04
Loss = 4.1473e-01, PNorm = 41.3756, GNorm = 2.1554, lr_0 = 7.9160e-04
Loss = 4.3522e-01, PNorm = 41.4300, GNorm = 2.7827, lr_0 = 7.9013e-04
Loss = 3.7529e-01, PNorm = 41.4618, GNorm = 1.7145, lr_0 = 7.8866e-04
Loss = 4.0248e-01, PNorm = 41.4956, GNorm = 1.0643, lr_0 = 7.8718e-04
Loss = 3.6325e-01, PNorm = 41.5425, GNorm = 0.8210, lr_0 = 7.8572e-04
Validation mae = 1.694408
Epoch 7
Loss = 4.2232e-01, PNorm = 41.5775, GNorm = 1.3133, lr_0 = 7.8425e-04
Loss = 3.7810e-01, PNorm = 41.6237, GNorm = 1.7046, lr_0 = 7.8279e-04
Loss = 3.8304e-01, PNorm = 41.6573, GNorm = 1.3499, lr_0 = 7.8133e-04
Loss = 3.6089e-01, PNorm = 41.6902, GNorm = 1.4980, lr_0 = 7.7987e-04
Loss = 4.1294e-01, PNorm = 41.7218, GNorm = 1.6777, lr_0 = 7.7842e-04
Loss = 3.3427e-01, PNorm = 41.7549, GNorm = 0.5933, lr_0 = 7.7697e-04
Loss = 3.3163e-01, PNorm = 41.7842, GNorm = 1.0926, lr_0 = 7.7552e-04
Loss = 4.5591e-01, PNorm = 41.8240, GNorm = 1.6892, lr_0 = 7.7407e-04
Loss = 4.1942e-01, PNorm = 41.8632, GNorm = 2.2972, lr_0 = 7.7263e-04
Loss = 3.8020e-01, PNorm = 41.9195, GNorm = 1.4028, lr_0 = 7.7119e-04
Loss = 3.6581e-01, PNorm = 41.9577, GNorm = 1.2298, lr_0 = 7.6975e-04
Loss = 4.5396e-01, PNorm = 41.9840, GNorm = 1.2608, lr_0 = 7.6831e-04
Loss = 4.4639e-01, PNorm = 42.0198, GNorm = 2.0949, lr_0 = 7.6688e-04
Loss = 4.8961e-01, PNorm = 42.0691, GNorm = 0.9946, lr_0 = 7.6545e-04
Loss = 3.8023e-01, PNorm = 42.1031, GNorm = 2.3613, lr_0 = 7.6402e-04
Loss = 4.0511e-01, PNorm = 42.1274, GNorm = 1.6878, lr_0 = 7.6260e-04
Loss = 3.7984e-01, PNorm = 42.1556, GNorm = 2.7171, lr_0 = 7.6118e-04
Loss = 4.0957e-01, PNorm = 42.1899, GNorm = 0.7738, lr_0 = 7.5976e-04
Loss = 4.1138e-01, PNorm = 42.2249, GNorm = 3.0322, lr_0 = 7.5834e-04
Loss = 4.4344e-01, PNorm = 42.2710, GNorm = 1.4386, lr_0 = 7.5693e-04
Loss = 5.1054e-01, PNorm = 42.3099, GNorm = 2.1062, lr_0 = 7.5551e-04
Loss = 4.4995e-01, PNorm = 42.3556, GNorm = 1.2783, lr_0 = 7.5411e-04
Loss = 3.6373e-01, PNorm = 42.3888, GNorm = 0.8902, lr_0 = 7.5270e-04
Loss = 3.4406e-01, PNorm = 42.4140, GNorm = 1.3858, lr_0 = 7.5130e-04
Loss = 3.8726e-01, PNorm = 42.4441, GNorm = 0.9932, lr_0 = 7.4989e-04
Validation mae = 1.642739
Epoch 8
Loss = 7.7793e-01, PNorm = 42.4691, GNorm = 2.2283, lr_0 = 7.4836e-04
Loss = 3.4893e-01, PNorm = 42.5122, GNorm = 1.4434, lr_0 = 7.4696e-04
Loss = 3.3975e-01, PNorm = 42.5515, GNorm = 1.5692, lr_0 = 7.4557e-04
Loss = 3.3819e-01, PNorm = 42.5901, GNorm = 2.0862, lr_0 = 7.4418e-04
Loss = 4.0024e-01, PNorm = 42.6156, GNorm = 1.0725, lr_0 = 7.4279e-04
Loss = 3.4903e-01, PNorm = 42.6503, GNorm = 1.3635, lr_0 = 7.4140e-04
Loss = 3.9121e-01, PNorm = 42.6914, GNorm = 1.0802, lr_0 = 7.4002e-04
Loss = 3.8558e-01, PNorm = 42.7300, GNorm = 3.4697, lr_0 = 7.3864e-04
Loss = 4.1720e-01, PNorm = 42.7713, GNorm = 2.7602, lr_0 = 7.3726e-04
Loss = 3.7144e-01, PNorm = 42.8111, GNorm = 1.4679, lr_0 = 7.3589e-04
Loss = 3.9209e-01, PNorm = 42.8508, GNorm = 1.1753, lr_0 = 7.3452e-04
Loss = 3.7329e-01, PNorm = 42.8913, GNorm = 1.9580, lr_0 = 7.3315e-04
Loss = 3.5250e-01, PNorm = 42.9240, GNorm = 1.0346, lr_0 = 7.3178e-04
Loss = 3.2829e-01, PNorm = 42.9505, GNorm = 1.1970, lr_0 = 7.3042e-04
Loss = 3.0982e-01, PNorm = 42.9820, GNorm = 1.1716, lr_0 = 7.2905e-04
Loss = 4.0169e-01, PNorm = 43.0035, GNorm = 1.7342, lr_0 = 7.2769e-04
Loss = 3.4800e-01, PNorm = 43.0360, GNorm = 1.5657, lr_0 = 7.2634e-04
Loss = 3.3457e-01, PNorm = 43.0636, GNorm = 1.6149, lr_0 = 7.2498e-04
Loss = 3.5084e-01, PNorm = 43.0879, GNorm = 1.1417, lr_0 = 7.2363e-04
Loss = 3.6572e-01, PNorm = 43.1155, GNorm = 2.0514, lr_0 = 7.2228e-04
Loss = 4.0929e-01, PNorm = 43.1410, GNorm = 1.5398, lr_0 = 7.2093e-04
Loss = 3.5980e-01, PNorm = 43.1650, GNorm = 0.8344, lr_0 = 7.1959e-04
Loss = 3.5612e-01, PNorm = 43.1817, GNorm = 0.9937, lr_0 = 7.1825e-04
Loss = 4.1510e-01, PNorm = 43.2065, GNorm = 1.6292, lr_0 = 7.1691e-04
Loss = 3.9275e-01, PNorm = 43.2307, GNorm = 1.5339, lr_0 = 7.1557e-04
Loss = 3.6672e-01, PNorm = 43.2676, GNorm = 1.5019, lr_0 = 7.1424e-04
Validation mae = 1.659046
Epoch 9
Loss = 3.0240e-01, PNorm = 43.2977, GNorm = 1.6866, lr_0 = 7.1277e-04
Loss = 3.7543e-01, PNorm = 43.3205, GNorm = 0.9296, lr_0 = 7.1144e-04
Loss = 3.5042e-01, PNorm = 43.3546, GNorm = 1.5246, lr_0 = 7.1012e-04
Loss = 4.0254e-01, PNorm = 43.4025, GNorm = 1.1986, lr_0 = 7.0879e-04
Loss = 3.0635e-01, PNorm = 43.4422, GNorm = 1.0311, lr_0 = 7.0747e-04
Loss = 3.8510e-01, PNorm = 43.4742, GNorm = 0.8338, lr_0 = 7.0615e-04
Loss = 3.2602e-01, PNorm = 43.5071, GNorm = 1.2607, lr_0 = 7.0483e-04
Loss = 3.3734e-01, PNorm = 43.5376, GNorm = 1.0759, lr_0 = 7.0352e-04
Loss = 3.3619e-01, PNorm = 43.5568, GNorm = 1.0814, lr_0 = 7.0221e-04
Loss = 3.6566e-01, PNorm = 43.5765, GNorm = 1.2476, lr_0 = 7.0090e-04
Loss = 3.7097e-01, PNorm = 43.6073, GNorm = 1.6048, lr_0 = 6.9959e-04
Loss = 3.5487e-01, PNorm = 43.6356, GNorm = 1.8424, lr_0 = 6.9829e-04
Loss = 3.4208e-01, PNorm = 43.6578, GNorm = 1.0534, lr_0 = 6.9698e-04
Loss = 2.6833e-01, PNorm = 43.6845, GNorm = 0.9690, lr_0 = 6.9568e-04
Loss = 2.8327e-01, PNorm = 43.7040, GNorm = 1.0512, lr_0 = 6.9439e-04
Loss = 3.6894e-01, PNorm = 43.7244, GNorm = 1.0068, lr_0 = 6.9309e-04
Loss = 3.2796e-01, PNorm = 43.7469, GNorm = 1.2707, lr_0 = 6.9180e-04
Loss = 3.7825e-01, PNorm = 43.7789, GNorm = 1.9126, lr_0 = 6.9051e-04
Loss = 3.6256e-01, PNorm = 43.8077, GNorm = 1.3465, lr_0 = 6.8922e-04
Loss = 2.9955e-01, PNorm = 43.8470, GNorm = 0.9491, lr_0 = 6.8794e-04
Loss = 4.2910e-01, PNorm = 43.8812, GNorm = 0.9324, lr_0 = 6.8665e-04
Loss = 3.9167e-01, PNorm = 43.9076, GNorm = 2.0054, lr_0 = 6.8537e-04
Loss = 3.3271e-01, PNorm = 43.9402, GNorm = 1.5084, lr_0 = 6.8410e-04
Loss = 3.0657e-01, PNorm = 43.9745, GNorm = 0.9037, lr_0 = 6.8282e-04
Loss = 3.7333e-01, PNorm = 43.9983, GNorm = 1.6931, lr_0 = 6.8155e-04
Loss = 4.0255e-01, PNorm = 44.0253, GNorm = 1.8513, lr_0 = 6.8028e-04
Validation mae = 1.644632
Epoch 10
Loss = 2.8121e-01, PNorm = 44.0513, GNorm = 1.5795, lr_0 = 6.7901e-04
Loss = 3.0835e-01, PNorm = 44.0753, GNorm = 0.8054, lr_0 = 6.7774e-04
Loss = 3.5181e-01, PNorm = 44.1037, GNorm = 1.4155, lr_0 = 6.7648e-04
Loss = 2.8917e-01, PNorm = 44.1249, GNorm = 1.2050, lr_0 = 6.7522e-04
Loss = 3.7121e-01, PNorm = 44.1554, GNorm = 1.6270, lr_0 = 6.7396e-04
Loss = 3.3098e-01, PNorm = 44.1906, GNorm = 0.9252, lr_0 = 6.7270e-04
Loss = 3.1190e-01, PNorm = 44.2139, GNorm = 1.9612, lr_0 = 6.7144e-04
Loss = 3.0278e-01, PNorm = 44.2367, GNorm = 1.5035, lr_0 = 6.7019e-04
Loss = 3.1259e-01, PNorm = 44.2681, GNorm = 1.0734, lr_0 = 6.6894e-04
Loss = 3.4457e-01, PNorm = 44.2941, GNorm = 1.9701, lr_0 = 6.6770e-04
Loss = 3.3932e-01, PNorm = 44.3196, GNorm = 1.8519, lr_0 = 6.6645e-04
Loss = 3.3697e-01, PNorm = 44.3489, GNorm = 1.4772, lr_0 = 6.6521e-04
Loss = 2.7243e-01, PNorm = 44.3817, GNorm = 1.2921, lr_0 = 6.6397e-04
Loss = 2.9490e-01, PNorm = 44.3932, GNorm = 0.8649, lr_0 = 6.6273e-04
Loss = 3.8598e-01, PNorm = 44.4143, GNorm = 1.0543, lr_0 = 6.6149e-04
Loss = 3.4362e-01, PNorm = 44.4392, GNorm = 2.0211, lr_0 = 6.6026e-04
Loss = 3.4131e-01, PNorm = 44.4625, GNorm = 1.0143, lr_0 = 6.5903e-04
Loss = 3.5351e-01, PNorm = 44.4863, GNorm = 1.7650, lr_0 = 6.5780e-04
Loss = 3.5308e-01, PNorm = 44.5132, GNorm = 1.2869, lr_0 = 6.5657e-04
Loss = 2.8969e-01, PNorm = 44.5403, GNorm = 1.5363, lr_0 = 6.5535e-04
Loss = 4.3871e-01, PNorm = 44.5593, GNorm = 3.1041, lr_0 = 6.5413e-04
Loss = 3.1311e-01, PNorm = 44.5913, GNorm = 1.7218, lr_0 = 6.5291e-04
Loss = 3.5250e-01, PNorm = 44.6151, GNorm = 1.3168, lr_0 = 6.5169e-04
Loss = 3.6920e-01, PNorm = 44.6447, GNorm = 1.1796, lr_0 = 6.5047e-04
Loss = 3.0886e-01, PNorm = 44.6735, GNorm = 1.5128, lr_0 = 6.4926e-04
Loss = 3.3095e-01, PNorm = 44.6952, GNorm = 1.7359, lr_0 = 6.4805e-04
Loss = 2.1878e-01, PNorm = 44.6978, GNorm = 1.9556, lr_0 = 6.4793e-04
Validation mae = 1.564397
Epoch 11
Loss = 3.2038e-01, PNorm = 44.7248, GNorm = 1.5992, lr_0 = 6.4672e-04
Loss = 3.1964e-01, PNorm = 44.7547, GNorm = 1.1049, lr_0 = 6.4551e-04
Loss = 2.8489e-01, PNorm = 44.7764, GNorm = 1.1611, lr_0 = 6.4431e-04
Loss = 3.1380e-01, PNorm = 44.8051, GNorm = 1.1529, lr_0 = 6.4311e-04
Loss = 2.3584e-01, PNorm = 44.8361, GNorm = 1.1710, lr_0 = 6.4191e-04
Loss = 2.3381e-01, PNorm = 44.8544, GNorm = 1.5893, lr_0 = 6.4071e-04
Loss = 2.9892e-01, PNorm = 44.8729, GNorm = 1.3233, lr_0 = 6.3952e-04
Loss = 2.9155e-01, PNorm = 44.8902, GNorm = 1.8932, lr_0 = 6.3833e-04
Loss = 3.1724e-01, PNorm = 44.9081, GNorm = 2.0000, lr_0 = 6.3714e-04
Loss = 3.8580e-01, PNorm = 44.9361, GNorm = 1.2154, lr_0 = 6.3595e-04
Loss = 2.3784e-01, PNorm = 44.9511, GNorm = 1.3503, lr_0 = 6.3476e-04
Loss = 2.8984e-01, PNorm = 44.9698, GNorm = 1.4733, lr_0 = 6.3358e-04
Loss = 2.5080e-01, PNorm = 44.9929, GNorm = 0.9994, lr_0 = 6.3240e-04
Loss = 3.7403e-01, PNorm = 45.0132, GNorm = 1.2645, lr_0 = 6.3122e-04
Loss = 3.3252e-01, PNorm = 45.0296, GNorm = 2.1243, lr_0 = 6.3004e-04
Loss = 3.7669e-01, PNorm = 45.0478, GNorm = 3.3305, lr_0 = 6.2886e-04
Loss = 3.5840e-01, PNorm = 45.0739, GNorm = 2.8331, lr_0 = 6.2769e-04
Loss = 3.1998e-01, PNorm = 45.0957, GNorm = 2.0488, lr_0 = 6.2652e-04
Loss = 3.9408e-01, PNorm = 45.1231, GNorm = 0.7947, lr_0 = 6.2535e-04
Loss = 3.7138e-01, PNorm = 45.1558, GNorm = 1.3130, lr_0 = 6.2419e-04
Loss = 3.2480e-01, PNorm = 45.1813, GNorm = 0.9685, lr_0 = 6.2302e-04
Loss = 3.1526e-01, PNorm = 45.2035, GNorm = 1.0289, lr_0 = 6.2186e-04
Loss = 2.7194e-01, PNorm = 45.2229, GNorm = 1.0828, lr_0 = 6.2070e-04
Loss = 3.0656e-01, PNorm = 45.2500, GNorm = 1.3257, lr_0 = 6.1954e-04
Loss = 3.4069e-01, PNorm = 45.2738, GNorm = 1.3975, lr_0 = 6.1839e-04
Validation mae = 1.528103
Epoch 12
Loss = 2.9923e-01, PNorm = 45.2962, GNorm = 2.1639, lr_0 = 6.1712e-04
Loss = 3.6267e-01, PNorm = 45.3288, GNorm = 1.4187, lr_0 = 6.1597e-04
Loss = 2.7417e-01, PNorm = 45.3628, GNorm = 1.5328, lr_0 = 6.1482e-04
Loss = 2.8090e-01, PNorm = 45.3833, GNorm = 1.7382, lr_0 = 6.1367e-04
Loss = 3.7875e-01, PNorm = 45.4023, GNorm = 1.4187, lr_0 = 6.1253e-04
Loss = 3.0367e-01, PNorm = 45.4324, GNorm = 1.7915, lr_0 = 6.1139e-04
Loss = 2.9357e-01, PNorm = 45.4522, GNorm = 1.1354, lr_0 = 6.1025e-04
Loss = 3.2986e-01, PNorm = 45.4673, GNorm = 1.8463, lr_0 = 6.0911e-04
Loss = 2.9304e-01, PNorm = 45.4875, GNorm = 1.7654, lr_0 = 6.0797e-04
Loss = 2.8575e-01, PNorm = 45.5072, GNorm = 1.0738, lr_0 = 6.0684e-04
Loss = 2.8197e-01, PNorm = 45.5248, GNorm = 1.2475, lr_0 = 6.0571e-04
Loss = 3.2048e-01, PNorm = 45.5520, GNorm = 1.7396, lr_0 = 6.0458e-04
Loss = 2.7862e-01, PNorm = 45.5658, GNorm = 2.4873, lr_0 = 6.0345e-04
Loss = 2.7557e-01, PNorm = 45.5899, GNorm = 1.5302, lr_0 = 6.0233e-04
Loss = 2.7932e-01, PNorm = 45.6085, GNorm = 1.1944, lr_0 = 6.0120e-04
Loss = 2.9778e-01, PNorm = 45.6251, GNorm = 1.8100, lr_0 = 6.0008e-04
Loss = 2.9476e-01, PNorm = 45.6459, GNorm = 1.7717, lr_0 = 5.9896e-04
Loss = 2.5052e-01, PNorm = 45.6611, GNorm = 1.2994, lr_0 = 5.9785e-04
Loss = 2.8343e-01, PNorm = 45.6831, GNorm = 1.5983, lr_0 = 5.9673e-04
Loss = 2.9841e-01, PNorm = 45.6998, GNorm = 1.3521, lr_0 = 5.9562e-04
Loss = 3.0979e-01, PNorm = 45.7196, GNorm = 2.6817, lr_0 = 5.9451e-04
Loss = 2.9860e-01, PNorm = 45.7509, GNorm = 1.2124, lr_0 = 5.9340e-04
Loss = 2.4723e-01, PNorm = 45.7737, GNorm = 1.2797, lr_0 = 5.9229e-04
Loss = 2.8677e-01, PNorm = 45.7945, GNorm = 1.3373, lr_0 = 5.9119e-04
Loss = 3.0748e-01, PNorm = 45.8009, GNorm = 1.5732, lr_0 = 5.9008e-04
Loss = 2.9873e-01, PNorm = 45.8158, GNorm = 1.0825, lr_0 = 5.8898e-04
Validation mae = 1.540414
Epoch 13
Loss = 3.0056e-01, PNorm = 45.8349, GNorm = 2.2589, lr_0 = 5.8789e-04
Loss = 3.2742e-01, PNorm = 45.8543, GNorm = 1.1497, lr_0 = 5.8679e-04
Loss = 3.0282e-01, PNorm = 45.8772, GNorm = 1.2913, lr_0 = 5.8570e-04
Loss = 3.0415e-01, PNorm = 45.8994, GNorm = 1.5931, lr_0 = 5.8460e-04
Loss = 2.8298e-01, PNorm = 45.9185, GNorm = 1.8913, lr_0 = 5.8351e-04
Loss = 2.6313e-01, PNorm = 45.9385, GNorm = 1.4052, lr_0 = 5.8242e-04
Loss = 2.8756e-01, PNorm = 45.9554, GNorm = 2.1339, lr_0 = 5.8134e-04
Loss = 2.8171e-01, PNorm = 45.9696, GNorm = 1.0931, lr_0 = 5.8025e-04
Loss = 2.8808e-01, PNorm = 45.9901, GNorm = 1.2306, lr_0 = 5.7917e-04
Loss = 2.8887e-01, PNorm = 46.0180, GNorm = 1.3987, lr_0 = 5.7809e-04
Loss = 2.7560e-01, PNorm = 46.0357, GNorm = 1.0989, lr_0 = 5.7701e-04
Loss = 2.8205e-01, PNorm = 46.0536, GNorm = 0.9521, lr_0 = 5.7594e-04
Loss = 2.2862e-01, PNorm = 46.0692, GNorm = 1.6218, lr_0 = 5.7486e-04
Loss = 2.8641e-01, PNorm = 46.0879, GNorm = 0.9528, lr_0 = 5.7379e-04
Loss = 2.6230e-01, PNorm = 46.1112, GNorm = 1.0370, lr_0 = 5.7272e-04
Loss = 3.0868e-01, PNorm = 46.1404, GNorm = 0.9317, lr_0 = 5.7165e-04
Loss = 2.9216e-01, PNorm = 46.1557, GNorm = 1.1811, lr_0 = 5.7059e-04
Loss = 2.7150e-01, PNorm = 46.1798, GNorm = 0.9901, lr_0 = 5.6952e-04
Loss = 3.0720e-01, PNorm = 46.2038, GNorm = 1.8483, lr_0 = 5.6846e-04
Loss = 2.6508e-01, PNorm = 46.2277, GNorm = 1.6728, lr_0 = 5.6740e-04
Loss = 2.6754e-01, PNorm = 46.2467, GNorm = 1.4222, lr_0 = 5.6634e-04
Loss = 2.8149e-01, PNorm = 46.2674, GNorm = 0.9541, lr_0 = 5.6529e-04
Loss = 3.2409e-01, PNorm = 46.2856, GNorm = 1.5181, lr_0 = 5.6423e-04
Loss = 2.9914e-01, PNorm = 46.3038, GNorm = 0.9927, lr_0 = 5.6318e-04
Loss = 2.4509e-01, PNorm = 46.3158, GNorm = 1.1246, lr_0 = 5.6213e-04
Loss = 2.6070e-01, PNorm = 46.3330, GNorm = 1.6739, lr_0 = 5.6108e-04
Validation mae = 1.481748
Epoch 14
Loss = 2.8463e-01, PNorm = 46.3477, GNorm = 1.8898, lr_0 = 5.5993e-04
Loss = 2.6681e-01, PNorm = 46.3688, GNorm = 2.4962, lr_0 = 5.5889e-04
Loss = 2.3414e-01, PNorm = 46.3915, GNorm = 2.0169, lr_0 = 5.5785e-04
Loss = 2.8088e-01, PNorm = 46.4064, GNorm = 0.9512, lr_0 = 5.5681e-04
Loss = 2.3475e-01, PNorm = 46.4214, GNorm = 1.0011, lr_0 = 5.5577e-04
Loss = 2.4843e-01, PNorm = 46.4453, GNorm = 0.9936, lr_0 = 5.5473e-04
Loss = 2.6680e-01, PNorm = 46.4655, GNorm = 1.0854, lr_0 = 5.5370e-04
Loss = 2.7192e-01, PNorm = 46.4816, GNorm = 1.3676, lr_0 = 5.5266e-04
Loss = 2.4375e-01, PNorm = 46.4946, GNorm = 1.3402, lr_0 = 5.5163e-04
Loss = 2.4448e-01, PNorm = 46.5110, GNorm = 1.1166, lr_0 = 5.5060e-04
Loss = 3.3000e-01, PNorm = 46.5309, GNorm = 1.9118, lr_0 = 5.4958e-04
Loss = 2.5818e-01, PNorm = 46.5539, GNorm = 1.2154, lr_0 = 5.4855e-04
Loss = 2.3101e-01, PNorm = 46.5746, GNorm = 1.3834, lr_0 = 5.4753e-04
Loss = 2.5061e-01, PNorm = 46.5966, GNorm = 1.0074, lr_0 = 5.4651e-04
Loss = 2.9327e-01, PNorm = 46.6149, GNorm = 1.3436, lr_0 = 5.4549e-04
Loss = 2.7161e-01, PNorm = 46.6325, GNorm = 1.8818, lr_0 = 5.4447e-04
Loss = 2.2950e-01, PNorm = 46.6471, GNorm = 1.7748, lr_0 = 5.4346e-04
Loss = 2.7375e-01, PNorm = 46.6637, GNorm = 1.6239, lr_0 = 5.4244e-04
Loss = 2.5560e-01, PNorm = 46.6774, GNorm = 1.2868, lr_0 = 5.4143e-04
Loss = 2.5814e-01, PNorm = 46.6974, GNorm = 2.2922, lr_0 = 5.4042e-04
Loss = 2.3603e-01, PNorm = 46.7126, GNorm = 1.0929, lr_0 = 5.3941e-04
Loss = 2.4641e-01, PNorm = 46.7250, GNorm = 0.9980, lr_0 = 5.3841e-04
Loss = 2.9396e-01, PNorm = 46.7411, GNorm = 1.6158, lr_0 = 5.3740e-04
Loss = 2.6436e-01, PNorm = 46.7589, GNorm = 1.0456, lr_0 = 5.3640e-04
Loss = 2.9294e-01, PNorm = 46.7758, GNorm = 2.3659, lr_0 = 5.3540e-04
Validation mae = 1.482320
Epoch 15
Loss = 2.1136e-01, PNorm = 46.7925, GNorm = 1.0924, lr_0 = 5.3430e-04
Loss = 2.8838e-01, PNorm = 46.8131, GNorm = 1.3659, lr_0 = 5.3331e-04
Loss = 2.6376e-01, PNorm = 46.8327, GNorm = 1.6655, lr_0 = 5.3231e-04
Loss = 2.6157e-01, PNorm = 46.8533, GNorm = 1.5854, lr_0 = 5.3132e-04
Loss = 2.1170e-01, PNorm = 46.8743, GNorm = 0.9152, lr_0 = 5.3033e-04
Loss = 2.4482e-01, PNorm = 46.8889, GNorm = 2.0950, lr_0 = 5.2934e-04
Loss = 2.7026e-01, PNorm = 46.9106, GNorm = 1.5311, lr_0 = 5.2835e-04
Loss = 2.3916e-01, PNorm = 46.9263, GNorm = 0.6496, lr_0 = 5.2737e-04
Loss = 2.4215e-01, PNorm = 46.9416, GNorm = 1.5789, lr_0 = 5.2638e-04
Loss = 2.0423e-01, PNorm = 46.9573, GNorm = 1.7719, lr_0 = 5.2540e-04
Loss = 1.9703e-01, PNorm = 46.9703, GNorm = 0.9460, lr_0 = 5.2442e-04
Loss = 2.3738e-01, PNorm = 46.9881, GNorm = 1.1348, lr_0 = 5.2345e-04
Loss = 2.7173e-01, PNorm = 47.0073, GNorm = 1.6838, lr_0 = 5.2247e-04
Loss = 2.2123e-01, PNorm = 47.0213, GNorm = 1.4581, lr_0 = 5.2150e-04
Loss = 2.6372e-01, PNorm = 47.0376, GNorm = 1.7464, lr_0 = 5.2052e-04
Loss = 2.7474e-01, PNorm = 47.0542, GNorm = 0.9843, lr_0 = 5.1955e-04
Loss = 2.4319e-01, PNorm = 47.0669, GNorm = 1.5296, lr_0 = 5.1858e-04
Loss = 2.5106e-01, PNorm = 47.0774, GNorm = 0.9266, lr_0 = 5.1762e-04
Loss = 2.7049e-01, PNorm = 47.0911, GNorm = 1.3984, lr_0 = 5.1665e-04
Loss = 2.5192e-01, PNorm = 47.1126, GNorm = 1.9383, lr_0 = 5.1569e-04
Loss = 2.4315e-01, PNorm = 47.1253, GNorm = 1.3896, lr_0 = 5.1473e-04
Loss = 2.6226e-01, PNorm = 47.1386, GNorm = 1.6909, lr_0 = 5.1377e-04
Loss = 2.3572e-01, PNorm = 47.1584, GNorm = 1.1909, lr_0 = 5.1281e-04
Loss = 3.0106e-01, PNorm = 47.1715, GNorm = 1.4801, lr_0 = 5.1185e-04
Loss = 3.2416e-01, PNorm = 47.1859, GNorm = 1.3677, lr_0 = 5.1090e-04
Loss = 2.9783e-01, PNorm = 47.2033, GNorm = 1.3085, lr_0 = 5.0994e-04
Validation mae = 1.557683
Epoch 16
Loss = 2.6957e-01, PNorm = 47.2144, GNorm = 2.9001, lr_0 = 5.0899e-04
Loss = 2.0257e-01, PNorm = 47.2286, GNorm = 1.0237, lr_0 = 5.0804e-04
Loss = 2.5888e-01, PNorm = 47.2470, GNorm = 1.4831, lr_0 = 5.0710e-04
Loss = 2.3526e-01, PNorm = 47.2652, GNorm = 1.2091, lr_0 = 5.0615e-04
Loss = 2.4298e-01, PNorm = 47.2793, GNorm = 1.6088, lr_0 = 5.0521e-04
Loss = 2.8628e-01, PNorm = 47.2968, GNorm = 1.6155, lr_0 = 5.0427e-04
Loss = 2.4128e-01, PNorm = 47.3147, GNorm = 1.4482, lr_0 = 5.0332e-04
Loss = 2.4139e-01, PNorm = 47.3304, GNorm = 1.1986, lr_0 = 5.0239e-04
Loss = 2.1793e-01, PNorm = 47.3449, GNorm = 1.6930, lr_0 = 5.0145e-04
Loss = 2.2701e-01, PNorm = 47.3627, GNorm = 1.8386, lr_0 = 5.0051e-04
Loss = 2.0571e-01, PNorm = 47.3725, GNorm = 1.2740, lr_0 = 4.9958e-04
Loss = 2.3071e-01, PNorm = 47.3802, GNorm = 1.0045, lr_0 = 4.9865e-04
Loss = 2.6206e-01, PNorm = 47.3961, GNorm = 1.0506, lr_0 = 4.9772e-04
Loss = 2.3450e-01, PNorm = 47.4104, GNorm = 1.0562, lr_0 = 4.9679e-04
Loss = 2.6704e-01, PNorm = 47.4205, GNorm = 1.2743, lr_0 = 4.9586e-04
Loss = 2.5480e-01, PNorm = 47.4367, GNorm = 3.0870, lr_0 = 4.9494e-04
Loss = 2.7423e-01, PNorm = 47.4608, GNorm = 1.2884, lr_0 = 4.9402e-04
Loss = 2.7995e-01, PNorm = 47.4867, GNorm = 1.4707, lr_0 = 4.9310e-04
Loss = 2.5299e-01, PNorm = 47.5011, GNorm = 1.3200, lr_0 = 4.9218e-04
Loss = 2.1673e-01, PNorm = 47.5174, GNorm = 1.7639, lr_0 = 4.9126e-04
Loss = 2.5062e-01, PNorm = 47.5326, GNorm = 1.7934, lr_0 = 4.9034e-04
Loss = 2.3180e-01, PNorm = 47.5522, GNorm = 1.5043, lr_0 = 4.8943e-04
Loss = 2.4538e-01, PNorm = 47.5708, GNorm = 1.4370, lr_0 = 4.8852e-04
Loss = 2.5388e-01, PNorm = 47.5848, GNorm = 1.7725, lr_0 = 4.8760e-04
Loss = 2.9340e-01, PNorm = 47.5944, GNorm = 1.5173, lr_0 = 4.8669e-04
Loss = 2.5061e-01, PNorm = 47.6068, GNorm = 1.2114, lr_0 = 4.8579e-04
Validation mae = 1.486485
Epoch 17
Loss = 2.5299e-01, PNorm = 47.6287, GNorm = 1.5726, lr_0 = 4.8479e-04
Loss = 2.7200e-01, PNorm = 47.6534, GNorm = 2.0490, lr_0 = 4.8389e-04
Loss = 2.4613e-01, PNorm = 47.6767, GNorm = 1.6972, lr_0 = 4.8298e-04
Loss = 2.2480e-01, PNorm = 47.6907, GNorm = 1.5626, lr_0 = 4.8208e-04
Loss = 2.2205e-01, PNorm = 47.7083, GNorm = 1.6335, lr_0 = 4.8118e-04
Loss = 3.0208e-01, PNorm = 47.7266, GNorm = 2.3329, lr_0 = 4.8029e-04
Loss = 2.8921e-01, PNorm = 47.7456, GNorm = 1.4187, lr_0 = 4.7939e-04
Loss = 2.3812e-01, PNorm = 47.7631, GNorm = 1.3193, lr_0 = 4.7850e-04
Loss = 2.1324e-01, PNorm = 47.7823, GNorm = 2.1154, lr_0 = 4.7761e-04
Loss = 2.2447e-01, PNorm = 47.7982, GNorm = 1.4344, lr_0 = 4.7671e-04
Loss = 2.2244e-01, PNorm = 47.8069, GNorm = 1.1846, lr_0 = 4.7583e-04
Loss = 2.1823e-01, PNorm = 47.8163, GNorm = 1.0126, lr_0 = 4.7494e-04
Loss = 2.3113e-01, PNorm = 47.8251, GNorm = 1.5421, lr_0 = 4.7405e-04
Loss = 2.4117e-01, PNorm = 47.8385, GNorm = 1.4856, lr_0 = 4.7317e-04
Loss = 2.0182e-01, PNorm = 47.8555, GNorm = 1.6688, lr_0 = 4.7229e-04
Loss = 1.8839e-01, PNorm = 47.8678, GNorm = 0.9693, lr_0 = 4.7141e-04
Loss = 2.2929e-01, PNorm = 47.8762, GNorm = 1.0767, lr_0 = 4.7053e-04
Loss = 2.0072e-01, PNorm = 47.8852, GNorm = 1.2179, lr_0 = 4.6965e-04
Loss = 1.9830e-01, PNorm = 47.8967, GNorm = 0.8462, lr_0 = 4.6877e-04
Loss = 2.1427e-01, PNorm = 47.9082, GNorm = 1.1917, lr_0 = 4.6790e-04
Loss = 1.8307e-01, PNorm = 47.9119, GNorm = 1.2311, lr_0 = 4.6703e-04
Loss = 2.2662e-01, PNorm = 47.9207, GNorm = 1.7148, lr_0 = 4.6616e-04
Loss = 2.3504e-01, PNorm = 47.9306, GNorm = 1.2417, lr_0 = 4.6529e-04
Loss = 2.2839e-01, PNorm = 47.9412, GNorm = 1.0678, lr_0 = 4.6442e-04
Loss = 2.6147e-01, PNorm = 47.9493, GNorm = 2.1381, lr_0 = 4.6355e-04
Loss = 2.1690e-01, PNorm = 47.9616, GNorm = 1.6083, lr_0 = 4.6269e-04
Validation mae = 1.421294
Epoch 18
Loss = 1.8417e-01, PNorm = 47.9736, GNorm = 2.0079, lr_0 = 4.6174e-04
Loss = 2.3997e-01, PNorm = 47.9899, GNorm = 1.7719, lr_0 = 4.6088e-04
Loss = 2.1287e-01, PNorm = 48.0079, GNorm = 1.4665, lr_0 = 4.6002e-04
Loss = 2.1082e-01, PNorm = 48.0223, GNorm = 1.0700, lr_0 = 4.5916e-04
Loss = 2.5847e-01, PNorm = 48.0335, GNorm = 1.0620, lr_0 = 4.5830e-04
Loss = 2.2353e-01, PNorm = 48.0508, GNorm = 1.6562, lr_0 = 4.5745e-04
Loss = 2.2382e-01, PNorm = 48.0670, GNorm = 1.6173, lr_0 = 4.5660e-04
Loss = 2.2726e-01, PNorm = 48.0874, GNorm = 1.4979, lr_0 = 4.5575e-04
Loss = 2.1347e-01, PNorm = 48.1024, GNorm = 1.8681, lr_0 = 4.5490e-04
Loss = 1.9298e-01, PNorm = 48.1120, GNorm = 1.2593, lr_0 = 4.5405e-04
Loss = 2.1811e-01, PNorm = 48.1250, GNorm = 1.1413, lr_0 = 4.5320e-04
Loss = 2.3154e-01, PNorm = 48.1397, GNorm = 1.2401, lr_0 = 4.5236e-04
Loss = 2.1560e-01, PNorm = 48.1539, GNorm = 0.9328, lr_0 = 4.5151e-04
Loss = 2.4099e-01, PNorm = 48.1679, GNorm = 1.2531, lr_0 = 4.5067e-04
Loss = 2.2749e-01, PNorm = 48.1810, GNorm = 1.5350, lr_0 = 4.4983e-04
Loss = 2.5479e-01, PNorm = 48.1960, GNorm = 2.1232, lr_0 = 4.4899e-04
Loss = 2.9898e-01, PNorm = 48.2125, GNorm = 1.1150, lr_0 = 4.4815e-04
Loss = 2.1064e-01, PNorm = 48.2266, GNorm = 2.0742, lr_0 = 4.4732e-04
Loss = 1.9590e-01, PNorm = 48.2371, GNorm = 1.4704, lr_0 = 4.4648e-04
Loss = 2.2252e-01, PNorm = 48.2479, GNorm = 1.0927, lr_0 = 4.4565e-04
Loss = 2.1723e-01, PNorm = 48.2619, GNorm = 1.2715, lr_0 = 4.4482e-04
Loss = 2.0460e-01, PNorm = 48.2816, GNorm = 1.6196, lr_0 = 4.4399e-04
Loss = 2.5472e-01, PNorm = 48.2941, GNorm = 1.4214, lr_0 = 4.4316e-04
Loss = 2.1827e-01, PNorm = 48.3002, GNorm = 1.0720, lr_0 = 4.4234e-04
Loss = 2.1597e-01, PNorm = 48.3060, GNorm = 2.1803, lr_0 = 4.4151e-04
Validation mae = 1.443853
Epoch 19
Loss = 1.1138e-01, PNorm = 48.3140, GNorm = 0.7439, lr_0 = 4.4069e-04
Loss = 1.9284e-01, PNorm = 48.3236, GNorm = 1.7484, lr_0 = 4.3987e-04
Loss = 1.7150e-01, PNorm = 48.3352, GNorm = 0.8901, lr_0 = 4.3905e-04
Loss = 1.8008e-01, PNorm = 48.3465, GNorm = 1.2816, lr_0 = 4.3823e-04
Loss = 1.7237e-01, PNorm = 48.3572, GNorm = 1.2367, lr_0 = 4.3741e-04
Loss = 2.3892e-01, PNorm = 48.3675, GNorm = 2.9072, lr_0 = 4.3659e-04
Loss = 1.8910e-01, PNorm = 48.3864, GNorm = 1.3007, lr_0 = 4.3578e-04
Loss = 2.0884e-01, PNorm = 48.4020, GNorm = 2.3702, lr_0 = 4.3497e-04
Loss = 2.2693e-01, PNorm = 48.4147, GNorm = 2.2668, lr_0 = 4.3416e-04
Loss = 2.1296e-01, PNorm = 48.4253, GNorm = 1.4302, lr_0 = 4.3335e-04
Loss = 2.4708e-01, PNorm = 48.4384, GNorm = 1.3059, lr_0 = 4.3254e-04
Loss = 2.0861e-01, PNorm = 48.4497, GNorm = 1.4601, lr_0 = 4.3173e-04
Loss = 2.2426e-01, PNorm = 48.4649, GNorm = 1.5008, lr_0 = 4.3093e-04
Loss = 1.9108e-01, PNorm = 48.4783, GNorm = 1.2169, lr_0 = 4.3012e-04
Loss = 2.3018e-01, PNorm = 48.4919, GNorm = 1.3050, lr_0 = 4.2932e-04
Loss = 1.9956e-01, PNorm = 48.5078, GNorm = 1.4006, lr_0 = 4.2852e-04
Loss = 2.3964e-01, PNorm = 48.5201, GNorm = 1.1826, lr_0 = 4.2772e-04
Loss = 1.6661e-01, PNorm = 48.5302, GNorm = 0.9952, lr_0 = 4.2692e-04
Loss = 2.4389e-01, PNorm = 48.5405, GNorm = 1.1572, lr_0 = 4.2613e-04
Loss = 2.2838e-01, PNorm = 48.5566, GNorm = 1.1863, lr_0 = 4.2533e-04
Loss = 2.0498e-01, PNorm = 48.5736, GNorm = 1.1165, lr_0 = 4.2454e-04
Loss = 2.3392e-01, PNorm = 48.5860, GNorm = 1.4254, lr_0 = 4.2375e-04
Loss = 2.1046e-01, PNorm = 48.5958, GNorm = 1.0936, lr_0 = 4.2296e-04
Loss = 2.2008e-01, PNorm = 48.6029, GNorm = 1.2917, lr_0 = 4.2217e-04
Loss = 2.2544e-01, PNorm = 48.6105, GNorm = 1.4338, lr_0 = 4.2138e-04
Loss = 2.0249e-01, PNorm = 48.6222, GNorm = 1.1423, lr_0 = 4.2060e-04
Validation mae = 1.439316
Epoch 20
Loss = 2.1016e-01, PNorm = 48.6361, GNorm = 0.9155, lr_0 = 4.1973e-04
Loss = 2.0459e-01, PNorm = 48.6496, GNorm = 1.1540, lr_0 = 4.1895e-04
Loss = 1.5558e-01, PNorm = 48.6620, GNorm = 1.2763, lr_0 = 4.1817e-04
Loss = 2.0849e-01, PNorm = 48.6772, GNorm = 1.2214, lr_0 = 4.1739e-04
Loss = 2.0753e-01, PNorm = 48.6963, GNorm = 1.4684, lr_0 = 4.1661e-04
Loss = 2.0048e-01, PNorm = 48.7094, GNorm = 1.5931, lr_0 = 4.1583e-04
Loss = 2.4054e-01, PNorm = 48.7208, GNorm = 1.4035, lr_0 = 4.1506e-04
Loss = 2.0124e-01, PNorm = 48.7341, GNorm = 1.1695, lr_0 = 4.1428e-04
Loss = 2.0836e-01, PNorm = 48.7485, GNorm = 1.4132, lr_0 = 4.1351e-04
Loss = 2.1750e-01, PNorm = 48.7626, GNorm = 1.7942, lr_0 = 4.1274e-04
Loss = 2.3914e-01, PNorm = 48.7749, GNorm = 1.2337, lr_0 = 4.1197e-04
Loss = 1.8652e-01, PNorm = 48.7859, GNorm = 1.1374, lr_0 = 4.1120e-04
Loss = 2.0655e-01, PNorm = 48.7943, GNorm = 1.0634, lr_0 = 4.1044e-04
Loss = 2.0563e-01, PNorm = 48.8019, GNorm = 1.3951, lr_0 = 4.0967e-04
Loss = 1.8731e-01, PNorm = 48.8092, GNorm = 1.4838, lr_0 = 4.0891e-04
Loss = 2.0479e-01, PNorm = 48.8177, GNorm = 1.1224, lr_0 = 4.0814e-04
Loss = 1.9089e-01, PNorm = 48.8257, GNorm = 1.1649, lr_0 = 4.0738e-04
Loss = 1.6563e-01, PNorm = 48.8334, GNorm = 1.1053, lr_0 = 4.0662e-04
Loss = 2.5710e-01, PNorm = 48.8441, GNorm = 2.4761, lr_0 = 4.0587e-04
Loss = 1.9591e-01, PNorm = 48.8560, GNorm = 1.3791, lr_0 = 4.0511e-04
Loss = 1.9502e-01, PNorm = 48.8672, GNorm = 1.5532, lr_0 = 4.0435e-04
Loss = 1.7776e-01, PNorm = 48.8734, GNorm = 1.6364, lr_0 = 4.0360e-04
Loss = 2.5086e-01, PNorm = 48.8817, GNorm = 1.5707, lr_0 = 4.0285e-04
Loss = 1.9543e-01, PNorm = 48.8921, GNorm = 1.0385, lr_0 = 4.0210e-04
Loss = 2.0188e-01, PNorm = 48.8986, GNorm = 1.5869, lr_0 = 4.0135e-04
Loss = 2.0529e-01, PNorm = 48.9099, GNorm = 2.1863, lr_0 = 4.0060e-04
Validation mae = 1.403028
Epoch 21
Loss = 2.2557e-01, PNorm = 48.9256, GNorm = 1.4851, lr_0 = 3.9978e-04
Loss = 1.7084e-01, PNorm = 48.9402, GNorm = 1.1602, lr_0 = 3.9903e-04
Loss = 1.6636e-01, PNorm = 48.9492, GNorm = 1.1109, lr_0 = 3.9829e-04
Loss = 1.7679e-01, PNorm = 48.9636, GNorm = 1.4465, lr_0 = 3.9754e-04
Loss = 1.8115e-01, PNorm = 48.9738, GNorm = 1.7609, lr_0 = 3.9680e-04
Loss = 1.9123e-01, PNorm = 48.9860, GNorm = 1.7012, lr_0 = 3.9606e-04
Loss = 2.0202e-01, PNorm = 48.9999, GNorm = 1.3727, lr_0 = 3.9532e-04
Loss = 1.8820e-01, PNorm = 49.0126, GNorm = 2.4278, lr_0 = 3.9459e-04
Loss = 1.7762e-01, PNorm = 49.0217, GNorm = 1.4884, lr_0 = 3.9385e-04
Loss = 1.9105e-01, PNorm = 49.0286, GNorm = 0.9538, lr_0 = 3.9312e-04
Loss = 1.5041e-01, PNorm = 49.0369, GNorm = 1.7691, lr_0 = 3.9238e-04
Loss = 1.6919e-01, PNorm = 49.0468, GNorm = 1.2562, lr_0 = 3.9165e-04
Loss = 2.2243e-01, PNorm = 49.0554, GNorm = 1.5765, lr_0 = 3.9092e-04
Loss = 2.0487e-01, PNorm = 49.0674, GNorm = 1.5405, lr_0 = 3.9019e-04
Loss = 2.0755e-01, PNorm = 49.0800, GNorm = 1.5498, lr_0 = 3.8946e-04
Loss = 1.9519e-01, PNorm = 49.0922, GNorm = 0.9610, lr_0 = 3.8874e-04
Loss = 2.0859e-01, PNorm = 49.1023, GNorm = 1.3727, lr_0 = 3.8801e-04
Loss = 2.1710e-01, PNorm = 49.1123, GNorm = 1.8400, lr_0 = 3.8729e-04
Loss = 1.9130e-01, PNorm = 49.1193, GNorm = 1.4652, lr_0 = 3.8657e-04
Loss = 2.1188e-01, PNorm = 49.1334, GNorm = 0.8955, lr_0 = 3.8585e-04
Loss = 1.8989e-01, PNorm = 49.1473, GNorm = 1.2125, lr_0 = 3.8513e-04
Loss = 1.8024e-01, PNorm = 49.1555, GNorm = 0.9853, lr_0 = 3.8441e-04
Loss = 1.7815e-01, PNorm = 49.1591, GNorm = 1.3377, lr_0 = 3.8369e-04
Loss = 2.1325e-01, PNorm = 49.1677, GNorm = 2.9321, lr_0 = 3.8298e-04
Loss = 2.2745e-01, PNorm = 49.1750, GNorm = 1.0369, lr_0 = 3.8226e-04
Loss = 2.4080e-01, PNorm = 49.1890, GNorm = 2.3390, lr_0 = 3.8155e-04
Validation mae = 1.414026
Epoch 22
Loss = 1.4706e-01, PNorm = 49.2035, GNorm = 1.3174, lr_0 = 3.8084e-04
Loss = 1.6704e-01, PNorm = 49.2147, GNorm = 0.8344, lr_0 = 3.8013e-04
Loss = 1.9382e-01, PNorm = 49.2263, GNorm = 0.9120, lr_0 = 3.7942e-04
Loss = 1.9362e-01, PNorm = 49.2386, GNorm = 1.3235, lr_0 = 3.7871e-04
Loss = 1.7403e-01, PNorm = 49.2461, GNorm = 1.2193, lr_0 = 3.7800e-04
Loss = 1.7111e-01, PNorm = 49.2560, GNorm = 1.0601, lr_0 = 3.7730e-04
Loss = 2.1342e-01, PNorm = 49.2657, GNorm = 1.1775, lr_0 = 3.7660e-04
Loss = 1.8381e-01, PNorm = 49.2769, GNorm = 1.3705, lr_0 = 3.7589e-04
Loss = 1.9058e-01, PNorm = 49.2868, GNorm = 1.5232, lr_0 = 3.7519e-04
Loss = 1.6810e-01, PNorm = 49.2973, GNorm = 1.2189, lr_0 = 3.7449e-04
Loss = 1.8013e-01, PNorm = 49.3078, GNorm = 1.6286, lr_0 = 3.7379e-04
Loss = 2.1199e-01, PNorm = 49.3212, GNorm = 1.1693, lr_0 = 3.7310e-04
Loss = 1.9410e-01, PNorm = 49.3352, GNorm = 1.2753, lr_0 = 3.7240e-04
Loss = 1.9867e-01, PNorm = 49.3446, GNorm = 1.5448, lr_0 = 3.7171e-04
Loss = 1.9959e-01, PNorm = 49.3529, GNorm = 0.9116, lr_0 = 3.7101e-04
Loss = 1.9127e-01, PNorm = 49.3701, GNorm = 0.9655, lr_0 = 3.7032e-04
Loss = 1.9691e-01, PNorm = 49.3804, GNorm = 1.8951, lr_0 = 3.6963e-04
Loss = 2.1643e-01, PNorm = 49.3906, GNorm = 1.1819, lr_0 = 3.6894e-04
Loss = 1.6562e-01, PNorm = 49.4033, GNorm = 0.8500, lr_0 = 3.6825e-04
Loss = 2.1063e-01, PNorm = 49.4119, GNorm = 0.9749, lr_0 = 3.6757e-04
Loss = 1.5778e-01, PNorm = 49.4152, GNorm = 1.3664, lr_0 = 3.6688e-04
Loss = 1.9404e-01, PNorm = 49.4203, GNorm = 1.2350, lr_0 = 3.6620e-04
Loss = 1.9048e-01, PNorm = 49.4282, GNorm = 0.9733, lr_0 = 3.6552e-04
Loss = 1.6041e-01, PNorm = 49.4347, GNorm = 1.1931, lr_0 = 3.6483e-04
Loss = 1.7275e-01, PNorm = 49.4430, GNorm = 1.5212, lr_0 = 3.6415e-04
Validation mae = 1.389196
Epoch 23
Loss = 1.2445e-01, PNorm = 49.4530, GNorm = 1.0483, lr_0 = 3.6341e-04
Loss = 1.6477e-01, PNorm = 49.4611, GNorm = 1.1442, lr_0 = 3.6273e-04
Loss = 1.6503e-01, PNorm = 49.4739, GNorm = 1.5030, lr_0 = 3.6205e-04
Loss = 1.5800e-01, PNorm = 49.4832, GNorm = 1.2918, lr_0 = 3.6138e-04
Loss = 1.5522e-01, PNorm = 49.4905, GNorm = 1.4010, lr_0 = 3.6070e-04
Loss = 1.6996e-01, PNorm = 49.4973, GNorm = 0.8377, lr_0 = 3.6003e-04
Loss = 1.6662e-01, PNorm = 49.5045, GNorm = 0.9868, lr_0 = 3.5936e-04
Loss = 2.0479e-01, PNorm = 49.5113, GNorm = 1.1513, lr_0 = 3.5869e-04
Loss = 2.1240e-01, PNorm = 49.5199, GNorm = 2.5808, lr_0 = 3.5802e-04
Loss = 1.8455e-01, PNorm = 49.5316, GNorm = 1.1576, lr_0 = 3.5735e-04
Loss = 2.0260e-01, PNorm = 49.5436, GNorm = 0.9370, lr_0 = 3.5669e-04
Loss = 2.0710e-01, PNorm = 49.5527, GNorm = 1.4104, lr_0 = 3.5602e-04
Loss = 1.6261e-01, PNorm = 49.5664, GNorm = 1.3719, lr_0 = 3.5536e-04
Loss = 1.6018e-01, PNorm = 49.5802, GNorm = 1.5577, lr_0 = 3.5469e-04
Loss = 1.6965e-01, PNorm = 49.5875, GNorm = 1.5912, lr_0 = 3.5403e-04
Loss = 2.0045e-01, PNorm = 49.5965, GNorm = 1.2394, lr_0 = 3.5337e-04
Loss = 1.8521e-01, PNorm = 49.6096, GNorm = 2.0349, lr_0 = 3.5271e-04
Loss = 1.8331e-01, PNorm = 49.6189, GNorm = 1.0151, lr_0 = 3.5206e-04
Loss = 1.8879e-01, PNorm = 49.6253, GNorm = 1.1421, lr_0 = 3.5140e-04
Loss = 1.9033e-01, PNorm = 49.6329, GNorm = 1.5746, lr_0 = 3.5074e-04
Loss = 1.6288e-01, PNorm = 49.6472, GNorm = 1.2982, lr_0 = 3.5009e-04
Loss = 1.8162e-01, PNorm = 49.6568, GNorm = 1.4677, lr_0 = 3.4944e-04
Loss = 1.4750e-01, PNorm = 49.6660, GNorm = 1.3188, lr_0 = 3.4879e-04
Loss = 1.8378e-01, PNorm = 49.6733, GNorm = 1.5365, lr_0 = 3.4814e-04
Loss = 1.8180e-01, PNorm = 49.6800, GNorm = 1.1934, lr_0 = 3.4749e-04
Loss = 1.7112e-01, PNorm = 49.6911, GNorm = 1.4121, lr_0 = 3.4684e-04
Validation mae = 1.414516
Epoch 24
Loss = 1.9772e-01, PNorm = 49.7032, GNorm = 1.6422, lr_0 = 3.4613e-04
Loss = 1.9378e-01, PNorm = 49.7115, GNorm = 1.5779, lr_0 = 3.4548e-04
Loss = 1.6110e-01, PNorm = 49.7191, GNorm = 0.9889, lr_0 = 3.4484e-04
Loss = 2.0934e-01, PNorm = 49.7303, GNorm = 1.3359, lr_0 = 3.4419e-04
Loss = 1.6036e-01, PNorm = 49.7429, GNorm = 1.3506, lr_0 = 3.4355e-04
Loss = 1.5296e-01, PNorm = 49.7549, GNorm = 1.0980, lr_0 = 3.4291e-04
Loss = 1.7232e-01, PNorm = 49.7673, GNorm = 1.7562, lr_0 = 3.4227e-04
Loss = 1.7185e-01, PNorm = 49.7758, GNorm = 1.4061, lr_0 = 3.4163e-04
Loss = 1.4690e-01, PNorm = 49.7846, GNorm = 0.9047, lr_0 = 3.4100e-04
Loss = 1.3859e-01, PNorm = 49.7937, GNorm = 1.1691, lr_0 = 3.4036e-04
Loss = 1.4476e-01, PNorm = 49.8017, GNorm = 1.0373, lr_0 = 3.3973e-04
Loss = 2.0475e-01, PNorm = 49.8061, GNorm = 2.3596, lr_0 = 3.3909e-04
Loss = 1.7256e-01, PNorm = 49.8153, GNorm = 1.5272, lr_0 = 3.3846e-04
Loss = 1.6743e-01, PNorm = 49.8261, GNorm = 1.1765, lr_0 = 3.3783e-04
Loss = 2.0659e-01, PNorm = 49.8381, GNorm = 1.3749, lr_0 = 3.3720e-04
Loss = 1.5576e-01, PNorm = 49.8433, GNorm = 1.3347, lr_0 = 3.3657e-04
Loss = 1.9718e-01, PNorm = 49.8494, GNorm = 1.7477, lr_0 = 3.3594e-04
Loss = 1.3170e-01, PNorm = 49.8574, GNorm = 0.8105, lr_0 = 3.3532e-04
Loss = 1.9620e-01, PNorm = 49.8671, GNorm = 1.2091, lr_0 = 3.3469e-04
Loss = 1.8202e-01, PNorm = 49.8726, GNorm = 1.8250, lr_0 = 3.3407e-04
Loss = 1.9647e-01, PNorm = 49.8774, GNorm = 1.3828, lr_0 = 3.3344e-04
Loss = 2.0201e-01, PNorm = 49.8845, GNorm = 1.2219, lr_0 = 3.3282e-04
Loss = 1.4953e-01, PNorm = 49.8922, GNorm = 1.2372, lr_0 = 3.3220e-04
Loss = 1.7535e-01, PNorm = 49.8998, GNorm = 1.0279, lr_0 = 3.3158e-04
Loss = 1.7703e-01, PNorm = 49.9062, GNorm = 1.0241, lr_0 = 3.3096e-04
Loss = 1.6434e-01, PNorm = 49.9100, GNorm = 1.8247, lr_0 = 3.3035e-04
Validation mae = 1.400050
Epoch 25
Loss = 1.6452e-01, PNorm = 49.9177, GNorm = 0.9593, lr_0 = 3.2973e-04
Loss = 1.4201e-01, PNorm = 49.9286, GNorm = 1.0516, lr_0 = 3.2911e-04
Loss = 2.0013e-01, PNorm = 49.9399, GNorm = 1.3747, lr_0 = 3.2850e-04
Loss = 1.6959e-01, PNorm = 49.9487, GNorm = 1.1864, lr_0 = 3.2789e-04
Loss = 1.6802e-01, PNorm = 49.9575, GNorm = 1.3264, lr_0 = 3.2728e-04
Loss = 1.6047e-01, PNorm = 49.9651, GNorm = 2.3362, lr_0 = 3.2667e-04
Loss = 1.8360e-01, PNorm = 49.9752, GNorm = 1.1169, lr_0 = 3.2606e-04
Loss = 1.6351e-01, PNorm = 49.9847, GNorm = 0.8671, lr_0 = 3.2545e-04
Loss = 1.7132e-01, PNorm = 49.9920, GNorm = 2.3530, lr_0 = 3.2484e-04
Loss = 1.4683e-01, PNorm = 49.9984, GNorm = 1.0547, lr_0 = 3.2424e-04
Loss = 1.9780e-01, PNorm = 50.0075, GNorm = 3.1811, lr_0 = 3.2363e-04
Loss = 1.7091e-01, PNorm = 50.0174, GNorm = 1.6070, lr_0 = 3.2303e-04
Loss = 1.6534e-01, PNorm = 50.0284, GNorm = 1.0567, lr_0 = 3.2243e-04
Loss = 1.5331e-01, PNorm = 50.0374, GNorm = 1.2121, lr_0 = 3.2183e-04
Loss = 1.9885e-01, PNorm = 50.0447, GNorm = 1.3048, lr_0 = 3.2123e-04
Loss = 1.4913e-01, PNorm = 50.0524, GNorm = 1.1947, lr_0 = 3.2063e-04
Loss = 1.5223e-01, PNorm = 50.0583, GNorm = 0.8937, lr_0 = 3.2003e-04
Loss = 1.8965e-01, PNorm = 50.0673, GNorm = 1.1694, lr_0 = 3.1943e-04
Loss = 1.7904e-01, PNorm = 50.0759, GNorm = 1.6568, lr_0 = 3.1884e-04
Loss = 1.7888e-01, PNorm = 50.0853, GNorm = 0.9543, lr_0 = 3.1824e-04
Loss = 1.6528e-01, PNorm = 50.0950, GNorm = 1.5952, lr_0 = 3.1765e-04
Loss = 1.9513e-01, PNorm = 50.1065, GNorm = 1.4943, lr_0 = 3.1706e-04
Loss = 1.6502e-01, PNorm = 50.1185, GNorm = 1.0910, lr_0 = 3.1646e-04
Loss = 1.5896e-01, PNorm = 50.1303, GNorm = 1.1593, lr_0 = 3.1587e-04
Loss = 1.9063e-01, PNorm = 50.1385, GNorm = 1.2528, lr_0 = 3.1528e-04
Loss = 1.4652e-01, PNorm = 50.1460, GNorm = 1.0754, lr_0 = 3.1470e-04
Loss = 7.4847e-02, PNorm = 50.1464, GNorm = 1.9507, lr_0 = 3.1464e-04
Validation mae = 1.358938
Epoch 26
Loss = 1.4380e-01, PNorm = 50.1521, GNorm = 1.5572, lr_0 = 3.1405e-04
Loss = 1.8079e-01, PNorm = 50.1618, GNorm = 2.6060, lr_0 = 3.1347e-04
Loss = 1.4993e-01, PNorm = 50.1714, GNorm = 0.6636, lr_0 = 3.1288e-04
Loss = 1.6083e-01, PNorm = 50.1768, GNorm = 1.0649, lr_0 = 3.1230e-04
Loss = 1.4494e-01, PNorm = 50.1827, GNorm = 1.5246, lr_0 = 3.1172e-04
Loss = 1.5628e-01, PNorm = 50.1876, GNorm = 1.5757, lr_0 = 3.1113e-04
Loss = 1.4327e-01, PNorm = 50.1963, GNorm = 1.5358, lr_0 = 3.1055e-04
Loss = 1.5287e-01, PNorm = 50.2070, GNorm = 1.0598, lr_0 = 3.0997e-04
Loss = 1.4382e-01, PNorm = 50.2158, GNorm = 1.4060, lr_0 = 3.0940e-04
Loss = 1.6338e-01, PNorm = 50.2222, GNorm = 1.4325, lr_0 = 3.0882e-04
Loss = 1.6194e-01, PNorm = 50.2288, GNorm = 0.9588, lr_0 = 3.0824e-04
Loss = 1.5540e-01, PNorm = 50.2356, GNorm = 2.1333, lr_0 = 3.0767e-04
Loss = 1.4987e-01, PNorm = 50.2407, GNorm = 0.9761, lr_0 = 3.0710e-04
Loss = 1.6470e-01, PNorm = 50.2484, GNorm = 1.4348, lr_0 = 3.0652e-04
Loss = 1.8184e-01, PNorm = 50.2563, GNorm = 1.3693, lr_0 = 3.0595e-04
Loss = 1.5816e-01, PNorm = 50.2631, GNorm = 1.2889, lr_0 = 3.0538e-04
Loss = 1.7775e-01, PNorm = 50.2715, GNorm = 0.8473, lr_0 = 3.0481e-04
Loss = 1.5510e-01, PNorm = 50.2784, GNorm = 1.5081, lr_0 = 3.0424e-04
Loss = 1.4666e-01, PNorm = 50.2824, GNorm = 1.9570, lr_0 = 3.0368e-04
Loss = 1.5710e-01, PNorm = 50.2901, GNorm = 1.4435, lr_0 = 3.0311e-04
Loss = 1.7067e-01, PNorm = 50.2994, GNorm = 2.7301, lr_0 = 3.0254e-04
Loss = 1.6133e-01, PNorm = 50.3066, GNorm = 1.5824, lr_0 = 3.0198e-04
Loss = 1.8657e-01, PNorm = 50.3129, GNorm = 1.7773, lr_0 = 3.0142e-04
Loss = 1.8914e-01, PNorm = 50.3252, GNorm = 1.2249, lr_0 = 3.0085e-04
Loss = 1.6766e-01, PNorm = 50.3380, GNorm = 1.0993, lr_0 = 3.0029e-04
Validation mae = 1.375469
Epoch 27
Loss = 1.2406e-01, PNorm = 50.3461, GNorm = 1.5711, lr_0 = 2.9968e-04
Loss = 1.4132e-01, PNorm = 50.3541, GNorm = 1.5268, lr_0 = 2.9912e-04
Loss = 1.1860e-01, PNorm = 50.3597, GNorm = 1.2757, lr_0 = 2.9856e-04
Loss = 1.5857e-01, PNorm = 50.3646, GNorm = 1.3133, lr_0 = 2.9800e-04
Loss = 1.2781e-01, PNorm = 50.3735, GNorm = 1.2305, lr_0 = 2.9745e-04
Loss = 1.4843e-01, PNorm = 50.3802, GNorm = 2.0608, lr_0 = 2.9689e-04
Loss = 1.6895e-01, PNorm = 50.3853, GNorm = 1.4965, lr_0 = 2.9634e-04
Loss = 1.5000e-01, PNorm = 50.3945, GNorm = 0.9723, lr_0 = 2.9579e-04
Loss = 1.3469e-01, PNorm = 50.4026, GNorm = 1.1791, lr_0 = 2.9524e-04
Loss = 1.8419e-01, PNorm = 50.4100, GNorm = 2.0218, lr_0 = 2.9468e-04
Loss = 1.2285e-01, PNorm = 50.4168, GNorm = 2.1789, lr_0 = 2.9414e-04
Loss = 1.3420e-01, PNorm = 50.4236, GNorm = 1.6464, lr_0 = 2.9359e-04
Loss = 1.4482e-01, PNorm = 50.4312, GNorm = 1.1492, lr_0 = 2.9304e-04
Loss = 1.7537e-01, PNorm = 50.4394, GNorm = 0.9621, lr_0 = 2.9249e-04
Loss = 1.6008e-01, PNorm = 50.4482, GNorm = 1.1178, lr_0 = 2.9195e-04
Loss = 1.5310e-01, PNorm = 50.4568, GNorm = 1.0578, lr_0 = 2.9140e-04
Loss = 1.7483e-01, PNorm = 50.4613, GNorm = 1.7459, lr_0 = 2.9086e-04
Loss = 1.5029e-01, PNorm = 50.4676, GNorm = 1.0590, lr_0 = 2.9032e-04
Loss = 1.8655e-01, PNorm = 50.4739, GNorm = 1.1862, lr_0 = 2.8978e-04
Loss = 1.8386e-01, PNorm = 50.4827, GNorm = 1.3075, lr_0 = 2.8924e-04
Loss = 1.7275e-01, PNorm = 50.4884, GNorm = 1.8996, lr_0 = 2.8870e-04
Loss = 1.5606e-01, PNorm = 50.4913, GNorm = 1.0668, lr_0 = 2.8816e-04
Loss = 1.3341e-01, PNorm = 50.4977, GNorm = 1.1700, lr_0 = 2.8762e-04
Loss = 1.7482e-01, PNorm = 50.5031, GNorm = 1.1786, lr_0 = 2.8708e-04
Loss = 1.6987e-01, PNorm = 50.5073, GNorm = 1.1846, lr_0 = 2.8655e-04
Loss = 1.5228e-01, PNorm = 50.5128, GNorm = 1.0837, lr_0 = 2.8601e-04
Validation mae = 1.359822
Epoch 28
Loss = 1.4789e-01, PNorm = 50.5220, GNorm = 0.9206, lr_0 = 2.8543e-04
Loss = 1.5031e-01, PNorm = 50.5300, GNorm = 0.9434, lr_0 = 2.8490e-04
Loss = 1.3663e-01, PNorm = 50.5372, GNorm = 1.1511, lr_0 = 2.8436e-04
Loss = 1.4645e-01, PNorm = 50.5427, GNorm = 1.1315, lr_0 = 2.8383e-04
Loss = 1.5794e-01, PNorm = 50.5531, GNorm = 1.0226, lr_0 = 2.8330e-04
Loss = 1.3009e-01, PNorm = 50.5619, GNorm = 1.6546, lr_0 = 2.8278e-04
Loss = 1.4284e-01, PNorm = 50.5686, GNorm = 2.2729, lr_0 = 2.8225e-04
Loss = 1.6242e-01, PNorm = 50.5762, GNorm = 1.0249, lr_0 = 2.8172e-04
Loss = 1.5676e-01, PNorm = 50.5827, GNorm = 1.5915, lr_0 = 2.8120e-04
Loss = 1.4789e-01, PNorm = 50.5879, GNorm = 1.8282, lr_0 = 2.8067e-04
Loss = 1.4872e-01, PNorm = 50.5941, GNorm = 0.9969, lr_0 = 2.8015e-04
Loss = 1.4469e-01, PNorm = 50.6015, GNorm = 1.3118, lr_0 = 2.7963e-04
Loss = 1.2926e-01, PNorm = 50.6078, GNorm = 1.5428, lr_0 = 2.7911e-04
Loss = 1.4162e-01, PNorm = 50.6117, GNorm = 1.2243, lr_0 = 2.7859e-04
Loss = 1.4643e-01, PNorm = 50.6179, GNorm = 0.8171, lr_0 = 2.7807e-04
Loss = 1.4387e-01, PNorm = 50.6267, GNorm = 1.0665, lr_0 = 2.7755e-04
Loss = 1.2905e-01, PNorm = 50.6346, GNorm = 1.2594, lr_0 = 2.7703e-04
Loss = 1.6712e-01, PNorm = 50.6395, GNorm = 1.5186, lr_0 = 2.7651e-04
Loss = 1.6886e-01, PNorm = 50.6465, GNorm = 1.8364, lr_0 = 2.7600e-04
Loss = 1.4849e-01, PNorm = 50.6514, GNorm = 1.2796, lr_0 = 2.7548e-04
Loss = 1.6661e-01, PNorm = 50.6555, GNorm = 1.3504, lr_0 = 2.7497e-04
Loss = 1.4102e-01, PNorm = 50.6601, GNorm = 1.1341, lr_0 = 2.7446e-04
Loss = 1.4518e-01, PNorm = 50.6662, GNorm = 1.3521, lr_0 = 2.7394e-04
Loss = 1.5636e-01, PNorm = 50.6722, GNorm = 1.6672, lr_0 = 2.7343e-04
Loss = 1.5345e-01, PNorm = 50.6829, GNorm = 0.9957, lr_0 = 2.7292e-04
Loss = 1.4927e-01, PNorm = 50.6902, GNorm = 1.4759, lr_0 = 2.7241e-04
Validation mae = 1.416282
Epoch 29
Loss = 1.4457e-01, PNorm = 50.6985, GNorm = 1.3703, lr_0 = 2.7191e-04
Loss = 1.3240e-01, PNorm = 50.7077, GNorm = 1.7416, lr_0 = 2.7140e-04
Loss = 1.4776e-01, PNorm = 50.7165, GNorm = 1.3368, lr_0 = 2.7089e-04
Loss = 1.3899e-01, PNorm = 50.7232, GNorm = 1.4531, lr_0 = 2.7039e-04
Loss = 1.4569e-01, PNorm = 50.7277, GNorm = 1.2426, lr_0 = 2.6988e-04
Loss = 1.6741e-01, PNorm = 50.7328, GNorm = 1.8715, lr_0 = 2.6938e-04
Loss = 1.4394e-01, PNorm = 50.7370, GNorm = 2.0510, lr_0 = 2.6888e-04
Loss = 1.3210e-01, PNorm = 50.7457, GNorm = 0.8600, lr_0 = 2.6838e-04
Loss = 1.4644e-01, PNorm = 50.7525, GNorm = 1.1842, lr_0 = 2.6788e-04
Loss = 1.4089e-01, PNorm = 50.7613, GNorm = 1.5828, lr_0 = 2.6738e-04
Loss = 1.2793e-01, PNorm = 50.7690, GNorm = 1.1670, lr_0 = 2.6688e-04
Loss = 1.3390e-01, PNorm = 50.7769, GNorm = 1.5856, lr_0 = 2.6638e-04
Loss = 1.2551e-01, PNorm = 50.7826, GNorm = 1.2905, lr_0 = 2.6588e-04
Loss = 1.3061e-01, PNorm = 50.7844, GNorm = 1.4584, lr_0 = 2.6539e-04
Loss = 1.5022e-01, PNorm = 50.7872, GNorm = 1.4273, lr_0 = 2.6489e-04
Loss = 1.4253e-01, PNorm = 50.7932, GNorm = 1.1243, lr_0 = 2.6440e-04
Loss = 1.2430e-01, PNorm = 50.7988, GNorm = 1.0885, lr_0 = 2.6391e-04
Loss = 1.2624e-01, PNorm = 50.8059, GNorm = 1.2553, lr_0 = 2.6341e-04
Loss = 1.3114e-01, PNorm = 50.8143, GNorm = 1.2799, lr_0 = 2.6292e-04
Loss = 1.9387e-01, PNorm = 50.8222, GNorm = 1.3342, lr_0 = 2.6243e-04
Loss = 2.1092e-01, PNorm = 50.8310, GNorm = 2.3284, lr_0 = 2.6194e-04
Loss = 1.3722e-01, PNorm = 50.8372, GNorm = 1.2102, lr_0 = 2.6145e-04
Loss = 1.6312e-01, PNorm = 50.8453, GNorm = 1.4656, lr_0 = 2.6097e-04
Loss = 1.7241e-01, PNorm = 50.8539, GNorm = 1.3489, lr_0 = 2.6048e-04
Loss = 1.4010e-01, PNorm = 50.8588, GNorm = 1.2919, lr_0 = 2.5999e-04
Validation mae = 1.361119
Epoch 30
Loss = 1.6292e-01, PNorm = 50.8638, GNorm = 1.1936, lr_0 = 2.5946e-04
Loss = 1.3932e-01, PNorm = 50.8704, GNorm = 1.5506, lr_0 = 2.5898e-04
Loss = 1.2993e-01, PNorm = 50.8797, GNorm = 1.0666, lr_0 = 2.5849e-04
Loss = 1.4886e-01, PNorm = 50.8884, GNorm = 1.1288, lr_0 = 2.5801e-04
Loss = 1.3070e-01, PNorm = 50.8947, GNorm = 1.7701, lr_0 = 2.5753e-04
Loss = 1.2826e-01, PNorm = 50.9009, GNorm = 1.3864, lr_0 = 2.5705e-04
Loss = 1.3567e-01, PNorm = 50.9076, GNorm = 1.2292, lr_0 = 2.5657e-04
Loss = 1.4550e-01, PNorm = 50.9116, GNorm = 1.6256, lr_0 = 2.5609e-04
Loss = 1.2383e-01, PNorm = 50.9150, GNorm = 1.0605, lr_0 = 2.5562e-04
Loss = 1.4221e-01, PNorm = 50.9203, GNorm = 1.0193, lr_0 = 2.5514e-04
Loss = 1.5031e-01, PNorm = 50.9244, GNorm = 1.2426, lr_0 = 2.5466e-04
Loss = 1.8323e-01, PNorm = 50.9319, GNorm = 1.2875, lr_0 = 2.5419e-04
Loss = 1.4357e-01, PNorm = 50.9389, GNorm = 0.9281, lr_0 = 2.5371e-04
Loss = 1.3824e-01, PNorm = 50.9445, GNorm = 1.0169, lr_0 = 2.5324e-04
Loss = 1.2361e-01, PNorm = 50.9504, GNorm = 0.9547, lr_0 = 2.5277e-04
Loss = 1.1560e-01, PNorm = 50.9556, GNorm = 1.1211, lr_0 = 2.5230e-04
Loss = 1.4908e-01, PNorm = 50.9601, GNorm = 1.1146, lr_0 = 2.5183e-04
Loss = 1.1586e-01, PNorm = 50.9646, GNorm = 0.8734, lr_0 = 2.5136e-04
Loss = 1.3064e-01, PNorm = 50.9704, GNorm = 1.2648, lr_0 = 2.5089e-04
Loss = 1.2697e-01, PNorm = 50.9774, GNorm = 1.9130, lr_0 = 2.5042e-04
Loss = 1.5248e-01, PNorm = 50.9839, GNorm = 1.0766, lr_0 = 2.4995e-04
Loss = 1.3699e-01, PNorm = 50.9890, GNorm = 1.4140, lr_0 = 2.4949e-04
Loss = 1.8872e-01, PNorm = 50.9919, GNorm = 1.6349, lr_0 = 2.4902e-04
Loss = 1.3858e-01, PNorm = 50.9967, GNorm = 1.7130, lr_0 = 2.4856e-04
Loss = 1.4609e-01, PNorm = 51.0028, GNorm = 1.5613, lr_0 = 2.4809e-04
Loss = 1.4297e-01, PNorm = 51.0092, GNorm = 2.3973, lr_0 = 2.4763e-04
Validation mae = 1.391981
Epoch 31
Loss = 1.3188e-01, PNorm = 51.0176, GNorm = 1.5015, lr_0 = 2.4712e-04
Loss = 1.2499e-01, PNorm = 51.0248, GNorm = 1.4190, lr_0 = 2.4666e-04
Loss = 1.3980e-01, PNorm = 51.0370, GNorm = 1.3803, lr_0 = 2.4620e-04
Loss = 1.2085e-01, PNorm = 51.0456, GNorm = 1.3520, lr_0 = 2.4574e-04
Loss = 1.4453e-01, PNorm = 51.0511, GNorm = 2.4088, lr_0 = 2.4529e-04
Loss = 1.3496e-01, PNorm = 51.0561, GNorm = 1.2515, lr_0 = 2.4483e-04
Loss = 1.3664e-01, PNorm = 51.0596, GNorm = 0.9494, lr_0 = 2.4437e-04
Loss = 1.7600e-01, PNorm = 51.0641, GNorm = 1.0663, lr_0 = 2.4392e-04
Loss = 1.2352e-01, PNorm = 51.0689, GNorm = 1.5292, lr_0 = 2.4346e-04
Loss = 1.0173e-01, PNorm = 51.0733, GNorm = 0.9530, lr_0 = 2.4301e-04
Loss = 1.2657e-01, PNorm = 51.0771, GNorm = 1.3477, lr_0 = 2.4255e-04
Loss = 1.1988e-01, PNorm = 51.0838, GNorm = 1.5529, lr_0 = 2.4210e-04
Loss = 1.4240e-01, PNorm = 51.0933, GNorm = 0.9704, lr_0 = 2.4165e-04
Loss = 1.3646e-01, PNorm = 51.1012, GNorm = 0.9825, lr_0 = 2.4120e-04
Loss = 1.3232e-01, PNorm = 51.1074, GNorm = 1.2739, lr_0 = 2.4075e-04
Loss = 1.5632e-01, PNorm = 51.1153, GNorm = 1.0159, lr_0 = 2.4030e-04
Loss = 1.0780e-01, PNorm = 51.1204, GNorm = 1.1353, lr_0 = 2.3985e-04
Loss = 1.2600e-01, PNorm = 51.1251, GNorm = 1.6483, lr_0 = 2.3941e-04
Loss = 1.3342e-01, PNorm = 51.1314, GNorm = 1.1829, lr_0 = 2.3896e-04
Loss = 1.3518e-01, PNorm = 51.1377, GNorm = 1.2314, lr_0 = 2.3851e-04
Loss = 1.3575e-01, PNorm = 51.1429, GNorm = 1.3120, lr_0 = 2.3807e-04
Loss = 1.8564e-01, PNorm = 51.1461, GNorm = 2.1993, lr_0 = 2.3762e-04
Loss = 1.5346e-01, PNorm = 51.1508, GNorm = 1.1759, lr_0 = 2.3718e-04
Loss = 1.3182e-01, PNorm = 51.1554, GNorm = 1.3090, lr_0 = 2.3674e-04
Loss = 1.1793e-01, PNorm = 51.1612, GNorm = 1.0553, lr_0 = 2.3630e-04
Loss = 1.3132e-01, PNorm = 51.1643, GNorm = 1.6126, lr_0 = 2.3586e-04
Validation mae = 1.423372
Epoch 32
Loss = 1.0238e-01, PNorm = 51.1696, GNorm = 1.1930, lr_0 = 2.3542e-04
Loss = 1.2079e-01, PNorm = 51.1755, GNorm = 1.3736, lr_0 = 2.3498e-04
Loss = 1.4560e-01, PNorm = 51.1826, GNorm = 1.2804, lr_0 = 2.3454e-04
Loss = 1.1165e-01, PNorm = 51.1905, GNorm = 1.2341, lr_0 = 2.3410e-04
Loss = 9.7927e-02, PNorm = 51.1961, GNorm = 1.0634, lr_0 = 2.3367e-04
Loss = 1.5246e-01, PNorm = 51.2029, GNorm = 0.9063, lr_0 = 2.3323e-04
Loss = 1.2674e-01, PNorm = 51.2091, GNorm = 0.9286, lr_0 = 2.3280e-04
Loss = 1.0937e-01, PNorm = 51.2132, GNorm = 1.4210, lr_0 = 2.3236e-04
Loss = 1.1755e-01, PNorm = 51.2179, GNorm = 1.4374, lr_0 = 2.3193e-04
Loss = 1.2967e-01, PNorm = 51.2212, GNorm = 1.7904, lr_0 = 2.3150e-04
Loss = 1.5397e-01, PNorm = 51.2237, GNorm = 2.1277, lr_0 = 2.3106e-04
Loss = 1.3284e-01, PNorm = 51.2295, GNorm = 1.3671, lr_0 = 2.3063e-04
Loss = 1.3335e-01, PNorm = 51.2357, GNorm = 1.4854, lr_0 = 2.3020e-04
Loss = 1.4085e-01, PNorm = 51.2430, GNorm = 1.2474, lr_0 = 2.2977e-04
Loss = 1.2896e-01, PNorm = 51.2478, GNorm = 1.0766, lr_0 = 2.2935e-04
Loss = 1.3011e-01, PNorm = 51.2530, GNorm = 0.9798, lr_0 = 2.2892e-04
Loss = 1.2900e-01, PNorm = 51.2580, GNorm = 1.5719, lr_0 = 2.2849e-04
Loss = 1.3468e-01, PNorm = 51.2617, GNorm = 0.9806, lr_0 = 2.2806e-04
Loss = 1.3849e-01, PNorm = 51.2666, GNorm = 2.8790, lr_0 = 2.2764e-04
Loss = 1.2135e-01, PNorm = 51.2750, GNorm = 1.1448, lr_0 = 2.2721e-04
Loss = 1.3618e-01, PNorm = 51.2807, GNorm = 1.6696, lr_0 = 2.2679e-04
Loss = 1.4590e-01, PNorm = 51.2864, GNorm = 1.1596, lr_0 = 2.2637e-04
Loss = 1.3160e-01, PNorm = 51.2917, GNorm = 1.3141, lr_0 = 2.2595e-04
Loss = 1.3691e-01, PNorm = 51.2971, GNorm = 1.0722, lr_0 = 2.2552e-04
Loss = 1.3141e-01, PNorm = 51.3006, GNorm = 1.0805, lr_0 = 2.2510e-04
Loss = 1.4874e-01, PNorm = 51.3035, GNorm = 1.3539, lr_0 = 2.2468e-04
Validation mae = 1.362163
Epoch 33
Loss = 1.5381e-01, PNorm = 51.3090, GNorm = 2.2041, lr_0 = 2.2422e-04
Loss = 1.3229e-01, PNorm = 51.3162, GNorm = 1.6075, lr_0 = 2.2381e-04
Loss = 1.3629e-01, PNorm = 51.3242, GNorm = 1.6558, lr_0 = 2.2339e-04
Loss = 1.4262e-01, PNorm = 51.3291, GNorm = 2.3000, lr_0 = 2.2297e-04
Loss = 1.2833e-01, PNorm = 51.3334, GNorm = 1.1312, lr_0 = 2.2256e-04
Loss = 1.1782e-01, PNorm = 51.3373, GNorm = 1.1535, lr_0 = 2.2214e-04
Loss = 1.3196e-01, PNorm = 51.3423, GNorm = 1.5542, lr_0 = 2.2173e-04
Loss = 1.3059e-01, PNorm = 51.3461, GNorm = 1.2634, lr_0 = 2.2131e-04
Loss = 1.4831e-01, PNorm = 51.3508, GNorm = 1.3332, lr_0 = 2.2090e-04
Loss = 1.4630e-01, PNorm = 51.3566, GNorm = 1.4345, lr_0 = 2.2049e-04
Loss = 1.4575e-01, PNorm = 51.3648, GNorm = 1.2910, lr_0 = 2.2008e-04
Loss = 1.2949e-01, PNorm = 51.3727, GNorm = 1.8069, lr_0 = 2.1967e-04
Loss = 1.1941e-01, PNorm = 51.3788, GNorm = 1.1885, lr_0 = 2.1926e-04
Loss = 1.0719e-01, PNorm = 51.3857, GNorm = 1.2413, lr_0 = 2.1885e-04
Loss = 1.3447e-01, PNorm = 51.3903, GNorm = 2.3442, lr_0 = 2.1844e-04
Loss = 1.2542e-01, PNorm = 51.3958, GNorm = 1.6842, lr_0 = 2.1803e-04
Loss = 1.2313e-01, PNorm = 51.4004, GNorm = 1.7618, lr_0 = 2.1763e-04
Loss = 1.0100e-01, PNorm = 51.4045, GNorm = 1.0850, lr_0 = 2.1722e-04
Loss = 1.2597e-01, PNorm = 51.4096, GNorm = 1.3123, lr_0 = 2.1682e-04
Loss = 1.1976e-01, PNorm = 51.4130, GNorm = 0.9695, lr_0 = 2.1641e-04
Loss = 1.2474e-01, PNorm = 51.4176, GNorm = 1.6334, lr_0 = 2.1601e-04
Loss = 1.3509e-01, PNorm = 51.4220, GNorm = 1.3709, lr_0 = 2.1560e-04
Loss = 1.1495e-01, PNorm = 51.4252, GNorm = 1.1726, lr_0 = 2.1520e-04
Loss = 1.2718e-01, PNorm = 51.4295, GNorm = 1.6073, lr_0 = 2.1480e-04
Loss = 1.1032e-01, PNorm = 51.4351, GNorm = 1.4943, lr_0 = 2.1440e-04
Validation mae = 1.349843
Epoch 34
Loss = 1.2342e-01, PNorm = 51.4397, GNorm = 1.0162, lr_0 = 2.1396e-04
Loss = 1.3299e-01, PNorm = 51.4412, GNorm = 1.5374, lr_0 = 2.1356e-04
Loss = 9.7914e-02, PNorm = 51.4446, GNorm = 1.1753, lr_0 = 2.1316e-04
Loss = 1.2499e-01, PNorm = 51.4518, GNorm = 1.0102, lr_0 = 2.1277e-04
Loss = 1.2709e-01, PNorm = 51.4578, GNorm = 2.5607, lr_0 = 2.1237e-04
Loss = 1.1079e-01, PNorm = 51.4613, GNorm = 1.0676, lr_0 = 2.1197e-04
Loss = 1.1174e-01, PNorm = 51.4635, GNorm = 1.0585, lr_0 = 2.1158e-04
Loss = 1.1394e-01, PNorm = 51.4679, GNorm = 0.9630, lr_0 = 2.1118e-04
Loss = 1.5149e-01, PNorm = 51.4740, GNorm = 2.2878, lr_0 = 2.1079e-04
Loss = 1.4025e-01, PNorm = 51.4825, GNorm = 1.5115, lr_0 = 2.1040e-04
Loss = 1.1143e-01, PNorm = 51.4893, GNorm = 1.0551, lr_0 = 2.1000e-04
Loss = 1.0851e-01, PNorm = 51.4940, GNorm = 1.4657, lr_0 = 2.0961e-04
Loss = 1.1832e-01, PNorm = 51.4984, GNorm = 1.3742, lr_0 = 2.0922e-04
Loss = 1.1249e-01, PNorm = 51.5029, GNorm = 1.0382, lr_0 = 2.0883e-04
Loss = 1.1165e-01, PNorm = 51.5072, GNorm = 1.1464, lr_0 = 2.0844e-04
Loss = 1.2259e-01, PNorm = 51.5107, GNorm = 1.0850, lr_0 = 2.0805e-04
Loss = 1.1261e-01, PNorm = 51.5144, GNorm = 1.3276, lr_0 = 2.0767e-04
Loss = 1.0670e-01, PNorm = 51.5180, GNorm = 1.5419, lr_0 = 2.0728e-04
Loss = 1.4420e-01, PNorm = 51.5206, GNorm = 1.6116, lr_0 = 2.0689e-04
Loss = 1.2060e-01, PNorm = 51.5236, GNorm = 1.3699, lr_0 = 2.0651e-04
Loss = 1.3192e-01, PNorm = 51.5274, GNorm = 1.8577, lr_0 = 2.0612e-04
Loss = 1.2114e-01, PNorm = 51.5321, GNorm = 1.2283, lr_0 = 2.0574e-04
Loss = 1.5349e-01, PNorm = 51.5371, GNorm = 1.4724, lr_0 = 2.0535e-04
Loss = 1.2839e-01, PNorm = 51.5422, GNorm = 1.2520, lr_0 = 2.0497e-04
Loss = 1.1826e-01, PNorm = 51.5467, GNorm = 1.2923, lr_0 = 2.0459e-04
Loss = 1.1820e-01, PNorm = 51.5507, GNorm = 1.7665, lr_0 = 2.0421e-04
Validation mae = 1.370336
Epoch 35
Loss = 1.1087e-01, PNorm = 51.5559, GNorm = 1.2576, lr_0 = 2.0383e-04
Loss = 1.3901e-01, PNorm = 51.5610, GNorm = 1.5317, lr_0 = 2.0344e-04
Loss = 1.0913e-01, PNorm = 51.5667, GNorm = 1.3635, lr_0 = 2.0307e-04
Loss = 1.0748e-01, PNorm = 51.5712, GNorm = 1.0864, lr_0 = 2.0269e-04
Loss = 1.1451e-01, PNorm = 51.5755, GNorm = 0.7858, lr_0 = 2.0231e-04
Loss = 1.0087e-01, PNorm = 51.5785, GNorm = 1.6802, lr_0 = 2.0193e-04
Loss = 1.1396e-01, PNorm = 51.5826, GNorm = 1.1429, lr_0 = 2.0156e-04
Loss = 1.2484e-01, PNorm = 51.5882, GNorm = 1.1396, lr_0 = 2.0118e-04
Loss = 1.3279e-01, PNorm = 51.5943, GNorm = 1.1846, lr_0 = 2.0080e-04
Loss = 1.1854e-01, PNorm = 51.5985, GNorm = 1.3878, lr_0 = 2.0043e-04
Loss = 1.2585e-01, PNorm = 51.6039, GNorm = 1.1788, lr_0 = 2.0006e-04
Loss = 1.1836e-01, PNorm = 51.6088, GNorm = 1.8516, lr_0 = 1.9968e-04
Loss = 1.3162e-01, PNorm = 51.6157, GNorm = 1.4928, lr_0 = 1.9931e-04
Loss = 1.3126e-01, PNorm = 51.6213, GNorm = 1.7196, lr_0 = 1.9894e-04
Loss = 1.2481e-01, PNorm = 51.6265, GNorm = 1.2169, lr_0 = 1.9857e-04
Loss = 1.2285e-01, PNorm = 51.6312, GNorm = 1.5789, lr_0 = 1.9820e-04
Loss = 1.1040e-01, PNorm = 51.6343, GNorm = 1.4117, lr_0 = 1.9783e-04
Loss = 1.1220e-01, PNorm = 51.6372, GNorm = 1.4017, lr_0 = 1.9746e-04
Loss = 1.1449e-01, PNorm = 51.6405, GNorm = 1.4740, lr_0 = 1.9709e-04
Loss = 1.4346e-01, PNorm = 51.6439, GNorm = 1.8850, lr_0 = 1.9672e-04
Loss = 1.2386e-01, PNorm = 51.6496, GNorm = 1.3232, lr_0 = 1.9636e-04
Loss = 1.2212e-01, PNorm = 51.6540, GNorm = 1.3355, lr_0 = 1.9599e-04
Loss = 1.2079e-01, PNorm = 51.6559, GNorm = 1.5875, lr_0 = 1.9562e-04
Loss = 1.1541e-01, PNorm = 51.6587, GNorm = 1.2348, lr_0 = 1.9526e-04
Loss = 1.2505e-01, PNorm = 51.6640, GNorm = 1.2358, lr_0 = 1.9490e-04
Loss = 1.1457e-01, PNorm = 51.6669, GNorm = 1.7437, lr_0 = 1.9453e-04
Validation mae = 1.349160
Epoch 36
Loss = 1.0376e-01, PNorm = 51.6701, GNorm = 0.8676, lr_0 = 1.9413e-04
Loss = 1.1050e-01, PNorm = 51.6755, GNorm = 1.1916, lr_0 = 1.9377e-04
Loss = 1.1519e-01, PNorm = 51.6820, GNorm = 1.0975, lr_0 = 1.9341e-04
Loss = 1.1796e-01, PNorm = 51.6871, GNorm = 1.9591, lr_0 = 1.9305e-04
Loss = 1.1849e-01, PNorm = 51.6922, GNorm = 1.6575, lr_0 = 1.9269e-04
Loss = 1.3583e-01, PNorm = 51.6960, GNorm = 2.2263, lr_0 = 1.9233e-04
Loss = 9.6800e-02, PNorm = 51.6994, GNorm = 2.0807, lr_0 = 1.9197e-04
Loss = 1.0803e-01, PNorm = 51.7033, GNorm = 1.1250, lr_0 = 1.9161e-04
Loss = 1.2449e-01, PNorm = 51.7090, GNorm = 0.8315, lr_0 = 1.9126e-04
Loss = 1.1665e-01, PNorm = 51.7146, GNorm = 1.7130, lr_0 = 1.9090e-04
Loss = 1.0404e-01, PNorm = 51.7199, GNorm = 1.0152, lr_0 = 1.9054e-04
Loss = 1.2799e-01, PNorm = 51.7246, GNorm = 1.8023, lr_0 = 1.9019e-04
Loss = 1.0344e-01, PNorm = 51.7292, GNorm = 1.3729, lr_0 = 1.8983e-04
Loss = 1.3610e-01, PNorm = 51.7333, GNorm = 1.7588, lr_0 = 1.8948e-04
Loss = 1.4142e-01, PNorm = 51.7383, GNorm = 2.1535, lr_0 = 1.8913e-04
Loss = 1.2084e-01, PNorm = 51.7436, GNorm = 0.9796, lr_0 = 1.8877e-04
Loss = 1.1616e-01, PNorm = 51.7482, GNorm = 0.9380, lr_0 = 1.8842e-04
Loss = 1.0590e-01, PNorm = 51.7516, GNorm = 0.8241, lr_0 = 1.8807e-04
Loss = 1.1779e-01, PNorm = 51.7556, GNorm = 1.6463, lr_0 = 1.8772e-04
Loss = 1.0778e-01, PNorm = 51.7600, GNorm = 1.1323, lr_0 = 1.8737e-04
Loss = 1.4903e-01, PNorm = 51.7624, GNorm = 2.0614, lr_0 = 1.8702e-04
Loss = 1.1862e-01, PNorm = 51.7652, GNorm = 1.1470, lr_0 = 1.8667e-04
Loss = 1.1660e-01, PNorm = 51.7684, GNorm = 1.3261, lr_0 = 1.8632e-04
Loss = 1.2530e-01, PNorm = 51.7710, GNorm = 1.6787, lr_0 = 1.8598e-04
Loss = 1.1654e-01, PNorm = 51.7740, GNorm = 1.0218, lr_0 = 1.8563e-04
Loss = 1.0314e-01, PNorm = 51.7757, GNorm = 0.9218, lr_0 = 1.8528e-04
Loss = 6.1842e-02, PNorm = 51.7757, GNorm = 1.4826, lr_0 = 1.8525e-04
Validation mae = 1.347324
Epoch 37
Loss = 1.1878e-01, PNorm = 51.7775, GNorm = 1.1516, lr_0 = 1.8490e-04
Loss = 1.0849e-01, PNorm = 51.7810, GNorm = 1.4673, lr_0 = 1.8456e-04
Loss = 9.4991e-02, PNorm = 51.7852, GNorm = 1.1073, lr_0 = 1.8421e-04
Loss = 1.0499e-01, PNorm = 51.7904, GNorm = 0.8489, lr_0 = 1.8387e-04
Loss = 1.1102e-01, PNorm = 51.7948, GNorm = 1.7242, lr_0 = 1.8353e-04
Loss = 1.1793e-01, PNorm = 51.7980, GNorm = 1.1051, lr_0 = 1.8318e-04
Loss = 1.1802e-01, PNorm = 51.8019, GNorm = 1.8907, lr_0 = 1.8284e-04
Loss = 9.9281e-02, PNorm = 51.8084, GNorm = 0.8688, lr_0 = 1.8250e-04
Loss = 1.2150e-01, PNorm = 51.8124, GNorm = 0.9820, lr_0 = 1.8216e-04
Loss = 9.8995e-02, PNorm = 51.8158, GNorm = 0.9745, lr_0 = 1.8182e-04
Loss = 1.3820e-01, PNorm = 51.8191, GNorm = 1.4151, lr_0 = 1.8148e-04
Loss = 1.0067e-01, PNorm = 51.8222, GNorm = 1.8611, lr_0 = 1.8114e-04
Loss = 1.1846e-01, PNorm = 51.8264, GNorm = 1.1441, lr_0 = 1.8081e-04
Loss = 1.0639e-01, PNorm = 51.8308, GNorm = 1.8187, lr_0 = 1.8047e-04
Loss = 1.1544e-01, PNorm = 51.8345, GNorm = 1.1556, lr_0 = 1.8013e-04
Loss = 1.1018e-01, PNorm = 51.8384, GNorm = 1.2074, lr_0 = 1.7980e-04
Loss = 1.2210e-01, PNorm = 51.8420, GNorm = 2.1969, lr_0 = 1.7946e-04
Loss = 1.2267e-01, PNorm = 51.8466, GNorm = 0.8479, lr_0 = 1.7913e-04
Loss = 1.3986e-01, PNorm = 51.8517, GNorm = 1.4884, lr_0 = 1.7879e-04
Loss = 1.3757e-01, PNorm = 51.8563, GNorm = 1.4232, lr_0 = 1.7846e-04
Loss = 1.0604e-01, PNorm = 51.8607, GNorm = 0.9449, lr_0 = 1.7813e-04
Loss = 1.1273e-01, PNorm = 51.8637, GNorm = 1.2888, lr_0 = 1.7779e-04
Loss = 1.2276e-01, PNorm = 51.8679, GNorm = 1.2718, lr_0 = 1.7746e-04
Loss = 1.1440e-01, PNorm = 51.8714, GNorm = 1.2002, lr_0 = 1.7713e-04
Loss = 9.5893e-02, PNorm = 51.8754, GNorm = 1.4426, lr_0 = 1.7680e-04
Validation mae = 1.342830
Epoch 38
Loss = 8.5955e-02, PNorm = 51.8784, GNorm = 0.9788, lr_0 = 1.7647e-04
Loss = 1.2434e-01, PNorm = 51.8841, GNorm = 1.0597, lr_0 = 1.7614e-04
Loss = 7.6305e-02, PNorm = 51.8898, GNorm = 1.0430, lr_0 = 1.7581e-04
Loss = 9.5703e-02, PNorm = 51.8935, GNorm = 0.9847, lr_0 = 1.7549e-04
Loss = 1.0251e-01, PNorm = 51.8967, GNorm = 1.3706, lr_0 = 1.7516e-04
Loss = 9.8504e-02, PNorm = 51.9004, GNorm = 0.9525, lr_0 = 1.7483e-04
Loss = 1.1152e-01, PNorm = 51.9050, GNorm = 1.1756, lr_0 = 1.7451e-04
Loss = 1.1017e-01, PNorm = 51.9095, GNorm = 2.1127, lr_0 = 1.7418e-04
Loss = 1.1307e-01, PNorm = 51.9147, GNorm = 1.7752, lr_0 = 1.7386e-04
Loss = 1.3798e-01, PNorm = 51.9182, GNorm = 1.4259, lr_0 = 1.7353e-04
Loss = 1.0300e-01, PNorm = 51.9211, GNorm = 1.1393, lr_0 = 1.7321e-04
Loss = 1.0730e-01, PNorm = 51.9230, GNorm = 1.2777, lr_0 = 1.7289e-04
Loss = 1.2720e-01, PNorm = 51.9285, GNorm = 1.0471, lr_0 = 1.7256e-04
Loss = 1.1483e-01, PNorm = 51.9335, GNorm = 1.7970, lr_0 = 1.7224e-04
Loss = 1.1939e-01, PNorm = 51.9361, GNorm = 1.8108, lr_0 = 1.7192e-04
Loss = 1.2398e-01, PNorm = 51.9374, GNorm = 0.8347, lr_0 = 1.7160e-04
Loss = 1.0153e-01, PNorm = 51.9395, GNorm = 1.1685, lr_0 = 1.7128e-04
Loss = 1.1725e-01, PNorm = 51.9413, GNorm = 0.9426, lr_0 = 1.7096e-04
Loss = 9.8326e-02, PNorm = 51.9450, GNorm = 1.6645, lr_0 = 1.7064e-04
Loss = 1.0911e-01, PNorm = 51.9494, GNorm = 1.0812, lr_0 = 1.7032e-04
Loss = 1.0524e-01, PNorm = 51.9526, GNorm = 1.4084, lr_0 = 1.7001e-04
Loss = 1.0542e-01, PNorm = 51.9554, GNorm = 0.9864, lr_0 = 1.6969e-04
Loss = 1.2364e-01, PNorm = 51.9602, GNorm = 2.1356, lr_0 = 1.6937e-04
Loss = 1.1284e-01, PNorm = 51.9634, GNorm = 0.9294, lr_0 = 1.6906e-04
Loss = 1.3228e-01, PNorm = 51.9671, GNorm = 1.3302, lr_0 = 1.6874e-04
Loss = 1.1169e-01, PNorm = 51.9721, GNorm = 1.1192, lr_0 = 1.6843e-04
Validation mae = 1.367892
Epoch 39
Loss = 1.3788e-01, PNorm = 51.9778, GNorm = 1.0373, lr_0 = 1.6808e-04
Loss = 1.2134e-01, PNorm = 51.9821, GNorm = 1.2723, lr_0 = 1.6777e-04
Loss = 1.0721e-01, PNorm = 51.9860, GNorm = 1.0462, lr_0 = 1.6745e-04
Loss = 8.7978e-02, PNorm = 51.9878, GNorm = 1.2721, lr_0 = 1.6714e-04
Loss = 8.6082e-02, PNorm = 51.9896, GNorm = 1.1885, lr_0 = 1.6683e-04
Loss = 9.7245e-02, PNorm = 51.9925, GNorm = 0.9205, lr_0 = 1.6652e-04
Loss = 1.0528e-01, PNorm = 51.9956, GNorm = 0.9947, lr_0 = 1.6621e-04
Loss = 1.1415e-01, PNorm = 51.9996, GNorm = 1.3386, lr_0 = 1.6590e-04
Loss = 1.0375e-01, PNorm = 52.0036, GNorm = 1.0084, lr_0 = 1.6559e-04
Loss = 9.2808e-02, PNorm = 52.0072, GNorm = 1.0683, lr_0 = 1.6528e-04
Loss = 1.1802e-01, PNorm = 52.0112, GNorm = 1.8347, lr_0 = 1.6497e-04
Loss = 9.7684e-02, PNorm = 52.0151, GNorm = 1.2626, lr_0 = 1.6467e-04
Loss = 8.3804e-02, PNorm = 52.0187, GNorm = 1.2073, lr_0 = 1.6436e-04
Loss = 1.0761e-01, PNorm = 52.0239, GNorm = 1.1969, lr_0 = 1.6405e-04
Loss = 1.0967e-01, PNorm = 52.0297, GNorm = 1.5909, lr_0 = 1.6375e-04
Loss = 1.1548e-01, PNorm = 52.0343, GNorm = 1.7635, lr_0 = 1.6344e-04
Loss = 1.3254e-01, PNorm = 52.0382, GNorm = 1.1210, lr_0 = 1.6314e-04
Loss = 1.1704e-01, PNorm = 52.0403, GNorm = 1.1032, lr_0 = 1.6283e-04
Loss = 1.0832e-01, PNorm = 52.0434, GNorm = 1.5244, lr_0 = 1.6253e-04
Loss = 9.5097e-02, PNorm = 52.0467, GNorm = 1.1410, lr_0 = 1.6222e-04
Loss = 1.1365e-01, PNorm = 52.0507, GNorm = 1.2785, lr_0 = 1.6192e-04
Loss = 9.8291e-02, PNorm = 52.0536, GNorm = 1.1968, lr_0 = 1.6162e-04
Loss = 1.1276e-01, PNorm = 52.0567, GNorm = 1.9041, lr_0 = 1.6132e-04
Loss = 1.2663e-01, PNorm = 52.0582, GNorm = 2.0197, lr_0 = 1.6102e-04
Loss = 1.2173e-01, PNorm = 52.0615, GNorm = 1.5000, lr_0 = 1.6072e-04
Loss = 1.3463e-01, PNorm = 52.0654, GNorm = 1.2341, lr_0 = 1.6042e-04
Validation mae = 1.464542
Epoch 40
Loss = 1.1356e-01, PNorm = 52.0696, GNorm = 1.5296, lr_0 = 1.6009e-04
Loss = 9.2544e-02, PNorm = 52.0730, GNorm = 1.0722, lr_0 = 1.5979e-04
Loss = 1.0329e-01, PNorm = 52.0756, GNorm = 0.8827, lr_0 = 1.5949e-04
Loss = 1.0211e-01, PNorm = 52.0791, GNorm = 1.3085, lr_0 = 1.5919e-04
Loss = 9.1710e-02, PNorm = 52.0826, GNorm = 1.5593, lr_0 = 1.5890e-04
Loss = 8.9897e-02, PNorm = 52.0857, GNorm = 1.2302, lr_0 = 1.5860e-04
Loss = 9.0808e-02, PNorm = 52.0884, GNorm = 0.8617, lr_0 = 1.5831e-04
Loss = 1.3783e-01, PNorm = 52.0935, GNorm = 0.9890, lr_0 = 1.5801e-04
Loss = 1.1391e-01, PNorm = 52.0975, GNorm = 1.4156, lr_0 = 1.5772e-04
Loss = 1.0824e-01, PNorm = 52.1009, GNorm = 1.2006, lr_0 = 1.5742e-04
Loss = 1.0205e-01, PNorm = 52.1045, GNorm = 0.9897, lr_0 = 1.5713e-04
Loss = 1.0648e-01, PNorm = 52.1081, GNorm = 2.1721, lr_0 = 1.5684e-04
Loss = 8.9537e-02, PNorm = 52.1107, GNorm = 1.4841, lr_0 = 1.5654e-04
Loss = 1.2182e-01, PNorm = 52.1137, GNorm = 1.6134, lr_0 = 1.5625e-04
Loss = 1.0973e-01, PNorm = 52.1161, GNorm = 1.4916, lr_0 = 1.5596e-04
Loss = 1.0451e-01, PNorm = 52.1197, GNorm = 1.0817, lr_0 = 1.5567e-04
Loss = 9.8557e-02, PNorm = 52.1223, GNorm = 1.6107, lr_0 = 1.5538e-04
Loss = 1.3105e-01, PNorm = 52.1251, GNorm = 1.3610, lr_0 = 1.5509e-04
Loss = 1.2617e-01, PNorm = 52.1305, GNorm = 1.3955, lr_0 = 1.5480e-04
Loss = 1.0061e-01, PNorm = 52.1351, GNorm = 1.1086, lr_0 = 1.5451e-04
Loss = 1.1188e-01, PNorm = 52.1383, GNorm = 1.7034, lr_0 = 1.5422e-04
Loss = 1.0882e-01, PNorm = 52.1411, GNorm = 1.3576, lr_0 = 1.5394e-04
Loss = 9.7008e-02, PNorm = 52.1434, GNorm = 2.0157, lr_0 = 1.5365e-04
Loss = 1.1399e-01, PNorm = 52.1453, GNorm = 1.2874, lr_0 = 1.5336e-04
Loss = 9.9836e-02, PNorm = 52.1485, GNorm = 0.6422, lr_0 = 1.5308e-04
Loss = 1.1141e-01, PNorm = 52.1523, GNorm = 1.9806, lr_0 = 1.5279e-04
Validation mae = 1.375029
Epoch 41
Loss = 9.8106e-02, PNorm = 52.1561, GNorm = 1.3072, lr_0 = 1.5251e-04
Loss = 1.0746e-01, PNorm = 52.1597, GNorm = 2.1310, lr_0 = 1.5222e-04
Loss = 9.8018e-02, PNorm = 52.1642, GNorm = 1.2619, lr_0 = 1.5194e-04
Loss = 1.0486e-01, PNorm = 52.1687, GNorm = 1.3495, lr_0 = 1.5165e-04
Loss = 9.4778e-02, PNorm = 52.1716, GNorm = 1.2814, lr_0 = 1.5137e-04
Loss = 1.1236e-01, PNorm = 52.1742, GNorm = 1.8712, lr_0 = 1.5109e-04
Loss = 9.7751e-02, PNorm = 52.1776, GNorm = 1.9261, lr_0 = 1.5081e-04
Loss = 9.4655e-02, PNorm = 52.1814, GNorm = 1.0632, lr_0 = 1.5053e-04
Loss = 9.7341e-02, PNorm = 52.1856, GNorm = 1.5295, lr_0 = 1.5024e-04
Loss = 8.6373e-02, PNorm = 52.1883, GNorm = 1.0535, lr_0 = 1.4996e-04
Loss = 1.0329e-01, PNorm = 52.1897, GNorm = 1.2678, lr_0 = 1.4969e-04
Loss = 1.0679e-01, PNorm = 52.1930, GNorm = 1.8410, lr_0 = 1.4941e-04
Loss = 1.0480e-01, PNorm = 52.1950, GNorm = 1.0636, lr_0 = 1.4913e-04
Loss = 1.2758e-01, PNorm = 52.1972, GNorm = 1.6891, lr_0 = 1.4885e-04
Loss = 9.6636e-02, PNorm = 52.2008, GNorm = 1.1364, lr_0 = 1.4857e-04
Loss = 1.0853e-01, PNorm = 52.2039, GNorm = 1.3090, lr_0 = 1.4829e-04
Loss = 1.0853e-01, PNorm = 52.2065, GNorm = 0.9054, lr_0 = 1.4802e-04
Loss = 9.4056e-02, PNorm = 52.2096, GNorm = 2.1700, lr_0 = 1.4774e-04
Loss = 1.1136e-01, PNorm = 52.2124, GNorm = 1.0082, lr_0 = 1.4747e-04
Loss = 1.0263e-01, PNorm = 52.2159, GNorm = 1.1595, lr_0 = 1.4719e-04
Loss = 1.2452e-01, PNorm = 52.2194, GNorm = 1.6137, lr_0 = 1.4692e-04
Loss = 8.8294e-02, PNorm = 52.2219, GNorm = 1.3270, lr_0 = 1.4664e-04
Loss = 1.0575e-01, PNorm = 52.2248, GNorm = 1.2150, lr_0 = 1.4637e-04
Loss = 9.6768e-02, PNorm = 52.2272, GNorm = 1.1351, lr_0 = 1.4610e-04
Loss = 1.0108e-01, PNorm = 52.2295, GNorm = 1.2905, lr_0 = 1.4582e-04
Validation mae = 1.342487
Epoch 42
Loss = 7.9160e-02, PNorm = 52.2322, GNorm = 1.0101, lr_0 = 1.4553e-04
Loss = 9.7903e-02, PNorm = 52.2357, GNorm = 1.1514, lr_0 = 1.4525e-04
Loss = 1.1407e-01, PNorm = 52.2389, GNorm = 1.6088, lr_0 = 1.4498e-04
Loss = 8.0452e-02, PNorm = 52.2439, GNorm = 0.9288, lr_0 = 1.4471e-04
Loss = 8.2822e-02, PNorm = 52.2473, GNorm = 1.4174, lr_0 = 1.4444e-04
Loss = 9.7258e-02, PNorm = 52.2496, GNorm = 1.3258, lr_0 = 1.4417e-04
Loss = 1.1843e-01, PNorm = 52.2523, GNorm = 1.2552, lr_0 = 1.4390e-04
Loss = 8.4676e-02, PNorm = 52.2565, GNorm = 1.4366, lr_0 = 1.4364e-04
Loss = 1.2053e-01, PNorm = 52.2605, GNorm = 1.6086, lr_0 = 1.4337e-04
Loss = 1.0993e-01, PNorm = 52.2640, GNorm = 1.4916, lr_0 = 1.4310e-04
Loss = 1.1121e-01, PNorm = 52.2675, GNorm = 0.8312, lr_0 = 1.4283e-04
Loss = 1.0095e-01, PNorm = 52.2710, GNorm = 0.8647, lr_0 = 1.4257e-04
Loss = 9.5070e-02, PNorm = 52.2748, GNorm = 1.0851, lr_0 = 1.4230e-04
Loss = 9.2645e-02, PNorm = 52.2770, GNorm = 1.2911, lr_0 = 1.4204e-04
Loss = 8.5593e-02, PNorm = 52.2793, GNorm = 1.7912, lr_0 = 1.4177e-04
Loss = 8.6519e-02, PNorm = 52.2800, GNorm = 1.3347, lr_0 = 1.4151e-04
Loss = 1.0030e-01, PNorm = 52.2826, GNorm = 1.4945, lr_0 = 1.4124e-04
Loss = 8.7643e-02, PNorm = 52.2851, GNorm = 0.7527, lr_0 = 1.4098e-04
Loss = 8.9372e-02, PNorm = 52.2875, GNorm = 1.0515, lr_0 = 1.4072e-04
Loss = 1.0792e-01, PNorm = 52.2902, GNorm = 1.7869, lr_0 = 1.4045e-04
Loss = 1.2916e-01, PNorm = 52.2953, GNorm = 1.3690, lr_0 = 1.4019e-04
Loss = 1.1400e-01, PNorm = 52.2982, GNorm = 1.4712, lr_0 = 1.3993e-04
Loss = 1.1158e-01, PNorm = 52.3014, GNorm = 1.4224, lr_0 = 1.3967e-04
Loss = 1.1388e-01, PNorm = 52.3043, GNorm = 0.9634, lr_0 = 1.3941e-04
Loss = 9.5517e-02, PNorm = 52.3074, GNorm = 1.5814, lr_0 = 1.3915e-04
Loss = 1.1247e-01, PNorm = 52.3087, GNorm = 2.0000, lr_0 = 1.3889e-04
Validation mae = 1.383731
Epoch 43
Loss = 9.6205e-02, PNorm = 52.3110, GNorm = 1.1224, lr_0 = 1.3861e-04
Loss = 1.1657e-01, PNorm = 52.3144, GNorm = 1.8594, lr_0 = 1.3835e-04
Loss = 9.2303e-02, PNorm = 52.3185, GNorm = 1.2182, lr_0 = 1.3809e-04
Loss = 1.0534e-01, PNorm = 52.3221, GNorm = 1.2218, lr_0 = 1.3783e-04
Loss = 8.4649e-02, PNorm = 52.3260, GNorm = 0.8815, lr_0 = 1.3757e-04
Loss = 1.0514e-01, PNorm = 52.3292, GNorm = 2.7795, lr_0 = 1.3732e-04
Loss = 7.9590e-02, PNorm = 52.3307, GNorm = 0.6826, lr_0 = 1.3706e-04
Loss = 9.5681e-02, PNorm = 52.3315, GNorm = 2.4501, lr_0 = 1.3681e-04
Loss = 1.0150e-01, PNorm = 52.3333, GNorm = 1.0408, lr_0 = 1.3655e-04
Loss = 9.4476e-02, PNorm = 52.3364, GNorm = 1.4004, lr_0 = 1.3630e-04
Loss = 9.6324e-02, PNorm = 52.3385, GNorm = 1.2369, lr_0 = 1.3604e-04
Loss = 1.1165e-01, PNorm = 52.3424, GNorm = 1.8282, lr_0 = 1.3579e-04
Loss = 8.5823e-02, PNorm = 52.3461, GNorm = 1.5720, lr_0 = 1.3554e-04
Loss = 1.1086e-01, PNorm = 52.3500, GNorm = 0.8203, lr_0 = 1.3528e-04
Loss = 9.6556e-02, PNorm = 52.3536, GNorm = 1.5905, lr_0 = 1.3503e-04
Loss = 8.6224e-02, PNorm = 52.3575, GNorm = 0.8394, lr_0 = 1.3478e-04
Loss = 1.3097e-01, PNorm = 52.3607, GNorm = 1.0091, lr_0 = 1.3453e-04
Loss = 7.4409e-02, PNorm = 52.3618, GNorm = 1.2987, lr_0 = 1.3428e-04
Loss = 1.0429e-01, PNorm = 52.3643, GNorm = 1.3177, lr_0 = 1.3403e-04
Loss = 9.5394e-02, PNorm = 52.3671, GNorm = 0.8909, lr_0 = 1.3378e-04
Loss = 1.0708e-01, PNorm = 52.3687, GNorm = 1.1283, lr_0 = 1.3353e-04
Loss = 1.1950e-01, PNorm = 52.3706, GNorm = 1.1963, lr_0 = 1.3328e-04
Loss = 8.4968e-02, PNorm = 52.3721, GNorm = 1.6642, lr_0 = 1.3303e-04
Loss = 1.0061e-01, PNorm = 52.3756, GNorm = 0.9689, lr_0 = 1.3278e-04
Loss = 1.0610e-01, PNorm = 52.3785, GNorm = 1.4629, lr_0 = 1.3253e-04
Loss = 9.5951e-02, PNorm = 52.3800, GNorm = 1.5848, lr_0 = 1.3229e-04
Validation mae = 1.348581
Epoch 44
Loss = 7.6753e-02, PNorm = 52.3814, GNorm = 1.5097, lr_0 = 1.3204e-04
Loss = 1.0533e-01, PNorm = 52.3844, GNorm = 1.4932, lr_0 = 1.3179e-04
Loss = 1.0293e-01, PNorm = 52.3879, GNorm = 1.6134, lr_0 = 1.3155e-04
Loss = 8.6064e-02, PNorm = 52.3925, GNorm = 1.1422, lr_0 = 1.3130e-04
Loss = 9.7095e-02, PNorm = 52.3964, GNorm = 1.1761, lr_0 = 1.3106e-04
Loss = 9.9504e-02, PNorm = 52.3986, GNorm = 1.1726, lr_0 = 1.3081e-04
Loss = 1.0729e-01, PNorm = 52.4000, GNorm = 1.1727, lr_0 = 1.3057e-04
Loss = 1.1339e-01, PNorm = 52.4027, GNorm = 2.3552, lr_0 = 1.3033e-04
Loss = 8.9256e-02, PNorm = 52.4063, GNorm = 1.3689, lr_0 = 1.3008e-04
Loss = 1.2191e-01, PNorm = 52.4101, GNorm = 1.4225, lr_0 = 1.2984e-04
Loss = 7.6325e-02, PNorm = 52.4122, GNorm = 1.1060, lr_0 = 1.2960e-04
Loss = 9.1905e-02, PNorm = 52.4143, GNorm = 2.0779, lr_0 = 1.2936e-04
Loss = 9.1632e-02, PNorm = 52.4158, GNorm = 1.5624, lr_0 = 1.2911e-04
Loss = 1.1393e-01, PNorm = 52.4186, GNorm = 2.2402, lr_0 = 1.2887e-04
Loss = 1.1260e-01, PNorm = 52.4214, GNorm = 0.9466, lr_0 = 1.2863e-04
Loss = 1.1341e-01, PNorm = 52.4240, GNorm = 1.2306, lr_0 = 1.2839e-04
Loss = 9.4152e-02, PNorm = 52.4258, GNorm = 1.7083, lr_0 = 1.2815e-04
Loss = 1.0948e-01, PNorm = 52.4285, GNorm = 1.1620, lr_0 = 1.2792e-04
Loss = 9.0459e-02, PNorm = 52.4322, GNorm = 1.0802, lr_0 = 1.2768e-04
Loss = 9.2590e-02, PNorm = 52.4359, GNorm = 1.1090, lr_0 = 1.2744e-04
Loss = 8.8599e-02, PNorm = 52.4383, GNorm = 0.9297, lr_0 = 1.2720e-04
Loss = 9.0783e-02, PNorm = 52.4402, GNorm = 1.0317, lr_0 = 1.2696e-04
Loss = 8.0959e-02, PNorm = 52.4408, GNorm = 1.6792, lr_0 = 1.2673e-04
Loss = 8.4670e-02, PNorm = 52.4412, GNorm = 1.1702, lr_0 = 1.2649e-04
Loss = 1.0724e-01, PNorm = 52.4424, GNorm = 1.2873, lr_0 = 1.2625e-04
Validation mae = 1.349891
Epoch 45
Loss = 7.3815e-02, PNorm = 52.4446, GNorm = 1.2056, lr_0 = 1.2600e-04
Loss = 8.3281e-02, PNorm = 52.4473, GNorm = 1.0363, lr_0 = 1.2576e-04
Loss = 1.0987e-01, PNorm = 52.4506, GNorm = 1.5214, lr_0 = 1.2553e-04
Loss = 8.9887e-02, PNorm = 52.4537, GNorm = 1.2934, lr_0 = 1.2529e-04
Loss = 9.2893e-02, PNorm = 52.4564, GNorm = 2.4352, lr_0 = 1.2506e-04
Loss = 1.0724e-01, PNorm = 52.4576, GNorm = 1.0832, lr_0 = 1.2483e-04
Loss = 1.0401e-01, PNorm = 52.4596, GNorm = 0.8718, lr_0 = 1.2459e-04
Loss = 1.1055e-01, PNorm = 52.4624, GNorm = 0.9345, lr_0 = 1.2436e-04
Loss = 9.0762e-02, PNorm = 52.4652, GNorm = 1.0900, lr_0 = 1.2413e-04
Loss = 1.0327e-01, PNorm = 52.4684, GNorm = 0.9814, lr_0 = 1.2390e-04
Loss = 9.4521e-02, PNorm = 52.4718, GNorm = 0.9777, lr_0 = 1.2367e-04
Loss = 8.0466e-02, PNorm = 52.4743, GNorm = 0.7631, lr_0 = 1.2344e-04
Loss = 9.0467e-02, PNorm = 52.4766, GNorm = 1.3417, lr_0 = 1.2321e-04
Loss = 1.0487e-01, PNorm = 52.4785, GNorm = 1.5427, lr_0 = 1.2298e-04
Loss = 9.0526e-02, PNorm = 52.4805, GNorm = 1.1830, lr_0 = 1.2275e-04
Loss = 8.7544e-02, PNorm = 52.4827, GNorm = 0.9117, lr_0 = 1.2252e-04
Loss = 7.9558e-02, PNorm = 52.4839, GNorm = 1.2469, lr_0 = 1.2229e-04
Loss = 9.5739e-02, PNorm = 52.4858, GNorm = 1.4729, lr_0 = 1.2206e-04
Loss = 9.0419e-02, PNorm = 52.4894, GNorm = 1.1991, lr_0 = 1.2183e-04
Loss = 9.7373e-02, PNorm = 52.4923, GNorm = 1.3558, lr_0 = 1.2161e-04
Loss = 9.5824e-02, PNorm = 52.4935, GNorm = 1.2418, lr_0 = 1.2138e-04
Loss = 1.0027e-01, PNorm = 52.4954, GNorm = 2.0961, lr_0 = 1.2115e-04
Loss = 7.9513e-02, PNorm = 52.4976, GNorm = 1.1931, lr_0 = 1.2093e-04
Loss = 8.9340e-02, PNorm = 52.4994, GNorm = 1.5029, lr_0 = 1.2070e-04
Loss = 8.2039e-02, PNorm = 52.5016, GNorm = 1.7255, lr_0 = 1.2048e-04
Loss = 9.7566e-02, PNorm = 52.5052, GNorm = 1.7435, lr_0 = 1.2025e-04
Validation mae = 1.349593
Epoch 46
Loss = 8.6250e-02, PNorm = 52.5077, GNorm = 1.0797, lr_0 = 1.2000e-04
Loss = 8.7359e-02, PNorm = 52.5098, GNorm = 2.5966, lr_0 = 1.1978e-04
Loss = 8.1866e-02, PNorm = 52.5120, GNorm = 0.7482, lr_0 = 1.1956e-04
Loss = 8.5913e-02, PNorm = 52.5134, GNorm = 1.0753, lr_0 = 1.1933e-04
Loss = 9.2622e-02, PNorm = 52.5156, GNorm = 1.3157, lr_0 = 1.1911e-04
Loss = 8.8388e-02, PNorm = 52.5182, GNorm = 0.9352, lr_0 = 1.1889e-04
Loss = 8.4651e-02, PNorm = 52.5207, GNorm = 0.8725, lr_0 = 1.1867e-04
Loss = 1.0201e-01, PNorm = 52.5225, GNorm = 1.2633, lr_0 = 1.1845e-04
Loss = 1.0601e-01, PNorm = 52.5255, GNorm = 1.1656, lr_0 = 1.1823e-04
Loss = 8.7480e-02, PNorm = 52.5293, GNorm = 1.9557, lr_0 = 1.1801e-04
Loss = 9.9640e-02, PNorm = 52.5313, GNorm = 1.0832, lr_0 = 1.1779e-04
Loss = 9.4214e-02, PNorm = 52.5327, GNorm = 1.7333, lr_0 = 1.1757e-04
Loss = 8.0934e-02, PNorm = 52.5351, GNorm = 1.2699, lr_0 = 1.1735e-04
Loss = 7.9435e-02, PNorm = 52.5371, GNorm = 1.0621, lr_0 = 1.1713e-04
Loss = 1.0593e-01, PNorm = 52.5401, GNorm = 0.6711, lr_0 = 1.1691e-04
Loss = 8.6577e-02, PNorm = 52.5423, GNorm = 1.0343, lr_0 = 1.1669e-04
Loss = 1.1595e-01, PNorm = 52.5452, GNorm = 0.7683, lr_0 = 1.1647e-04
Loss = 9.5128e-02, PNorm = 52.5481, GNorm = 1.5939, lr_0 = 1.1626e-04
Loss = 1.0220e-01, PNorm = 52.5500, GNorm = 1.7082, lr_0 = 1.1604e-04
Loss = 8.9675e-02, PNorm = 52.5522, GNorm = 0.8740, lr_0 = 1.1582e-04
Loss = 8.2917e-02, PNorm = 52.5538, GNorm = 1.0537, lr_0 = 1.1561e-04
Loss = 8.1161e-02, PNorm = 52.5555, GNorm = 0.9672, lr_0 = 1.1539e-04
Loss = 9.7093e-02, PNorm = 52.5585, GNorm = 1.6802, lr_0 = 1.1518e-04
Loss = 9.3089e-02, PNorm = 52.5616, GNorm = 1.1884, lr_0 = 1.1496e-04
Loss = 7.9031e-02, PNorm = 52.5631, GNorm = 0.9922, lr_0 = 1.1475e-04
Loss = 1.0268e-01, PNorm = 52.5655, GNorm = 0.9481, lr_0 = 1.1453e-04
Validation mae = 1.335985
Epoch 47
Loss = 8.7975e-02, PNorm = 52.5680, GNorm = 1.0636, lr_0 = 1.1432e-04
Loss = 8.6060e-02, PNorm = 52.5706, GNorm = 1.4272, lr_0 = 1.1411e-04
Loss = 8.6994e-02, PNorm = 52.5728, GNorm = 1.1013, lr_0 = 1.1389e-04
Loss = 7.6507e-02, PNorm = 52.5744, GNorm = 0.9579, lr_0 = 1.1368e-04
Loss = 8.6037e-02, PNorm = 52.5752, GNorm = 1.3031, lr_0 = 1.1347e-04
Loss = 1.0146e-01, PNorm = 52.5785, GNorm = 0.7237, lr_0 = 1.1326e-04
Loss = 8.1629e-02, PNorm = 52.5817, GNorm = 1.1267, lr_0 = 1.1305e-04
Loss = 8.4419e-02, PNorm = 52.5834, GNorm = 1.3946, lr_0 = 1.1284e-04
Loss = 8.4718e-02, PNorm = 52.5857, GNorm = 1.4424, lr_0 = 1.1263e-04
Loss = 8.6601e-02, PNorm = 52.5877, GNorm = 1.2563, lr_0 = 1.1242e-04
Loss = 8.7545e-02, PNorm = 52.5893, GNorm = 2.7096, lr_0 = 1.1221e-04
Loss = 9.5913e-02, PNorm = 52.5924, GNorm = 1.0294, lr_0 = 1.1200e-04
Loss = 9.5021e-02, PNorm = 52.5953, GNorm = 0.9124, lr_0 = 1.1179e-04
Loss = 9.1524e-02, PNorm = 52.5987, GNorm = 1.5880, lr_0 = 1.1158e-04
Loss = 9.1096e-02, PNorm = 52.6006, GNorm = 1.0454, lr_0 = 1.1137e-04
Loss = 9.6516e-02, PNorm = 52.6026, GNorm = 1.8552, lr_0 = 1.1116e-04
Loss = 1.0183e-01, PNorm = 52.6059, GNorm = 1.1068, lr_0 = 1.1096e-04
Loss = 9.3606e-02, PNorm = 52.6092, GNorm = 1.0059, lr_0 = 1.1075e-04
Loss = 9.7178e-02, PNorm = 52.6118, GNorm = 0.8071, lr_0 = 1.1054e-04
Loss = 1.1594e-01, PNorm = 52.6143, GNorm = 1.0404, lr_0 = 1.1034e-04
Loss = 8.7618e-02, PNorm = 52.6167, GNorm = 1.3490, lr_0 = 1.1013e-04
Loss = 9.6553e-02, PNorm = 52.6192, GNorm = 1.3183, lr_0 = 1.0993e-04
Loss = 7.1853e-02, PNorm = 52.6216, GNorm = 0.7678, lr_0 = 1.0972e-04
Loss = 9.4252e-02, PNorm = 52.6233, GNorm = 1.0828, lr_0 = 1.0952e-04
Loss = 1.0351e-01, PNorm = 52.6247, GNorm = 0.9061, lr_0 = 1.0931e-04
Loss = 7.8169e-02, PNorm = 52.6260, GNorm = 0.8055, lr_0 = 1.0911e-04
Validation mae = 1.345632
Epoch 48
Loss = 8.3515e-02, PNorm = 52.6277, GNorm = 1.2156, lr_0 = 1.0888e-04
Loss = 7.3631e-02, PNorm = 52.6295, GNorm = 1.3508, lr_0 = 1.0868e-04
Loss = 8.2598e-02, PNorm = 52.6317, GNorm = 0.9976, lr_0 = 1.0848e-04
Loss = 9.2462e-02, PNorm = 52.6345, GNorm = 2.0215, lr_0 = 1.0828e-04
Loss = 9.4837e-02, PNorm = 52.6371, GNorm = 1.2310, lr_0 = 1.0807e-04
Loss = 9.0866e-02, PNorm = 52.6399, GNorm = 1.1370, lr_0 = 1.0787e-04
Loss = 8.6476e-02, PNorm = 52.6425, GNorm = 1.1128, lr_0 = 1.0767e-04
Loss = 8.4482e-02, PNorm = 52.6450, GNorm = 1.6836, lr_0 = 1.0747e-04
Loss = 1.0092e-01, PNorm = 52.6475, GNorm = 1.1006, lr_0 = 1.0727e-04
Loss = 7.2086e-02, PNorm = 52.6497, GNorm = 1.0972, lr_0 = 1.0707e-04
Loss = 8.1550e-02, PNorm = 52.6509, GNorm = 1.1047, lr_0 = 1.0687e-04
Loss = 9.7731e-02, PNorm = 52.6526, GNorm = 1.7746, lr_0 = 1.0667e-04
Loss = 8.0258e-02, PNorm = 52.6546, GNorm = 0.7716, lr_0 = 1.0647e-04
Loss = 9.0000e-02, PNorm = 52.6556, GNorm = 1.5119, lr_0 = 1.0627e-04
Loss = 8.3372e-02, PNorm = 52.6576, GNorm = 1.1324, lr_0 = 1.0608e-04
Loss = 1.0359e-01, PNorm = 52.6601, GNorm = 1.1241, lr_0 = 1.0588e-04
Loss = 1.0729e-01, PNorm = 52.6622, GNorm = 2.1197, lr_0 = 1.0568e-04
Loss = 9.9623e-02, PNorm = 52.6652, GNorm = 0.7124, lr_0 = 1.0548e-04
Loss = 9.1629e-02, PNorm = 52.6680, GNorm = 1.1473, lr_0 = 1.0529e-04
Loss = 9.5349e-02, PNorm = 52.6698, GNorm = 1.1552, lr_0 = 1.0509e-04
Loss = 7.7433e-02, PNorm = 52.6715, GNorm = 0.6824, lr_0 = 1.0489e-04
Loss = 9.5811e-02, PNorm = 52.6730, GNorm = 1.4626, lr_0 = 1.0470e-04
Loss = 8.2942e-02, PNorm = 52.6745, GNorm = 1.2651, lr_0 = 1.0450e-04
Loss = 1.0326e-01, PNorm = 52.6769, GNorm = 1.4271, lr_0 = 1.0431e-04
Loss = 1.0099e-01, PNorm = 52.6780, GNorm = 1.2325, lr_0 = 1.0411e-04
Validation mae = 1.345486
Epoch 49
Loss = 8.8194e-02, PNorm = 52.6791, GNorm = 1.2219, lr_0 = 1.0390e-04
Loss = 8.0552e-02, PNorm = 52.6804, GNorm = 0.9027, lr_0 = 1.0371e-04
Loss = 7.5250e-02, PNorm = 52.6814, GNorm = 1.5668, lr_0 = 1.0351e-04
Loss = 9.0690e-02, PNorm = 52.6824, GNorm = 1.3469, lr_0 = 1.0332e-04
Loss = 6.9403e-02, PNorm = 52.6842, GNorm = 0.9802, lr_0 = 1.0313e-04
Loss = 7.6173e-02, PNorm = 52.6866, GNorm = 1.4152, lr_0 = 1.0294e-04
Loss = 8.1550e-02, PNorm = 52.6888, GNorm = 1.0352, lr_0 = 1.0274e-04
Loss = 7.3369e-02, PNorm = 52.6905, GNorm = 1.2115, lr_0 = 1.0255e-04
Loss = 9.3308e-02, PNorm = 52.6938, GNorm = 0.8412, lr_0 = 1.0236e-04
Loss = 9.2675e-02, PNorm = 52.6962, GNorm = 1.2436, lr_0 = 1.0217e-04
Loss = 8.9599e-02, PNorm = 52.6988, GNorm = 1.2251, lr_0 = 1.0198e-04
Loss = 8.4234e-02, PNorm = 52.7010, GNorm = 0.9497, lr_0 = 1.0179e-04
Loss = 1.2501e-01, PNorm = 52.7032, GNorm = 1.7486, lr_0 = 1.0160e-04
Loss = 9.8418e-02, PNorm = 52.7046, GNorm = 1.2404, lr_0 = 1.0141e-04
Loss = 9.7809e-02, PNorm = 52.7067, GNorm = 1.1443, lr_0 = 1.0122e-04
Loss = 9.6851e-02, PNorm = 52.7099, GNorm = 1.0960, lr_0 = 1.0103e-04
Loss = 9.2703e-02, PNorm = 52.7120, GNorm = 1.0566, lr_0 = 1.0084e-04
Loss = 7.8691e-02, PNorm = 52.7135, GNorm = 1.2147, lr_0 = 1.0066e-04
Loss = 8.0279e-02, PNorm = 52.7145, GNorm = 1.2488, lr_0 = 1.0047e-04
Loss = 8.3423e-02, PNorm = 52.7155, GNorm = 1.4300, lr_0 = 1.0028e-04
Loss = 9.5878e-02, PNorm = 52.7168, GNorm = 1.4839, lr_0 = 1.0009e-04
Loss = 8.0808e-02, PNorm = 52.7190, GNorm = 1.4472, lr_0 = 1.0000e-04
Loss = 8.8135e-02, PNorm = 52.7210, GNorm = 1.0473, lr_0 = 1.0000e-04
Loss = 7.5093e-02, PNorm = 52.7234, GNorm = 1.1380, lr_0 = 1.0000e-04
Loss = 8.1554e-02, PNorm = 52.7259, GNorm = 1.4223, lr_0 = 1.0000e-04
Loss = 8.6396e-02, PNorm = 52.7279, GNorm = 1.0181, lr_0 = 1.0000e-04
Validation mae = 1.368814
Model 0 best validation mae = 1.335985 on epoch 46
Loading pretrained parameter "encoder.encoder.0.cached_zero_vector".
Loading pretrained parameter "encoder.encoder.0.W_i.weight".
Loading pretrained parameter "encoder.encoder.0.W_h.weight".
Loading pretrained parameter "encoder.encoder.0.W_o.weight".
Loading pretrained parameter "encoder.encoder.0.W_o.bias".
Loading pretrained parameter "readout.1.weight".
Loading pretrained parameter "readout.1.bias".
Loading pretrained parameter "readout.4.weight".
Loading pretrained parameter "readout.4.bias".
Moving model to cuda
Model 0 test mae = 1.336219
Ensemble test mae = 1.336219
1-fold cross validation
	Seed 0 ==> test mae = 1.336219
Overall test mae = 1.336219 +/- 0.000000
Elapsed time = 0:15:08
