smiles,neg_log2_mic
CSc1c(F)cc2c(=O)c(C(=O)O)c3scc4n3c2c1OC4,2.321928094887362
COC1CCCC2C1=C(C(=O)O)N1C(=O)C(C(C)O)C21,1.0
O=C(O)c1cn(C2CC2)c2cc(N3CCNCC(F)C3)c(F)cc2c1=O,5.058893689053568
Oc1cc(Br)c(Br)cc1Oc1ccc(Br)cc1Br,-3.643856189774725
COc1nc2ccc(Br)cc2cc1C(c1ccccc1)C(O)(CCN(C)C)c1cccc2ccccc12,-5.0
CCON=C1CCN(c2nc3c(cc2F)c(=O)c(C(=O)O)cn3C2CC2)CC1(C)CN,-0.0
Cc1c(N2CC3CCC4CC4(N)C3C2)c(F)c(N)c2c(=O)c(C(=O)O)cn(C3CC3F)c12,8.380821783940931
CNc1cc(F)cc2c1[nH]c1nc(CNC(=O)c3ocnc3C)nc(N3CCC(NC)C3)c12,-2.0
NCC1CN(c2c(F)cc3c(=O)c(C(=O)O)cn(-c4cc(F)cc(F)c4)c3c2F)CCO1,1.3584539709124763
CCOC(=O)c1ccc(NC2CN(c3c(F)cc4c(=O)c(C(=O)O)cn(C5CC5)c4c3F)C2)cc1,2.0
CC(O)C1C(=O)N2C(C(=O)O)=C(CN)SC12,-2.3645724322958563
CNC1CN(c2cc3c(cc2F)c(=O)c(C(=O)O)cn3C2CC2)C1C,4.058893689053568
O=C(NCCN=Cc1cc(Cl)cc(Cl)c1O)c1ccccc1O,-0.6415460290875237
NC(C(=O)N1CCC2C1C(=O)N2S(=O)(=O)[O-])c1ccc(O)cc1,-3.0
Cc1c(NCc2nnc(-c3ccncc3)o2)c(=O)n(-c2ccccc2)n1C,-4.0
O=C(Nc1cncc(Cl)n1)c1ccc2c(c1)OCCCO2,-4.643856189774724
COc1ccc2ncc(F)c(CCC34CCC(NCc5ccc6c(n5)NC(=O)C(C)(C)O6)(CC3)CO4)c2n1,-1.0
CS(=O)(=O)OC1CN(c2c(F)cc3c(=O)c(C(=O)O)cn(C4CC4)c3c2F)C1,2.0
Cc1ccc(OCc2ccccc2-c2nnc(-c3cccc(Br)c3)o2)cc1,-4.643856189774724
CC(=O)OCC1=C(C(=O)O)N2C(=O)C(NC(=O)C(N)c3ccc4c(c3)CCO4)C2SC1,-4.643856189774724
CCCCc1nc(Cl)c(C2NC(=O)NC(C)=C2C(=O)OCC)n1S(=O)(=O)c1ccc(C(F)(F)F)cc1,-5.0
CCCCCCCCOC1C(N)CC(N)C(OC2OC(CN)C(O)C(OCCCCCCCC)C2N)C1O,-1.0
CCn1cc(C(=O)O)c(=O)c2cc(Br)c(N3CCN(C)CC3)cc21,1.3584539709124763
Cn1ccnc1SCC(O)CN1C(=O)C(=NNc2ccc(Cl)cc2)c2ccccc21,-5.0
Cc1ncc([N+](=O)[O-])n1CC(C)OC(=O)C=Cc1ccc(N(C)C)cc1,-2.643856189774725
Cc1cc(Cl)c(N2C(=O)c3nccnc3C2=O)c(Cl)c1,-2.786596361890807
O=C(c1cccc(Cl)c1)c1c(O)n(-c2ccc(Cl)cc2)n(-c2ccc(Cl)cc2)c1=O,-5.0
Cc1nc2c(=O)n(C3CC3)c3c(Cl)c(N4CCC(CN)C4)c(F)cc3c2o1,1.0
O=C(O)c1c(=O)c2cc(F)c(N3CCNCC3)cc2n2c1sc1ccccc12,2.321928094887362
CCOC(=O)C1CCC(c2ccc(C)c(C)c2)=NO1,-4.321928094887363
CCOC(=O)c1cn([CH-]c2ccccc2Cl)c2cc(C(C#N)C(=O)OCC)c(F)cc2c1=O,2.0
CCC(=S)NCC1CN(c2ccc(-c3nnc4ncccn34)cc2)C(=O)O1,-4.0
O=C1c2cccc3c(NN=Cc4ccc(OC(F)(F)F)cc4)ccc(c23)C(=O)N1C(CO)CO,-5.0
COC(=O)C1(C)CCCC2(C)c3ccc(C(C)C)c(NC(=O)Cn4cc(-c5cccnc5)nn4)c3CCC12,-1.632268215499513
C=CCn1c(-c2cccs2)n[nH]c1=S,-3.584962500721156
CC(C)=CCc1cc(O)c(O)c(CC=C(C)C)c1C1Oc2c(CC=C(C)C)c(O)cc(O)c2C(=O)C1O,-2.643856189774725
Cn1cc(CN2CCN(Cc3ccc(Cl)cc3Cl)CC2)c2cc(F)ccc21,-5.0
O=C1NC(=O)C(c2ccc(O)c([N+](=O)[O-])c2)=C1c1ccccc1,-4.643856189774724
O=C(NNC(=O)c1cc([N+](=O)[O-])c[nH]1)NC1CCCC1,-1.6438561897747246
Ic1ccc(-c2csc(NN=Cc3cccc4ccccc34)n2)cc1,-4.0
COc1ncccc1CNc1cccc(-n2c(C=Cc3ccc(C#N)cc3)nc3ccccc3c2=O)c1,-4.0
CCNc1cc(F)cc2c1[nH]c1ncc(-c3cncc(CN)c3)c(-n3ccc(C(F)(F)F)n3)c12,2.0
CCc1cc(Cc2cnc(N)nc2N)cc2c1N(C)CCC2C,-1.584962500721156
COc1cc2c(c(OC)c1C(C)=O)C(O)C(O)C(C)(C)O2,-2.035623909730721
COc1cc(CON=C2CN(c3nc4c(cc3F)c(=O)c(C(=O)O)cn4C3CC3)CC2CN)c([N+](=O)[O-])cc1OC,2.0
CC(NCCCCN)C1CCC2C3CCC4=CC(NCCCCN)CCC4(C)C3CCC12C,-3.321928094887362
CN(C)C(=O)N1CCCN(c2ccn3cc(-c4ccc(F)cc4)nc3n2)CC1,0.2175914350726268
O=C(Nc1ccc(C2NCCc3c2[nH]c2ccccc32)cc1)c1cccc([N+](=O)[O-])c1,-4.0
Cc1cc(=O)oc2cc(OCc3ccc(Cn4cncn4)cc3)ccc12,-4.0
O=C(Nc1ccc(Br)cc1C(=O)O)c1cccc(Oc2ccccc2)c1,-1.584962500721156
CN(c1ccccc1)S(=O)(=O)c1ccc2nc(N)nc(N)c2c1,-4.643856189774724
O=S1(=O)c2ccc(cc2)Cn2cc[n+](c2)Cc2ccccc2C[n+]2ccn(c2)Cc2ccc1cc2,-4.906890595608519
CC=CC=CC(=O)N1CCN(c2cc3c(cc2F)c(=O)c(C(=O)O)cn3C2CC2)CC1,1.0
Cc1cccc2cc(C=C3NC(=S)NC3=O)c(=O)[nH]c12,2.0588936890535687
CC1CC(C)C(=O)C(C(O)CC2CC(=O)NC(=O)C2)C1,-3.643856189774725
C=CCN1CCN(c2cc3c(cc2F)c(=O)c(C(=O)O)c2n3C(C)S2)CC1,4.321928094887363
CCCCCCCCCCCC(=O)NC(CCCCN)CN1CC(=O)N(c2cccc(Cl)c2)C1=O,-0.0
O=c1oc2c(Br)cc(Br)cc2cc1-c1nc2ccccc2c2nc3ccccc3n12,-3.9068905956085187
OC1CN=C(c2ccc3cc(-c4ccc(-c5cc6ccc(C7=NCC(O)CN7)cc6o5)cn4)[nH]c3c2)NC1,0.6665762662748083
CC(O)C1C(=O)N2C(C(=O)O)=C(SC3CNC(Cc4ccc(CN)cc4)C3)C(C)C12,5.321928094887363
OCc1ccc(Oc2cccc(F)n2)c(O)c1,-5.0
S=c1[nH]nc(-c2cccc(-c3ccccc3)c2)n1N=Cc1ccc(OCc2ccccc2)cc1,-3.0
CN1CCC2CN(c3cc4c(cc3F)c(=O)c(C(=O)O)cn4-c3ccc(O)cc3)CC21,4.321928094887363
CC(C)N1CCN(c2cc3c(cc2F)c(=O)c(C(=O)O)cn3C2CC2)CC1,3.321928094887362
Cc1ccc(-c2nnc(S)n2N=Cc2c[nH]nc2-c2ccc(Cl)cc2Cl)cn1,-1.6438561897747246
COc1c(N2CCN(CCC(C)=NO)C(C)C2)c(F)cc2c(=O)c(C(=O)O)cn(C3CC3)c12,-4.0
CCCCCn1cc(C=C(C#N)S(=O)(=O)c2ccc(N)cc2)c2ccccc21,-3.0
CCC(CN)=C1CN(c2nc(Sc3ccc(Br)cn3)nc3[nH]c4c(NC)cc(F)cc4c23)C1,-0.0
Nc1nc2ccc(Oc3ccc4nc(N)sc4c3)cc2s1,-5.0
COc1ccc2ncc(F)c(CC(=NO)C34CCC(NCc5ccc6c(n5)NC(=O)CO6)(CC3)CO4)c2n1,-1.0
O=c1oc2ccccc2c(O)c1C(c1c(O)c2ccccc2oc1=O)c1coc2ccccc2c1=O,-4.643856189774724
Nc1ccc(C#CC#Cc2ccc(C(=O)NC(C(=O)NO)C(O)c3ccc(O)cc3)cc2)cc1,8.380821783940931
NCCCOc1cccc(-n2cc(-c3cccc(-c4cn(-c5cccc(OCCCN)c5)nn4)c3)nn2)c1,-4.643856189774724
O=C(NC(=S)Nc1nc2cc([N+](=O)[O-])ccc2s1)c1cccs1,-3.9068905956085187
COc1cc(OC)nc(-c2nc(N3CCC(NC(=O)c4[nH]c(C)c(Cl)c4Cl)C(OC)C3)sc2C(=O)O)n1,-0.0
NC(N)=Nc1nc(-c2csc3ccccc23)cs1,-5.0
CC(C)C(=O)C1=C2OC(C(C)(C)O)CC2(C)C(=O)C2(CC3C(CCC3(C)O)C(C)(O)C2)C1=O,-5.0
O=C(CSc1nc[nH]n1)NC1C(=O)N2C(C(=O)O)=C(Cl)CSC12,-4.0
COc1ccc2nc(CNC34CCC(CC5(O)Cn6c(=O)ccc7ncc(F)c5c76)(CC3)OC4)c(F)cc2n1,-4.0
CCN1C(NNC(=O)c2ccc(-c3ccccc3[N+](=O)[O-])o2)=NS(=O)(=O)c2ccccc21,-4.22881869049588
CN(C)CC1CCN(c2c(F)cc3c(=O)c(C(=O)O)cn(C4CC4)c3c2Cl)C1,5.321928094887363
OC1(c2ccc(-c3ccccc3)cc2)C[N+](c2ccc(Cl)cc2)=C2CCCCCN21,-5.0
O=C1OC(CO)CN1c1ccc(-c2cc(O)c(F)cc2F)cc1,-5.0
CC(C)NC(=N)c1ccc2cc(-c3ccc(Oc4ccc(-c5cc6ccc(C(=N)NC(C)C)cc6[nH]5)nc4)cc3)[nH]c2c1,-1.0
Clc1ccc(-n2cc(CN(Cc3cn(-c4ccc(Cl)cc4)nn3)c3nc4ccccc4s3)nn2)cc1,-3.643856189774725
Cc1c(N2CCC(C(C)N)C2)c(F)cc2cc(C(=O)O)c(=O)n(C3CC3)c12,-2.0
CCS(=O)(=O)CCSc1nnc(-c2ccc([N+](=O)[O-])o2)s1,-5.0
CCOC(=O)C1=C(C)N=c2sc(=Cc3ccc(Cl)cc3)c(=O)n2C1c1ccc(SC)cc1,-4.643856189774724
CC(=O)N1N=C(c2ccc(Cl)c(Cl)c2)CC1c1ccccc1Cl,-3.643856189774725
N#Cc1cnc2ccc(=O)n(CCNC3CCC4C(C3)OC(=O)N4c3ccc4c(n3)NC(=O)CO4)c2c1,7.965784284662087
Cn1cc([N+](=O)[O-])cc1-c1nnc(-c2cc(-c3ccccc3)nc3ccc(Cl)cc23)o1,1.3584539709124763
O=C(O)c1cn(C2CC2)c2cc(C3CCNCC3)c(F)cc2c1=O,2.321928094887362
CC(O)C1C(=O)N2C(C(=O)O)=C(SC3CNC(Cc4c[n+](CCO)cn4C)C3)C(C)C12,3.321928094887362
O=c1cc(OCc2cn(Cc3cccc([N+](=O)[O-])c3)nn2)c2ccccc2o1,-1.0
S=c1n(CN2CCOCC2)nc(-c2cccs2)n1-c1ccccc1,-2.643856189774725
CCCn1c(-c2ccc(Cl)cc2Cl)nc2cc(C(=O)NN=Cc3ccccc3[N+](=O)[O-])ccc21,-3.643856189774725
O=c1c2ccccc2n2c3nc4ccccc4c-3nnc2n1-c1ccc(Cl)cc1,-1.6415460290875237
Cn1c(CN2CCCC2)cc2cc3c(cc21)CCCc1c-3[nH]c(=O)c(C(=O)O)c1O,3.0588936890535687
CC(=CSc1ccccc1)CC1OCC(CC2OC2C(C)C(C)O)C(O)C1O,-0.6415460290875237
CC(O)C1C(=O)N2C(C(=O)[O-])=C(C[n+]3ccc(-c4cnco4)cc3)C(C)C12,2.321928094887362
CCCCCC=CCCC(O)CCCCCCCc1nnc(Nc2ccccc2)s1,-2.643856189774725
O=C1COc2ccc(CNC34CCC(CCc5c(F)cnc6ccc(OCC(O)CO)nc56)(CC3)OC4)nc2N1,-4.0
Nn1c(Sc2ccc(S(=O)(=O)Cl)cc2)nnc1-c1ccccc1,-3.9068905956085187
CCCCCn1c(CN2CCN(c3cc4c(cc3F)c(=O)c(C(=O)O)cn4CC)CC2)nc2ccccc21,-3.0
COC1CN(c2nc(C(=O)N(C)C)c(C(=O)O)s2)CCC1NC(=O)c1[nH]c(C)c(Cl)c1Cl,-1.0
CCC(CN)=C1CN(c2nc(Oc3cnc(C(C)(C)O)nc3)nc3[nH]c4c(NC)cc(F)cc4c23)C1,1.0
N#Cc1cnc(NC(=O)Nc2ccc(F)c(F)c2)s1,-2.0
CN1CCN(c2cc3c(cc2F)c(=O)c(C(=O)O)cn3-c2ccccc2)CC1,0.3584539709124763
O=C1NC(=S)SC1=Cc1ccc(C=Nn2c(-c3ccccc3Br)n[nH]c2=S)cc1,-4.0
CCCC(NC)C(=O)NC(CCC)C(=O)NC(CCC)C(=O)NC(C)P(=O)(O)O,1.0
Cc1ccc(-n2nc(C)c(C=NNC(=O)Cn3c([N+](=O)[O-])cnc3C)c2Oc2ccc(F)cc2)cc1,-1.6415460290875237
Sc1nnc(-c2cc(Br)c(Br)[nH]2)o1,-3.643856189774725
Cc1[nH]c(C(=O)Nc2nc3c(OC4Cc5ccccc54)cc(C(=O)O)cc3s2)c(Cl)c1Cl,3.0
CC(CC(=O)NO)S(=O)(=O)c1ccccc1,-5.0
CC(O)C1C(=O)N2C(C(=O)O)=C(SC3CNC(CN4CCN(Cc5ccccc5)S4(=O)=O)C3)C(C)C12,2.358453970912476
Cc1cc(C(=O)C=Cc2c(C)cn(-c3ccccc3)c2C)c(C)s1,-4.0
Cc1nccc2c1[nH]c1ccccc12,-3.0
O=C1SC(=Cc2sc(Cl)nc2Cl)C(=O)N1Cc1ccc(F)cc1,-4.643856189774724
CCOC(=O)Cc1ccccc1OC(=O)c1cccc([N+](=O)[O-])c1,-1.6438561897747246
COC(=O)C1=C(C)OC(C)(C=CCCC(C)O)C1=O,-2.4329594072761065
CCOC(=O)C1=C(C(=O)OCC)N(c2ccc(Cl)cc2)CN(c2ccc(Cl)cc2)C1,-3.9068905956085187
CNC1CN(c2cc3c(cc2F)c(=O)c(C(=O)O)cn3C2CC2)CC1NC,3.0
O=C1c2cccc3c(NN=Cc4cccs4)ccc(c23)C(=O)N1C(CO)CO,-5.0
Oc1ccc2sc(CNc3nncc(-c4c(O)ccc5ccccc45)n3)nc2c1,3.9885043611621707
O=c1c2ccccc2c2ncccc2n1CCN1CCC(NCc2cc3c(cn2)OCCC3)CC1,-4.0
O=C1CSC(N2N=C(c3ccc(F)cc3)CC2c2ccco2)=N1,-1.6461626571578936
O=C(Cc1ccccc1)N1CCCN(c2ccn3cc(-c4ccc(F)cc4)nc3n2)CC1,-3.070389327891398
CC(C)c1ccc2c(c1)CCC1C(C)(C(=O)NN=Cc3ccc([N+](=O)[O-])o3)CCCC21C,-1.9634741239748859
Cc1ccc(CC(=O)Nc2ccc3oc(Cc4ccccc4)nc3c2)cc1,-4.643856189774724
CON=C1CN(c2cc3c(cc2F)c(=O)c(C(=O)O)cn3C2CC2F)C1CN,6.965784284662087
Cc1ccccc1Nc1ccccc1-c1ccccc1[N+](=O)[O-],-5.0
Cc1c(C)c2c(c(C)c1O)CCC(C)(C(=O)NN=C1C(=O)Nc3cc(Cl)ccc31)O2,-3.643856189774725
CCn1cc(C(=O)O)c(=O)c2c(F)c(F)c(N3CCC4(CCN(C)C4)C3)c(F)c21,0.3219280948873623
CC(C)CNc1nccc(NCCCNC2CCCc3c2[nH]c2ccc(F)cc32)n1,-3.643856189774725
CCc1c(-c2ccc3c(c2)cc(CNC(C)(C)C)n3C)[nH]c(=O)c(C(=O)O)c1O,2.9434164716336326
O=C(c1cn(-c2ccc(Cl)cc2)nn1)c1c(-c2ccc(Cl)cc2)nc2sccn12,-1.9634741239748859
CC1C(N)CN1c1c(F)cc2c(=O)c(C(=O)O)cn3c2c1OCC3C,6.058893689053568
O=C(O)c1cn(C2CC2)c2cc(N3CCN(CC(O)Cn4cc([N+](=O)[O-])nc4Cl)CC3)c(F)cc2c1=O,-1.0
CC(=O)c1cc2ccccc2n(N=Cc2ccc(C)cc2)c1=O,-0.6780719051126377
COc1ccc(Cn2c(=O)c(F)cn(Cc3nc4ccccc4n3Cc3ccc(OC)cc3)c2=O)cc1,-4.0
O=C(O)c1cccc(-n2c(C=Cc3ccc(F)cc3)nc3ccncc3c2=O)c1,-4.0
Nc1c(F)c(N2CCNCC2)c(F)c2c1c(=O)c(C(=O)O)cn2C1CC1,8.380821783940931
CCOC(=O)c1sc(N=C2NC(=O)C(=C3C(=O)Nc4ccc(Br)cc43)S2)nc1C,-0.963474123974886
COc1nc2c(CCC34CCC(NCc5ccc6c(n5)NC(=O)CO6)(CC3)CO4)c(F)cnc2cc1C(F)(F)F,-3.0
CC(=O)NCC1CN(c2ccc(-c3ccc(C#N)c(O)c3)c(F)c2)C(=O)O1,-5.0
Cc1cc(C)cc(Cn2cc(COc3ccccc3-c3nn(-c4ccccc4)cc3C=O)nn2)c1,-2.4594316186372973
Fc1ccccc1CN(CCBr)CCn1cncn1,-5.0
C=CC1(C)CC(OC(=O)COC(=O)C=Cc2ccsc2)C2(C)C(C)CCC3(CCC(=O)C32)C(C)C1O,-5.0
CCCCCCCNC(=O)Nc1ccc(F)c(F)c1F,-2.643856189774725
COc1ccc(C2=NN(C(C)=O)C(c3cc(OC)cc(OC)c3)C2)cc1,-3.643856189774725
COc1cc(C2SCC(=O)N2CCN2CCNCC2)ccc1O,-3.228049047884462
NC1=NC(c2cn(-c3ccccc3)nc2-c2ccc(Cl)cc2)N=C(N2CCOCC2)N1,-4.0
C[n+]1c2ccccc2c(Nc2ccccc2)c2[nH]c3ccccc3c21,-3.584962500721156
O=CN(O)CC(CC1CCCC1)C(=O)N1CC=CC1C(=O)Nc1ccc(F)cn1,-4.0
CCCCCCCCOC(=O)C(Cc1c[nH]c2ccccc12)NC(=O)C(N)CCCNC(=N)N,-4.954196310386875
O=C(O)C1=C(c2ccccc2)CC2CC(=O)N12,3.321928094887362
O=c1cc(COc2cccc(OCc3cc(=O)oc4ccc(Cl)cc34)c2)c2cc(Cl)ccc2o1,-3.643856189774725
CNC(=O)c1sc(N2CCC(NC(=O)c3[nH]c(C)c(Cl)c3Cl)C(OC)C2)nc1C(=O)O,-1.0
CCCCCCCCCC(=O)N1CCN(c2ccc(N3CC(Cn4ccnn4)OC3=O)cc2F)CC1,-3.0
CCCCc1ccsc1-c1ccc(O)c(O)c1,-2.321928094887362
CC(ON=C(C(=O)NC1C(=O)N2C1[S+]([O-])CC1CC(=O)OC12C(=O)O)c1csc(N)n1)C(=O)O,3.0
CC(=O)N1CCN(c2cc3c(cc2F)c(=O)c(C(=O)O)cn3C2CC2)CC1,1.0
COc1ccc2nc(N3CCNCC3)c(F)c(CCC34CCC(NCc5ccc6c(n5)NC(=O)CO6)(CC3)CO4)c2n1,-3.0
COc1ccc2ccc(=O)n(CCN3CCC(NCc4cc5c(cn4)OCCO5)CC3)c2c1,-0.5849625007211562
O=C(Nc1ccc(Cl)c(Cl)c1)Nc1ccc2[nH]ccc2c1,1.0
O=C1C(Cl)C2(C(=O)Nc3ccccc32)N1c1ccc([N+](=O)[O-])cc1,-4.643856189774724
COc1ccccc1-c1cc2c(cc1F)c(=O)c1c(=O)[nH]sc1n2C1CC1,-1.0
Cc1c(N2CCN(c3nc4ccccc4[nH]3)CC2)c(F)cc2c(=O)c(C(=O)O)cn(C3CC3)c12,3.0
Cc1c(C)c2c(c(C)c1O)CCC(C)(C(=O)NN=C1C(=O)N(C)c3ccc(Cl)cc31)O2,-3.643856189774725
O=C(NNS(=O)(=O)c1ccc(F)cc1)N1N=C(c2ccccc2)CC1c1ccccc1,-4.643856189774724
O=C(NCCN=Cc1cc(Br)cc(Br)c1O)c1ccccc1O,-2.643856189774725
N#CC1=C(N)Oc2c(ccc3ccccc23)C1c1ccccc1[N+](=O)[O-],-5.0
Clc1cccc(CN(CCn2ccnc2)CCn2ccnc2)c1,-5.0
CCNC(=O)Nc1ccc(-c2nc3cccc(C(=O)O)c3s2)cn1,-3.0
O=C(O)COc1ccc2ncc(F)c(CCC34CCC(NCc5ccc6c(n5)NC(=O)CO6)(CC3)CO4)c2n1,-4.0
NCC1CN(c2c(F)cc3c(=O)c(C(=O)O)cn(C4CC4F)c3c2Cl)CC1=NOCc1ccccc1,1.0
COc1ccc2ncc(F)c(CCN3CCC(C(O)C(O)c4ccc(C)cc4)CC3)c2n1,-4.0
Cc1nc(-c2ccc3ccccc3c2)sc1-c1ccnc(NC2CCCCC2N)n1,-3.0
Cc1n(C)c(Br)c(Br)[n+]1CC(=O)c1ccccc1,-3.643856189774725
CCC1CCN(c2ccc3c(=O)c(C(=O)O)cn(C4CC4)c3c2OC)CC1N,7.380821783940931
COc1ccc(-c2nnc(NC(=O)CC3SC(=O)NC3=O)s2)cc1OC,-4.0
CN(C)CCCCNc1nc2cc([N+](=O)[O-])ccc2nc1NCc1ccc(C(F)(F)F)cc1,-1.207892851641333
CC(O)C1C(=O)N2C(C(=O)[O-])=C3C(OCCC#N)CCCC3C12,-0.0
CC(C)NCC1CCN(c2cc3c(cc2F)c(=O)c(C(=O)O)cn3C2CC2)C1,4.321928094887363
CC(O)C1C(=O)N2C(C(=O)O)=C(SC3CNC(CNc4ccc(CN)cc4)C3)C(C)C12,5.321928094887363
O=C(C(=Cc1ccccc1Cl)n1cnc2cc(Cl)ccc2c1=O)c1nccs1,-1.0
CC1(C)C=Cc2c(cc(O)c3c(=O)c4c(oc23)-c2ccc(O)cc2OC(C(C)(C)O)C4)O1,-2.0
Cc1c(C(=O)OCC#CCN2CCN(c3cc(C4CC4)ccc3C#N)CC2)sc2ncnc(N3CCOCC3)c12,2.4266254735540556
O=c1oc2ccccc2cc1-c1coc2c1ccc1ccccc12,-2.643856189774725
CCOC(=O)C1CCN(Cn2nc(Cc3ccc(SC)cc3)oc2=S)CC1,-3.643856189774725
CCCCCCCCCc1cccc(O)c1C=O,-5.0
NS(=O)(=O)c1ccc(NC(=S)NC(=O)c2cccc([N+](=O)[O-])c2)cc1,1.6757654377294686
CCCCC(CN(O)C=O)C(=O)N1CCCC1c1nnc(C2CCCC2)s1,-4.0
Cn1nnnc1SCC1=C(C(=O)O)N2C(=O)C(NC(=O)Cn3cccc3)C2SC1,0.3219280948873623
CC1COc2c(N3CC(C)(N(C)C)C3)c(F)cc3c(=O)c(C(=O)O)cn1c23,3.0588936890535687
CCn1cc(C(=O)O)c(=O)c2cc(F)c(N3CCN(Cc4ccc([N+](=O)[O-])o4)CC3)nc21,-2.643856189774725
CN(C)Cc1cc2cc3c(cc2n1C)SCCc1c-3[nH]c(=O)c(C(=O)O)c1O,-1.0
Fc1ccc(NC2=Nn3c(nnc3-c3cc(F)c(Cl)cc3Cl)SC2)cc1Cl,-2.643856189774725
CCc1c(-c2ccc(N(C)C)cc2OC)[nH]c(=O)c(C(=O)O)c1O,-2.655351828612554
CCn1cc(C(=O)O)c(=O)c2cc(F)c(N3CCC4(CCNC4)C3)nc21,0.3219280948873623
CNCC1CCN(c2c(F)cc3c4oc(C)nc4c(=O)n(C4CC4)c3c2Cl)C1,-0.0
CC(CCC(=O)NN=Cc1ccc(Cl)cc1)C1CCC2C3C(O)CC4CC(O)CCC4(C)C3CC(O)C12C,-1.9671686075326276
O=C1COc2ccc(CNC34CCC(CCc5c(Cl)cnc6ccc(=O)n(CCO)c56)(CC3)OC4)nc2N1,-1.0
CNn1cc(C(=O)O)c(=O)c2cc(F)c(N3CCN4CCC3CC4)cc21,1.3584539709124763
Cn1nnnc1SCC1=C(C(=O)O)N2C(=O)C(NC(=O)C(=NN)c3csc(N)n3)C2SC1,0.7369655941662062
CCOC(=O)c1cn(Cc2ccc(Cl)c(Cl)c2)c2cc(F)c(F)cc2c1=O,-1.0
N#CC(C(=O)N1NC(=O)C2C3c4ccccc4C(c4ccccc43)C2C1=O)=C1SC=C(c2ccccc2)N1c1ccccc1,-2.584962500721156
CCCCCCn1cc(C(=O)OCC)c(=O)c2cc(F)c([C-](C#N)C(=O)OCC)cc21,1.0
CC(N)C1CCN(c2c(F)cc3c(=O)c(C(=O)O)cn(C4CC4)c3c2F)C1,6.265344566520995
Nc1nc(-c2ccc(NC(=O)c3ccccc3)cc2)c(N=Nc2cccc([N+](=O)[O-])c2)s1,4.0
COc1cnc2ccc(F)c(C(O)C(O)C3CCC(NCc4ccc5c(n4)NC(=O)CS5)CO3)c2n1,7.965784284662087
O=Cc1cn(C2CC2)c2cc(N3CCNCC3)c(F)cc2c1=O,-1.6461626571578936
NC1CCN2c3c(F)cc4c(=O)c(C(=O)O)cn(C5CC5)c4c3CCCCC12,-1.0
COc1ccc(N=C(C)C2=C(O)C(N)C3Cc4c(c(O)c5c(O)c(C)ccc5c4C)C(=O)C3(O)C2=O)cc1,-4.643856189774724
COc1ccc2cc1Oc1ccc(cc1)CCC(NCCc1ccc(F)cc1)CCCC2,-2.643856189774725
O=c1cc(Cl)sn1-c1ccc(C(F)(F)F)cc1,-4.643856189774724
COC(=O)C1(C)CCCC2(C)c3ccc(C(C)C)c(NC(=O)Cn4cc(-c5cc(Cl)cc(Cl)c5)nn4)c3CCC12,-4.643856189774724
CC(=O)c1c(OCCCNCCN(C)C)c2c(c3c1OC(C)(CCC=C(C)C)C=C3)OC(C)(CCC=C(C)C)C=C2,-1.0
N#Cc1cnn(-c2ccc(Cl)cc2)c1NC(=O)c1cc2cc(Br)ccc2oc1=O,-3.0
O=c1c2ccccc2nc(C=Cc2cccc([N+](=O)[O-])c2)n1-c1cccc(O)c1,-4.0
CC(=NNC(=N)N)c1sc(NN=Cc2cc(O)cc(O)c2)nc1C,-5.0
Cc1ccc2c(c1)cc(C1CC(c3ccccc3)=NN1C(N)=S)c1nnnn12,-1.6438561897747246
Cc1ccc(C(=O)CSc2nnc(N3CCN(c4cc5c(cc4F)c(=O)c(C(=O)O)cn5C4CC4)CC3)s2)cc1,-4.0
Clc1cccc(CON=C2c3cccc(Br)c3CCC2Cn2ccnc2)c1,1.3547594873547346
C=C1CCOC2(C(O)C(C)(O)CO)NC(=O)C1(NO)NC2=O,-5.0
CCON=C1CCN(c2nc3c(cc2F)c(=O)c(C(=O)O)cn3-c2ccc(F)cc2F)CC1(C)CN,-3.0
CCCON=C1CN(c2nc3c(cc2F)c(=O)c(C(=O)O)cn3C2CC2)CC1CN,6.965784284662087
O=C(Cc1ccc(F)cc1)Nc1ccc(-c2nc3ccccc3s2)cc1,5.058893689053568
Nc1c(-c2ccc(Cl)cc2)n[nH]c1C(=O)NN=Cc1ccccc1,-4.906890595608519
CC1Sc2c(C(=O)O)c(=O)c3cc(F)c(N4CCNC(=O)C4)cc3n21,1.3584539709124763
COc1ccc2cc3[n+](cc2c1OCCN(CCn1cncn1)Cc1ccccc1F)CCc1cc2c(cc1-3)OCO2,-2.0
COc1ccc(Cn2c(Cl)nc3c(-c4ccco4)ncnc32)cc1,-5.0
Cc1nc(=O)c2cc(CN(C)c3ccc(C(=O)NC(CCC(=O)O)C(=O)O)s3)ccc2[nH]1,-4.643856189774724
CCC(C)C(=O)C1C(=O)OC2(C)C(=O)C=C3C=C(C)OC=C3C12,-3.321928094887362
CC(C)(C)c1cc(-n2cc(C(=O)NCCNC(=N)N)nn2)cc(C(C)(C)C)c1,-4.0
Oc1ccc(CCn2c(-c3cccc(-c4ccccc4)c3)n[nH]c2=S)c(O)c1,-5.0
NC1CCN(c2c(F)cc3c(=O)c(C(=O)O)cn(C4CC4)c3c2[N+](=O)[O-])C1,2.321928094887362
CC(C)C1NC(=O)C2CCCN2C1=O,-4.20945336562895
CCCNC(=O)NN=C(C)C1=C(O)C(N)C2Cc3c(c(O)c4c(O)c(C)ccc4c3C)C(=O)C2(O)C1=O,-4.643856189774724
CNc1cc(F)cc2c1[nH]c1nc(CNC(=O)c3ocnc3C)nc(N3CCC(CN)C3)c12,-3.0
Cc1ccc(NC(=S)Nc2ccccc2-n2c(C)ccc2C)cc1,-2.643856189774725
Cn1nnnc1SCC1=C(C(=O)[O-])N2C(=O)C(NC(=O)C(C(=O)[O-])c3ccc(O)cc3)C2SC1,-0.5849625007211562
CC(=O)Nc1ccc(S(=O)(=O)CC(=NNC(=O)c2cccnc2)c2nccs2)cc1,-5.0
COc1ccc2nccc(-n3cc4c(n3)CCC(NC(=O)c3c(F)cc5c(c3F)NC(=O)CS5)C4)c2c1,-3.0
COc1ccc2c(c1)CN(C1CC(c3ccc(Cl)cc3Cl)=NN1c1nc(-c3ccccc3F)oc1C)CC2,-0.6433944534798923
CC(O)C1C(=O)N2C(C(=O)O)=C(SC(=S)N3CCCCCC3)C(C)C12,-4.643856189774724
CCCNC(=O)Cn1nc(C(F)(F)F)c2c(-c3ccccc3)c3ccccc3nc21,-2.963474123974886
Clc1cc(Cl)c2oc(NN=Cc3c[nH]nc3-c3ccc(-c4ccccc4)cc3)nc2c1,-3.643856189774725
CCCCCNC(=O)C[N+](C)(C)CCCOc1cc(C(C)C)ccc1C,-5.0
Cn1nnnc1SCC1=C(C(=O)O)N2C(=O)C(NC(=O)C(=NO)c3ccc(NS(C)(=O)=O)cc3)C2OC1,0.3584539709124763
COc1ccc(Br)c(C(=O)NN2C(=O)CSC2c2ccc(O)cc2)c1,-2.643856189774725
O=c1oc2ccccc2cc1-c1csc(N2N=C(c3ccc(Cl)cc3)CC2(O)C(F)(F)F)n1,-1.0
CC(=O)NCC1CN(c2ccc(Oc3ccccc3NC(C)=O)c(F)c2)C(=O)O1,-4.0
C#CCCOC(=O)Cn1cnc2c1c(=O)n(C)c(=O)n2C,3.0
Cc1ccc(CCN2COc3c(cc(F)c4cccnc34)C2)cc1,-4.643856189774724
CC(C)Cc1ccc(C(C)c2nn(CN3CCN(c4ccc(Cl)cc4)CC3)c(=S)o2)cc1,-3.643856189774725
CC1(O)CC23CCC1CC2C1(C)CCCC(C)(C(=O)O)C1(O)CC3,-5.0
Cc1nn(-c2ccccc2)c(Oc2ccc(Cl)cc2)c1C=NNC(=O)Cn1c([N+](=O)[O-])cnc1C,-1.6415460290875237
CCNC(=O)Nc1cc(-c2nc(C(F)(F)F)cs2)c(-c2cncc(-c3c(C)noc3C)c2)cn1,-3.169925001442312
C=CCn1cc(C=NNc2ccc3c4c(cccc24)C(=O)N(C(CO)CO)C3=O)c2ccccc21,-4.0
CCON=C1CCN(c2nc3c(cc2F)c(=O)c(C(=O)O)cn3C2CC2)CC1(C)N,-1.0
CS(=O)(=O)c1ccc(C=Cc2nc3ccccc3c(=O)n2-c2cccc(C(=O)O)c2)cc1,-4.0
Cc1cc(=O)oc2cc(OCC(O)Cn3nnnc3C)ccc12,-2.0
CC(=O)Nc1nc(C)c(-c2nn(CNc3ccc([N+](=O)[O-])cc3)c(=S)o2)s1,-3.643856189774725
CC(C)=CCc1c(OCC2CC2)cc(C=Cc2ccc(C(F)(F)F)cc2)c(C(=O)O)c1O,-5.0
COc1ccc(NC(=O)NCCc2c[nH]c3ccccc23)cc1,-2.0
CC(=O)c1sc(N=C2NC(=O)C(=C3C(=O)Nc4ccccc43)S2)nc1C,0.029146345659516508
CCCCCCNC(=O)C[N+](C)(C)CCCCCOc1ccc2ccc(=O)oc2c1CC=C(C)C,-5.0
CCCN(CC1CC1)C(=O)C(CCCNC(=N)N)n1cc(COc2ccccc2-c2ccccc2OCCC(C)C)nn1,-5.0
Nc1nc(N)c2cc(S(=O)(=O)c3cccc(-c4ccccc4)c3)ccc2n1,-4.643856189774724
CC(C)=CCCC(C)C1CCC2(C)CC3C4C(=CCC12)COC4(O)CC3(C)O,-2.0
O=C(Nc1ccc(Oc2ccc(Cl)cc2)c(Cl)c1)c1cc(Br)cc(Br)c1O,-3.0
Cc1ccc(NC(=O)c2ccc(-c3ccccc3)cc2)c(C(=O)O)c1,-2.807354922057604
FC(F)(F)c1ccc(-c2nnc(Sc3cc(Cl)nc(Sc4ccccc4)n3)[nH]2)cc1,-0.6780719051126377
CN1C2CCC1CN(c1cc3c(cc1F)c(=O)c(C(=O)O)cn3CCF)C2,2.321928094887362
CCn1cc(C(=O)O)c(=O)c2cc(F)c(N3CCC4CCC(C3)N4C)cc21,-0.6415460290875237
c1ccc(-c2nc3ccccc3s2)nc1,-3.643856189774725
O=C(O)CC(O)(CC(=O)NCC(=O)N1CCN(c2cc3c(cc2F)c(=O)c(C(=O)O)cn3C2CC2)CC1)C(=O)O,3.0
CNc1cc(F)cc2c1[nH]c1nc(CN)nc(N3CCC(N)C3)c12,-3.0
CCOC(=O)C(C#N)=C1C(=O)Nc2ccc(S(=O)(=O)N3CCOCC3)cc21,-0.6507645591169023
CCc1nnc(Cn2cnc3ccccc32)o1,-4.0
Cc1cccc(NC2=Nn3c(nnc3-c3cc(F)c(Cl)cc3Cl)SC2)c1C,-3.643856189774725
OC(c1cc(-c2ccc(C(F)(F)F)cc2)nc(C(F)(F)F)c1)C1CCCCN1,-4.3377110921282895
N#Cc1ccc(C=Cc2nc3cc(C(=O)O)ccc3c(=O)n2-c2cccc(C(=O)O)c2)cc1,-4.0
CON=c1[nH]cnc2ncn(CC=C(C)CCC=C(C)CCC=C(C)CCC=C(C)C)c12,-5.0
CCNC(=O)c1nc(-c2cc(Cl)cc(Cl)c2)c(-c2cc(Cl)cc(Cl)c2)[nH]1,-5.0
Nc1nc(-c2ccc(F)cc2)cc(-c2cccc3ccccc23)n1,-3.017921907997262
CN1CCN(c2cc3c(cc2F)c(=O)c(C(=O)O)cn3CCF)CC1,5.321928094887363
CC(C)(O)C(NC1CCc2cc(C#Cc3ccc(CN4CCN(CCO)CC4)cc3)ccc21)C(=O)NO,-2.0
CC(C)=CCCC(C)=CCn1cc(CC(=O)NCCCNC(=N)N)c2ccccc21,-3.643856189774725
CCCCn1n[n+](C)c2c1C(=O)c1ccccc1C2=O,-4.0
C=CC1(C)CC(OC(=O)CSc2ccccc2NC(=O)CN2CCCC2)C2(C)C(C)CCC3(CCC(=O)C32)C(C)C1O,-5.0
Cc1cc(-c2ccc3c(=O)c(C(=O)O)cn(C4CC4)c3c2F)cc(C)n1,4.058893689053568
Cn1nnnc1SCC1=C(C(=O)O)N2C(=O)C(NC(=O)CSCC#N)C2SC1,0.3219280948873623
CC(C)(C)c1ccc(Sc2ccc3nc(N)nc(N)c3c2)cc1,-3.321928094887362
COc1cc2nc(Sc3cnc(N)s3)n(-c3ccccc3)c(=O)c2cc1OC,-2.0
Cc1cc(-c2ccc(C(=O)Nc3ccccc3C(=O)O)cc2Oc2ccccc2)ccc1Cl,0.5145731728297583
Fc1cc(-c2nnc3n2N=C(Nc2cc(Cl)c(Cl)cc2Cl)CS3)c(Cl)cc1Cl,-2.643856189774725
Cc1cc(Cc2cnc(N)nc2N)cc(C)c1O,-3.321928094887362
CC(C)(C)n1cc(C(=O)O)c(=O)c2cc(F)c(N3CCNC(c4ccccc4)C3)nc21,4.058893689053568
COc1ccc(-c2nnc(-c3ccccc3C(F)(F)F)o2)c(F)c1,-2.584962500721156
CC(C)(C)n1cc(C(=O)O)c(=O)c2cc(F)c(-c3cccnc3)cc21,-1.0
CCOC(=O)c1cnn(-c2ccccc2)c1NC(=O)c1cc2cc(C)ccc2oc1=O,-4.0
CCCCC(C)=CC=C(C)C(=O)c1c(O)cc(C(C)CCCCNC(=O)OC)oc1=O,-3.0
CCc1c2s[nH]c(=O)c2c(=O)n2ccc(N3CCNCC3)cc12,-2.0
COc1cccc(C=NNC(=O)Cn2nc3c(c2C)N(C)S(=O)(=O)c2ccccc2-3)c1,-4.523561956057013
Ic1ccc(-c2csc(NN=C3CCCCCC3)n2)cc1,-4.0
Nc1nc(C(=NO)C(=O)NC2C(=O)N3C(C(=O)O)=C(C=C4CCCN(c5ccccc5)C4=O)CSC23)cs1,-0.0
N#CC1=C(N)OC2=C(CNc3c2cccc3[N+](=O)[O-])C1c1ccc(Cl)cc1,-4.087462841250339
CC1(C)Cc2c(C#N)c(SCCc3ccccc3)nc(N3CCOCC3)c2CO1,-2.017921907997262
CC(O)C1C(=O)N2C(C(=O)O)=C(SC3CNC(CSc4nnnn4-c4ccccc4)C3)C(C)C12,2.358453970912476
CCCCCCCC[N+](C)(C)CC(=O)Nc1ccc(C(=O)C=Cc2cccc(Cl)c2)cc1,-0.0
Nc1cccc(-c2cc3c(cc2F)c(=O)c2c(=O)[nH]sc2n3C2CC2)c1,7.965784284662087
O=C(NCCc1c[nH]c2ccccc12)c1ccc(Cl)c(Cl)c1,1.0
CCOC(=O)C(C#N)C(c1cc2c(C)cccc2n2nnnc12)P(=O)(OCC)OCC,-3.321928094887362
C=Cn1cc(C(=O)O)c(=O)c2cc(F)c(N3CCC(NC=O)C3)nc21,1.3584539709124763
Cc1cc(O)c(C(=O)C=Cc2ccc(OCc3cn(Cc4ccc(Br)cc4)nn3)cc2)c(=O)o1,8.380821783940931
COc1ccc(C2=NN(C(N)=S)C(c3cc4cc(C)ccc4n4nnnc34)C2)cc1,-1.6438561897747246
O=[N+]([O-])c1ccc2nc(NCc3ccc(C(F)(F)F)cc3)c(N3CCNCC3)nc2c1,-2.111031312388744
CCc1cc2c(nc1CNC13CCC(CC4(O)Cn5c(=O)ccc6ncc(F)c4c65)(CC1)OC3)NC(=O)CO2,-4.0
CN(C)C1C(O)=C(C(N)=O)C(=O)C2(O)C(O)=C3C(=O)c4c(cnc(-c5ccccc5)c4O)CC3CC12,-4.0
CSc1nnc(-c2cc(Br)c(Br)[nH]2)o1,-3.643856189774725
CSc1ccc(OCc2nnc3n2N=C(c2ccc(Cl)cc2)CS3)cc1,-2.643856189774725
CCCCC(C)=CC=C(C)C(=O)c1c(O)cc(CCCC=CNC(=O)OC)oc1=O,-0.0
COc1cc(Cc2cnc(N)nc2N)cc2c1N(CCOC(C)=O)CCC2C,-4.906890595608519
COC(=O)N1CCC(CCC#N)(Cc2cccc(C(CC#N)Nc3nc4nc(C)ccc4[nH]3)c2)CC1,1.0
COc1cc2c(cc1OC)C1=NN(C(N)=S)C(c3ccc(F)cc3)C1C2,-2.0
O=C(Cc1cccs1)NC1C(=O)N2C(C(=O)O)=C(C=Cc3ccc([N+](=O)[O-])cc3[N+](=O)[O-])CSC12,-0.925999418556223
O=C(O)c1cn2c3c(c(N4CCNCC4)c(F)cc3c1=O)SCC2,1.3584539709124763
C=CCNn1cc(C(=O)O)c(=O)c2cc(F)c(N3CCN(C)CC3)cc21,-0.0
O=C(NN1C(=O)C(=Cc2cccc([N+](=O)[O-])c2)SC1c1cccc(F)c1)c1ccc(-c2ccccc2)cc1,-3.643856189774725
CN(C)CCCC(=O)Nc1cc(N(C)C)c2c(c1O)C(=O)C1=C(O)C3(O)C(O)=C(C(N)=O)C(=O)C(N(C)C)C3CC1C2,-4.0
COc1ccc(C=Cc2nc3ccccc3c(=O)n2-c2nnc(-c3ccc(OC)cc3)s2)cc1,-3.1634987322828794
OC1=C(Cl)C(=NCc2ccccc2)C(O)O1,-3.0
CCCCCCCCN(CCCOc1ccccc1)C(=O)C(N)CCCCN,-5.0
CCC(CN)=C1CN(c2nc(Oc3cnc(C)nc3)nc3[nH]c4c(NC)cc(F)cc4c23)C1,6.965784284662087
CC1(COC(=O)Cc2ccc(O)c(O)c2)C(C(=O)O)N2C(=O)C(=Cc3nccc4ccsc34)C2S1(=O)=O,-1.0
CCNC(=O)Nc1ccc(-c2ccc(C(=O)O)cc2)cn1,-4.0
O=C(Cc1ccc(F)cc1)Nc1nc(-c2ccccc2)cs1,-3.643856189774725
CCCCCNC(=O)C[N+](C)(C)CCCCn1c(-c2ccc(N(C)C)cc2)nc2c3ccccc3c3ccccc3c21,-5.0
c1ccc(Cn2nc(C3CCNCC3)cc2-c2ccc(Oc3ccccc3)cc2)cc1,-2.0
Cc1ccc(C(=O)NCC(C)N=Cc2cc(F)ccc2O)c(O)c1,-2.643856189774725
CCCCCCCCCc1ccccc1C(=O)NS(C)(=O)=O,3.0
CC(C)CCNc1nc(Cl)c2c(c1O)C(=O)C1=C(O)C3(O)C(=O)C(C(N)=O)=C(O)C(N(C)C)C3CC1C2,-5.0
CCOC(=O)C1=C(C)NC(C)=C(C(=O)OCC)C1c1ccc(NC(=O)Nc2cc(Cl)ccc2Cl)cc1,-3.9068905956085187
Cc1nnc(SCC2=C(C(=O)O)N3C(=O)C(NC(=O)C(N)c4ccccc4)C3SC2)s1,-0.0
CC1(C)OCC2(CO1)CN(c1cc3c(cc1F)c(=O)c(C(=O)O)cn3C1CC1)CC2(C)CN,2.358453970912476
Cc1ccc2c(c1)cc(C1CC(c3cccs3)=NN1C(N)=S)c1nnnn12,-1.6438561897747246
CN(C)c1ccc(C=NNC(=O)c2ccc3c(c2)OCCCO3)cc1,-2.643856189774725
CCNc1cc(F)cc2c1[nH]c1ncc(-c3cnc(C(=O)NC)nc3)c(-n3ccc(C(F)(F)F)n3)c12,2.0
O=C1Oc2ccc([N+](=O)[O-])cc2NC1=CC(=O)c1ccc(C2CCCCC2)cc1,-4.643856189774724
Cc1ccc(N=C(N2CCN(c3cc4c(cc3F)c(=O)c(C(=O)O)cn4C3CC3)CC2)C(F)(F)F)cc1,4.680382065799838
COc1ccccc1C1C(Cl)C(=O)N1N=CCCn1nnc2ccccc21,-1.0
CCn1cc(C(=O)O)c(=O)c2cc(F)c(N3CCN(C)CC3)c(F)c21,4.058893689053568
Cn1cc(NC(=O)c2cc(NC(=O)C(C)(C)C)cn2C)cc1C(=O)NCCC(=N)N,-5.0
N#Cc1ccc(C=Cc2nc3ccccc3c(=O)n2-c2cc[nH]n2)cc1,-4.0
CCNc1cc(F)cc2c1[nH]c1ncc(-c3cnc4ccnn4c3)c(-n3ccc(C(F)(F)F)n3)c12,2.0
CCS(=O)(=O)C1=C(C(=O)O)N2C(=O)C(NC(=O)C(=NOC)c3csc(N)n3)CN2C1,3.0
CCc1[nH]c2nc(Sc3cnc4nccnc4c3)nc(N3CCC(NC)C3)c2c1Cl,-3.0
COc1ccc2ncc(F)c(CC(O)(C(F)(F)F)C34CCC(NCc5ccc6c(n5)NC(=O)CO6)(CC3)CO4)c2n1,-5.0
COc1cccc(NC(=O)Nc2ccc(-c3cc(Nc4cccc(C(F)(F)F)c4)ncn3)cc2)c1,-4.906890595608519
COc1ccc2ccc(=O)n(CC(N)C3CCC(NCc4ccc5c(n4)NC(=O)CO5)CO3)c2c1,2.0
CC(=O)N1N=C(c2ccc(Cl)c(Cl)c2)CC1c1ccc(F)cc1,-3.643856189774725
NCC1CCN(c2cc3c(cc2F)c(=O)c(C(=O)O)cn3-c2ccc(O)cc2)C1,4.321928094887363
CN(CC1C(NC(=O)C(=NOC(C)(C)C(=O)O)c2csc(N)n2)C(=O)N1S(=O)(=O)O)C(=O)CN,-2.0
CN(C)c1ccc(C2OB(O)c3ccc(Cl)cc32)cc1,1.0
CCCCCCCOc1ccc(C=Cc2cc(-c3ccccc3)c[n+](C)c2-c2ccccc2)cc1,-3.0
Cc1cccc(-c2nc(CN3CCN(c4ccnc5cc(-c6cccnc6)ccc45)CC3)no2)c1C,-5.0
CC(C)N(Cc1cnc2nc(N)nc(N)c2n1)c1ccc(Cl)c(Cl)c1,-4.643856189774724
CSc1ccc(Cc2nn(CN3CCOCC3)c(=S)n2N=Cc2ccc(C)cc2)cc1,-4.643856189774724
C=CC1=C(C(=O)O)N2C(=O)C(NC(=O)Cc3csc(N)n3)C2SC1,-2.0
COc1cc(C=CC(=O)c2ccc3ccccc3c2)cc(OC)c1OC,-1.9634741239748859
CC(CNC(=O)c1ccccc1O)N=Cc1cc(I)ccc1O,-2.643856189774725
O=C(O)c1cn2c3c(c(N4CCNCC4)c(F)cc3c1=O)SC(c1ccc(F)cc1)C2,3.0588936890535687
Cc1c(CN(C)C(=O)C=Cc2cnc3c(c2)CC2(CCN(C)CC2)C(=O)N3)sc2ccc(F)cc12,3.9885043611621707
Nc1nc(C(=NOCCF)C(=O)NC2C(=O)N3C(C(=O)[O-])=C(Sc4ccccc4)CCC23)cs1,1.0
COc1ccc2ncc(F)c(CCN3CCC(CCc4ccc5c(c4)OCCO5)CC3)c2n1,-4.0
CC1CCC2(NC1)OC1CC3C4CCC5CC(NC6CCNC6)CCC5(C)C4CCC3(C)C1C2C,-5.0
CCCCCCCCn1cc(C(=O)O)c(=O)c2cc(F)c(CC(=O)O)cc21,-1.0
Nc1cc2c(=O)c(C(=O)O)cn(C3CC3)c2cc1N1CCSC1,1.0
CCOC(=O)c1cn([CH-]c2ccc(Cl)cc2Cl)c2cc(C(C#N)C(=O)OCC)c(F)cc2c1=O,2.0
COc1c(C)[nH]c2c(c1=O)C(CCCCCc1ccccc1)CCC2OC,-5.0
C=CC(=O)NC1C(O)=C(C(N)=O)C(=O)C2(O)C(=O)c3c(c(C)c4ccc(C)c(O)c4c3O)CC12,-1.0
Cc1ccc(-n2ccnc2C=NO)cc1,-4.643856189774724
COc1cc(C=CC2CC(SC3=C(C(=O)O)N4C(=O)C(C(C)O)C4C3C)CN2)on1,3.3510744405468786
NCCCCNC(=O)C(c1ccc(Br)cc1)N(Cc1ccccc1)C(=O)CCS,-5.0
COc1c(N2CCC(CNC(C)C)C2)c(F)cc2c(=O)c3c(=O)[nH]sc3n(C3CC3)c12,4.058893689053568
COc1cc(OC)c2c(c1)OC(CN1CCCCC1)(CN1CCCCC1)C2=O,-4.643856189774724
Cc1ccc(C=NNC(=O)CCC(C)C2CCC3C4C(O)CC5CC(O)CCC5(C)C4CC(O)C23C)cc1,-2.9653225483672547
O=C(O)c1cn(C2CC2)c2c3c(c(F)cc2c1=O)N1CCCC1CNC3,3.0
Cc1[nH]c(C(=O)NC2CCc3nc(NC(=O)CNC(=O)c4ccc(O)c(O)c4)sc3C2)c(Cl)c1Cl,-3.807354922057604
Cn1c(=O)cc(OCc2nn(CN3CCN(c4ccccc4F)CC3)c(=S)o2)c2ccccc21,-4.643856189774724
Nc1nn(-c2ccccc2)c(N)c1N=Nc1ccc(F)cc1,-1.0
CSc1ccc(Cc2nn(CN3CCOCC3)c(=S)o2)cc1,-3.643856189774725
CCn1cc(C(=O)O)c(=O)c2cc(F)c(N3CCCC4(CCCNC4)C3)nc21,-3.643856189774725
O=C(C=Cc1ccccc1O)c1cc(Cl)c[nH]1,-4.643856189774724
CC(O)C1C(=O)N2C(C(=O)O)=C(SC3CNC(Cc4cn5[n+](c4)CCC5)C3)C(C)C12,3.321928094887362
C=CC1(C)CC(OC(=O)CSC(C)(C)CNC(=O)c2ccc(N)cc2)C2(C)C(C)CCC3(CCC(=O)C32)C(C)C1O,-1.0
CCCCCCn1cc(C(=O)O)c(=O)c2cc(F)c(CC#N)cc21,1.0
O=C1NC(c2c[nH]c3cc(Br)ccc23)CNC1c1c[nH]c2ccccc12,-4.643856189774724
O=c1ccc2ncc(=O)n3c2n1CC3CN1CCC(NCc2cc3c(cn2)OCCC3)CC1,6.058893689053568
O=C(O)c1cn(C2CC2)c2cc(N3CCN(C(=O)c4cc[n+](Cc5ccc(Cl)cc5)cc4)CC3)c(F)cc2c1=O,-3.0
O=C(NNc1ccc(Cl)cc1)c1ccccn1,-4.0
COc1ccc(C(=O)NCc2ccccc2)cc1OC,-4.247927513443585
CCCCCCCCn1nnc(-c2n[nH]c(=S)n2-c2ccccc2)c1-c1n[nH]c(=S)n1-c1ccccc1,-1.0
CCc1ccc(N(CCCCCC2CCCCC2)c2ccc[n+](C)c2)cc1,-4.321928094887363
CCCCCC1C(CCC)=NOC1CCC(O)CCCCCCCC(=O)OC,-4.643856189774724
C=CCN(c1cccc(OC)c1)S(=O)(=O)c1ccc([N+](=O)[O-])cc1[N+](=O)[O-],-5.0
CC(O)c1nccn1C(CN)c1cc(-c2ccc(C#CC3C4CN(C=O)CC34)cc2)on1,-0.0
NCC(=O)NC1CCN(c2c(F)cc3c(=O)c(C(=O)O)cn(C4CC4)c3c2F)C1,2.321928094887362
O=c1cc(-c2ccc3c(c2)OCCO3)oc2cc(OCCNCCCN3CCOCC3)cc(O)c12,-2.643856189774725
CCCc1cc(Cc2cnc(N)nc2N)cc2c1OC(C)C2C,-4.906890595608519
CC(O)C1C(=O)N2C(C(=O)O)=C(SC3CNC(CN4CCN(C)S4(=O)=O)C3)C(C)C12,4.351074440546879
CC(=O)NCC1CN(c2ccc(N3CCN(Cc4ccc([N+](=O)[O-])o4)CC3)c(F)c2)C(=O)O1,-1.0
O=C(O)c1cn(C2CC2)c2c(F)c(N3CC(C(=O)O)C3)c(F)cc2c1=O,-4.0
Cc1ccc2cc(Cn3cc(-c4ccccc4)nn3)c(Cl)nc2c1,-3.9068905956085187
Cc1noc(NS(=O)(=O)c2ccc(NC(=O)C(C#N)=Cc3cccnc3)cc2)c1C,3.0588936890535687
CCc1c(-c2ccc(N3CC4C(N)C4C3)cc2)[nH]c(=O)c(C(=O)O)c1O,4.351074440546879
CN1CC2(CCc3ccccc3C2=O)C2c3ccccc3OCC21,-4.643856189774724
COC1(NC(=O)Cc2ccc(O)cc2)C(=O)N2C(C(=O)O)=C(CSc3nnnn3C)COC21,3.321928094887362
COc1ccc(-c2csc(NN=Cc3c(-c4ccc(Cl)cc4)nc4sc(C(F)(F)F)nn34)n2)cc1,-3.643856189774725
Cc1cccc2nc(NN=Cc3cc4ccccc4[nH]3)sc12,-4.584962500721156
NCC(N)CCC(=O)NC(CCc1ccccc1)CCc1ccccc1,-5.0
COCn1ccnc1-c1nc(N2CCC(NC(=O)c3[nH]c(C)c(Cl)c3Cl)C(OC)C2)sc1C(=O)O,2.0
c1cc2cc(-c3cnc(-c4cc5ccc(C6=NCCCN6)cc5[nH]4)cn3)[nH]c2cc1C1=NCCCN1,1.6896598793878495
CNC1CCN(c2c(F)cc3c(=O)n(NC)c(=O)n(C4CC4)c3c2Cl)C1,-3.0
CC1CN(c2cc3c(cc2F)c(=O)c(C(=O)O)cn3-c2ccc(F)cc2)CC(C)N1,2.321928094887362
CC1CN(c2c(F)c(F)c3c(=O)c(C(=O)O)cn(C4CC4)c3c2F)CC(C)N1,4.321928094887363
O=c1cc(Cl)sn1-c1ccc(Cl)cc1,1.7369655941662063
COc1ccc(OC)c(C=CC2=NN(C(C)=O)C(c3ccc(Cl)cc3)O2)c1,-4.643856189774724
N=C(N)c1ccc(-c2ccc(-c3cccs3)s2)cc1,-3.321928094887362
CC1(N)CN(c2c(F)cc3c(=O)c4c(=O)[nH]sc4n(C4CC4)c3c2F)C1,4.058893689053568
O=C(Cc1ccc(Cl)cc1)Nc1nc(-c2ccccc2)cs1,-4.643856189774724
CCCCNC(=O)c1cc[n+](CC2=C(C(=O)O)N3C(=O)C(NC(=O)Cc4ccccc4)C3SC2)cc1,-5.0
CC(C)=CCN1CCCc2cc(OCCCCCCNC(=N)N)ccc21,-2.643856189774725
CC(=O)Nc1ccc(Sc2ccc(N3CC(CN=C(S)NN)OC3=O)cc2F)cc1,-4.0
CC(O)c1nccn1Cc1cc(-c2ccc(C#CC3(N)CC3)cc2)no1,-0.0
Cn1c(C=C[N+](=O)[O-])cnc1[N+](=O)[O-],-2.321928094887362
CC(N)C(=O)NC1CCN(c2cc3c(cc2F)c(=O)c(C(=O)O)cn3C2CC2)C1,1.3219280948873622
O=c1c(Cc2ccc(Cl)cc2Cl)nnc2scc(-c3cc(F)c(Cl)cc3Cl)n12,-2.643856189774725
O=C(O)c1cn(C2CC2)c2cc(N3CCN(C(=O)c4cc[n+](Cc5ccc(C(F)(F)F)cc5)cc4)CC3)c(F)cc2c1=O,-2.0
CC(C)(C)n1cc[n+](CCCCCCCCCCCC[n+]2ccn(C(C)(C)C)c2)c1,1.0
CC1C(N)CN1c1c(F)cc2c(=O)c(C(=O)O)cn(C3CC3)c2c1Cl,7.158429362604483
CCn1cc(C(=O)O)c(=O)c2cc(F)c(N3CCN(Cc4nc5ccc(F)cc5[nH]4)CC3)cc21,-4.0
O=[N+]([O-])c1cn(CCN(CCBr)Cc2ccc(Cl)c(Cl)c2)cn1,-5.0
N#CC1=C(C(=O)O)N2C(=O)C(NC(=O)Cc3csc(N)n3)CN2C1,-4.0
COc1c(N2CCC(N)C2)c(F)cn2c(=O)c(C(=O)O)cc(C3CC3)c12,6.643856189774724
COc1ccc(C=NNC(=O)c2cc(OC)ccc2Br)cc1,-3.643856189774725
CC1COc2c(N3CCN(C)CC3)c(F)cc3c(=O)c(-c4nn(CCC(=O)c5ccccc5O)c(=S)n4N)cn1c23,-0.0
O=C(OCc1cn(Cc2ccc(C(F)(F)F)cc2)nn1)c1cccnc1,-4.643856189774724
NC1CCN(c2cc(F)c3c(=O)c(C(=O)O)cn(C4CC4)c3c2F)C1,4.058893689053568
Cc1ccc(N)c(Nc2ccc([N+](=O)[O-])c3nc[nH]c(=O)c23)c1,-4.37851162325373
CCCCCCCNC1=NC(C)(C)NC(NCCCCCCC)=N1,-3.643856189774725
CON=C(C(=O)NC1C(=O)N2C(C(=O)O)=C(Sc3ncc([N+](=O)[O-])s3)CCC12)c1csc(N)n1,1.0
O=[N+]([O-])c1ccc(N=NNc2ccc([N+](=O)[O-])cc2C(F)(F)F)c(C(F)(F)F)c1,1.0
COc1ccc(C=C2SC(c3cccc(Br)c3)N(NC(=O)c3ccc(-c4ccccc4)cc3)C2=O)cc1,-0.6415460290875237
C#CCNC(=O)Cn1cnc2c1c(=O)n(C)c(=O)n2C,4.0
COc1ccc(-c2nc(C3CC(c4ccccc4)=NN3c3ccccc3)no2)cc1OC,-4.321928094887363
CCn1cc(C(=O)O)c(=O)c2cc(F)c(N3CCC(C(C)N)C3)c(F)c21,4.321928094887363
S=C(Nc1ccc2ncnc(Sc3nnc(-c4cccnc4)o3)c2c1)Nc1ccccc1Cl,-4.643856189774724
N=C(S)NCC1CN(c2ccc(-n3nnc4ccccc43)c(F)c2)C(=O)O1,-4.0
CN(C)CCCNC(=N)c1ccc2cc(-c3ccc(-c4cc5ccc(C(=N)NCCCN(C)C)cc5[nH]4)cc3)[nH]c2c1,-2.0
CN1CCN(c2ccc3nc(-c4ccc(OCCCNC(=O)OC(C)(C)C)cc4)[nH]c3c2)CC1,-4.0
NCC(=O)NC(CCl)C(=O)O,-1.6415460290875237
C=CC1(C)CC(OC(=O)CSc2cc[n+](CC(=O)NC3CCCC3)cc2)C2(C)C(C)CCC3(CCC(=O)C32)C(C)C1O,-3.0
Cc1ccc(OCc2ccccc2-c2nnc(SCc3ccc(Cl)cc3)o2)cc1,-3.643856189774725
CN(C)C1C(O)=C(C(N)=O)C(=O)C2(O)C(O)=C3C(=O)c4c(O)c(NC(=O)C5CCCCN5C)cc(F)c4CC3CC12,1.0
CCCCCCN1C(=O)CSc2ccc(Cl)cc21,-5.0
COc1ccc(CON=C2CN(c3nc4c(cc3F)c(=O)c(C(=O)O)cn4C3CC3)CC2CN)c(OC)c1OC,5.058893689053568
O=C1NC(=S)SC1=Cc1cc2cc(Cl)ccc2nc1Cl,-1.2868811477881617
O=C(C=Cc1cccnc1)c1ccc2ccc(C(F)(F)F)cc2n1,-5.0
Cc1ccc2c(c1)Sc1c(F)cc3c(=O)c(C(=O)O)cn(C4CC4)c3c1N2,-0.5849625007211562
CCOC(=O)c1cn(CC(O)Cn2cnc([N+](=O)[O-])c2)c2cc(Cl)c(F)cc2c1=O,-5.0
C=C1CCOC2(C(O)C(C)(O)CO)NC(=O)C1(N)NC2=O,-5.0
O=C(O)c1cn(C2CC2)c2c(F)c(N3CCNCC(O)C3)c(F)cc2c1=O,2.0
O=C1c2cccnc2C(=O)c2c1c(C(=O)OCCCN1CCCC1)c1ccc(Br)cn21,1.0
CCCOc1ccc(C=Cc2cc(-c3ccccc3)c[n+](C)c2-c2ccccc2)cc1,-5.0
Cc1ccc(S(=O)(=O)N2CCCN(c3ccn4cc(-c5ccc(F)cc5)nc4n3)CC2)cc1[N+](=O)[O-],-2.070389327891398
O=C(O)C1=C(c2cccnc2)CC2CC(=O)N12,6.643856189774724
Cc1c(C(=O)NNC(=O)c2ccccc2)c(-c2ccccc2)nn1-c1ccccc1,-4.643856189774724
COc1ccc2[nH]cc(C=NNC(=O)c3cnc4c(C(F)(F)F)cccc4c3O)c2c1,3.321928094887362
COc1ccc(N2CCN(CC#CCOC(=O)c3sc4ncnc(N5CCCCC5)c4c3C)CC2)cc1,0.6840860345632576
CCCCCCCn1c(-c2cc(-c3ccc(Cl)cc3Cl)nc(N)n2)nc2ccccc21,-5.0
CCCCCCCCCCCCOc1ccc2[nH]cc(CCN)c2c1,11.965784284662087
CCn1cc(C(=O)O)c(=O)c2cc(F)c(N3CCSCC3)nc21,-1.6461626571578936
Clc1cc2c(c3ncccc13)OCN(CCc1ccccc1)C2,-2.643856189774725
CCn1cc(C(=O)O)c(=O)c2cc(F)c(NCCN)nc21,-2.643856189774725
CC1COc2c(N3CCN(C)CC3)c(F)cc3c(=O)c(C(=O)O)cn1c23,14.802285552379209
CCc1ccc(Oc2ccc(C(=O)CCCO)cc2)c(O)c1,-2.0
O=c1ccc2ncc(F)c3c2n1CC3(O)CC12CCC(NCc3ccc4c(c3)OCO4)(CC1)CO2,-5.0
CCN(Cc1cnc2nc(N)nc(N)c2n1)c1ccc(Cl)cc1,-4.643856189774724
CC1Cn2cc(C(=O)O)c(=O)c3cc(F)c(N4CCN(S(=O)(=O)c5ccc(F)cc5)CC4)c(c32)S1,3.0588936890535687
Cn1c(C2CC(=O)N(c3noc4ccccc34)C2)nc2ccccc21,-5.0
CON=C1CCN(c2nc3c(cc2F)c(=O)c(C(=O)O)cn3C2CC2)C1,1.3584539709124763
COc1ccc(NC(=S)NCC2CN(c3ccc(N4CC5(COC5)C4)c(F)c3)C(=O)O2)cc1,-3.4154882710497003
CON=C(C(=O)NC1CN2CC(S(C)(=O)=O)=C(C(=O)O)N2C1=O)c1csc(N)n1,4.058893689053568
Nc1ccccc1-c1cc2ccccc2[nH]1,-1.3219280948873624
CCCCN(CCCC)c1nccc(NCc2ccc(-c3ccccc3)s2)n1,-5.0
O=C1COc2ccc(CNC34CCC(CCc5c(F)cnc6ccc(N7CCOCC7)nc56)(CC3)OC4)nc2N1,-4.0
Nc1nc(N)c2c(ccc3c2ccn3Cc2cccc3ccccc23)n1,-0.0
COc1ccc(-c2nc3cc(Cl)ccc3n2C2CCCC2)cc1,-4.643856189774724
Cc1ccc(S(=O)(=O)N2C(=O)C(Cl)C2c2ccc(F)cc2)cc1,1.0
C=CC1(C)CC(OC(=O)CSC(C)(C)CNC(=O)c2cccc(OC)c2)C2(C)C(C)CCC3(CCC(=O)C32)C(C)C1O,-3.0
Cn1cc(NC(=O)c2cc(NC(=O)c3ccccc3)cn2C)cc1C(=O)NCCC(=N)N,-5.0
Nc1cc(-n2cc(C(=O)O)c(=O)c3cc(F)c(N4CC(N)C4)c(Cl)c32)c(CO)cc1F,6.965784284662087
Cn1nnnc1SCC(=O)Nc1ccc(-c2nc3cc(Cl)c(Cl)cc3n2C)cc1,-3.643856189774725
CC1COc2c(N3CCC4(CCN(C)C4)C3)c(F)c(N)c3c(=O)c(C(=O)O)cn1c23,1.3219280948873622
Cc1ccc(S(=O)(=O)N2N=Cc3oc(C)cc3B2O)cc1,-3.643856189774725
CCc1cc(-c2cc3c(cc2F)c(=O)c(C(=O)O)cn3C2CC2)ccn1,3.0
CC(=O)c1cc2cc(Cl)ccc2n(N=Cc2ccccc2[N+](=O)[O-])c1=O,-0.6780719051126377
CC1C(N)CN1c1c(F)cc2c(=O)c3c(=O)[nH]sc3n(C3CC3)c2c1F,3.0588936890535687
COc1ccccc1CON=C1CCN(c2c(F)cc3c(=O)c(C(=O)O)cn(C4CC4)c3c2OC)CC1N,6.965784284662087
CCc1[nH]c2nc(Oc3cncnc3)nc(N3CC4C(N)C4C3)c2c1Cl,-0.0
COc1ccc2cc(C=C3SC(=S)N(CC(=O)O)C3=O)c(Cl)nc2c1,-4.906890595608519
O=C1c2cccc3c(NN=Cc4cc(Cl)ccc4O)ccc(c23)C(=O)N1C(CO)CO,-5.0
CCCNCCOc1cc(O)c2c(=O)cc(-c3ccc4c(c3)OCCO4)oc2c1,-4.643856189774724
CC(C)=CCc1c(OC2CCCC2)cc(C=Cc2ccc(F)cc2)c(C(=O)O)c1O,-5.0
Cc1cc(=O)oc2cc(Oc3nc(Nc4ccc(N5C(=O)CSC5c5ccc(O)cc5)cc4)nc(N(C)C)n3)ccc12,-3.643856189774725
O=C(NCCc1c[nH]c2ccc(Br)cc12)Nc1cc(C(F)(F)F)cc(C(F)(F)F)c1,4.997693532616831
O=C1N(CCc2ccccc2)CCS1(=O)=O,-4.044394119358453
C=CCOc1cc(O)cc(O)c1C(=O)C(C)CC,-1.6461626571578936
N#CC1=C(N)OC(c2c[nH]c3ccccc23)=C(C#N)C1c1ccc(Cl)cc1,-4.426264754702098
O=C(O)c1cn(C2CC2)c2cc(N3CCN(CC(=NO)c4ccoc4)CC3)c(F)cc2c1=O,4.351074440546879
Cn1cc(CCC(=O)NCc2cn(C)c3ccc(Cl)cc23)c2cc(Cl)ccc21,-3.643856189774725
COc1ccc(C=NNC(=O)Cn2c([N+](=O)[O-])cnc2C)cc1,-2.643856189774725
COc1ccc2nc(C)cc(-n3cc(CN4CCN(C5CCCCC5)CC4)nn3)c2c1,-3.643856189774725
O=C(O)C1CCN(C(=O)C(CS)C(F)(F)F)CC1,3.0
CC(c1ccc(Cl)c(Cl)c1)n1cnc2cc3c(cc21)CCCC3,-1.632268215499513
N#Cc1cnn(-c2ccccc2)c1NC(=O)c1cc2cc(Cl)ccc2oc1=O,-5.0
CN1CCN(C2=C(Cl)C(=O)C(N3CCN(C)CC3)=C(Cl)C2=O)CC1,-2.643856189774725
NC(Cc1ccccc1)C(=O)O,-3.0
CCn1cc(C=O)c(=O)c2cc(F)c(N3CCNCC3)cc21,-3.643856189774725
O=c1ccc2ncc(F)c3c2n1CC3(O)CC12CCC(NCc3cc(Cl)c4c(c3Cl)OCCO4)(CC1)CO2,-5.0
Cc1ccc(-c2cnc(-c3ccc4nc(-c5c[nH]c6ccc(Br)cc56)c(Nc5ccc(F)cc5)n4c3)[nH]2)cc1,-2.611172380044005
Cc1cc(N2CC(N(C)C)C2)n2nc(NC(CC#N)c3cccc(Cl)c3)nc2n1,-2.0
CNCc1ccc(C2CC(SC3=C(C(=O)O)N4C(=O)C(C(C)O)C4C3C)CN2)s1,5.321928094887363
C=C(C(=O)OCC)C(O)c1ccccc1OC,-4.392317422778761
CC(C)(ON=C(C(=O)NC1C(=O)N(S(=O)(=O)O)C1Cn1cc(CN)nn1)c1csc(N)n1)C(=O)O,-0.0
O=C1COc2cc(O)c(CNC34CCC(CC5(O)Cn6c(=O)ccc7ncc(F)c5c76)(CC3)OC4)nc2N1,-4.0
CC1CN(c2c(F)c(Cl)c3c(=O)c(C(=O)O)cn(C4CC4)c3c2F)CC(C)N1,5.321928094887363
CC(O)C1C(=O)N2C(C(=O)[O-])=C(c3cn4cnc(C(=O)c5ccc[n+](CCNS(N)(=O)=O)c5)c4s3)C(C)C12,5.011587974275212
COc1ccc(C2=NN(c3nc(-c4ccc([N+](=O)[O-])cc4)cs3)C(c3ccc(SC)cc3)C2)cc1OC,-4.643856189774724
O=C(O)c1cn2c3c(c(Cl)c(F)cc3c1=O)SCC2,1.3584539709124763
CC(=O)N1CCN(c2cc3c(cc2F)c(=O)c(C(=O)O)cn3-c2ccc(F)cc2)CC1,-0.6415460290875237
CON=C(C(=O)NC1C(=O)N2C(C(=O)[O-])=C(C[n+]3ccc4c(O)cccc4c3)CSC12)c1csc(N)n1,6.058893689053568
O=C(NNS(=O)(=O)c1ccc(F)cc1)N1N=C(c2ccccc2)CC1c1ccc(Cl)cc1,-4.643856189774724
O=C(Cn1c2ccccc2c2nc3ccccc3nc21)N1N=C(c2cc3ccccc3o2)CC1c1ccco1,-3.9068905956085187
NNC(=O)CNC(=O)c1ccc([N+](=O)[O-])cc1,-5.0
Oc1ccc(Cl)cc1C=NCc1ccco1,-2.5109619192773796
COc1ccc(C(=O)NCCO)cc1OC,-4.247927513443585
O=C(C=Cc1ccco1)c1ccccc1,-3.321928094887362
CON=C(C(=O)NC1C(=O)N2C(C(=O)O)=C(Sc3cc(N)nc(N)n3)CSC12)c1csc(N)n1,5.011587974275212
CCc1c(-c2ccc(OC)cc2)[nH]c(=O)c(C(=O)O)c1O,2.321928094887362
O=C1COc2ccc(N3CC(CCNCCC4Cc5cccc(Cl)c5C4)OC3=O)nc2N1,1.0
O=c1cc(NCC(O)CN2CCN(c3nccc4ccc(F)cc34)CC2)c2ccccc2o1,-1.0
CCON=C(CN1CCN(c2c(F)cc3c(=O)c(C(=O)O)cn(C4CC4)c3c2Cl)CC1)c1nccs1,2.0
O=c1cc(OCc2nnc(-c3ccco3)[nH]2)c2ccccc2o1,-2.643856189774725
COC(=O)C(C)NP(=O)(OCCN(C)c1cc(=O)oc2ccc(C(C)(C)C)cc12)Oc1ccccc1,-4.0
CSc1ccc(Cc2nnc3sc(-c4cc(Cl)ccc4Cl)nn23)cc1,-4.643856189774724
N#CC(Cc1ccccc1C(F)(F)F)(Cc1ccccc1C(F)(F)F)C(=O)NCCN,-4.0
O=C(CN1CCc2sccc2C1)NN=Cc1ccccc1Cl,-4.643856189774724
CCC1C(=NNC(N)=S)CC(c2ccccc2)OC1c1ccccc1,-4.643856189774724
Clc1ccc(C=NNc2nc(-c3ccc(Cl)cc3)cs2)cc1,-2.643856189774725
CC(C)CCc1sc(NC(=O)c2cc(NC(=O)c3cc(NC(=N)N)cn3C)cn2C)nc1C(=O)NCCCN(C)C,-5.0
COC(=O)Cc1ccccc1OC(=O)c1cc(OC)cc(OC)c1,-4.643856189774724
CN(C)c1ccc(C2C(C#N)=C(N)OC(c3c[nH]c4ccccc34)=C2C#N)cc1,-4.738767836800192
Cc1ccc(-c2nnc3cc(C)nc(C)n23)cc1,-4.0
COC1CN(c2nc(-c3nc(C)no3)c(C(=O)O)s2)CCC1NC(=O)c1[nH]c(C)c(Cl)c1Cl,1.0
CC1c2ccc(N)c(O)c2C(=O)C2=C(O)C3(O)C(=O)C(C(N)=O)=C(O)C(N(C)C)C3C(O)C21,-0.0
CC1(C(=O)O)CCC2(C)CCC3(C)C(CCC4C5(C)C(O)CC(O)C(C)(C)C5CCC43C)C2C1,-4.0
Cn1c(C2CC(=O)N(c3cccc(F)c3Br)C2)nc2ccccc21,-5.0
CCn1cc(C(=O)O)c(=O)c2cc(F)c(N3CCN(C(=O)C(C#N)=Cc4c[nH]c5ccc(Cl)cc45)CC3)cc21,2.0
O=c1ccc2ncc(F)c(CCC34CCC(NCc5cnc(C6CCCCC6)s5)(CC3)CO4)c2n1CCO,-5.0
CC(CCN1Cc2cc(C#Cc3ccc(C(O)CO)cc3)cn2C1=O)(C(=O)NO)S(C)(=O)=O,1.0
CCCCn1c(-c2cc(-c3ccc(Cl)cc3Cl)nc(N)n2)nc2ccccc21,-5.0
CCOP(=O)(OCC)C(Nc1ncccn1)c1ccc(Cl)cc1Cl,-4.0
COc1cc(C=CC(=O)c2ccc(O)cc2)ccc1OCc1nnc(COc2ccccc2)o1,-2.584962500721156
Nc1cccc(C(=O)NNC(=O)c2ccc(-n3cccc3)cc2)c1,-4.643856189774724
Cc1nnc(SCC2=C(C(=O)[O-])N3C(=O)C(NC(=O)CS(=O)(=O)CC(F)(F)F)C3SC2)s1,-2.655351828612554
O=C(O)CN1CCN(CC(=O)O)CCN(CC(=O)O)CC1,5.058893689053568
COc1ccc2ncc(C(F)(F)F)c(CCC34CCC(NCc5ccc6c(n5)NC(=O)CO6)(CC3)CO4)c2n1,-2.0
Cc1ccc(C=C2SC(=O)N(Cc3ccc(C(=O)O)cc3)C2=O)cc1,-4.0
Nc1ccc(C#CC#Cc2ccc(C(=O)NC(Cc3ccc(O)cc3)C(=O)NO)cc2)cc1,6.643856189774724
COc1cc(-c2nnc(NC(=O)CC3SC(=O)NC3=O)s2)cc(OC)c1OC,-4.0
O=C(O)c1cn(-c2ccc(F)cc2)c2cc3c(cc2c1=O)OCO3,2.0
CCNc1cc(F)cc2c1[nH]c1ncc(-c3cncc(CO)c3)c(-n3ccc(C(F)(F)F)n3)c12,5.965784284662087
CN1CC2CC1CN2c1c(F)cc2c(=O)c(C(=O)O)cn(-c3ccc(F)cc3)c2c1Cl,0.3584539709124763
Nc1nc(N)c2cc([S+]([O-])c3c(F)c(F)cc(F)c3F)ccc2n1,-4.643856189774724
O=C(NCc1c[nH]c2ccccc12)Nc1cc(Cl)c(Br)c(Cl)c1,2.0
OC1(c2ccc(-c3ccccc3)cc2)C[N+](c2ccc(OC(F)F)cc2)=C2CCCCCN21,-5.0
CSc1ccc(Cc2nnc3sc(-c4ccc(O)cc4)nn23)cc1,-4.643856189774724
O=C(Cc1csc2ccc(Cl)cc12)NC1C(=O)N2C(C(=O)O)=C(Cl)CSC12,0.6438561897747247
O=[N+]([O-])c1ccc2nc(-c3ccc4nc(-c5cnc6ccc(Br)cc6c5)c(Nc5ccc(F)cc5)n4c3)[nH]c2c1,-1.0976107966264224
COC(=O)CCCC1C2CCCN3CCCC(CN1C(=O)c1cc4ccc(Cl)cc4n1Cc1cccc4ccccc14)C23,0.6237096166629484
CCn1cc(C(=O)O)c(=O)c2cc(F)c(N3CCN(CC(=NOC)c4ccc(F)cc4)CC3)nc21,-2.643856189774725
O=C(O)c1cc(-c2ccccc2)c2cccc(NS(=O)(=O)c3ccccn3)c2n1,3.0
CCC1OC(=O)CC(O)C(C)C(OC2OC(C)C(O)C(N(C)C)C2O)C(CC=O)CC(C)C(=O)C=CC(C)=CC1CO,-5.0
COc1cc2occ(-c3ccc(C=O)cc3)c(=O)c2c(OC)c1CC=C(C)C,-3.0
CCCCC(CC(=O)NO)S(=O)(=O)c1ccccc1,-1.0
CCCCCCCCCCNC(=N)NCCCCCCCCCC,-3.0
CC1CN(c2c(F)cc3c(=O)ccn(C4CC4)c3c2F)CCN1,-3.9068905956085187
CC(CO)C1CCC2C3CCC4CC(NCCCNCCCCNCCCN)CCC4(C)C3CCC12C,-5.0
O=C(O)c1cn(C(F)F)c2nc(N3CCNCC3)c(F)cc2c1=O,0.3584539709124763
Cc1[nH]c(C(=O)NC2CCN(c3cc(C(N)=O)cc(Cl)n3)CC2)cc1Br,-2.0
COc1cc2nc(Sc3ncccc3C(=O)O)n(-c3ccccc3)c(=O)c2cc1OC,-1.0
CN1CCN(c2cc3c(cc2F)c(=O)c(C(=O)O)cn3C)CC1,4.321928094887363
CC(CS)C(=O)N1CCCC1C(=O)O,4.058893689053568
CC1CC(=CCC2CC(=O)NC(=O)C2)C(=O)C(C)C1O,-3.321928094887362
CON=C(C(=O)NC1C(=O)N2C(C(=O)[O-])=C(C[n+]3cccc(-c4cc(C)[nH]n4)c3)CSC12)c1csc(N)n1,6.265344566520995
Cn1nnnc1SCC1=C(C(=O)O)N2C(=O)C(NC(=O)C(O)c3ccccc3)C2SC1,3.9885043611621707
COC(=O)CCCC1C2CCCN3CCCC(CN1C(=O)c1cc4ccc(Cl)cc4n1Cc1ccc4ccccc4c1)C23,0.1648843847417823
CCc1cc2c(s1)B(O)N(S(=O)(=O)c1ccccc1Cl)C=C2,-3.321928094887362
COC(S)=NCC1CN(c2ccc(Sc3ccc(NC(C)=O)cc3)c(F)c2)C(=O)O1,-4.0
CCC1CCN(c2nc3c(cc2F)c(=O)c(C(=O)O)cn3C2CC2)CC1N,5.058893689053568
COc1ccc(N2C(=O)CSC2c2ccccc2)cc1,-4.906890595608519
NC(=O)Nc1ccc(NC(=O)N2CCC3C2C(=O)N3S(=O)(=O)[O-])cc1,-4.0
CC(=O)NCC1CC(c2ccc(Br)cc2)=NO1,-4.0
Cc1nc2c(=O)n(C3CC3)c3c(Cl)c(N4CCNCC4)c(F)cc3c2o1,1.0
CCOC(=O)c1cc2c(cc1C(=O)NC1CCc3nn(-c4ccnc5ccc(OC)nc45)cc3C1)NC(=O)CS2,-4.0
NC1CC(N)CN(c2nc(Nc3ccc(Cl)c(Cl)c3)nc(N3CC(N)CC(N)C3)n2)C1,-5.0
Oc1ccc(Cl)cc1C=NNc1nc(-c2ccccc2)cs1,-3.643856189774725
O=C1NC(=NO)C(c2ccc(O)c([N+](=O)[O-])c2)=C1c1ccc(O)c([N+](=O)[O-])c1,-1.584962500721156
Cc1c(F)c(N2CCC(N)C2)c(F)c2c1c(=O)c(C(=O)O)cn2C1CC1,7.380821783940931
CCCCCCCCn1n[n+](C)c2c1C(=O)c1ccccc1C2=O,-3.0
CC(C)C1C(=NOC(=O)Oc2ccccc2)CC(c2ccccc2)N(C)C1c1ccccc1,-4.643856189774724
CCCCCCn1cc(C=C(C#N)S(=O)(=O)c2ccc(N)cc2)c2ccccc21,-3.0
CCC1CCN(c2c(F)cc3c(=O)n(N)c(=O)n(C4CC4)c3c2OC)C1,-1.3219280948873624
Cc1c(N2CCC(CN)C2)c(F)c(N)c2c(=O)c(C(=O)O)cn(C3CC3F)c12,6.265344566520995
CCOc1ccc2nc(Cl)c(C=C3SC(=S)NC3=O)cc2c1,-4.906890595608519
COc1ccc(-n2cc(C(=O)c3ccccc3)c(-c3ccc([N+](=O)[O-])s3)n2)cc1,2.0
O=S1(=O)C=Cc2ccccc2N1CCN1CCC(NCc2cc3c(cn2)OCCC3)CC1,-4.0
Cc1ccc(-c2nn3c(-c4cc(Cl)cc(Cl)c4Cl)nnc3s2)cc1,-3.584962500721156
O=c1cc(OCc2nnc(-c3cccs3)[nH]2)c2ccccc2o1,-2.643856189774725
N#CC(=Cc1cn(Cc2ccccc2F)c2ccccc12)S(=O)(=O)c1ccc(N)cc1,-3.0
CN(C)C1=NC(c2cn(-c3ccc([N+](=O)[O-])cc3[N+](=O)[O-])nc2-c2ccccc2Br)N=C(N)N1,-5.0
CNCc1cccc(NCc2cccc(-c3ccc(C(=O)O)c(O)c3)c2)c1,-2.0
CN1C=C2CC3C(CC(CNC(=O)C=Cc4ccc(C(F)(F)F)cc4)CN3C)C3C=CC=C1C23,-5.0
CS(=O)(=O)c1ccc(C(O)C(CF)NC(=O)C(Cl)Cl)cc1,1.3584539709124763
O=C(O)c1cn(C2CC2)c2cc(N3CCNCC3)c3nc[nH]c3c2c1=O,5.321928094887363
CC(N)C1CCN(c2cc3c(cc2F)c(=O)c(C(=O)O)cn3C2CC2)C1,4.321928094887363
Cc1ccc(C2SCC(=O)N2NC(=O)Cn2ncc3cc([N+](=O)[O-])ccc32)cc1,-4.643856189774724
CC(C)(C)n1cc(C(=O)O)c(=O)c2cc(N)c(N3CCSCC3)cc21,5.058893689053568
CNC1(C)CN(c2c(F)cc3c(=O)c(C(=O)O)cn(-c4cc(N)c(F)cc4CO)c3c2Cl)C1,6.965784284662087
COc1ccc(C2=NN(c3ccccc3)C(c3noc(-c4ccccc4OC)n3)C2)cc1,-4.643856189774724
CC(C)(NS(C)(=O)=O)C(NC(=O)c1ccc(-c2cc3ccccc3o2)cc1)C(=O)NO,2.0
CC(C)NC(=N)c1ccc2cc(-c3ccc(Oc4ccc(-c5cc6ccc(C(=N)NC(C)C)cc6[nH]5)cc4)cc3)[nH]c2c1,-4.0
CN(C)C1=NC(c2cn(-c3ccc([N+](=O)[O-])cc3[N+](=O)[O-])nc2-c2ccccc2Cl)N=C(N)N1,-5.0
Cc1cc(-c2cc3c(cc2F)c(=O)c(C(=O)O)cn3C2CC2)cc(CO)n1,4.058893689053568
Cc1nc2c(=O)n(C3CC3)c3c(Cl)c(N4CCC(C(C)N)C4)c(F)cc3c2o1,1.0
O=C(C=Cc1cnc2ccccc2n1)c1ccc(Br)cc1,-4.643856189774724
CCc1ccc(C(=O)N2CCN(Cc3cn(-c4cc(C)nc5ccc(OC)cc45)nn3)CC2)cc1,-1.6415460290875237
NCC1OC(OC2C(CO)OC(OC3C(O)C(N)CC(N)C3OC3OC(CO)CCC3N)C2O)C(N)C(O)C1O,-4.321928094887363
N#Cc1ccc2nc(NC(=O)CSc3nnc(Cn4cnc5ccccc54)o3)sc2c1,-4.643856189774724
CCc1ccc(C(=O)Nc2ccc(N)cc2O)cc1,-2.963474123974886
CC(=O)N1CCN(c2ccc(N3CC(CN(C(=O)OC(C)C)C(=O)C(C)C)OC3=O)cc2F)CC1,-5.0
CC1C(N)CN1c1cc2c(cc1F)c(=O)c(C(=O)O)cn2-c1ccc(F)cc1F,4.058893689053568
CCN(CC)c1ccc2cc(C(=O)Nc3c(C(=O)O)cnn3-c3ccc(Cl)cc3)c(=O)oc2c1,-2.0
COC1CN(c2nc(C(=O)O)c(C(N)=O)s2)CCC1NC(=O)c1[nH]c(C)c(Cl)c1Cl,-0.0
O=C(O)C(Cc1cc(Br)c(OCCC[n+]2ccccc2)c(Br)c1)=NO,-5.0
c1ccc(-c2nc3sc4ccccc4n3c2COCCCn2cncn2)cc1,-4.0
CON=C1CCN(c2c(F)cc3c(=O)c(C(=O)O)cn(C4CC4)c3c2OC)CC1NC(=O)C(N)CO,-4.0
CS(=O)(=O)Nc1cccc(-c2nc3ccccc3n2Cc2ccc(C(F)(F)F)cc2)c1,-4.0
Cc1ccccc1NC(=S)NNC(=O)c1cc([N+](=O)[O-])c[nH]1,-0.6415460290875237
COC(=O)N1CCC(CCCO)(Cc2cccc(C(CC#N)Nc3nc4nc(C)ccc4[nH]3)c2)CC1,2.0
COc1cccc(C=NNC(=O)CCC(C)C2CCC3C4C(O)CC5CC(O)CCC5(C)C4CC(O)C23C)c1OC,-1.9671686075326276
CCCCOC(=O)C1CC(c2[nH]c(CCCC)nc2Cl)N(c2ccccc2)O1,-3.321928094887362
O=[N+]([O-])c1cn(CCN(CCBr)Cc2ccc(F)cc2F)cn1,-5.0
CCOc1ccccc1N1CCN(Cn2nc(C(C)c3ccc(CC(C)C)cc3)oc2=S)CC1,-4.643856189774724
Cc1[nH]c(C(=O)N(C)c2nc3c(OCc4ccccc4)cc(C(=O)O)cc3s2)c(Cl)c1Cl,3.0
CCOC(=O)C(C)SC1=C(NCCO)C(=O)c2ccccc2C1=O,-1.6415460290875237
CCc1[nH]c2nc(Sc3cnc4nccnc4c3)nc(N3CC4CNC4C3)c2c1Cl,-0.0
Cc1ccc(C(O)(CNC2CCN(c3c(F)cc4c(=O)c(C(=O)O)cn(C5CC5)c4c3Cl)C2)Cn2cncn2)cc1,-0.0
CCCCCNc1nc2c(-c3cccc(F)c3)nc3ccccc3c2o1,-2.643856189774725
CN(C)C1C(O)=C(C(N)=O)C(=O)C2(O)C(O)=C3C(=O)c4c(O)c(NC(=O)CN5CCCCC5)cc(F)c4CC3CC12,-0.0
NC(=O)c1ccc2c(n1)nc(NCc1ccccc1Cl)n2C1CCc2ccccc21,0.3219280948873623
C#CCOCCCCCCOc1ccc(-c2nc3ccc(N4CCN(C)CC4)cc3[nH]2)cc1,-4.0
CC(O)C(NC(=O)c1ccc(C#Cc2ccc(C=NN3CCS(=O)(=O)CC3)cc2)cc1)C(=O)NO,-0.0
CN(C)CCNC(=O)c1cc(NC(=O)c2cc(NC(=O)c3ccc(C=Cc4cnc5ccccc5c4)cc3)cn2C)cn1C,-5.0
CC(C)CCOc1ccccc1-c1ccccc1OCc1cn(C(CCCCN)C(=O)NCCc2ccc(F)cc2)nn1,-5.0
Oc1ccc(C(Cc2ccc(Cl)cc2)=Nc2ccc(Cl)cc2)c(O)c1O,-3.643856189774725
COc1cc(O)cc(C)c1-c1cc(O)c(Cl)c2cc3c(c(O)c12)C(=O)c1c(O)cc(O)cc1C3(C)C,-2.643856189774725
O=C([O-])C(F)ON1C(=O)N2CC1CCC2[S+]([O-])CC(O)CO,-5.0
CC(O)C1C(=O)N2C(C(=O)O)=C(SC3CNC(Cc4cn(C)[n+](C)c4)C3)C(C)C12,2.321928094887362
CC(C)c1ccc(C2CN(c3nc4c(cc3F)c(=O)c(C(=O)O)cn4C3CC3)CC2N)cc1,1.3219280948873622
Cc1ccc(C=Cc2cc(-c3ccc(C(C)(C)C)cc3)[n+](C)cc2-c2ccccc2C)cc1,-3.0
O=C(NN=Cc1ccccc1[N+](=O)[O-])c1cc(-c2ccc(Cl)cc2)n[nH]1,-3.0
CCCCCCCCCN1CCCc2cc(OCCCCCCCCNC(=N)N)ccc21,-4.643856189774724
COc1cc(S(=O)(=O)N2CCCCC2)ccc1-n1cnc2c(=O)[nH]c(N)nc21,-5.0
CNCCNc1c(C(=O)Nc2ccc(C(=O)O)cc2)c(=O)[nH]c2c(NC)cc(F)cc12,-3.0
Clc1cccc(CON=C2c3cccc(Br)c3CCC2Cn2cncn2)c1,-1.6438561897747246
CCNC(=O)Nc1cc2c(-c3ccnc(C)c3)ccc(Nc3ccc(C)nc3)c2cn1,1.0
O=C(COC(Cn1nncc1CO)c1ccc(C#Cc2ccccc2)cc1)NO,-0.0
COc1ccc(Br)c(C(=O)NN=Cc2ccc(C)cc2)c1,-2.643856189774725
CCS(=O)(=O)C1=C(C(=O)O)N2C(=O)C(NC(=O)C(=NOCCBr)c3csc(N)n3)CN2C1,4.058893689053568
COc1cccc(-c2nn(-c3ccc([N+](=O)[O-])cc3[N+](=O)[O-])cc2C=NNC(=N)N)c1,-2.0
CCCC(=O)N1CC(=O)C(=C(CC23CC4CC(CC(C4)C2)C3)NCCCN2CCCCC2C)C1=O,-5.0
Nc1cc2c(=O)c(C(=O)O)cn(C3CC3)c2cc1N1CCC2=C(C1)C(=NO)CCS2,-1.0
COc1ccc2cc1Oc1cc(ccc1OC)CCC(NCCc1ccccc1F)CCCC2,-4.643856189774724
NCCCC(=O)NC1C(CN)OC(OC2C(N)CC(N)C(OC3OC(CO)C(O)C(N)C3O)C2O)C(N)C1O,-0.0
CN1CCN(c2cc3c(cc2F)c(=O)c(C(=O)O)cn3-c2ccc(O)cc2)CC1,4.321928094887363
CN1CCN(c2cc3c(cc2F)c(=O)c(C(=O)O)c2n3C(c3ccc(F)cc3F)S2)CC1,1.3584539709124763
Cc1ccc(-n2cc(CN3CCN(c4cc5c(cc4F)c(=O)c(C(=O)O)cn5C4CC4)CC3)nn2)cc1,3.0588936890535687
O=C(Nc1cc(Cl)ccc1C(=O)O)c1ccc(-c2ccccc2)cc1,-1.584962500721156
COC(=O)CCCC1C2CCCN3CCCC(CN1C(=O)c1cc4ccc(Cl)cc4n1Cc1cccc([N+](=O)[O-])c1)C23,0.06793882865657556
COc1ccc(C=NN2C(=O)c3cccc4cccc(c34)C2=O)cc1OC,-4.954196310386875
Cc1ccc(C(=O)n2c(-c3cn(-c4ccccc4)nc3-c3ccc(C)cc3)nc3ccccc32)cc1,-1.9634741239748859
O=C(O)C1CCCN1C(=O)c1cnc2cc(C(F)(F)F)ccc2c1O,-4.643856189774724
Cc1c(N2CCN(C)CC2)c(F)cc2c(=O)c(C(=O)O)cn(C3CC3)c12,5.965784284662087
CCn1cc(C(=O)O)c(=O)c2cc(F)c(N3CC(C)(N)C3)c(Cl)c21,5.058893689053568
C=CCn1c[n+](CC=C(C)CCC=C(C)CCC=C(C)CCC=C(C)C)c2c(=NOC)[nH]cnc21,-5.0
COc1c(N2CC[N+]3(CN4C(=N3)C(C(=O)O)=Cc3ccccc34)C(C)C2)c(F)cc2c(=O)c(C(=O)O)cn(C3CC3)c12,3.0
CC(=O)C1=C(O)C(N)C2Cc3c(c(O)c4c(O)c(C)ccc4c3C)C(=O)C2(O)C1=O,-1.0
N=C(N)NN=Cc1cn(-c2ccc([N+](=O)[O-])cc2[N+](=O)[O-])nc1-c1ccccc1,-3.0
COc1cccc2c1OCC(c1nnn(Cc3cn(Cc4ccccc4)nn3)n1)=C2,-3.2479275134435857
COc1ccc2cc(C=Nn3c(Cc4ccc(S(C)(=O)=O)cc4)n[nH]c3=S)ccc2c1,-2.643856189774725
CCOC(=O)c1cn(CC2CC2)c2cc([C-](C#N)C(=O)OCC)c(F)cc2c1=O,-2.0
CCc1cc(O)c(Oc2ccc(C#N)cc2F)cc1F,-0.0
O=C1OC(c2ccc(Cl)cc2)=CC1=Cc1ccc(F)cc1,-3.643856189774725
Cc1c(N2CCCC(C)C2)c(N)cc2c(=O)c(C(=O)O)cn(C3CC3)c12,5.058893689053568
Fc1cc(CN2COc3c(cc(F)c4cccnc34)C2)cc(F)c1F,-4.643856189774724
CC(O)C(NC1CCCCc2cc(C#Cc3ccccc3)ccc21)C(=O)NO,-4.0
O=c1c2nc([N+](=O)[O-])cn2ccn1Cc1cccc(C(F)(F)F)c1,-5.0
Cc1cn(CC2CN(c3ccc(N4CCN(C(=O)CNC(=O)c5ccc([N+](=O)[O-])o5)CC4)c(F)c3)C(=O)O2)nn1,-4.0
CCn1cc(C(=O)O)c(=O)c2cc(F)c(N3CCN(c4nnc(SCc5cccc([N+](=O)[O-])c5)s4)CC3)cc21,-4.0
NC(C(=O)NC1C(=O)N2C(C(=O)O)=C(Cc3cncc(C(=O)O)c3)CSC12)c1ccccc1,-3.643856189774725
O=c1oc2ccccc2cc1-c1ccc(-c2cn3nc(Cc4noc5ccccc45)sc3n2)cc1,-1.8073549220576042
COc1c(-c2cc3n(c2)CCNC3C)c(F)cc2c1N(C1CC1)CC(C(=O)O)C2=O,-1.0
CCCCCn1n[n+](C)c2c1C(=O)c1ccccc1C2=O,-3.0
CC(=NNC1=NCCN1)c1cnn(-c2ccc(C#Cc3ccccc3)cc2)c1C,-2.0
Nc1ncn(C2OC(CO)C(O)C2O)c(=O)n1,6.643856189774724
O=C(NN=Cc1c(O)ccc2ccc(=O)oc12)c1ccc([N+](=O)[O-])cc1,-2.0
CCCCCC(CC(=O)NO)C(=O)NC(C(=O)N1CCCC1CO)C(C)C,3.0
Cc1cc(=O)oc2cc(N=C3SC(=Cc4ncc[nH]4)C(=O)N3CCO)ccc12,-5.0
Cc1ccccc1-[n+]1ccc(NC2C(=O)N3C(C(=O)[O-])=C(CSc4nnnn4C)CSC23)cc1,-1.0
COC1CCCC2C1=C(C(=O)[O-])N1C(=O)C(C(C)O)C21,4.351074440546879
Cn1cccc1C=NNC(=O)c1cnc2c(C(F)(F)F)cccc2c1O,3.321928094887362
CCOC(=O)C1=C(N)OC(C)=C(C(C)=O)C12C(=O)Nc1ccc(S(=O)(=O)N3CCCCC3)cc12,-4.151371776253954
CC(C)C(O)CCC(C)C1CC(O)C2C3CC(O)C4CC(O)CCC4(C)C3CCC12C,-4.643856189774724
CC(C)c1ccc(-c2cc(-c3ccc(Cl)cc3)nc(OCc3cn(CC(=O)O)nn3)c2C#N)cc1,-3.263034405833794
CC1c2cccc(O)c2C(=O)C2=C(O)C3(O)C(=O)C(C(N)=O)=C(O)C(N(C)C)C3C(O)C21,3.965784284662087
Cc1ccc2c(c1)c(=O)c(C(=O)O)cn2CC(O)Cn1cncn1,-5.0
CC1CC(C)CN(c2nc(Nc3ccc(C#N)c(C(F)(F)F)c3)nc(Oc3ccnc4ccccc34)n2)C1,-3.643856189774725
Fc1cc2c(c3ncccc13)OCN(CCCc1ccccc1)C2,-2.643856189774725
C[n+]1cc(-c2ccccc2)c(C=Cc2ccc(F)cc2)cc1-c1ccc(C(C)(C)C)cc1,-3.0
COc1cc(O)c(-c2cc(OC)c(Cl)c3c2C(=O)C2(O)C(=O)c4c(O)cc(O)cc4C(C)(C)C2C3)c(C)c1Cl,-0.6415460290875237
COc1c(N2CCC(C(C)(C)NCCF)C2)c(F)cc2c(=O)c3c(=O)[nH]sc3n(C3CC3)c12,4.058893689053568
Cc1ccc(NC(=O)Nc2nc(C(C)(C)C)c(C#N)s2)cc1C,-1.0
Cc1ccc(Nc2c3ccccc3[n+](C)c3c2[nH]c2ccccc23)cc1,-3.0
CC1COc2c(N3CCOC(CN)C3)c(F)cc3c(=O)c(C(=O)O)cn1c23,-1.6461626571578936
O=c1[nH]sc2c1c(=O)c1cc(F)c(-c3cncc(C4CCCN4)c3)cc1n2C1CC1,3.0588936890535687
Cc1nc2c(=O)n3c4c(c(N5CCC(CN)C5)c(F)cc4c2o1)OCC3C,-1.0
CCn1cc(C(=O)O)c(=O)c2cc(F)c(N3CCN(CC(=NNc4ccccc4)c4ccc(C)cc4)CC3)cc21,-4.643856189774724
COc1cc2c(OC)cc1C[n+]1ccn(c1)Cc1ccc(cc1)S(=O)(=O)c1ccc(cc1)Cn1cc[n+](c1)C2,-4.906890595608519
O=C(O)c1cn(C2CC2)c2c(F)c(N3CC(O)C3)c(F)cc2c1=O,4.058893689053568
CSc1ccc(OCc2nnc3sc(-c4ccc(C)cc4)nn23)cc1,-2.643856189774725
NC(=O)NN=Cc1ccccc1OCc1cn(-c2ccc(F)cc2)nn1,-4.643856189774724
N#Cc1cnn(-c2ccc(Cl)cc2)c1NC(=O)c1cc2cc([N+](=O)[O-])ccc2oc1=O,-2.0
O=C(O)CCCN1C(=O)C(=Cc2ccc(-c3cccc(Cl)c3)o2)SC1=S,-4.0
Nn1c(Sc2ccc(Br)cc2)nnc1-c1ccccc1,-3.321928094887362
N#Cc1ccc2c(ccc(=O)n2CCNC2CCC3C(C2)OC(=O)N3c2ccc3c(n2)NC(=O)CO3)c1,4.058893689053568
CCCCCC=CCC=CCCCCCCCCNC(=N)NCCCCNC(=N)N,-2.0
O=c1oc2c(Cl)cc(Cl)cc2cc1-c1nc2ccccc2c2nc3ccccc3n12,-3.321928094887362
COc1c(N2CCC(N)C2)c(F)cc2c(=O)c(C(=O)O)cn(C=CF)c12,6.321928094887363
Cc1ccc(-n2cc(C(=O)O)c(=O)c3cc(F)c(N4CC(C)NC(C)C4)cc32)c(C)c1,-1.632268215499513
Brc1ccc(-c2nc3sc(Cc4noc5ccccc45)nn3c2Br)cc1,-1.0
O=c1[nH]c(=S)[nH]c2c1C(c1ccc(Cl)cc1)c1c(-c3ccccc3)nn(-c3ccccc3)c1N2,-2.0
CCCc1cc(Cc2cnc(N)nc2N)cc(CC)c1O,-3.321928094887362
COc1cc(Cl)c(CC(=O)NO)cc1OC,-5.0
CCN(CC)[c+]1sc2c(s1)C(c1ccc(Cl)cc1)Oc1ccc(Cl)cc1-2,-1.9634741239748859
Cc1ccc(-c2nc3ccc(-c4nc5ccc(Br)cc5[nH]4)cn3c2Nc2ccccc2)cc1,-1.6690267655096307
CCOc1ccc2nc(NC(=O)CSc3nnc(Cn4cnc5ccccc54)o3)sc2c1,-4.643856189774724
CC(=O)NCC1CN(c2ccc(-c3nnc4ncccn34)cc2)C(=O)O1,-4.0
CCc1ccc(C(=O)Nc2ccc(-c3nc4ccccc4s3)cc2)cc1,5.965784284662087
Cc1cc(=O)oc2cc(N=C3SC(=Cc4ccc[nH]4)C(=O)N3CCO)ccc12,-1.0
Cc1c(N2CCC(C(C)N)C2)c(F)cc2c(O)cc(=O)n(C3CC3)c12,-4.0
Nc1nc(N)c2c(ccc3c2ccn3Cc2ccccc2F)n1,8.965784284662087
O=C(NCC1CN(c2ccc(N3CC4(COC4)C3)c(F)c2)C(=O)O1)c1cccnc1,-3.058316495590823
CC1C(=O)CC(c2ccc(Cl)cc2)N(C(=O)CCl)C1c1ccc(Cl)cc1,-4.643856189774724
Nc1nc(C(=NOCC(=O)O)C(=O)NC2C(=O)N(S(=O)(=O)O)C2Cn2cncn2)cs1,3.0
NC(=O)OCC1C(NC(=O)C(=NOCC(=O)O)c2csc(N)n2)C(=O)N1S(=O)(=O)O,5.011587974275212
O=C(NN=Cc1ccc(C(F)(F)F)cc1)c1ccc(-c2nc3ccccc3[nH]2)cc1,-4.643856189774724
CC(O)C(NC(=O)N1CCN(c2ccc(C#Cc3ccc(Cl)cc3)cc2)CC1)C(=O)NO,-0.6415460290875237
C=CC1(C)CCC2C(C)(C)c3cccc4[nH]c5c(c34)C2(O)C1(C#N)C1OC1C5(C)C,-1.3219280948873624
CC(=O)Nc1ccc(S(=O)(=O)C(C#N)=Cc2cn(CC3CCCCC3)c3ccccc23)cc1,-5.0
O=C1C(Cl)C2(C(=O)Nc3c(Br)cc(Br)cc32)N1c1ccccc1,-3.643856189774725
CCCCc1ccc(C(=O)NCCc2c[nH]c3ccccc23)cc1,4.0
CS(=O)(=O)c1ccc(Cc2n[nH]c(=S)n2N=Cc2ccc(Cl)cc2)cc1,-3.643856189774725
CCCCCCCCCc1ccccc1C(=O)NS(=O)(=O)CCC(F)(F)F,2.0
O=C(O)c1cn(C2CC2)c2nc(-c3ccncc3)c(F)cc2c1=O,3.321928094887362
Cc1ncc([N+](=O)[O-])n1CCOC(=O)c1ccccc1OCc1cc(Cl)ccc1Cl,-1.6461626571578936
Fc1ccc(-c2nnc(CN3CCc4ccsc4C3)o2)cc1,-4.643856189774724
CC1(C)SC2C(NC(=O)Cc3ccccc3)C(=O)N2C1C(=O)O,3.365871442474959
CCOC(=O)c1cn(CC2CO2)c2c(F)cccc2c1=O,-4.0
CCNC1CC(N)C(OC2OC(CN)=C(SCC)CC2N)C(O)C1OC1OCC(C)(O)C(NC)C1O,-3.0
Cc1ncc([N+](=O)[O-])n1CCSc1nnc(-c2ccnc(N)c2)o1,-1.6461626571578936
CCOC(=O)C1=C(C)N=c2sc(=Cc3ccc(F)cc3)c(=O)n2C1c1ccc(SC)cc1,-3.643856189774725
C=C1CC(C(=O)Nc2ncc(C)s2)N(C(=O)C(CCCC)CN(O)C=O)C1,-5.0
O=c1c2ccccc2c2ccccc2c(=O)n1-c1ccc([N+](=O)[O-])cc1[N+](=O)[O-],-2.0
CSc1ccc(Cc2nn(CN3CCN(C)CC3)c(=S)n2N=Cc2ccc(Cl)cc2)cc1,-3.643856189774725
O=c1cc(Cl)sn1-c1ccccc1,0.7369655941662062
COC(=O)CC(=O)Nc1nc2c(s1)CC(NC(=O)c1cc(Cl)c(Cl)[nH]1)CC2,-5.0
CCn1cc(C(=O)OC)c(=O)c2cc(F)c(N3CCNCC3)cc21,-3.643856189774725
N=C(N)NCCNC(=O)C1C2CC(C3OC(CCCCCCCCCCCN)OC23)C1C(=O)NCCNC(=N)N,-5.0
CCn1cc(C(=O)O)c(=O)c2cc(F)c(N3CCN(Cc4nc5ccc(Br)cc5[nH]4)CC3)cc21,-4.0
Cc1ncc([N+](=O)[O-])n1CC(C)OC(=O)C=Cc1ccccc1Br,-4.643856189774724
CSc1ccc(N(CCCCCC2CCCCC2)c2ccc[n+](C)c2)cc1,-4.321928094887363
O=C1CN(N=Cc2ccc([N+](=O)[O-])o2)C(=O)N1,-1.0
CON=C(C(=O)NC1CN(S(=O)(=O)[O-])C1=O)c1csc(N)n1,1.3219280948873622
CC(O)C1C(=O)N2C(C(=O)O)=C(CN3CCC(C(N)=O)CC3)SC12,-1.0
COC1C2=C(O)C3C4C(Oc5ccc(cc5)CC1(O)NC2=O)C1C(C)CC(C)CC1C4C(C)=C1C(C)C(C)=CC13C,3.321928094887362
O=[N+]([O-])CBr,-0.0
COc1ccc(-c2csc(NN=Cc3c(-c4ccc(Cl)cc4)nc4sc(C)nn34)n2)cc1,-4.643856189774724
NCc1cccc(NCc2cc(-c3ccc(C(=O)O)c(O)c3)ccn2)c1,-2.0
O=S(=O)(Nc1ccc(-c2cc(Nc3cccc(C(F)(F)F)c3)ncn2)cc1)c1ccccc1OC(F)(F)F,-4.321928094887363
NC(Cc1c[nH]c2ccccc12)C(=O)Oc1ccc2c(=O)c3ccccc3oc2c1,-3.9068905956085187
O=c1c(C=C(c2ccc([N+](=O)[O-])cc2)c2nnn[nH]2)coc2c(Cl)cc(Cl)cc12,-5.0
CCNCC1(C)CN(c2c(F)cc3c(=O)c(C(=O)O)cn4c3c2OCC4C)C1,2.0
CCCN(CCC)CCCOc1cc(O)c2c(=O)cc(-c3ccccc3)oc2c1,-4.643856189774724
Cc1ccc2c(C3CC(=O)Oc4[nH]nc(C)c43)cc(=O)oc2c1,-3.643856189774725
O=C1NC(=O)C(c2c[nH]c3ccccc23)=C1c1ccc(O)c([N+](=O)[O-])c1,-1.584962500721156
COc1ccc2ncc(F)c(CCN3CCC(C(N)Cc4ccc5c(c4)OCCO5)CC3)c2n1,-3.0
Nc1ccnc2ccccc12,-3.849999259466098
CC(C)=CCc1c(OC2CCCCC2)cc(C=Cc2ccc(C(F)(F)F)cc2)c(C(=O)O)c1O,-5.0
OC1COC(Oc2cc(Cl)ccc2Oc2ccc(Cl)cc2Cl)C(O)C1O,1.0
CCCCCCCCCNC1=NC(C)(C)NC(NCCc2ccccc2)=N1,-3.643856189774725
C#CCN(C)Cc1cc2cc(OCCCC3CCN(Cc4ccccc4)CC3)ccc2[nH]1,-5.0
O=C(NNC(=S)NCc1ccccc1)c1cc([N+](=O)[O-])c[nH]1,-1.6438561897747246
CCNCC1CCN(c2c(F)cc3c(=O)c(C(=O)O)cn(-c4nccs4)c3c2F)C1,-0.6780719051126377
O=c1cc(NCCCN2CCN(c3nccc4ccccc34)CC2)c2ccccc2o1,-2.0
O=C(NC(Cc1ccccc1)C(=O)O)c1cnc2cc(C(F)(F)F)ccc2c1O,-4.643856189774724
CC(=O)OCC1=C(C(=O)O)N2C(=O)C(NC(=O)CS(=O)(=O)C(F)(F)F)C2SC1,-2.6322682154995127
O=C1C(Cl)C(c2ccccc2[N+](=O)[O-])N1N=CCCn1nnc2ccccc21,1.0
Cc1ccc(C=CC(=O)c2ccc(-n3cccc3)cc2)cc1,-3.643856189774725
COc1ccc(N2CCN(CC#CCOC(=O)c3sc4ncnc(N5CCOCC5)c4c3C)CC2)cc1,3.0588936890535687
CON=C1CN(c2nc3c(cc2F)c(=O)c(C(=O)O)cn3C2CC2)CC1(C)CNC1CC1,1.0
C=CCN1Cc2csc3c(C(=O)O)c(=O)c4cc(F)c(N5CCN(C)CC5)c1c4n23,1.3584539709124763
CON=C1CCN(c2cc3c(cc2F)c(=O)c(C(=O)O)cn3C2CC2)CC1(C)CN,-0.6443177783375773
CNC1CN(c2cc3c(cc2F)c(=O)c(C(=O)O)cn3-c2ccc(F)cc2)CC1NC,1.0
CN1CCc2c([n+]([O-])c3ccccc3[n+]2[O-])C1=O,0.3584539709124763
CC(O)C1C(=O)N2C(C(=O)O)=C(SC3CNC(Cc4c[n+](CC(N)=O)cn4C)C3)C(C)C12,3.321928094887362
O=C(Nc1ccc(Oc2cc3ccccc3cc2Cl)c(Cl)c1)c1cc(Cl)cc(I)c1O,-3.0
C#CC#CC#CC#CC=CC(O)CCCCC(=O)O,0.3219280948873623
CN(C)C1=NC(c2ccc3cc(OCc4ccc(Cl)cc4)ccc3c2)N=C(N)N1,-0.0
Cc1ccnc(-c2cc3c(cc2F)c(=O)c2c(=O)[nH]sc2n3C2CC2)c1,2.0
CCn1cc(C(=O)O)c(=O)c2cc(F)c(-n3cccc3)c(F)c21,-1.6461626571578936
Cn1ccnc1SCC(O)CN1C(=O)C(=NNc2ccc([N+](=O)[O-])cc2)c2ccccc21,-5.0
CC(C)=CCCC(C)=CCn1cc(CC(=O)NCCCN(C)C)c2ccccc21,-3.643856189774725
Cc1ccc(OCc2ccccc2-c2nn(CNc3ccc(Cl)cc3C(=O)C(F)(F)F)c(=S)o2)cc1,-4.643856189774724
N=C(N)NN=Cc1ccc(C#CC#Cc2ccccc2Cl)cc1,-3.0
Cc1ncc([N+](=O)[O-])n1CC(C)OC(=O)C=Cc1cccc2ccccc12,-4.643856189774724
CC1(C)CCc2c(C(=O)N3CCOCC3)cc3c(OCCCOc4cccc(C(=O)O)c4)cccc3c2O1,6.965784284662087
Nc1cccc(-c2nc3ccccc3n2Cc2ccc(C(F)(F)F)cc2)c1,-3.0
CCn1cc(C(=O)O)c(=O)c2cc(F)c(N3CCN(CCN)CC3)nc21,-2.655351828612554
COc1ccc2ccc(=O)n(CC(O)C3CCC(NCc4cc5c(cn4)OCCS5)CO3)c2n1,-2.0
NC1CC(N)C(OC2OC(CO)C(O)C(O)C2N)C(OC2OC(CO)C(O)C2O)C1O,-1.584962500721156
O=C(O)c1ccccc1N1Cc2ccccc2C1=O,-1.3219280948873624
CCn1cc(C(=O)O)c(=O)c2cc(F)c(N3CCNC(=O)C3)cc21,1.3584539709124763
CCCCCCCCCCCCCCCC1CC(=O)NCCCN(C)CCCCN(C)CCCN1C,-4.584962500721156
O=C(NCCN=Cc1cc(I)ccc1O)c1ccccc1O,-4.643856189774724
N=C(N)c1ccc(NC(=O)CCC(=O)Nc2ccc(N)cc2)cc1,-3.0
COc1ccc(Cn2cnc3c(-c4ccco4)nc(OC)nc32)cc1,-5.0
O=C1CSC2(CCCCC2)N1c1ccc(F)cc1,3.0
Cc1cc(-c2cc3c(cc2F)c(=O)c(C(=O)O)cn3C2CC2)cc(CN(C)C)n1,4.058893689053568
CNCC1CCN(c2c(F)c(N)c3c(=O)c(C(=O)O)cn(C4CC4)c3c2F)C1,8.380821783940931
O=C(CC1SC(=O)NC1=O)Nc1nnc(C(F)(F)F)s1,-5.0
CC(=O)c1ccc2c(c1)N(C(=O)CN1C(=O)c3ccccc3C1=O)c1ccccc1S2,-3.321928094887362
CC(C)(C)c1cc(NC(=O)c2ccc(C(=O)NCCNC(=N)N)cc2)cc(C(C)(C)C)c1,-3.0
O=C(NO)C(OCc1ccc(C#Cc2ccc(CN3CCOCC3)cc2)cc1)C(O)COCc1ccccc1,3.0
Cc1c(N2CCc3ccccc3C2)c([N+](=O)[O-])cc2c(=O)c(C(=O)O)cn(C3CC3)c12,-2.0
COC(=O)C12COC(C(C)(C)C)N1C(=O)C(=C(CCCOc1ccccc1)NCCCOC(C)C)C2=O,-5.0
COc1ccc(C2=NN(C(C)=O)C(c3ccccc3Cl)C2)cc1,-2.643856189774725
O=C(O)c1cn(C2CC2)c2cc(N3CCCCCC3)c(F)cc2c1=O,-1.0
N=C(N)NCCCCOc1ccc2c(c1)CCCN2CCCC(F)(F)F,-4.643856189774724
O=C(O)CNC(=O)c1ccc(NC(=S)NNS(=O)(=O)c2ccccc2)cc1,-2.643856189774725
CC(=O)c1ccc2c(c1OCCCN(CCCN(C)C)CCCN(C)C)C=CC(C)(CCC=C(C)C)O2,-4.0
O=C(O)C(CCl)NC(=O)C1CCCN1,-2.643856189774725
CN(C(=O)C(N)CCCN)C(Cc1ccccc1)Cc1ccccc1,-5.0
COc1ccc(N=Cc2ccc(OC(C)=O)c(OC)c2[N+](=O)[O-])cc1,-0.6415460290875237
CCN(CC)[c+]1sc2c(s1)C(c1ccc(I)cc1)Oc1ccc(F)cc1-2,-1.9634741239748859
CC(O)C1C(=O)N2C(C(=O)[O-])=C(Sc3nc(-c4ccc[n+](CC(N)=O)c4)cs3)C(C)C12,1.3584539709124763
CC1CCN(c2cc(C=Cc3ccc(N(C)C)cc3)[n+](C)c3ccccc23)CC1,-3.0
CCCCCCCCCCCNCC(OC1OC(CN)C(O)C1O)C1OC(n2ccc(=O)[nH]c2=O)C(O)C1O,-1.3219280948873624
CCc1ccc(CCOc2ccc(C3=NOC(C(=O)OC)C3)cc2)nc1,-4.584962500721156
CC(O)C(NC(=O)N1CCN(c2ccc(C#Cc3ccncc3)cc2)CC1)C(=O)NO,0.3219280948873623
COc1c(N2CCC(N)(C(F)(F)F)C2)c(F)cc2c(=O)c(C(=O)O)cn(C3CC3)c12,7.380821783940931
CCn1cc(C(=O)O)c(=O)c2cc(F)c(N3CCN(Cc4nc5ccccc5n4Cc4ccccc4Cl)CC3)cc21,-1.0
CNC1C(O)C(OC2C(N)CC(N)C(OC3OC(C(C)O)C(O)C(O)C3N)C2O)OCC1(C)O,2.0
Cc1ncc(CN2CCN(c3cc4c(cc3F)c(=O)c(C(=O)O)cn4C3CC3)CC2)c(CO)c1O,1.0
c1ccc2c(c1)cc1c3ccccc3nc(-c3ccc(-c4ccncc4)cc3)n21,-4.643856189774724
CSC(=S)NNC(=O)c1ccc(-n2c3c(c4ccccc42)CCCC3)cc1,-4.643856189774724
NCCNCC(CN)(Cc1cc(C(F)(F)F)cc(C(F)(F)F)c1)Cc1cc(C(F)(F)F)cc(C(F)(F)F)c1,-2.0
CC1(N)CN(c2c(F)cc3c(=O)c(C(=O)O)cn(-c4ccc(F)cc4)c3c2Cl)C1,5.058893689053568
COc1ccc(OCCCOc2cccc3c4c(c(C(=O)N5CCOCC5)cc23)CCC(C)(C)O4)cc1,5.965784284662087
CC(C)(O)C(NC(=O)N1CCC(c2ccc(-c3ccccc3)cc2)CC1)C(=O)NO,2.321928094887362
[N-]=[N+]=NCc1ccc(F)c(B(O)O)c1,4.058893689053568
CCSCC(NC(C)=O)C(=O)Oc1cc(C(C)C)ccc1C,-3.321928094887362
COC(=O)C1=C(c2ccsc2C)OC(C)(C=CCCC(C)O)C1=O,-1.8073549220576042
O=C1NC(=O)C2(Cc3cc(-c4ccc(N5CC(CO)OC5=O)cc4F)ccc3N3CCCC32)C(=O)N1,-2.0
Cc1ccc(S(=O)(=O)N2C(=O)C(Cl)C2c2ccccc2F)cc1,-2.0
Cc1cc(NCC(N)c2ccncc2)n2nc(NC(CC#N)c3cccc(Cl)c3)nc2n1,-2.0
CC(=O)NN=C(C)C1=C(O)C(N)C2Cc3c(c(O)c4c(O)c(C)ccc4c3C)C(=O)C2(O)C1=O,-3.643856189774725
O=C1c2cccc(O)c2C(=O)c2c(O)cc(Cn3ccnc3[N+](=O)[O-])cc21,-5.0
CC1CN(c2cc3c(cc2F)c(=O)c(C(=O)O)cn3C2CCC2)CC(C)N1,1.3219280948873622
CC(O)C1C(=O)N2C(C(=O)O)=C(SC3COC(CN)C3)C(C)C12,4.058893689053568
CC1=NN(C(=O)c2sc3ccccc3c2Cl)C(=O)C1=NNc1ccc(Cl)cc1C,-2.584962500721156
CCn1nnnc1SCCC(=O)N1CCN(c2cc3c(cc2F)c(=O)c(C(=O)O)cn3C2CC2)CC1,-3.963474123974886
O=C(NCCn1[se]c2ccccc2c1=O)OCc1ccccc1,-4.0
C=CCOc1cccc2c1c1ccccc1n2Cc1nnc(S)o1,2.0
CN(C)c1ccc(C(=O)Nc2cc(F)c3c(c2O)C(=O)C2=C(O)C4(O)C(=O)C(C(N)=O)=C(O)C(N(C)C)C4CC2C3)cc1,-5.0
C=CCC(Nc1ccc(F)cc1F)c1ccc(F)cc1F,-0.6897464384935557
COc1cc(F)c2nccc(C(O)C(O)C3CCC(NCc4ccc5c(n4)NC(=O)CS5)CO3)c2c1,7.965784284662087
COC1COC2(CN(c3ncc(C(=O)O)s3)CCC2NC(=O)c2[nH]c(C)c(Cl)c2Cl)OC1,-0.0
Cc1nnc(SCC2=C(C(=O)O)N3C(=O)C(NC(=O)C(N)c4ccc5c(c4)CCO5)C3SC2)s1,-3.643856189774725
CC(=Nc1ccc(Br)cc1)C1=C(O)C(N)C2Cc3c(c(O)c4c(O)c(C)ccc4c3C)C(=O)C2(O)C1=O,-4.643856189774724
O=C(O)c1cn(C2CC2)c2nc(N3CCC(n4cc(-c5ccccc5)nn4)CC3)c(F)cc2c1=O,-5.0
CC(C)=CCc1c(OCc2ccccc2)cc(C=Cc2ccc(F)cc2)c(C(=O)O)c1O,-5.0
CCCC(N)C(=O)NC(CCl)C(=O)O,-0.6415460290875237
CC1C(N)CN1c1c(F)cc2c(=O)c(C(=O)O)cn(C(C)(C)C)c2c1F,2.0
CCC(=O)NNc1ccc(Cl)cc1,-4.0
O=C(CNc1ccc(O)cc1)N1CCC2C1C(=O)N2S(=O)(=O)[O-],-3.0
Cc1ccc2oc(=O)c(C(=O)Nc3c(C(=O)O)cnn3-c3ccccc3)cc2c1,-5.0
COc1ccc2nc(C)cc(N3CC(CNC(=O)c4ccc(Cl)cc4)OC3=O)c2c1,-1.6438561897747246
Oc1ccc(C(Cc2ccc(Cl)cc2)=Nc2ccc(Cl)cc2)c(O)c1,0.3584539709124763
CON=C1CN(c2nc3c(cc2F)c(=O)c(C(=O)O)cn3C2CC2)CC1CN(C)C,3.9885043611621707
O=C(c1cccnc1)N1CCN(c2ccc(N3CC(Cn4ccnn4)OC3=O)cc2F)CC1,-3.0
C=CC(C)(C)c1[nH]c2cccc3c2c1C1C(C#N)C(C)(C=C)CCC1C3(C)C,-3.321928094887362
Nc1nc(C(=NOCCF)C(=O)NC2C(=O)N3C(C(=O)[O-])=C(Sc4nc(-c5ccccc5)cs4)CCC23)cs1,2.0
CC1COc2c(N3CC4CCCNC4C3)c(F)cc3c(=O)c(C(=O)O)cn1c23,3.0
CCN(CC)c1ccc2cc(-c3nc4sc(S(=O)(=O)N=CN(C)C)nn4c3CO)c(=O)oc2c1,-3.0
Cc1cc2oc(=O)c(C(c3c(O)c4cc(C)c(C)cc4oc3=O)c3coc4ccccc4c3=O)c(O)c2cc1C,-4.643856189774724
Cc1cccc(OCc2ccccc2-c2nnc(-c3ccccc3F)o2)c1,-2.643856189774725
CN(C)C1C(O)=C(C(N)=O)C(=O)C2(O)C(O)=C3C(=O)c4c(O)c(NC(=O)CNCC(F)(F)F)cc(F)c4CC3CC12,-4.0
O=C(O)C(CCCn1c(-c2ccccc2)n[nH]c1=S)N(Cc1c[nH]cn1)Cc1c[nH]cn1,5.058893689053568
CC(O)C1C(=O)N2C(C(=O)O)=C(CSCC(N)C(=O)O)SC12,1.8160371651574052
O=C(Nc1cc(Br)cc(Br)c1)Nc1ccc2[nH]ccc2c1,-0.0
O=C(NCC(OCc1ccc(C#Cc2ccc(CN3CCOCC3)cc2)cc1)C(=O)NO)c1ccc2ccccc2n1,2.0
Cc1ccc2c(c1)C=NN(S(=O)(=O)c1ccc(N)cc1)B2O,-2.643856189774725
CC(C)ON=C(C(=O)NC1C(=O)N2C(C(=O)O)=CCOC12)c1csc(N)n1,0.3584539709124763
N#CCc1cc2c(cc1F)c(=O)c(C(=O)O)cn2CC(=O)N1CCCCC1,-2.0
O=C(O)C1=C(Cc2cccnc2)CSC2C(NC(=O)C(O)c3ccccc3)C(=O)N12,-1.3219280948873624
CCCCC(CC(=O)NO)S(=O)(=O)c1ccc(NC(C)=O)cc1,-4.0
CCNc1cc(F)cc2c1[nH]c1ncc(-c3cnc(NC)nc3)c(-n3ccc(C(F)(F)F)n3)c12,5.965784284662087
COc1c(N2CC(C)CC(N)C2)ccc2c(=O)c(C(=O)O)cn(C3CC3)c12,6.058893689053568
Cc1ncc([N+](=O)[O-])n1CCOC(=O)c1ccccc1OCc1ccc(C(C)C)cc1,-2.643856189774725
O=C1c2ccccc2CCC12C1c3ccccc3OCC1N1Cc3ccccc3CC12,-2.321928094887362
COc1ccc(N=NC(C#N)c2ccccc2C#N)cc1,-3.643856189774725
Nc1nc(COC(=O)c2c(Cl)cc(Cl)cc2Cl)cs1,-4.643856189774724
NC1CN(c2c(F)cc3c(=O)c(C(=O)O)cn(-c4ccc(F)cc4F)c3c2Cl)C1,6.058893689053568
COc1c(N2CCCC(N)C2)c(F)cc2c(=O)c(C(=O)O)cn(C3CC3)c12,5.011587974275212
COc1cccc(C(=O)NC(=S)Nc2ccc(S(N)(=O)=O)cc2)c1,1.6757654377294686
COc1cccc(-c2cc3c(cc2F)c(=O)c2c(=O)[nH]sc2n3C2CC2)c1,3.0
CC(=O)OCC1=C(C(=O)[O-])N2C(=O)C(NC(=O)C(NC(=O)COCC(=O)[O-])c3ccccc3)C2SC1,-2.655351828612554
CON=C1CN(c2nc3c(cc2F)c(=O)c(C(=O)O)cn3C2CC2F)C1CN,4.058893689053568
NC1CN(c2cc3c(cc2F)c(=O)c(C(=O)O)cn3-c2ccc(F)cc2)CC1N,-0.0
COc1ccc(Cn2c(OC)nc3c(-c4ccco4)ncnc32)cc1,-5.0
NC1CCN(c2cc3c(cc2F)c(=O)c(C(=O)O)cn3C(F)(F)F)C1,1.3584539709124763
Nc1cc2c(=O)c(C(=O)O)cn(C3CC3)c2c(F)c1N1CCSCC1,4.058893689053568
Fc1ccccc1C=Nn1c(S)nnc1-c1cnccn1,-4.643856189774724
COc1ccc(Cl)cc1-n1ncc(-c2nnc(-c3ccc(Br)c(C)c3)o2)c1C,-4.944858445807539
CN(C)C1C(=O)C(C(N)=O)=C(O)C2(O)C(=O)C3=C(O)c4c(ccc(N)c4O)CC3CC12,-0.0
CC(=O)NCC1CN(c2ccc(-c3ccc(F)c(O)c3)c(F)c2)C(=O)O1,-3.0
Cn1c(C2CC(=O)N(C3CCCCC3)C2)nc2ccccc21,-5.0
COc1cc2ncnc(Nc3ccc(F)c(Cl)c3)c2cc1NC(=O)C=CN1CCCCC1,-5.0
COc1cc(-c2[nH]c(=S)nc(NN=Cc3ccc(F)cc3)c2C#N)cc(OC)c1OC,-5.0
CON=C(CN1CCN(c2cc3c(cc2F)c(=O)c(C(=O)O)cn3C2CC2)CC1)c1ccc(F)cc1,-1.6461626571578936
CCn1cc(C(=O)O)c(=O)c2cc(F)c(CC#N)c(F)c21,1.0
O=C(O)c1cn(CCF)c2cc(N3CCN4CCC3CC4)c(F)cc2c1=O,2.321928094887362
O=C(Cn1ccn2cc([N+](=O)[O-])nc2c1=O)Nc1ccccc1,-5.0
O=[N+]([O-])c1ccc(C2=NOC(c3ccc(N4CCOCC4)cc3)C2)o1,-2.643856189774725
COc1ccc(-c2csc(NN=Cc3cn(-c4nc5ccccc5s4)nc3-c3cc4ccccc4oc3=O)n2)cc1,-2.963474123974886
CSCCC1C(=O)C(=C(CC23CC4CC(C)(CC(C)(C4)C2)C3)NCC(C)(C)CN(C)C)C(=O)N1C(C)=O,-5.0
NCC1CN(c2nc3c(cc2F)c(=O)c(C(=O)O)cn3-c2nc(N)c(F)cc2F)CC1=NOCc1ccccc1,1.0
COc1ccc(C(CC(=O)c2ccccc2)C2CCCc3[se]nnc32)cc1,-4.643856189774724
N#CC1=C(N)Oc2ccc(Sc3nc4ccccc4s3)cc2C1c1c[nH]c2ccccc12,1.0
CC(C)=CCc1c(OC2CCCC2)cc(C=Cc2ccc(C(F)(F)F)cc2)c(C(=O)O)c1O,-5.0
O=C1COc2cc(Cl)ccc2N1CCc1ccccc1,-5.0
O=C1COc2ccc(CNC34CCC(CCc5c(F)cnc6cc(C(F)(F)F)cnc56)(CC3)OC4)nc2N1,-4.0
CC(C)(C)c1cc(C(C)(C)C)cc(S(=O)(=O)Nc2ccc(C(=O)NCCNC(=N)N)cc2)c1,-5.0
Cc1ccc(C(c2[se]nnc2-c2ccccc2)C2CCCc3[se]nnc32)cc1,-4.643856189774724
CCN1CCN(Cn2nc3c(F)cc4c(=O)c(C(=O)O)cn(C5CC5)c4n3c2=S)CC1,3.0
CON=C(C(=O)N1CCN(c2ccc3c4c(cccc24)C(=O)N(NC(C)=O)C3=O)CC1)c1csc(N)n1,-2.0
O=C(O)c1cn(C2CC2)c2cc(N3CCCNCC3)c(F)cc2c1=O,5.058893689053568
O=C(c1nc(-c2ccccc2)c2c(C(F)(F)F)cc(-c3ccccc3)nc2n1)N1CCN(CCO)CC1,-3.963474123974886
Cc1cccc2cc(C=C3SC(=S)NC3=O)c(Cl)nc12,-4.906890595608519
Cc1nnc(SCC2=C(C(=O)[O-])N3C(=O)C(NC(=O)CSCC#N)C3SC2)s1,-0.6780719051126377
CN(N=O)C(=O)NC(C=O)C(O)C(O)C(O)CO,-3.643856189774725
FC(F)(F)c1cccc(NCc2nc3ccccc3[nH]2)c1,-5.0
Cc1cccc(N2CC(c3nc4ccccc4n3C)CC2=O)c1Br,-5.0
CCc1ccc(Oc2ccc(S(=O)(=O)NCCc3ccccn3)cc2F)c(O)c1,-4.0
CN1CCN(c2c(F)cc3c(=O)c(C(=O)O)cn(-c4ccc(F)cc4)c3c2F)CC1,1.3584539709124763
COc1ccc(-c2nnc(-c3cc(F)cc(F)c3)o2)c(F)c1,-2.584962500721156
Cc1c2c(cc[n+]1C)c1ccccc1n2CCCCCCCn1c2ccccc2c2cc[n+](C)c(C)c21,-4.0
CN(Cc1ccc(Cl)c(Cl)c1)c1cnc2nc(N)nc(N)c2n1,-4.643856189774724
CCn1cc(C(=O)O)c(=O)c2cc(Cl)c(N3CCN(C)CC3)cc21,0.3584539709124763
Cc1ccc(OCc2ccccc2-c2nnc(-c3ccccc3)o2)cc1,-4.643856189774724
CC(O)C1C(=O)N2C(C(=O)O)=C3C(NC4CCCC4)CCCC3C12,-3.0
O=C(NN=Cc1ccc(Br)cc1)c1ccc(-c2nc3ccccc3[nH]2)cc1,-4.643856189774724
O=C1CSC(c2ccc([N+](=O)[O-])cc2)N1c1nc(Nc2ccc([N+](=O)[O-])cc2)nc(Nc2ccc([N+](=O)[O-])cc2)n1,-0.963474123974886
Nc1nc(N)c2cc(S(=O)(=O)c3ccccc3-c3ccccc3)ccc2n1,-4.643856189774724
CC(C)(C)c1cc(NC(=O)c2ccc(C(=O)NCCCNC(=N)N)cc2)cc(C(C)(C)C)c1,-3.0
CNC1C(OC2OC(CN)CCC2N)C(N)CC(NC(=O)C(O)CCN)C1OC1OC(CO)C(O)C(N)C1O,-1.0
CC(C)(ON=C(C(=O)NC1C(=O)N(S(=O)(=O)O)C1CNC(=O)CN)c1csc(N)n1)C(=O)O,3.0
Cc1ccc(C=C2SC(=Nc3ccc4c(C)cc(=O)oc4c3)N(CCO)C2=O)o1,-4.0
NC(=O)c1cc(-c2csc(-c3cc(Cl)cc(Cl)c3Cl)n2)ccc1O,-2.643856189774725
NCC(Oc1noc2ncc(-c3ccccc3Cl)cc12)c1ccccc1,-0.0
O=[N+]([O-])c1ccc(-c2csc(Nc3nc(Nc4ccc(F)cc4)nc(Nc4ccc(F)cc4)n3)n2)cc1,-4.643856189774724
CC(=O)N1N=C(c2ccc(C)c(C)c2)CC1c1ccc(Cl)cc1,-3.643856189774725
CCn1cc(-c2csc(N)n2)c(=O)c2cc(Cl)cc(Cl)c21,-4.405992359675837
O=C(NO)C(CN(Cc1ccccc1)Cc1ccccc1)OCc1ccc(C#Cc2ccc(CN3CCOCC3)cc2)cc1,-3.0
CCC(CC)Oc1cc(C=Cc2ccc(C(F)(F)F)cc2)c(C(=O)O)c(O)c1CC=C(C)C,-5.0
Cc1nc2c(=O)n(C3CC3)c3c(Cl)c(N4CCC(N)CC4)c(F)cc3c2o1,1.0
CCCCCCCCCCCC(=O)OCCC[N+](C)(C)Cc1cnc(C)c2c1COC(C)(C)O2,-3.0
CON=C(C(=O)NC1C(=O)N2C(C(=O)[O-])=C(C[n+]3ccccc3C)CSC12)c1csc(N)n1,4.058893689053568
CCOc1ccc(Nc2c3ccccc3[n+](C)c3c2[nH]c2ccccc23)cc1,-2.584962500721156
Cc1ccc(C(NC(=O)c2ccccc2)c2ccc3cccnc3c2O)cc1,-5.0
COc1cc(C=Nn2c(S)nnc2-c2cnccn2)cc(OC)c1OC,-2.643856189774725
CCOCOC12CCCC3(CO1)c1ccc(C(C)C)c(OC)c1CCC23,-1.632268215499513
O=C(NCCOc1ccc2sc(CNc3nncc(-c4c(Cl)cccc4Cl)n3)nc2c1)c1cc(=O)c(O)co1,-1.0
Cc1cccc2c(C=NNc3cc(C(F)(F)F)nc4c(C(F)(F)F)cccc34)c[nH]c12,-2.643856189774725
N#Cc1c(-c2ccccc2)cc(-c2cccs2)c([N+](=O)[O-])c1N,-4.321928094887363
CC1CCCN(CC#CCn2nc(-c3ccccc3)n(-c3ccccc3)c2=O)C1,-3.643856189774725
Brc1ccc(-c2cnc(-c3ccc4nc(-c5ccc(Oc6ccccc6)cc5)c(Nc5ccccc5)n4c3)[nH]2)cc1,-3.6099912952126787
Cc1ncc(CO)c2cc(C(=O)Nc3ccccc3)c(=Nc3ccc4c(c3)OCO4)oc12,-4.643856189774724
O=C1COc2ccc(CNC34CCC(CCc5c(F)cnc6ccc(OCCCO)nc56)(CC3)OC4)nc2N1,-2.0
CCC1(O)CN(c2c(F)cc3c(=O)c(C(=O)O)cn(C4CC4)c3c2F)C1,2.0
CCn1c(-c2cccs2)nn(CN2CCN(c3ccccc3)CC2)c1=S,-3.584962500721156
COc1ccc(C2OC(c3ccc(OC)cc3)C(C)C(=NOCc3ccccc3)C2C)cc1,-4.643856189774724
COc1cc(C=CC(=O)c2ccccc2)ccc1OCc1nnc(-c2ccc(C)cc2)o1,-2.584962500721156
COc1ccc(C=NNC(=O)c2nnn(-c3cc(C(F)(F)F)nc4c(C(F)(F)F)cccc34)c2C)c([N+](=O)[O-])c1OC,-2.643856189774725
CC(O)c1nccn1Cc1cc(C#Cc2ccc(OC3CN(CCCO)C3)cc2)on1,-1.0
Cc1ccccc1C(=O)Nc1cc(N(C)C)c2c(c1O)C(O)=C1C(=O)C3(O)C(O)=C(C(N)=O)C(=O)C(N(C)C)C3CC1C2,-1.0
CC1CCC2(NC1)OC1CC3C4CCC5CC(NCC(N)CCc6ccccc6)CCC5(C)C4CCC3(C)C1C2C,-5.0
CON=C(C(=O)NC1C(=O)N2C(C(=O)O)=C(SCSc3cc(N)nc(N)n3)CSC12)c1csc(N)n1,3.9885043611621707
CN(C)C1C(O)=C(C(N)=O)C(=O)C2(O)C(O)=C3C(=O)c4c(O)cncc4CC3CC12,1.0
Nc1ccc(NC(=O)c2ccc(F)cc2)c(O)c1,-3.963474123974886
CNc1cccc2cc(C(=O)Nc3ccc(C(=O)O)cc3)c(=O)[nH]c12,5.058893689053568
CN(C)c1ccc(C=NNC(=O)c2ccc(-c3nc4ccccc4[nH]3)cc2)cc1,-4.643856189774724
O=C1C(=Cc2cn(CCCc3ccccc3)c3ccccc23)Oc2cc(O)cc(O)c21,-5.0
O=c1[nH]c2c(c(=O)[nH]1)C(c1cccc([N+](=O)[O-])c1)c1c(-c3ccccc3)nn(-c3ccccc3)c1N2,-1.0
CCCCCCCCCCCCCCCC(=O)NN1C(=O)CSC1c1ccc(C)cc1,1.5145731728297582
COc1ccccc1-c1ccc2c(N)nc(N)nc2c1,-5.0
O=[N+]([O-])c1cncn1CCN(CCBr)Cc1ccc(F)cc1F,-5.0
Cc1ccc(NC(=O)c2ccc3c(c2)OCCCO3)cn1,-4.643856189774724
COC1OC(C)(c2ccc(-c3ccccc3)cc2)C(=O)CC1N1CCN(C)CC1,-2.6322682154995127
N#Cc1ccc(C=Cc2nc3ccccc3c(=O)n2-c2cccc(C(=O)NCc3cccnc3)c2)cc1,-4.0
OC12C=C(c3nccc4c3[nH]c3ccccc34)C3CCN(CCCCC=CCC1)CC31CC34C=CC(CCCN3C21)O4,3.321928094887362
O=c1[nH]sc2c1c(=O)c1cc(F)c(-c3cccc(O)c3)cc1n2C1CC1,4.058893689053568
COc1ccccc1NC(=O)NNc1cc(C(F)(F)F)nc2c(C(F)(F)F)cccc12,-2.643856189774725
CCOC(=O)C(=CNc1ccc(Br)cc1Br)c1ccc(OCc2ccccc2)cc1,-1.6461626571578936
N#Cc1c(-c2ccccc2)cc(C(F)(F)F)c2c3n(nc12)C(c1ccccc1)CCN3,-4.643856189774724
CCCCCCCNC(=O)CCNC(=O)C(O)C(C)(C)CO,-5.0
Cc1ccc2c(c1)cc(C=CC(=O)c1ccccc1)c1nnnn12,-2.643856189774725
CCn1c2cc(N3CCNCC3)c(F)cc2n2c(=O)n(O)c(=O)cc12,-3.0
CCn1cc(C(=O)O)c(=O)c2cc(F)c(-c3cc(C)nc(C)c3)cc21,4.058893689053568
O=C1Nc2ccc(Cl)cc2C1=NN1C(=O)CSC1c1ccc(F)cc1,-4.22881869049588
CC(NC(=O)c1cnc2cc(C(F)(F)F)ccc2c1O)C(=O)O,-4.643856189774724
O=C(CI)NCc1ccccc1,-5.0
NC1CCN(c2c(F)cc3c(=O)n(N)c(=O)n(C4CCC4)c3c2Cl)C1,-1.0
Cc1ncc(Cn2cc(CCOS(C)(=O)=O)nn2)c(N)n1,-5.0
CC(C)=CCCC(C)=CCCC(C)=CCCC(C)=CC[n+]1cn(C)c2nc[nH]c(=NOCc3ccccc3)c21,-5.0
O=[N+]([O-])c1ccc(N=C(Cc2ccc(F)cc2)c2ccc(O)c(O)c2)cc1,-4.643856189774724
Cc1ncc([N+](=O)[O-])n1CCN1C(=O)SC(=Cc2ccco2)C1=O,-4.965784284662087
Cc1c(N=Cc2ccco2)c(=Nc2ccc([N+](=O)[O-])cc2)n(-c2ccccc2)n1C,-4.0
CN(C)C1C(O)=C(C(N)=O)C(=O)C2(O)C(O)=C3C(=O)c4c(O)c(Nc5ccncn5)cc(F)c4CC3CC12,-1.0
CCCCCCCCCN1CCCc2cc(OCC(=O)NC(CCCNC(=N)N)C(N)=O)ccc21,-1.6438561897747246
CC(=NNc1nc(-c2ccc(I)cc2)cs1)c1ccc2ccccc2c1,-4.0
CC1(N)CN(c2cc3c(cc2F)c(=O)c(C(=O)O)cn3-c2ccc(F)cc2)C1,3.0588936890535687
CCN1CCN(C(=O)NC(C(=O)NC2C(=O)N3C2SC(C)(C)C3C(=O)[O-])c2ccccc2)C(=O)C1=O,7.380821783940931
CCc1cc(Nc2cc(=O)n(CCCCN3CCCCC3)c(=O)[nH]2)ccc1C,-4.321928094887363
CCn1cc(-c2nc(NC(=O)c3ccc(Cl)cc3)n[nH]2)c(=O)c2ccc(C)nc21,5.011587974275212
NC1CCN(c2nc3c(cc2F)c(=O)c(C(=O)O)cn3-c2ccc(F)cc2)C1,4.321928094887363
Cc1c(NCc2nnc(-c3ccc(N)cc3)o2)c(=O)n(-c2ccccc2)n1C,-4.0
O=C(NO)c1cc(CSc2ccc(Cc3cc4ccccc4s3)cc2)on1,-5.0
O=C(NC(=S)Nc1nc2ccccc2s1)N1CCOCC1,-4.643856189774724
Cn1cc(Cl)c(C=NNc2cc(C(F)(F)F)nc3c(C(F)(F)F)cccc23)n1,-2.643856189774725
CC(C)CNc1nc(Cl)c2c(c1O)C(=O)C1=C(O)C3(O)C(=O)C(C(N)=O)=C(O)C(N(C)C)C3CC1C2,-4.0
NC1CCN2c3c(F)cc4c(=O)c(C(=O)O)cn(C5CC5)c4c3C=NCC12,4.058893689053568
CCCCCCCCCCCCCCC1NC(CO)C1O,-3.0617761975866897
NC1CN(c2nc3c(cc2F)c(=O)c(C(=O)O)cn3C2CC2)CC1c1ccc(Cl)c(Cl)c1,1.3219280948873622
CN1C2CCC1CN(c1cc3c(cc1F)c(=O)c(C(=O)O)cn3-c1ccc(F)cc1)C2,-0.6415460290875237
COC1=CC(=O)C2OC2C1=O,-4.643856189774724
C=CC1(C)CC(OC(=O)CSc2nc(OC(=O)CCCCC)cs2)C2(C)C(C)CCC3(CCC(=O)C32)C(C)C1O,-5.0
Cc1ccc(S(=O)(=O)n2ncc3cc([N+](=O)[O-])ccc32)cc1,1.3562361456626577
COc1ccc(CON=C2CN(c3nc4c(cc3F)c(=O)c(C(=O)O)cn4C3CC3)CC2CN)c([N+](=O)[O-])c1OC,1.0
Cc1c(CNC(C)C)cc(-c2ccc(Cl)cc2)n1-c1ccc(Cl)cc1,-5.0
Cc1nc(Cl)nc(N2CCN(c3cc4c(cc3F)c(=O)c(C(=O)O)cn4C3CC3)CC2)c1N,-2.8875252707415875
COc1cccc(CCNc2nc3ccccc3nc2N)c1,-4.0
CC(=NN=C1CC(c2ccccc2)NC(c2ccccc2)C1C)c1ccccc1,-3.643856189774725
COc1cc(OC)c2nccc(CCC34CCC(NCc5ccc6c(n5)NC(=O)CO6)(CC3)CO4)c2n1,-5.0
O=C(C1=NC(c2c[nH]c3ccccc23)CN1)c1c[nH]c2cc(Br)ccc12,-4.643856189774724
CCc1c(-c2ccc(Cl)cc2)[nH]c(=O)c(C(=O)O)c1O,-0.6780719051126377
NC1CC(N)C(OC2OC(CO)C(O)C3NC(=O)OC23)C(O)C1OC1OC2CNC(=O)OC2C(O)C1O,-5.0
Cc1ccc(C)n1-c1ccccc1NC(=S)Nc1ccc(C(F)(F)F)cc1,2.321928094887362
C#CC[n+]1ccc(SCC2=C(C(=O)O)N3C(=O)C(NC(=O)C(=NOC4CCCC4)c4csc(N)n4)C3CO2)cc1,1.3584539709124763
CCNCC1CCN(c2c(F)cc3c(=O)c(C(=O)O)cn4c3c2OCC42CC2)C1,0.3219280948873623
COc1ccc(C2CC(c3ccc(O)cc3)=NN2C(=O)c2cccnc2)cc1C,-3.643856189774725
c1ccc(Cn2nnnc2SCCCSc2nnnn2-c2ccccc2)cc1,-2.643856189774725
FC(F)(F)c1cccc(CNC2CCCCC2NCc2cccc(C(F)(F)F)c2)c1,4.965784284662087
O=C1OC(CSc2cccs2)CN1c1ccc(-n2cc(-c3ccccn3)cn2)c(F)c1,-5.0
COc1ccc(-c2cc3c(cc2F)c(=O)c2c(=O)[nH]sc2n3C2CC2)cn1,6.058893689053568
Cn1ccnc1C1c2c(nc3c(c2N)CCCCC3)Oc2ccc3ccccc3c21,-5.0
COCCN1CCc2c([n+]([O-])c3ccccc3[n+]2[O-])C1=O,-0.6415460290875237
C#CCCCCCCCCCOc1ccc(-c2nc3ccc(-c4nc5ccc(N6CCN(C)CC6)cc5[nH]4)cc3[nH]2)cc1,-3.0
CCOC(=O)c1sc(N=Cc2ccco2)nc1C,-4.643856189774724
Cn1c(C(O)C[N+](=O)[O-])cnc1[N+](=O)[O-],-3.321928094887362
O=C1NC(=S)SC12C1CCCN1C1(C(=O)Nc3ccccc31)C2c1ccccc1,-4.247927513443585
CCN1CCN(C(=O)NC(C(=O)NC2C(=O)N3C2SC(C)(C)C3C(=O)O)c2ccccc2)C(=O)C1=O,4.058893689053568
CC(O)C1C(=O)N2C(C(=O)O)=C(SCCOC(N)=O)SC12,1.7369655941662063
CCc1[nH]c2nc(Sc3ccc4c(N5CCC(N)C5)nc(C(=O)O)nc4c3)nc(N3CCC(N)C3)c2c1Cl,-2.0
CON=C1CCN(c2nc3c(cc2F)c(=O)c(C(=O)O)cn3C2CC2F)CC1N,2.0
CCOC(=O)NCC1CN(c2ccc(-c3ccc4c(c3)CC3(C(=O)NC(=O)NC3=O)C3CCCN43)c(F)c2)C(=O)O1,-3.0
COc1ccc(-c2nnc(-c3sc4ncnc(N5CCCCC5)c4c3C)o2)cc1,4.362899875943668
Nc1ncc(-c2ccccc2)n1Cc1ccccc1,-3.0
CCCCCCCC1CN(C(=O)OCc2ccccc2)OC1O,-5.0
NCC(NO)c1c[nH]c2cc(Br)ccc12,-5.0
COc1ccc2ncc(F)c(C(O)C(O)C3CCC(NCc4cc5c(nn4)OCCO5)CO3)c2n1,6.965784284662087
Cc1ccc2nc(C)c(C(=O)NCCOc3ccc(Cl)cc3)n2c1,-5.0
CC(C)C(NC(=O)c1cnc2cc(C(F)(F)F)ccc2c1O)C(=O)O,-4.643856189774724
COc1c2c(c(O)c3cc(F)ccc13)C(=O)C1=C(O)C3(O)C(=O)C(C(N)=O)=C(O)C(N(C)C)C3CC1C2,-4.0
Cc1cc(Cl)ccc1OCc1nnc(-c2cc(F)c(Cl)cc2Cl)o1,-2.643856189774725
CC1CC(C(O)CC2CC(=O)NC(=O)C2)C(=O)C(C)(O)C1,-3.169925001442312
CC(C)=CCOc1ccc(C=CC(=O)c2ccc(OCC=C(C)C)cc2OCC(=O)NCCCNC(=N)N)cc1,-4.643856189774724
O=CN(O)C(CO)Cn1nnc2cc(C#Cc3ccc(CN4CCOCC4)cc3)ccc21,-1.0
COC(=O)Cc1cc(O)cc2oc(-c3cc(O)ccc3O)cc(=O)c12,-4.169925001442312
CCN1CC(C#CC#Cc2cc3n(c2)C(=O)N(CCC(C)(C(=O)NO)S(C)(=O)=O)C3)C1,2.0
Cc1c2cc[n+](C)cc2c(C)c2c1[nH]c1ccccc12,-2.0
COc1ccc2cc1Oc1cc(ccc1OC)CCC(NCCCc1ccccc1)CCCC2,-3.643856189774725
O=C(CC(=O)c1ccccc1Cl)c1ccc(OC2OC(CO)C(O)C(O)C2O)cc1O,-4.321928094887363
O=[N+]([O-])c1cn2ccnc(OCCc3ccc(OC(F)(F)F)cc3)c2n1,-5.0
O=C(C=Cc1ccc(N2CCCCC2)cc1)c1ccc(O)cc1O,-3.643856189774725
N#CC1=C(N)OC(c2c[nH]c3ccccc23)=C(C#N)C1c1ccc2ccccc2c1,-4.877744249949002
COc1ccc2nc(C)cc(-n3cc(CN4CCN(C(=O)c5ccc(Cl)c(Cl)c5)CC4)nn3)c2c1,-1.6415460290875237
COc1ccc(C(=O)OCCC(C)C)cc1OC,-4.0
CCOC(=O)N1CC(=Cc2ccc(Cl)cc2)C(=O)C2(C1)C(c1ccc(Cl)cc1)CN(C)C21C(=O)Nc2ccccc21,-0.963474123974886
CCCCc1nc(Cl)c(C2CC(c3cc(Cl)ccc3O)=NN2c2nc(-c3ccc(Cl)cc3)cs2)[nH]1,-4.643856189774724
NNC(=O)CNC(=O)c1ccccc1[N+](=O)[O-],-4.0
CC1(C)C(NC(=O)C(=NOCc2ccn(O)c(=O)c2)c2csc(N)n2)C(=O)N1OS(=O)(=O)O,2.0
Fc1ccc(-n2nnnc2NCc2ccco2)cc1Cl,-1.0
Cn1c(CCC(=O)Nc2ccccc2)nc2ccccc21,-5.0
CC(C)c1ccc2c(c1)CCC1C(CNC(=O)c3ccccn3)(Cc3cccc(C#N)c3)CCCC21C,-5.0
CON=C(C(=O)NC1C(=O)N2C(C(=O)O)=C(C=CCNC(=O)C3CCCN3C)CSC12)c1csc(N)n1,-0.0
CN1CCN(c2cc3ncnc(Sc4nnc(-c5cccnc5)o4)c3cc2NC(=S)Nc2ccccc2Cl)CC1,-4.643856189774724
O=c1ccc2ncc(F)c3c2n1CC3(O)CC12CCC(NCC=Cc3c(F)cccc3F)(CC1)CO2,-4.0
CCc1c(-c2ccc3c(c2)cc(CN(C)C)n3C)[nH]c(=O)c(C(=O)O)c1O,4.058893689053568
CC1(C)SC2C(NC(=O)C(c3ccccc3)S(=O)(=O)O)C(=O)N2C1C(=O)O,-0.0
Cc1cc(O)cc2c1C1OC(C)(Cc3cc4c(c(O)c31)C(=O)c1c(O)cc(O)cc1C4(C)C)O2,-0.0
CCNc1cc(F)cc2c1[nH]c1ncc(-c3cncc(C(=O)NO)c3)c(-n3ccc(C(F)(F)F)n3)c12,3.0
C=Cc1cc2cc(C(N)=O)c(N)nc2nc1C(F)(F)F,3.0
CN(C)C1C(O)=C(C(N)=O)C(=O)C2(O)C(O)=C3C(=O)c4c(O)c(NC(=O)c5cccn5C)cc(F)c4CC3CC12,-5.0
COc1cccc(C=CC(=O)NC(CC(=O)NC(C(=O)C2C(=O)NC(=O)C2C)C(C)C)c2ccccc2)c1,-1.0
CCON=C(CN1CCN(c2cc3c(cc2F)c(=O)c(C(=O)O)cn3CC)CC1)c1nccs1,2.0
O=c1cc(-c2ccc3c(c2)OCCO3)oc2cc(OCCN3CCCC3)cc(O)c12,-3.643856189774725
c1ccc(-c2ccc(CNc3ccnc(N4CCOCC4)n3)s2)cc1,-5.0
CCCS(=O)(=O)N1N=Cc2sccc2B1O,-2.643856189774725
COc1c(N2CC3CCN(C)C3C2)c(F)cc2c(=O)c(C(=O)O)cn(-c3ccc(O)cc3)c12,4.321928094887363
CON=C(C(=O)NC1C(=O)N2C(C(=O)O)=C(S(=O)(=O)c3c(C)noc3C)CCC12)c1csc(N)n1,-1.0
NCCCCCOc1ccc(Cl)cc1C(=O)Nc1ccc([N+](=O)[O-])cc1Cl,-3.9068905956085187
CC1OC(Oc2cccc3nc4c(C(=O)O)cccc4nc23)C(O)C(O)C1O,-4.643856189774724
O=c1ccc2ncc(F)c(CCC34CCC(NCc5cn(-c6ncccn6)cn5)(CC3)CO4)c2n1CCO,-5.0
CC1CN(c2nc3c(cc2F)c(=O)c(C(=O)O)cn3C(C)(C)C)CC1N,6.058893689053568
CN1CCN(c2ccc(C3CC(c4ccc([N+](=O)[O-])o4)=NO3)cc2F)C(=O)C1,-4.643856189774724
NC1CC(N)CN(c2nc(Nc3ccc(NC(=O)c4ccc5ccccc5c4O)cc3)nc(N3CC(N)CC(N)C3)n2)C1,-0.0
COc1ccccc1C1CC(c2cc3ccccc3o2)=NN1C(=O)Cn1c2ccccc2c2nc3ccccc3nc21,-4.044394119358453
COc1ccc2c3c1OC1CC(OP(=O)(Oc4ccc([N+](=O)[O-])cc4)SCCN)C=CC31CCN(C)C2,2.1202942337177118
O=c1c2ccccc2c2ccccc2c(=O)n1-c1c(Cl)cc(Cl)cc1Cl,-1.2630344058337937
CCCCCCCCCC(=O)C=C1NC(=O)C(C(C)C)O1,-0.0
COc1cc(Cc2cnc(N)nc2N)cc2c(C)ccnc12,-0.0
Clc1ccccc1OCc1nnc(-c2sc3ccccc3c2Cl)o1,-2.584962500721156
CC12CC34C=CC(=O)C(C)(CCC(=O)Nc5c(O)ccc(C(=O)O)c5O)C3C(CC1C4)O2,-4.0
Cc1cnc(C(=O)O)n1Cc1ccccc1,2.0
COC(=O)c1cnn(C)c1NC(=O)Nc1ccc(Cl)c(Cl)c1,-2.0
Cc1c(N2CCC(NCC(F)(F)F)C2)c(F)cn2c(=O)c(C(=O)O)cc(C3CC3)c12,-0.6415460290875237
O=C1CC2CCCN2c2c(F)cc3c(=O)c(C(=O)O)cn(C4CC4)c3c2N1,-2.0
COc1ccc(-c2nn3c(COc4ccc(SC)cc4)nnc3s2)cc1,-2.643856189774725
O=C(NNC(=S)NC12CC3CC(CC(C3)C1)C2)c1ccc([N+](=O)[O-])cc1,-1.0
CCn1cc(-c2nc(N=Cc3ccccc3)n[nH]2)c(=O)c2ccc(C)nc21,5.011587974275212
COc1ccc2nc(C)cc(-n3cc(CN(C)C)nn3)c2c1,-2.643856189774725
COC(=O)c1c(CS(C)(=O)=O)nc2ccccc2[n+]1[O-],-1.6415460290875237
Cc1cccc(OCc2ccccc2-c2nn(CN3CCOCC3)c(=S)o2)c1,-3.643856189774725
COc1cc(OC)c2c(c1CC=C(C)C)OC(c1c(CC=C(C)C)cc(OC)c(OC)c1CC=C(C)C)C(O)C2=O,-2.321928094887362
Cn1ccc2cc(-c3cc4c(cc3F)c(=O)c3c(=O)[nH]sc3n4C3CC3)ccc21,-0.0
Cc1ccc(C(=O)c2cc(Cl)cc(NC(=O)c3cc(Br)cc(Br)c3O)c2Cl)cc1,-3.0
C=C1C2C(NC(=O)COc3ccccc3)C(=O)N2C(C(=O)O)=CC1(C)C,-0.5849625007211562
C1=CCCC23OC2C(c2nccc4c2[nH]c2ccccc24)C2CCN(CCCC1)CC21CCCCCCCCNC13,3.321928094887362
CON=C(C(=O)NC1C(=O)N2C(C(=O)[O-])=C(C[n+]3ccccc3)CCC12)c1csc(N)n1,5.058893689053568
O=C(NCc1ccccc1)c1cc(OCc2ccccc2)c2ccccc2c1,-4.0
NC1=NC(c2cn(-c3ccc([N+](=O)[O-])cc3[N+](=O)[O-])nc2-c2ccc(Br)cc2)N=C(N2CCOCC2)N1,-3.0
O=C(Cc1cccc(Cl)c1)Nc1nc(-c2ccccc2)cs1,-2.643856189774725
COC(=O)CN1C(=O)SC(=Cc2cn(CC(=O)OC)cn2)C1=O,-0.6780719051126377
CCOC(=O)C(C)SC1=C(N)C(=O)c2ccccc2C1=O,-0.6415460290875237
CNCCOCc1ccc(C#Cc2ccc3c(c2)CCC3NC(C(=O)NO)C(C)O)cc1,-2.0
CNC(C)(C)C1CCN(c2c(F)cc3c(=O)c4c(=O)[nH]sc4n(C4CC4)c3c2OC)C1,2.9434164716336326
CCCCCCCOC1C(N)CC(N)C(OC2OC(CN)C(O)C(OCCCCCCC)C2N)C1O,-4.0
NCC(Oc1noc2ccc(-c3ccccc3Cl)cc12)c1ccccc1,3.0
Cc1nc2cc([N+](=O)[O-])ccc2n1CCn1cnc2c(N3CCOCC3)ncnc21,-4.0
Clc1ccccc1CN(CCn1ccnc1)CCn1ccnc1,-4.0
COc1ccc(OC)c(C=CC(=O)c2ccco2)c1,-4.963474123974886
O=C1SC(=Cc2ccc(S(=O)(=O)Nc3nc(-c4ccccc4)cs3)cc2)C(=O)N1C(=O)c1cccc(Cl)c1,-4.643856189774724
COc1cc(NS(=O)(=O)c2ccc(Cl)cc2Cl)ccc1-n1cnc(Cl)c1,-2.0
Cc1ccc(NCc2ccc3cc2OCC#CC=CC#CCO3)cc1,-2.0
O=[N+]([O-])c1cccc(B(O)O)c1,5.058893689053568
CC(C)(NS(C)(=O)=O)C(NC(=O)c1ccc(-c2cc3ccc(OCCO)cc3o2)cc1)C(=O)NO,-0.0
CC(O)C1C(=O)N2C(C(=O)O)=C(SC3CNC(CSc4nnnn4-c4ccncc4)C3)C(C)C12,3.3510744405468786
O=C1COc2ccc(CNC34CCC(CCc5c(F)cnc6ccc(OCCCCO)nc56)(CC3)OC4)nc2N1,-3.0
CCOC(=O)Cn1nc(-n2cc(COc3cc(C(F)(F)F)nc(N)n3)nn2)c2ccc(C(F)(F)F)nc21,-3.963474123974886
COc1ccc2ncc(F)c(CCC34CCC(NCc5nc6c(cc5OC)OCC(=O)N6)(CC3)CO4)c2n1,-3.0
CC(=Cc1cnc([N+](=O)[O-])n1C)[N+](=O)[O-],-0.0
Cc1ccccc1OCc1ccccc1-c1nnc(-c2ccccc2)o1,-4.643856189774724
Cc1ccc(C2=Nn3c(nnc3-c3cc(Cl)cc(Cl)c3Cl)SC2)cc1,-2.643856189774725
COc1c(N2CCN(Cc3oc(CCl)cc(=O)c3O)C(C)C2)c(F)cc2c(=O)c(C(=O)O)cn(C3CC3)c12,-0.6415460290875237
CN1CC(C(=O)c2ccc(Cl)cc2)C2c3ccccc3OCC21,-3.321928094887362
CCCCCCCCCCN(Cc1c2ccccc2c(Cl)c2ccccc12)C(=O)C(N)CCCCN,-4.700439718141092
COc1cc2c(cc1CN(C)C)[nH]c1c3ccc(Cl)cc3ncc21,-5.0
COC(=O)C1=C(C(=O)O)N2C(=O)C(NC(=O)Cc3ccccc3)C2C1,2.321928094887362
O=C(OCc1cn(-c2cccc(C(F)(F)F)c2)nn1)c1cc2ccccc2[nH]1,-1.2289725697601608
CCc1ccc(Oc2ccc(S(=O)(=O)NCCO)cc2F)c(O)c1,-4.0
Cc1ccc2nc(C)c(C(=O)NCCOc3ccccc3C)n2c1,-5.0
Cc1cc(OCc2nnc(-c3cc(-c4cc(F)c(Cl)cc4Cl)nc4ccccc34)o2)ccc1Cl,-3.643856189774725
CN1CCN(c2cc3c(cc2F)c(=O)c(C(=O)O)cn3C(C)(C)C)CC1,5.321928094887363
CCOc1c(C=NNC(=O)c2ccncc2)cccc1CN(c1ccccc1)c1ccccc1,-2.643856189774725
Cc1c(N2CCN(C)CC2)ccc2c(=O)c(C(=O)O)cn(C3CC3)c12,4.058893689053568
CC(=O)c1ccc2c(c1)[n+]([O-])c(C)c(C(N)=O)[n+]2[O-],1.3584539709124763
CC12CC(CN1)N(c1nc3c(cc1F)c(=O)c(C(=O)O)cn3C(C)(C)C)C2,5.058893689053568
CCOC(=O)c1cn(CC2CC2)c2cc(F)c(F)cc2c1=O,-4.0
CC1NCCn2cc(-c3cc4c(cc3F)C(=O)C(C(=O)O)CN4C3CC3)cc21,-2.0
C=CC1(C)CC(OC(=O)CSC(C)(C)CNC(=O)c2cccc(N)c2)C2(C)C(C)CCC3(CCC(=O)C32)C(C)C1O,-3.0
C#Cc1cccc(NC(=O)C(N)C(C)C)c1,-3.321928094887362
Cc1cc(C)n2nc(SCc3nnc(SCc4ccccc4C)s3)nc2n1,-3.643856189774725
NC(Cc1ccc(O)cc1)C(=O)O,-3.0
CC(C)Cc1ccc(C(C)c2nnc3sc(COc4ccc(Cl)cc4Cl)nn23)cc1,-4.643856189774724
CC(ON=C(C(=O)NC1C(=O)N(S(=O)(=O)O)C1Cn1cncn1)c1csc(N)n1)C(=O)O,3.0
CCOC(=O)C1=C2c3ccccc3S(=O)(=O)N2CC1,-4.169925001442312
O=C(c1ccccc1)c1cc(NC(=O)c2cc(Br)cc(Br)c2O)ccc1Cl,-3.0
CCn1cc(C=O)c(=O)c2cc(F)c(N3CCN(C)CC3)cc21,-2.643856189774725
O=C(NO)C1CN(c2ccc(C#Cc3ccccc3)cc2)C(=O)O1,0.6780719051126377
CCN(Cc1ccccc1)C(=O)Nc1cc(-c2ccc(Cl)c(CCCCNC(=O)OC)c2)sc1C(=O)O,-4.643856189774724
CNC(=O)Cn1nnnc1SCC1CC(SC2=C(C(=O)O)N3C(=O)C(C(C)O)C3C2C)CN1,5.321928094887363
Nn1c(SCC(=O)Nc2ccc(Cl)cc2)nnc1-c1cc(F)c(Cl)cc1Cl,-3.643856189774725
COC(=O)C1=C(C(=O)O)N2C(=O)C(NC(=O)Cc3cccs3)C2SC1,-1.0
CC1(C)SC2C(n3cc(-c4cccc(-c5ccccc5)c4)nn3)C(=O)N2C1C(=O)O,-3.0
O=C(NNS(=O)(=O)c1ccc(F)cc1)c1cccnc1Nc1ccc(F)cc1,-3.700439718141092
COc1ccc2cc3[n+](cc2c1OCc1nc2ccccc2n1Cc1ccc([N+](=O)[O-])cc1)CCc1cc2c(cc1-3)OCO2,-5.0
CC(O)C1C(=O)N2C(C(=O)O)=C3C(N)CCCC3C12,1.0
Fc1ccc(-n2cc(CN(Cc3cn(-c4ccc(F)cc4Cl)nn3)c3nc4ccccc4s3)nn2)c(Cl)c1,-1.6415460290875237
Cc1nn(-c2ccccc2)c(C)c1C=C(Br)C(=O)O,-4.965784284662087
Cc1nc(-c2ccc(C(C)(C)C)cc2)sc1-c1nnc(NCC2CCCCN2)o1,-4.0
Cc1c(C(=O)NN=Cc2ccc(-c3ccccc3)cc2)nnn1-c1cc(C(F)(F)F)nc2c(C(F)(F)F)cccc12,-2.643856189774725
CCCNc1nc(N(C)C)c2c(c1O)C(=O)C1=C(O)C3(O)C(=O)C(C(N)=O)=C(O)C(N(C)C)C3CC1C2,-5.0
O=C(NCCc1c[nH]c2ccccc12)Nc1ccccc1Br,-2.0
O=C(c1ccccc1)N(N=Nc1ccc([N+](=O)[O-])cc1Cl)c1ccc([N+](=O)[O-])cc1Cl,-5.0
CC1=C(C=CC(=O)C=CC=Cc2ccccc2)C(C)(C)CCC1,-2.643856189774725
COc1ccc2c(c1)N(CCN1CCC(NCc3ccc4c(n3)NC(=O)CO4)CC1)C(=O)CC2,-3.0
CCCCCOC(=O)ONC(=O)C(CC)c1ccccc1,-0.0
C=C(C)C1CCC(C)=CC1c1c(OCCCN)cc(CCCCC)cc1OCCCN,-2.643856189774725
CC(C)CNc1nccc(NCc2ccc(-c3ccc(OCc4ccccc4)cc3)s2)n1,-3.0
Cc1nc2c(=O)n(C3CC3)c3c(Cl)c(N4CCC(N(C)C)C4)c(F)cc3c2o1,-2.0
CCCC(N)C(=O)OC(=O)C(N)CNC(=O)C=CC(=O)OC,-3.0
CC(O)C1C(=O)N2C(C(=O)O)=C(CN(C)CC(=O)NCC(N)=O)SC12,2.0
CC(C)CNCc1cc2cc3c(cc2n1C)CCCc1c-3[nH]c(=O)c(C(=O)O)c1O,0.3584539709124763
Nc1nc(C(=NOCCF)C(=O)NC2C(=O)N3C(C(=O)[O-])=C(Sc4nc(C(=O)O)cs4)CCC23)cs1,2.0
COC(=O)NCC1CN(c2ccc(-c3ccc4c(c3)CC3(C(=O)NC(=O)NC3=O)C3CCCN43)c(F)c2)C(=O)O1,-2.0
Sc1nnc(Sc2nnc(-c3ccccc3)n2-c2ccccc2)n1-c1ccc(Cl)cc1,-3.643856189774725
CC(C)=CCCC(C)(O)CCCC(C)=CCc1c(O)c(Cl)c(C)c(C(=O)O)c1O,-3.0
CN(C)C1CN(c2c(F)cc3c(=O)c(C(=O)O)cn(C4CC4)c3c2F)C1,4.058893689053568
COc1cc(OC)c(N2C(=O)c3cccc4cccc(c34)C2=O)c(OC)c1,-1.3219280948873624
COc1ccc(C=NNC(=O)Cn2ncc3cc([N+](=O)[O-])ccc32)cc1,-4.643856189774724
O=C(c1ccncc1)N1N=C(c2ccccc2)CC1c1cn(-c2ccccc2)nc1-c1ccc(F)cc1,-3.643856189774725
Cc1cccc2cc3c(=O)[nH]c(=S)[nH]c3nc12,-4.963474123974886
CC(=O)OC1CC2(C)C(CCC3C4(C)CCC(=O)C(C)C4C(OC(C)=O)C(=O)C32C)C1=C(CCC=C(C)C)C(=O)O,-4.643856189774724
CC(C)c1csc(-c2nnc(S(=O)(=O)Cc3ccc(Br)cc3F)n2N=Cc2c(F)cccc2F)n1,-4.0
COc1ccc2c(c1)CN(C1CC(c3ccccc3)=NN1c1nc(-c3ccccc3F)oc1C)CC2,-4.643856189774724
CN1CCCc2cc(Cc3cnc(N)nc3N)ccc21,-4.906890595608519
NC(Cc1ccccc1)C(=O)NC1CCN(c2nc3c(cc2F)c(=O)c(C(=O)O)cn3C2CC2)C1,0.3219280948873623
Nc1nc(COC(=O)c2cccc([N+](=O)[O-])c2Cl)cs1,-3.643856189774725
CC([O-])C1C(=O)N2C(C(=O)[O-])=C(C=CC[N+]34CCC(CC3)CC4)C(C)C12,2.321928094887362
COc1ccc(C2=NOC(Cc3ccc4c(c3)OCO4)CC2)cc1OC,-4.643856189774724
Cc1ccccc1Nc1c2ccccc2[n+](C)c2c1oc1ccccc12,-4.0
CC(C)CCOc1cc(C(N)=O)cc2ccccc12,-1.0
Nc1nc(N)c2c(ccc3c2ccn3Cc2ccc3ccccc3n2)n1,1.0
Clc1ccc(CSc2nnc(-c3ccccc3COc3ccc(Cl)cc3)o2)cc1,-3.643856189774725
NC1CCN(c2cc3c(cc2F)c(=O)n(N)c(=O)n3CC2CC2)C1,-3.0
COc1ccc(N2C(=O)C3C(c4ccccc4)C(C#N)=C(N)OC3N(c3ccc(OC)cc3)C2=S)cc1,-1.9671686075326276
O=c1cc(OCc2nnc(-c3ccc(O)cc3)[nH]2)c2ccccc2o1,-2.643856189774725
CC(C)(N)C(NC1CCc2cc(C#Cc3ccc(Cn4ccnc4CO)cc3)ccc21)C(=O)NO,1.0
O=c1c2c(Br)cc(Br)cc2nc(-c2ccccc2)n1-c1nc2ccc(Br)cc2s1,-0.0
COc1ccc(CN(C)c2cnc3nc(N)nc(N)c3n2)c2ccccc12,-4.643856189774724
CCNCC1CCN(c2c(F)cc3c(=O)c(C(=O)O)cn(C4CC4C)c3c2F)C1,0.3219280948873623
COc1cc(C=NNC(=O)c2ccc3c(c2)OCCCO3)cc(OC)c1O,-1.6461626571578936
O=C(NN=Cc1cc([N+](=O)[O-])ccc1Cl)c1ccc2c(c1)OCCCO2,-1.6461626571578936
O=C(CNC(=O)c1ccccc1)NN1C(=O)CSC1c1ccc(Br)cc1,-3.604071323668861
Cc1ccc2nc3[nH]c(=O)[nH]c(=O)c3cc2c1,-2.963474123974886
COc1ccc2ncc(F)c(CCC34CCC(NCc5nc6c(cc5F)OCC(=O)N6)(CC3)CO4)c2n1,-1.0
CCCCCCCCCCn1n[n+](C)c2c1C(=O)c1ccccc1C2=O,-5.0
C=CC1(C)CCC2=C(CCC3(O)C(C)(C(=O)O)CCCC23C)C1O,-4.0
NC1CCN2c3c(F)cc4c(=O)c(C(=O)O)cn(C5CC5)c4c3COCC12,8.965784284662087
O=C1CC(c2ccncc2)=NN1C1CC(C(F)(F)F)Nc2c1cccc2C(F)(F)F,-3.643856189774725
CCn1cc(-c2csc(N)n2)c(=O)c2cc(F)ccc21,-4.584962500721156
COc1ccc(-c2nnc(-n3c(C=Cc4ccc(C)cc4)nc4ccccc4c3=O)s2)cc1,-3.4620523187964327
CN1CCN(c2c(F)cc3c(=O)c(C(=O)O)cn(C4CC4)c3c2F)CC1,6.321928094887363
CCCc1c(O)cc(CC)oc1=O,-0.0
CCOP(=O)(OCC)C(O)C1=C(N(C)C)C(=O)N(c2ccccc2)C1=O,-4.321928094887363
C#Cc1ccc(C=Cc2nc3ccccc3c(=O)n2-c2cccc(O)c2)cc1,-4.0
O=C(Cc1ccc(Br)cc1)Nc1ccc(-c2nc3ccccc3s2)cc1,-4.643856189774724
COc1ccc(OC)c(C=Cc2nnc(SCC(=O)c3cc(O)ccc3O)n2-c2ccccc2)c1,-3.643856189774725
CC(O)C1C(=O)N2C(C(=O)O)=C(c3cn4cnc(C(=O)c5cn(C)c6ccccc56)c4s3)C(C)C12,-2.0
Cc1cc(C)cc(Nc2ccc(Nc3c(Cl)c(Cl)c(C#N)c(Cl)c3C#N)c3nc[nH]c(=O)c23)c1,-2.963474123974886
CN(CCCNCCCN)C(CCC1CCCCC1)CCC1CCCCC1,-3.0
NC(=O)c1ccc(NC(=O)N2CCC3C2C(=O)N3S(=O)(=O)O)cc1,-4.0
O=C(CC1CCCCN1)Cn1cnc2cc(Br)c(Cl)cc2c1=O,-5.0
CC1=C2C(O)C(C(C)CO)CCC2(C)C=CC1=O,-5.0
O=C(C=Cc1ccc(OCc2cn(Cc3ccc(Br)cc3)nn2)cc1)c1ccc(Br)cc1,-2.643856189774725
O=C(O)c1cn(C2CC2)c2cc(N3CCN(Cc4nnc(-c5ccc(O)cc5)o4)CC3)c(F)cc2c1=O,3.0
O=C1c2c(Cl)cccc2NC2(C(=O)Nc3ccc([N+](=O)[O-])cc32)N1Nc1ccccc1,-1.0
CCCC1CC(C(=O)NC(C(C)O)C2OC(SC)C(O)C(O)C2O)N(C)C1,-0.03421571533791298
COc1ccc(C(=O)Oc2cccc3cccnc23)cc1OC,-3.0874628412503395
CCCCCCCCCCCCN(Cc1ccccc1)C(=O)C(N)CCCCN,-2.321928094887362
Oc1cc(F)ccc1Oc1ccccc1,0.7369655941662062
CCCCc1ccc(-c2nc(C)c(C(C)=NNC(=N)N)s2)cc1,-2.0
CNn1cc(C(=O)O)c(=O)c2cc(F)c(N3CCOCC3)cc21,1.0
O=c1c2ccccc2nc2n1-c1ccccc1C2=NN=C1C=C(O)c2ccccc21,-3.643856189774725
Cc1oc(-c2ccc(F)cc2F)nc1N1N=C(c2ccccc2C(F)(F)F)CC1N1CCc2ccccc2C1,-2.643856189774725
O=C(CC(c1ccccc1)C1CCCc2[se]nnc21)c1ccc(Cl)cc1,-4.643856189774724
Cc1c(C)c2c(c(C)c1O)CCC(C)(C(=O)NN=C1C(=O)Nc3ccc(F)cc31)O2,-3.643856189774725
CON=C(CN1CCN(c2cc3c(cc2F)c(=O)c(C(=O)O)cn3C2CC2)CC1)c1cccs1,7.058893689053568
O=C(O)c1cn(C2CC2)c2cc(N3CCN(Cc4nc5ccccc5n4Cc4ccc(F)cc4)CC3)c(F)cc2c1=O,-4.0
O=C(O)CSC(=O)C(Cc1c[nH]c2ccccc12)NC(=O)Cc1cccs1,1.0
COc1cccc(C(=O)NC(c2ccc3c(c2)OCO3)c2cc(Cl)c3cccnc3c2O)c1,-5.0
CCn1cc(C(=O)O)c(=O)c2cc(F)c(N3CCC(NC(=O)c4ccccc4)CC3)nc21,-3.643856189774725
CON=C(C(=O)NC1C(=O)N2C(C(=O)[O-])=C(C[n+]3cccc4ccccc43)CSC12)c1csc(N)n1,6.058893689053568
O=c1ccc2ccc(F)c3c2n1CC3CN1CCC(NCc2cc3c(cn2)OCCO3)CC1,9.965784284662087
O=C1c2cccc(O)c2C(=O)c2c(O)cc(C=NNc3ccc4c5c(cccc35)C(=O)N(C(CO)CO)C4=O)cc21,-3.0
COc1ccc2ncc(F)c(CC(O)C3CCC(NCc4nc5c(cc4F)OCC(=O)N5)CO3)c2n1,-2.0
COc1c(N2CC3CCCN(Cc4ccc(C)cc4)C3C2)c(F)cc2c(=O)c(C(=O)O)cn(C3CC3)c12,-1.2570106182060239
O=C(C=Cc1ccc(-c2ccccc2)cc1)c1ccsc1,-4.906890595608519
CC1(OCc2ccccc2)OCc2c1[n+]([O-])c1ccccc1[n+]2[O-],-3.643856189774725
C#CCOC(=O)NCc1cc(-c2sc(-c3cccnc3)nc2N2CCCCC2)[nH]n1,-0.0
O=C1NC(=O)C(=Cc2ccc(C=CC(=O)c3ccc(F)cc3)cc2)S1,-4.0
CC(C)(C)c1cc(C(=O)Nc2cccc(C(=O)NCCNC(=N)N)c2)cc(C(C)(C)C)c1,-3.0
CONC(=O)c1cnc(N2CCC(NC(=O)c3[nH]c(C)c(Cl)c3Cl)CC2)s1,2.0
C=CCON=C(C(=O)NC1CN2CC(C#N)=C(C(=O)O)N2C1=O)c1csc(N)n1,3.0
CN(C)CC1CN(c2c(F)cc3c(=O)c(C(=O)O)c4scc5n4c3c2N(C)C5)CCO1,2.321928094887362
COc1ccc(Cn2ccc3c(-c4ccco4)cc(Cl)nc32)cc1,-4.0
COc1cccc(-c2nn(-c3ccccc3)cc2-c2nc3ccccn3c2Cc2ccccc2)c1OC,-0.0
Fc1c(F)c(F)c(C[N+]2=CN3CCCCC3C2)c(F)c1F,-4.643856189774724
O=C(O)c1cn(C2CC2)c2cc(N3CCc4sccc4C3)c(F)cc2c1=O,2.0
CN(C)c1ccc2cc3ccc(=[N+](C)C)cc-3oc2c1,1.0
COc1c(O)cc2c(c1O)C(=O)OC(C)C2Oc1c(Cl)c2c(c(O)c1OC)C(=O)OC(C)C2,-5.0
CCOC(=O)c1sc(NC(=O)CN2CCC(c3ccccc3)CC2)nc1C,-4.857980995127572
CC1C(SCc2ccccn2)=C(C(=O)O)N2C(=O)C(C=CCN=[N+]=[N-])C12,-3.0
CCn1cc(C(=O)O)c(=O)c2cnc(N3CCN(Cc4cn(-c5ccc([N+](=O)[O-])cc5)nn4)CC3)nc21,3.0588936890535687
Cc1ncc([N+](=O)[O-])n1CC(=O)NN=Cc1ccc(N(C)C)cc1,-3.643856189774725
CN1C(=O)C(C)(C)Oc2ccc(CNC3CCN(CCn4c(=O)ccc5ccc(C#N)cc54)CC3)cc21,-4.0
C=CC1=C(C(=O)O)N2C(=O)C(NC(=O)C(=NOCC(=O)O)c3csc(N)n3)C2SC1,6.058893689053568
COc1ccc2nc(C)cc(NC(=O)CN3CC(CN4CCN(C(C)(C)C)CC4)OC3=O)c2c1,-0.6780719051126377
CCC1OC(=O)C(C)C(=O)C(C)C(OC2OC(C)CC(N(C)C)C2O)C(C)(OC)CC(C)C(=O)C(C)C(O)C1(C)O,2.321928094887362
O=c1c2ccccc2nc(C=Cc2ccccc2F)n1-c1cccc(O)c1,-4.0
c1cc2cc(-c3ccc(-c4cc5ccc(C6=NCCN6)cc5[nH]4)cc3)[nH]c2cc1C1=NCCN1,5.058893689053568
O=c1c2ccccc2[se]n1-c1ccncc1,-5.0
COc1c(N2CCC(C(C)N)C2)c(F)cc2c(=O)c3c(=O)[nH]sc3n(C3CC3)c12,6.965784284662087
Cc1ccccc1OCc1ccccc1-c1nn(CN2CCOCC2)c(=S)o1,-3.643856189774725
N#Cc1ccc(C=Cc2nc3ccncc3c(=O)n2-c2cccc(O)c2)cc1,-4.0
O=C(Nc1cc(F)ccc1C(=O)O)c1ccc(-c2ccccc2)cc1,-2.0
CC(O)C(NC1CCc2cc(C#Cc3ccc(CN4CCCCC4)cc3)ccc21)C(=O)NO,1.0
CCCCC(CN(O)C=O)C(=O)N1CCCC1c1nnc(-c2cc(OC)c(OC)c(OC)c2)s1,-4.0
NC1CCN(c2nc3c(-c4c(F)c(F)c(F)c(F)c4F)cc(C(=O)O)c(=O)n3cc2F)C1,-1.632268215499513
CCCON=C(C(=O)NC1CN2CC(S(C)(=O)=O)=C(C(=O)O)N2C1=O)c1csc(N)n1,3.0
O=C(O)C(S)=Cc1c(Cl)ccc(Cl)c1Cl,-1.0
CC1COc2c(N3CC(O)C3)c(F)cc3c(=O)c(C(=O)O)cn1c23,3.0
CCNc1cc(F)cc2c1[nH]c1ncc(-c3cnc(OC4CCNCC4)nc3)c(-n3ccc(C(F)(F)F)n3)c12,0.6665762662748083
CC(C)CC(N)C(=O)NC(C)P(=O)(O)O,-3.0
CN1CCN(c2c(F)cc3c(=O)c(C(=O)O)c4n5c3c2OCC5CS4)CC1,5.321928094887363
CON=C1CN(c2nc3c(cc2F)c(=O)c(C(=O)O)cn3C2CC2)CC1CNC1CC1,1.0
Cc1sc2c(=O)c3ccccc3c(=O)c=2n(C)c1O,-0.6415460290875237
C=CCN1C(c2ccc(Cl)cc2)CC(=O)C(C)C1c1ccc(Cl)cc1,-3.643856189774725
CNc1cc(F)cc2c1[nH]c1nc(CNC(=O)c3cnc(C)o3)nc(N3CCC(N(C)C)C3)c12,-0.0
CC(C)=CC1c2c(O)cc(C)cc2Oc2cc(O)c(C(=O)O)c(C)c21,-5.0
Cn1c(C2CC(=O)N(Cc3ccccc3)C2)nc2ccccc21,-5.0
CN(C)Cc1cc2cc3c(cc2n1C)CCCc1c-3[nH]c(=O)c(C(=O)O)c1O,2.0
CON=C(C(=O)NC1C(=O)N2C(C(=O)[O-])=C(C[n+]3csc(CCOC=O)c3C)CSC12)c1csc(N)n1,5.058893689053568
CC1(CN)CN(c2nc3c(cc2F)c(=O)c(C(=O)O)cn3C2CC2F)CC1=NOCc1ccccc1,3.0
C=CC1C(NC(=O)C(=NOC(c2cc(=O)c(O)cn2O)C(C)C)c2csc(N)n2)C(=O)N1S(=O)(=O)O,-1.0
O=c1[nH]c(=S)[nH]c2c1C(c1ccccc1)c1c(-c3ccccc3)nn(-c3ccccc3)c1N2,-2.0
C=CCc1ccc(O)c(OC)c1,-1.3219280948873624
CC(CCC(=O)NN=Cc1ccccc1Br)C1CCC2C3C(O)CC4CC(O)CCC4(C)C3CC(O)C12C,-2.9653225483672547
N#Cc1ccc2ccc(=O)n(CCN3CCC(NCc4ccc5c(c4)NC(=O)CS5)CC3)c2c1,3.0
CCCCCCC1(CCCCCC)C(=O)N(CCCCN)C(=O)N(CCCCN)C1=O,-5.0
CC(=O)NC1CCN(c2cc3c(cc2F)c(=O)c(C(=O)O)cn3-c2ccc(F)cc2)C1,0.3584539709124763
NCCNCC(CN)(Cc1ccc(F)c2ccccc12)Cc1ccc(F)c2ccccc12,-2.0
O=c1[nH]c2cc(N3CCCC3)c(F)cc2c(=O)n1O,-4.0
CCNC(C(=O)NCC=CCn1cnc2cc(Cl)c(Cl)cc2c1=O)C(C)O,-4.0
C=CCCCCCCCCc1nnc(Nc2ccccc2)s1,-4.643856189774724
CCCc1cc2n(CCc3ccccc3)cc(-c3ccccc3)cc-2[n+]1CCc1ccccc1,-3.0
COc1ccc(C2=NN(C(C)=O)C(c3ccc(F)cc3)C2)cc1,1.3584539709124763
CCCC[n+]1ccn(CCCn2[se]c3ccccc3c2=O)c1,-3.0
CCCc1nn(CN2CCN(c3ncc4c(=O)c(C(=O)O)cn(CC)c4n3)CC2)c(=S)n1-c1cccc(OC)c1,0.029146345659516508
O=C(NN=CN1C=Cc2oncc2C1)c1cnc2c(C(F)(F)F)cccc2c1O,-2.643856189774725
Nc1nc(-c2nnc(S)n2-c2ccc(Oc3ccccc3)cc2)cs1,1.0
Cc1c(Nc2csc(N)c2C#N)c(=O)n(-c2ccccc2)n1C,-4.247927513443585
Cc1[nH]c(C(=O)NC2CCN(c3cc(C(N)=O)cc(Cl)n3)CC2)c(Cl)c1Cl,-1.0
O=[N+]([O-])c1ccccc1-c1ccccc1Nc1ccccc1,-5.0
Cc1ccc(N(Cc2nnn[nH]2)Cc2ccc(Cl)cc2Cl)cc1,-4.0
CCC(=O)NCC1CN(c2ccc(-c3ccc4c(c3)CC3(C(=O)NC(=O)NC3=O)C3CCCN43)c(F)c2)C(=O)O1,-3.0
CC1CN(c2c(F)cc3c(=O)c(C(=O)O)cn(C4CC4F)c3c2F)CCN1,4.321928094887363
CCCCCCn1c[n+](CCCCCC)c2c1C1(C)CCC3C(CC=C4CC(O)CCC43C)C1C2,-2.0
Cc1ccc(S(=O)(=O)NC(=S)Nc2nnc(CCC(C)C)s2)cc1,-4.643856189774724
CCOC(=O)c1cn([CH-]c2ccc(C)cc2)c2cc(C(C#N)C(=O)OCC)c(F)cc2c1=O,-0.0
COC(=O)C(CCCNC(=N)N[N+](=O)[O-])NC(=O)c1cc(-c2nc3ccc([N+](=O)[O-])cc3[nH]2)ccc1O,-3.643856189774725
Cc1ccc(C=Cc2nc3ccccc3c(=O)n2-c2nnc(-c3ccc(C)cc3)s2)cc1,-2.3015876466031866
CON=C(C(=O)NC1C(=O)N2C(C(=O)[O-])=CCSC12)c1csc(N)n1,1.0
CCc1[nH]c2nc(Sc3ccc4cc5c([n+]([O-])c4c3)CCNC5)nc(N3CCC(N)C3)c2c1Cl,-2.0
COc1ccc(C=NN=c2scc(C3=CC(=O)C=CC3=O)n2-c2ccc(C)cc2)cc1,-4.643856189774724
CN(C)CC(C)(C)CNc1nc(F)c2c(c1O)C(=O)C1=C(O)C3(O)C(=O)C(C(N)=O)=C(O)C(N(C)C)C3CC1C2,-0.0
CCCCC(CC)CN=c1ccn(CCCCCn2ccc(=NCC(CC)CCCC)cc2)cc1,-2.963474123974886
Cn1cc(NC(=O)c2cc(NC(=O)c3cc4ccccc4cn3)cn2C)cc1C(=O)NCCN1CCOCC1,-5.0
C=CC1(C)C=C(C)C2C3C(Oc4ccc(cc4)CC4(O)CC(=C(O)C31)C(=O)N4)C1C(C)CC(C)CC21C,-4.321928094887363
Cc1cc(NCC(N)c2ccccc2F)n2nc(NC(CC#N)c3cccc(Cl)c3)nc2n1,3.0
O=C(C(=Cc1ccco1)n1cnc2cc(Cl)ccc2c1=O)c1nccs1,-4.0
CCOC=NC1=C(C#N)C(c2ccc(OC)cc2)c2c(n(C)c(=O)n(C)c2=O)O1,-2.643856189774725
CCOC(=O)c1cc2cc(OCCCC3CCN(Cc4ccccc4)CC3)ccc2[nH]1,-5.0
Cc1cc(NCCN(C)C)cc(C)c1-c1cnnc(NCc2nc3cc(O)ccc3s2)n1,-4.0
O=C1C(Cl)C(c2ccc(OCc3cc(=O)oc4ccc(Cl)cc34)cc2)N1c1ccc(Br)cc1,-0.0
COCOc1ccc2c(c1)OC(C1=CCC3CC1C3(C)C)CC2=O,-2.643856189774725
CCCN(CCC)Cc1cccc(C=NNC(=O)c2ccncc2)c1OCC,-3.643856189774725
CCCC(=O)OCOC(=O)NCC1OCCC1SC1=C(C(=O)[O-])N2C(=O)C(C(C)O)C2C1C,4.058893689053568
NCC1CN(c2cc3c(cc2F)c(=O)c(C(=O)O)cn3C2CC2F)CC1=NOCc1ccccc1,4.058893689053568
NCC1CN(c2nc3c(cc2F)c(=O)c(C(=O)O)cn3C2CC2)CC1=NOCc1ccccc1,6.965784284662087
O=C1C(Cl)C(c2cccc(Br)c2)N1N=CCCn1nnc2ccccc21,3.321928094887362
CC(=O)Nc1cccc(-n2c(C=Cc3ccc(F)cc3)nc3ccccc3c2=O)c1,-4.0
CON=C1CCN(c2nc3c(cc2F)c(=O)c(C(=O)O)cn3C2CC2)CC1(C)N,-2.0
C=CCOc1ccccc1C(CC=C)Nc1ccc(Oc2ccc(Cl)cc2)cc1,-2.643856189774725
Nc1nc(N)c2cc([S+]([O-])c3ccc(Cl)c(Cl)c3)ccc2n1,-4.643856189774724
CCNCC1CCN(c2c(F)cc3c(=O)c(C(=O)O)cn(CC(F)(F)F)c3c2F)C1,1.3219280948873622
NC1CCN(c2cc3c(cc2F)c2nc[nH]c2c(=O)n3C2CC2)C1,1.0
CN1c2ccccc2Sc2cc(COCc3cn(Cc4ccc(F)cc4)nn3)ccc21,-4.643856189774724
O=C(O)c1cn(-c2ccc(F)cc2)c2cc(N3CCN4CCC3CC4)c(F)cc2c1=O,2.321928094887362
N=C(N)NN=Cc1cn(-c2ccc([N+](=O)[O-])cc2[N+](=O)[O-])nc1-c1ccccc1Br,-2.0
Oc1nc(-c2cc(Cl)cc(Cl)c2)c(-c2cc(Cl)cc(Cl)c2)[nH]1,-3.0
CCON=C1CN(c2nc3c(cc2F)c(=O)c(C(=O)O)cn3C2CC2F)CC1(C)CN,6.965784284662087
COc1ccc(C2=NOC(Cc3ccc4c(c3)OCO4)CC2)cc1,-4.643856189774724
CN=C1C(Cl)=C(O)OC1O,-4.0
CCN(CC)C(=O)NC1(C(C)O)C(N)C(Nc2cccc(F)c2)C(O)(CO)C1(C)O,-3.0
Cc1c(N2CCC(O)C2)c(F)cc2c(CN)cc(=O)n(C3CC3)c12,5.058893689053568
O=C(Nc1cc(Cl)c(Br)c(Cl)c1)Nc1ccc2[nH]ccc2c1,1.0
CCON=C1CN(c2nc3c(cc2F)c(=O)c(C(=O)O)cn3-c2nc(N)c(F)cc2F)C1CN,-1.0
NC(CCl)C(=O)NC(CCl)C(=O)NC(CCl)C(=O)O,-4.643856189774724
COc1ccc2nc(CNC34CCC(CCc5c(F)cnc6ccc(=O)n(CCO)c56)(CC3)OC4)c(F)c(C)c2n1,-5.0
COc1ccc2c3c1OC1CC(OP(=O)(NCCO)N(CCCl)CCCl)C=CC31CCN(C)C2,1.5145731728297582
C=C1CCOC2(C(O)C(C)(O)CO)NC(=O)C1(S)NC2=O,-5.0
O=C(Cn1ncc2cc([N+](=O)[O-])ccc21)NN=Cc1ccccc1[N+](=O)[O-],-3.9068905956085187
COc1cc(C=NN2C(N)=NNC23C(=O)Nc2ccc(C)cc23)ccc1O,-0.0
CCCCCCCCCOc1ccc2[nH]cc(CC[N+](C)(C)C)c2c1,-2.700439718141092
O=C(O)c1cn(CCF)c2nc(-c3ccncc3)c(F)cc2c1=O,2.321928094887362
Cc1c(N2CC3CC3(N)C2)c(F)cc2c(CN)c(Cl)c(=O)n(C3CC3)c12,4.058893689053568
O=c1ccsn1-c1ccccc1,-3.643856189774725
Cc1nnsc1C=CC1=C(C(=O)O)N2C(=O)C(NC(=O)C(=NO)c3csc(N)n3)C2SC1,3.321928094887362
COC(=O)C(C)NC(=O)C(O)=CC(=O)c1oc2ccc(Br)cc2c1C,-1.0
CN(C)Cc1cccc2c(O)c3c(cc12)CC1CC2C(N(C)C)C(O)=C(C(N)=O)C(=O)C2(O)C(O)=C1C3=O,-2.0
CNCc1cccc(NCc2ccc(-c3cccc(C(=O)O)c3O)o2)c1,-2.0
O=C1c2nccnc2C(=O)N1c1ccc([N+](=O)[O-])cc1[N+](=O)[O-],-3.4462562298895643
O=C1OC(CO)CN1c1ccc(-c2ccc3c(c2)CC2(C(=O)NNC2=O)C2CCCN32)c(F)c1,-5.0
CN(C)C1=NC(c2ccc3cc(OCc4ccc(Br)cc4)ccc3c2)N=C(N)N1,-0.0
CC(O)C1C(=O)N2C(C(=O)O)=C(c3cn4cnc(C(=O)c5cccs5)c4s3)C(C)C12,-1.0
CN1CCN(c2nc(Nc3ccc(F)cc3)nc(Nc3ccc(F)cc3)n2)CC1,-4.0
COc1cc(C2NC(=O)c3c(C)cc(C)nc3N2)cc(OC)c1OC,-1.7004397181410922
CN1C2CCC1CN(c1cc3c(cc1F)c(=O)c(C(=O)O)cn3C(C)(C)C)C2,1.0
CC(=O)NCC1CC(c2ccc(-n3cccc3)c(F)c2)=NO1,-4.0
CCc1nc(C(=O)c2ccc[n+](CC(N)=O)c2)c2sc(C3=C(C(=O)[O-])N4C(=O)C(C(C)O)C4C3C)cn12,-1.0
CC(=O)NCC1CN(c2ccc(OC3CN(c4nc5c(cc4F)c(=O)c(C(=O)O)cn5C4CC4)C3)c(F)c2)C(=O)O1,4.058893689053568
CCOCSc1nnc(-c2nnn(-c3ccccc3Cl)c2-c2nnc(SCOCC)o2)o1,-4.965784284662087
Cc1nn(C)c(SCC(=O)N2CCC3C2C(=O)N3S(=O)(=O)[O-])nc1=O,-4.0
CN1CCN(c2cc3c(cc2F)c(=O)c(C(=O)O)c2n3C(c3ccccc3)S2)CC1,2.321928094887362
CCON=C1CN(c2nc3c(cc2F)c(=O)c(C(=O)O)cn3-c2ccc(F)cc2F)CCC1(C)N,-4.0
O=c1cc(Cl)sn1-c1ccc(N2CCOCC2)c(F)c1,-4.643856189774724
CCCCCNC(=O)Nc1cc(-c2ccc(Cl)c(Cl)c2)sc1C(=O)O,-3.321928094887362
Cc1c(N2CC(C)OC(C)C2)ccc2c(=O)c(C(=O)O)cn(C3CC3)c12,1.0
Cn1c(CNC2(C)CCC2)cc2cc3c(cc21)OCCc1c-3[nH]c(=O)c(C(=O)O)c1O,3.0588936890535687
Nc1nc(C(=NOCCF)C(=O)NC2C(=O)N3C(C(=O)[O-])=C(Sc4nc5ccccc5s4)CCC23)cs1,2.0
Cc1ccc(-c2nn(-c3ccccc3)cc2C2CC(=O)N(c3ccc(F)cc3)C3=C2C(=O)CC(C)(C)C3)cc1,1.0
C1=Nc2ncccc2OCCOc2cccnc2N=Cc2ccccc21,-0.0
O=C(Cc1ccccc1)NC1C(=O)N2C(C(=O)O)=C(OS(=O)(=O)C(F)(F)F)NCC12,3.473931188332412
CCOC(=O)c1cn(Cc2ccc(F)cc2F)c2cc(F)c(F)cc2c1=O,-4.0
CC1=NN2B(OB3c4ccccc4C(C)=NN3C2=O)c2ccccc21,-5.0
CSc1nn(-c2nnc(-c3ccccc3)c(-c3ccccc3)n2)c2nc(-c3ccccc3)c3c(C)c(C#N)c(N)nc3c12,-4.643856189774724
CON=C1CN(c2c(F)cc3c(=O)c(C(=O)O)cn(CCF)c3c2F)CCC1(C)N,-5.0
O=c1[nH]c2ccccc2nc1NN=C1c2ccccc2Cc2ccccc21,-3.963474123974886
O=C(O)c1cn(C2CC2)c2c(F)c(N3CC(Sc4ncccn4)C3)c(F)cc2c1=O,-0.0
CN1CCN(c2cc3ncnc(Sc4nnc(-c5cccnc5)o4)c3cc2NC(=S)Nc2cccc(Cl)c2)CC1,-3.643856189774725
CCOC(=O)C1=C(C)N=C2Sc3ccccc3N2C1c1ccc(O)c(OC)c1,-4.643856189774724
NC(Cc1ccccc1)C(=O)NC(CCl)C(=O)O,-4.643856189774724
CC(=O)NCC1CN(c2ccc(C3=NOC(C(N)=O)C3)c(F)c2)C(=O)O1,-5.0
CCOC(=O)c1sc(NC(=O)NCC=Cc2ccc(OC)cc2)c(C(=O)OCC)c1CCc1ccccc1,-5.0
Cc1c(F)ccc(-n2cc(C(=O)O)c(=O)c3cc(F)c(N4CC(C)NC(C)C4)cc32)c1F,-1.632268215499513
CC(C)Cc1ccc(C(C)C(=O)c2ccc(OCc3cn(-c4cccc(Cl)c4)nn3)cc2O)cc1,-3.584962500721156
CCCCCCCC[N+](C)(C)CC(=O)Nc1ccc(C(=O)C=Cc2ccc3ccccc3c2)cc1,-0.0
CC1CN(c2c(F)c(F)c3c(=O)c(C(=O)O)cn(C4CC4)c3c2F)CCN1,7.310432456049533
Nc1ccc(-c2ccn(S(N)(=O)=O)c2C(=O)O)cn1,5.058893689053568
O=C(O)c1cn(Cc2cccc(B(O)O)c2)nn1,3.0588936890535687
COc1cccc2c(=O)c3c(O)cc4c(c3n(C)c12)C=CC(C)(C)O4,-0.0
CCCCCCCCCCCC(=O)N(CCO)CCO,5.643856189774724
CCCCC(CC(=O)NO)C(=O)NC(c1nc(C(=O)Nc2ccc(C)cc2)co1)C(C)C,-4.643856189774724
CC(O)C1C(=O)N2C(C(=O)O)C(=CCO)SC12,-0.6415460290875237
CCCCCCCNC(=O)C[N+](C)(C)CCCCCOc1cc(C(C)C)ccc1C,-2.0
CCN(CC)CCCNCCCOc1c(C(C)=O)ccc2c1C=CC(C)(CCC=C(C)C)O2,-3.0
O=C([O-])C1=CCSC2C(Nc3cc[n+](Cc4ccccc4)cc3)C(=O)N12,-0.0
CCOP(=O)(OCC)C(OC(C)=O)c1cc2ccc(OC)cc2n2nnnc12,-3.9068905956085187
CC(=CC1C=CC2CCC(C)C2C1C(=O)c1[nH]c(Cl)c(Cl)c1Cl)CC(C)C(=O)O,-2.0
CCn1cc(C(=O)O)c(=O)c2cc(F)c(N3CCCC(C(N)=O)C3)nc21,-3.643856189774725
O=C1c2cccc(O)c2C(=O)c2c(O)cc(Cn3nnc4ccccc43)cc21,-5.0
Cc1c(F)c(N2CC3CC2CN3)nc2c1c(=O)c(C(=O)O)cn2-c1ccc(F)cc1F,6.965784284662087
O=c1c(F)cn(Cc2nc3ccccc3n2Cc2cccc(F)c2)c(=O)n1Cc1cccc(F)c1,-1.0
O=C(O)c1cn(C2CC2)c2c(F)c(N3CCN4CCC3CC4)c(F)cc2c1=O,6.643856189774724
CN(c1cccc(Cl)c1)S(=O)(=O)c1ccc2nc(N)nc(N)c2c1,-4.643856189774724
C=CC1(C)CCC2(O)C(O)(CCC3(O)C(C)(C(=O)O)CCCC23C)C1,-3.0
NCC1CN(c2nc3c(cc2F)c(=O)c(C(=O)O)cn3C2CC2F)CC1=NOCc1ccc([N+](=O)[O-])cc1,2.0
COc1ccc2nccc(CCC3CCC(NCc4cc5c(cn4)OCCO5)CO3)c2n1,6.965784284662087
N#Cc1ccc(Nc2nc(NC3CCCCC3)nc(NC3CCCCC3)n2)cn1,-2.643856189774725
O=C1COCCN1c1ccc(C2CC(c3ccc([N+](=O)[O-])o3)=NO2)cc1,-2.643856189774725
Cc1cc(O)c2c3c1C(=O)C(Cl)=C1C(C)(C)C(=O)c4c(O)cc(O)c(c4C13O)C2=O,-5.0
CN(C)Cc1ccc2cc3c(c(O)c2c1)C(=O)C1=C(O)C2(O)C(=O)C(C(N)=O)=C(O)C(N(C)C)C2CC1C3,-0.0
O=CN(O)CCN1C(=O)Cc2cc(C#Cc3ccc(CN4CCOCC4)cc3)ccc21,-2.0
Cc1ccc(C(C)C)c(OCCCCC[N+](C)(C)CC(=O)N(CC(C)C)CC(C)C)c1,-5.0
N#Cc1cnc2ccc(=O)n(CCO)c2c1CCC12CCC(NCc3ccc4c(n3)NC(=O)CO4)(CC1)CO2,-2.0
O=[N+]([O-])c1ccc(Nc2nc(Nc3ccc(S(=O)(=O)Nc4ncccn4)cc3)nc(N3CCCCC3)n2)cc1,-4.643856189774724
CCCCC(CN(O)C=O)C(=O)N1CCCC1c1nnc(C2CC2)s1,-4.0
COCCN1CCN(c2ccc(C#Cc3cc(Cn4ccnc4C(C)O)no3)cc2)CC1,2.0
CC(=NNC(=N)N)c1sc(NN=CC=Cc2c(F)cccc2F)nc1C,-5.0
O=C(O)C1CCCCN1C(=O)C(CS)C(F)(F)F,3.0
CC1(C)CCCC2(C)C1CCC1(CO1)C2CC=C(C=O)CC=O,-2.7548875021634687
NCC1CN(c2ccc3c(=O)c(C(=O)O)cn(C4CC4)c3n2)CC1=NOCF,4.058893689053568
O=C(C=Cc1ccc2ccccc2n1)c1ccccn1,-5.0
O=C1c2cccnc2C(=O)c2c1c(C(=O)OCC(O)CO)c1ccc(Br)cn21,-2.0
N#Cc1ccc(-c2ccc(-c3cccs3)s2)nc1,-3.9068905956085187
CCCCCCC1CC(=O)c2ccc(O)cc2O1,-1.6461626571578936
Cc1c(CN(C)C(=O)C=Cc2cnc3c(c2)CC2(CCN(C)CC2)C(=O)N3)sc2ccccc12,3.9885043611621707
NCCCCC(N)C(=O)NC1CCN(c2cc3c(cc2F)c(=O)c(C(=O)O)cn3C2CC2)C1,-3.643856189774725
CCn1cc(C(=O)O)c(=O)c2cc(F)c(N3CCN(C(c4ccco4)c4nnnn4C(C)(C)C)CC3)cc21,-2.070389327891398
O=C(Nc1cc(Cl)ccc1Oc1ccc(Cl)c2ccccc12)c1cc(Cl)cc(Br)c1O,-3.0
CC(C)CNc1nccc(NCCCNC2CCCc3c2[nH]c2ccc(OC(F)(F)F)cc32)n1,-0.6415460290875237
CCCCC(CN(O)C=O)C(=O)N1CCCC1c1nnc(-c2cccc3ccccc23)s1,-4.0
CCOc1cn(CC2CN(c3ccc(-c4ccc(CN)cc4)c(F)c3)C(=O)O2)nn1,-5.0
CCOC(=O)OCOC(=O)C1=C(SC2CCOC2CNC(=O)OC(C)OC(C)=O)C(C)C2C(C(C)O)C(=O)N12,4.058893689053568
COc1cccc(Nc2c3ccccc3[n+](C)c3c2oc2ccccc23)c1,-3.584962500721156
CN(C)c1ccc(C=NNC(=O)c2ccc3c(c2)OCCCO3)c(O)c1,-3.643856189774725
[N-]=[N+]=Nc1ccc(C2=NN(C(=O)CN3C(=O)C(=O)c4ccccc43)C(c3ccc(F)cc3)C2)cc1,-2.643856189774725
C[n+]1cccc(N(CCCCCC2CCCCC2)c2ccccc2C(F)(F)F)c1,-4.321928094887363
OC(CNCCNc1ccccc1C(F)(F)F)COc1cccc(C(F)(F)F)c1,-5.0
COc1c(N2CCN(c3nnc(-c4ccc([N+](=O)[O-])o4)s3)C(C)C2)c(F)cc2c(=O)c(C(=O)O)cn(C3CC3)c12,-0.0
CC(C)=CCc1c(O)c2c(c3c1OC(C)(C)C=C3)OC(c1ccc(O)cc1O)CC2=O,-1.0
Nc1ccnc(SCSC2=C(C(=O)O)N3C(=O)C(NC(=O)C(=NO)c4nc(N)sc4Cl)C3SC2)n1,-0.0
COc1cccc(OC)c1C(=O)NC1C(=O)N2C1SC(C)(C)C2C(=O)O,-0.6780719051126377
CC(=O)OCCCSc1nnc(-c2nnn(-c3ccccc3Cl)c2-c2nnc(SCCCOC(C)=O)o2)o1,-4.965784284662087
COc1cc(CN(C)c2cnc3nc(N)nc(N)c3n2)cc(OC)c1OC,-4.643856189774724
CC(C)=CCN1CCCc2cc(OCCCCCCCCCCNC(=N)N)ccc21,-3.643856189774725
Cc1n[nH]c2c1C(c1cc(=O)oc3c1ccc1ccccc13)CC(=O)O2,-3.643856189774725
Cc1cccc(C(=O)NCCNC(=O)c2nc3ccccc3n2C)c1C,-5.0
COC(=O)C1CCCCN(c2ccc(Cl)cc2)C1C(=O)OC,-1.0
O=C(NN=C1C(=O)Nc2ccc(Br)cc21)NN=C1C(=O)Nc2ccc(Br)cc21,-2.643856189774725
Cc1cc2ncn(Cc3ccc(Cl)cc3Cl)c2cc1C,-4.247927513443585
COc1ccc(Cn2ccc3c(-c4ccco4)cccc32)cc1,-4.0
CC(O)=CC(C)=NN=C1c2cc(C)cc(C)c2-n2c1nc1ccccc1c2=O,-4.643856189774724
CC=C1C(=O)N2C(C(=O)O)=C3C(OC)CCCC3C12,-4.678071905112637
O=C1CSC(N2N=C(c3ccc(Br)cc3)CC2c2ccco2)=N1,-2.643856189774725
N=C(N)NCCCC(NC(=O)C(N)Cc1ccccc1)C(=O)Nc1ccc2ccccc2c1,9.965784284662087
CCOC(=O)Cn1cc(C=C(C#N)S(=O)(=O)c2ccc(NC(C)=O)cc2)c2ccccc21,-5.0
CCCCCCCCCCC(=O)OC(CC(=O)OCCOc1ccccc1)C[N+](C)(C)C,-4.643856189774724
CN(C)S(=O)(=O)NCCn1[se]c2ccccc2c1=O,-3.0
CC(O)C1C(=O)N2C(C(=O)O)=C(SC3CNC(Cc4cc[n+](CCO)n4C)C3)C(C)C12,2.321928094887362
COc1ccc2oc(=O)cc(Cn3nnc(C)c3C(=O)O)c2c1,2.321928094887362
CNC1C(OC2OC(CO)C(N)C(O)C2O)OC2CC(N)C(OC3C(N)CC(N)C(O)C3O)OC2C1O,-0.0
Cc1c2ccccc2nc2c1c(C(F)(F)F)nn2CC(=O)Nc1ccc([N+](=O)[O-])cc1,-2.963474123974886
O=c1cc(OCc2nnc(-c3ccccc3)[nH]2)c2ccccc2o1,-3.643856189774725
CC1(C)C=Cc2c(cc(O)c3c(=O)cc(-c4ccc(O)cc4)oc23)O1,-0.0
CC(=O)NNC(=O)C1CCC2CN1C(=O)N2OS(=O)(=O)[O-],-1.0
CC(=NOC(=O)c1ccccc1F)N1N=C(c2ccc(Cl)cc2Cl)CC1c1ccccc1F,-4.643856189774724
Fc1ccc(NCc2nc3ccccc3[nH]2)c(F)c1,-4.0
NCCC(O)C(=O)NC1CC(N)C(OC2OC(CN)CCC2N)C(N)C1OC1OC(CO)C(O)C(N)C1O,-1.0
CCOC(=O)C(C#N)c1cc2c(cc1F)c(=O)c(C(=O)O)cn2CC,1.0
O=C(NCCc1c[nH]c2ccc(Br)cc12)Nc1ccc(Cl)c(Cl)c1,2.0
N#Cc1ccc2ccc(=O)n(CCN3CCC(NCc4ccc5c(c4)OC(C(=O)O)CO5)CC3)c2c1,-4.0
Cc1ccc(C2=NOC(CCl)CC2)cc1C,-4.321928094887363
Nc1nc(C(=NOCCF)C(=O)NC2C(=O)N3C(C(=O)[O-])=C(Sc4nc5cccnc5s4)CCC23)cs1,2.0
C=C(C)CNC(=N)NCCCCCCCCN1CCCCCCCCNC(=N)NC1=O,1.0
C=CCc1cc(C(=O)O)c(=O)n2cc(F)c(N3CCC(N)C3)c(C)c12,-0.6415460290875237
COC(=O)Cc1ccccc1OC(=O)Cc1cccc(Br)c1,-2.643856189774725
O=C1C(=C2CN(c3ccccc3)N=C2c2ccccc2)C(c2ccccc2)=NN1c1ccccc1,-2.028569152196771
CC(=O)Nc1ccc(S(=O)(=O)CC(=NNC(=O)c2ccccc2)c2nccs2)cc1,-4.0
CC(C)=CC=CC(C)C1CCC2(C)CC3C(C)=CC(=O)C3C(C=O)=CCC12,-4.0
CC(=O)N1N=C(c2ccc(Br)cc2)CC1c1ccc(F)cc1,-3.643856189774725
CCSc1cc(=O)c2cc(F)c(N3CCNCC3)c(OC)c2n1C1CC1,-4.643856189774724
COc1cccc(CON=C2CN(c3nc4c(cc3F)c(=O)c(C(=O)O)cn4C3CC3)CC2CN)c1OC,3.0
COc1ccc(C2NC(c3ccc(OC)cc3)C(C)C(=NOCc3ccccc3)C2C)cc1,-4.643856189774724
O=C(C(=Cc1ccccc1)n1cncn1)c1ccc(F)cc1N1CCCC1,-3.0
NCC1CN(c2nc3c(cc2F)c(=O)c(C(=O)O)cn3C2CC2)CC1c1ccccc1,4.321928094887363
CON=C(C(=O)N1CCN(c2ccc3c4c(cccc24)C(=O)N(CCC(=O)O)C3=O)CC1)c1csc(N)n1,-3.0
CCC1C(=NO)CC(c2ccco2)NC1c1ccco1,-4.643856189774724
O=C1COc2ccc(CNC34CCC(CC5(O)Cn6c(=O)c(Cl)cc7ncc(F)c5c76)(CC3)OC4)nc2N1,-4.0
CCCCNC(=O)C[n+]1ccc(C(=O)N2CCN(c3cc4c(cc3F)c(=O)c(C(=O)O)cn4C3CC3)CC2)cc1,-4.0
COc1cc(-c2nnc(-c3ccccc3COc3ccc(C)cc3)o2)cc(OC)c1OC,-2.643856189774725
COc1ccc(-n2c(=O)c3ccccc3n3c(-c4ccccc4C)nnc23)cc1,-2.643856189774725
COc1ccc2nccc(-n3cc4c(n3)CCC(NC(=O)c3cc5c(cc3C(=O)O)SCC(=O)N5)C4)c2n1,-4.0
CCCCOc1ccc(C(=O)Nc2ccc(-c3nc4ccccc4s3)cc2)cc1,1.0
CC(C)C(ON=C(C(=O)NC1C(=O)N(OS(=O)(=O)O)C1(C)C)c1csc(N)n1)C(=O)O,3.0
Cc1ccc(S(=O)(=O)N2N=Cc3cc(Br)ccc3B2O)cc1,-4.643856189774724
COc1ccc(-c2nn(-c3ccccc3)cc2C=NNC(=O)c2cccc(-n3cc(-c4ccccc4)nn3)c2)cc1,-1.0
Cc1ccc2occ(C=C(c3ccc([N+](=O)[O-])cc3)c3nnn[nH]3)c(=O)c2c1,-5.0
O=C1c2cccc3c(NN=Cc4ccc5ccccc5c4)ccc(c23)C(=O)N1C(CO)CO,-4.0
CCOc1ccc(-c2nc3ccc(N4CCN(C)CC4)cc3[nH]2)cc1,-4.0
O=C(O)c1cn(C2CC2)c2nc(N3CCCC3Cn3cc(Cc4ccccc4)nn3)c(F)cc2c1=O,-5.0
CC1CC(C)(CO)OC1=CC(=O)CC1CC(=O)NC(=O)C1,-3.169925001442312
CCCCc1nc(Cl)c(C=NNc2ccc3c4c(cccc24)C(=O)N(C(CO)CO)C3=O)[nH]1,-4.0
Clc1cc(Cl)c(Cl)c(-c2nc(-c3ccc(-c4ccccc4)cc3)cs2)c1,-4.643856189774724
CC(=O)c1cc2cc(Cl)ccc2n(N=Cc2ccc(O)cc2)c1=O,-0.6780719051126377
COC(c1ccccc1)C1CN(Cc2ccccc2)C(=O)N(c2ccc(Cl)c(Cl)c2)C1=N,-0.6415460290875237
CCOC(=O)c1c(-c2ccccc2)nn(-c2ccccc2)c1Cn1c(S)nc2ccc(OC(F)F)cc21,-3.9068905956085187
NCC(Nc1nccc2ccc(-c3ccccc3Cl)cc12)c1ccccc1,-1.0
O=C(NCC1CN(c2ccc(-c3nnc4ncccn34)cc2)C(=O)O1)C(Cl)Cl,-4.0
CN(Cc1ccccc1)C(=O)c1ncc([N+](=O)[O-])n1C,-5.0
CC(C)(C)c1ccc(OC(Cc2ccc3oc(CCc4ccc(F)cc4)nc3c2)C(=O)O)cc1,-0.6415460290875237
N#Cc1c(-c2ccc(Br)cc2)[nH]c(=S)n2nnnc12,-5.0
CN1CCN(c2c(F)cc3c(=O)c(C(=O)O)cn4c3c2OCC42CC2)CC1,3.0
COc1cc(OC)c2c(c1)OC(CN1CCCC1)(CN1CCCC1)C2=O,-4.643856189774724
Nc1nc(N)c2c(Cl)c(Sc3ccccc3Cl)ccc2n1,2.0
CN(C)C1=NC(c2ccc(C=CC(=O)c3ccc(F)cc3)cc2)N=C(N)N1,-5.0
O=C1COc2c(Cl)cccc2N1C1CCCCC1,-5.0
Fc1ccc(Nc2nc(Nc3ccc(F)c(Cl)c3)nc(Nc3nc(-c4ccc(Cl)cc4)cs3)n2)cc1Cl,-3.643856189774725
COc1ccc(C=NNc2nc(=S)[nH]c(-c3ccc(Br)cc3)c2C#N)cc1,-5.0
CON=C(C(=O)NC1C(=O)N2C(C(=O)[O-])=C(C[n+]3cccc4c3CCC4)CSC12)c1csc(N)n1,6.265344566520995
CCON=C1CN(c2nc3c(cc2F)c(=O)c(C(=O)O)cn3-c2nc(N)c(F)cc2F)CC1CNC1CC1,-2.0
Fc1cc(-c2nnc3n2N=C(Nc2ccccc2C(F)(F)F)CS3)c(Cl)cc1Cl,-2.643856189774725
Cc1c2ccncc2c(C)c2c1[nH]c1ccc(Br)cc12,-4.0
Cc1nc(-c2ccc(Cl)cc2)ccc1C(=O)NN=Cc1ccc(Cl)cc1Cl,-0.963474123974886
Cc1c(F)c(N2CC3CCC2CN3)nc2c1c(=O)c(C(=O)O)cn2C1CC1,6.965784284662087
Oc1ccc(Br)cc1CNc1ccc(F)cc1,-3.643856189774725
O=C(c1ccccc1)N1CCN(c2ccc(N3CC(Cn4ccnn4)OC3=O)cc2F)CC1,-3.0
CC(O)C1C(=O)N2C(C(=O)[O-])=C(C(C)(C)C)OC12,-0.0
CSc1ccc(Cc2nnc3sc(-c4ccc(Cl)c(Cl)c4Cl)nn23)cc1,-3.643856189774725
CC1CN(C(=O)OCc2ccccc2)OC1O,-5.0
O=C1c2c(O)ccc(O)c2C(=O)c2c(NCCNCCO)ccc(NCCNCCO)c21,-3.070389327891398
CCN(CC)C(=O)Nc1ccc(F)cc1,-4.643856189774724
O=C(O)c1cn(C2CC2)c2c(cc(F)c3c2nnn3-c2ccc(F)cc2)c1=O,2.0
O=c1ccc2ncc(F)c3c2n1CC3(O)CC12CCC(NCc3cc4c(c(Cl)c3Cl)OCCO4)(CC1)CO2,-5.0
CN(C)c1ccc(C=NNC(=O)c2cc(Cl)c(Cl)[nH]2)cc1,-2.643856189774725
CC1(C)C2CC=C(C=CC(=O)c3ccc(O)cc3O)C1C2,-0.6415460290875237
CCOC(=O)c1sc(N=C2NC(=O)C(=C3C(=O)Nc4ccc(Cl)cc43)S2)nc1C,0.029146345659516508
COc1ccc(CN(CCN(Cc2ccc(OC)cc2)Cc2cccc(C(=O)O)n2)Cc2cccc(C(=O)O)n2)cc1,5.0
CC(C)(C)n1cc(C(=O)O)c(=O)c2cc(N)c(N3CCN(c4ccccn4)CC3)cc21,1.0
CCn1cc(C(=O)O)c(=O)c2cc(F)c(N3CC4CCC(C3)N4C)c(F)c21,0.3584539709124763
CCOc1cc(C=Cc2ccc(F)cc2)c(C(=O)O)c(O)c1CC=C(C)C,-5.0
CCCCCCOc1cccc2c1c1ccccc1n2Cc1nnc(S)o1,-2.0
O=C(NO)C(CNCc1ccccc1)OCc1ccc(C#Cc2ccc(CN3CCOCC3)cc2)cc1,1.0
CC1C(NC(=O)Nc2ccc(F)c(F)c2F)CC2CC1C2(C)C,-0.6780719051126377
O=C(c1ccncc1)N1N=C(c2ccc(Cl)cc2)CC1c1cc2ccccc2nc1Cl,-3.643856189774725
CCn1cc(C(=O)O)c(=O)c2cc(F)c(N3CCN(CC(=NNc4ccccc4)c4ccc(OC)cc4)CC3)cc21,-4.643856189774724
CC(O)C1C(=O)N2C(C(=O)[O-])=C(CSC(=S)N3CCCC3)SC12,1.0
Cc1[nH]c2ccc(OC(F)(F)F)cc2c1CCCNC(=O)CCc1c[nH]c2ccc(Cl)cc12,-2.643856189774725
CN(C)C1C(O)=C(C(N)=O)C(=O)C2(O)C(O)=C3C(=O)c4c(cc5ccc(CN6CC(F)C6)cc5c4O)CC3CC12,-1.0
CSC(Cn1nnc2cc(C#Cc3ccc(CN4CCOCC4)cc3)ccc21)N(O)C=O,2.9434164716336326
Oc1c(Cl)cc(Cl)c2cccnc12,3.0
COc1nc2ccc(Br)cc2cc1C1CC(=O)N1NC(=O)c1ccncc1,1.3219280948873622
CNn1cc(C(=O)O)c(=O)c2cc(F)c(-c3cc(C)nc(C)c3)cc21,2.0
CC(O)C1C(=O)N2C(C(=O)O)=C(SC3CNC(CN4CCCN(C)S4(=O)=O)C3)C(C)C12,6.643856189774724
CC(O)c1cn(C2CCN(c3nc4c(cc3F)c(=O)c(C(=O)O)cn4C3CC3)CC2)nn1,-0.0
COc1ccc(C(CN2CCN(c3cc4c(cc3F)c(=O)c(C(=O)O)cn4C3CC3)CC2)=NN)cc1,-3.643856189774725
CC(=O)Nc1cc(N(C)C)c2c(c1O)C(O)=C1C(=O)C3(O)C(O)=C(C(N)=O)C(=O)C(N(C)C)C3CC1C2,-2.0
CC(C)Cc1ccc(C(C)C(=O)c2ccc(OCc3cn(-c4ccc([N+](=O)[O-])cc4)nn3)cc2O)cc1,-3.584962500721156
O=C(O)c1cn(C2CC2)c2cc(N3CCN(Cc4cn(CC(=O)N5CCCC5C(=O)O)nn4)CC3)c(F)cc2c1=O,2.0
Cc1cc(O)cc(Oc2cc(C)cc(OCc3ccc(C(C)(O)CCCC(C)C)c(O)c3)c2)c1,-5.0
COc1ccc(C2=NOC(C#N)CC2)cc1OC,-4.643856189774724
Cc1nc(-c2ccccc2)sc1-c1nnc(S)n1N=Cc1cccc(Cl)c1,-0.963474123974886
CON=C(C(=O)NC1C(=O)N2C(C(=O)O)=C(CSc3nnnn3CCO)OCC12)c1nsc(N)n1,-1.0
O=c1c2c3c(sc2nnn1-c1cccc(Cl)c1)CCCC3,-4.643856189774724
CCON=C1CN(c2nc3c(cc2F)c(=O)c(C(=O)O)cn3C2CC2)CCC1NC,-2.0
CCOC(=O)C1(C(C)=O)C(c2ccc(N(C)C)cc2)N1c1ccc(N=Nc2ccc(O)cc2)cc1,13.599935002153146
CCOC(=O)c1cn(-c2cccc(B(O)O)c2)nn1,-0.0
CN(C)C1C(O)=C(C(N)=O)C(=O)C2(O)C(O)=C3C(=O)c4c(O)cnc(-c5ccccc5)c4CC3CC12,1.0
CN1CCN(c2c(F)c(-n3cccc3)c3c(=O)c(C(=O)O)cn(C4CC4)c3c2F)CC1,1.3584539709124763
CCC1CCN(c2c(F)cc3c(=O)c(C(=O)O)cn(C4CC4)c3c2OC)CC1N,5.965784284662087
COCCNC(=O)c1nc(N2CCC(NC(=O)c3[nH]c(C)c(Cl)c3Cl)C(OC)C2)sc1C(=O)O,0.6896598793878495
COc1ccc(C=NN=C2CC(c3ccccc3)NC(c3ccccc3)C2C)cc1,-3.643856189774725
C=C(C)c1cc(Nc2cc(=O)n(CCCCOC)c(=O)[nH]2)ccc1C,-4.321928094887363
CC(C)CNc1nccc(NCc2ccc(-c3cccc(Br)c3)s2)n1,-1.0
O=C(O)C1CSC(c2cn(-c3ccccc3)nc2-c2ccccc2)N1,-4.643856189774724
CCCCCCCCCCCN(CC1CN(c2ccc(N3CCOCC3)c(F)c2)C(=O)O1)C(=O)C(N)CCCCN,-3.0
Cn1nnnc1SCC1=C(C(=O)[O-])N2C(=O)C(Nc3cc[n+](Cc4ccc(F)cc4)cc3)C2SC1,4.058893689053568
COC(=O)Cc1cc(O)cc2oc(-c3ccc(C)cc3)cc(=O)c12,-2.0
CCCCC(CN(O)C=O)C(=O)N1CCCC1C(=O)Nc1ccc(F)c[n+]1[O-],-0.0
O=C(NCCc1c[nH]c2ccc(Br)cc12)Nc1cc(Cl)c(Br)c(Cl)c1,2.0
CCCCC(CN(O)C=O)C(=O)NC(c1nc(C(=O)N2CCCCC2)co1)C(C)C,-4.643856189774724
CCOC(=O)C1=C(C)N=c2sc(=Cc3ccc(Cl)cc3Cl)c(=O)n2C1c1ccc(SC)cc1,-4.643856189774724
O=C1N[Se]c2ccccc2C(=O)N1,-3.0
CC(NC(=O)C(N)CCCCC(=O)O)C(=O)O,-1.0
CCSc1ccc(OCc2nnc3sc(-c4ccccc4Cl)nn23)cc1,-4.643856189774724
O=c1cc(NCCCN2CCN(c3nccc4ccc(Cl)cc34)CC2)c2ccccc2o1,-1.0
O=C1c2cccc3cccc(c23)C(=O)N1c1nc(-c2cc3cc(Br)cc(Br)c3oc2=O)cs1,-4.22881869049588
CCn1c2ccccc2c2c(OCc3nnn[nH]3)cccc21,-3.0
NCC1CN(c2nc3c(cc2F)c(=O)c(C(=O)O)cn3C2CC2)CC1=NOc1ccccc1,5.965784284662087
CC(=O)CN(C)C1(C)CN(c2cc3c(cc2F)c(=O)c(C(=O)O)cn3C2CC2)C1,2.0
CCn1cc(C(=O)O)c(=O)c2cc(F)c(N3CCCC(C)C3)c(Cl)c21,-3.0
COc1ccc2nccc(CCC3CCC(NCc4ccc5c(n4)NC(=O)CS5)CO3)c2n1,9.965784284662087
N#Cc1ccc(-c2ccc(O)c(O)c2)s1,-3.4594316186372973
O=C(O)c1cn2c3c(c(N4CCC(CNC5CC5)C4)c(F)cc3c1=O)OCC2CF,7.965784284662087
COc1ccc(-c2cc(=O)c3cc(CN4CCNCC4)ccc3o2)cc1OC,-3.321928094887362
COc1cncc(-c2cc3c(cc2F)c(=O)c2c(=O)[nH]sc2n3C2CC2)c1,4.035046947099201
Cc1oc(-c2ccc(F)cc2F)nc1N1N=C(c2ccccc2F)CC1N1CCc2ccccc2C1,-2.643856189774725
CC(=O)Nc1ccc(Oc2ccc(N3CC(CN=C(S)NC4CC4)OC3=O)cc2F)cc1,-4.0
COP(=O)(CCOC(=O)c1c2c(n3cc(Br)ccc13)C(=O)c1ncccc1C2=O)OC,-4.0
CCOC(=O)c1cn(Cc2ccc([N+](=O)[O-])cc2)c2cc(F)c(F)cc2c1=O,-1.0
NC1CCN(c2cc3c(cc2F)n2ccnc2c(=O)n3C2CC2)C1,3.0
CC(O)C1C(=O)N2C(C(=O)[O-])=C(c3cn4cnc(C(=O)c5ccc[n+](CC(=O)C(F)(F)F)c5)c4s3)C(C)C12,3.0
N#CC1=C(N)OC(c2c[nH]c3ccccc23)=C(C#N)C1c1cc(Br)c2c(c1)OCO2,-4.77082904603249
COc1cc(NS(=O)(=O)c2ccc(NC(=S)Nc3cccc4nsnc34)cc2)nc(OC)n1,0.029146345659516508
O=[N+]([O-])c1ccc(-c2nnc3n2N=C(c2ccc(Cl)cc2)CS3)o1,-4.643856189774724
CCNC(C)C1CCN(c2c(F)c(N)c3c(=O)c(C(=O)O)cn(C4CC4)c3c2F)C1,5.321928094887363
CC(O)C(NC1CCc2cc(C#Cc3ccc(CN4CCN(C)CC4)cc3)ccc21)C(=O)NO,2.0
Fc1ccccc1COc1cccc2c1c1ccccc1n2Cc1nnc(S)o1,-4.0
C=CCn1c(-c2cccs2)nn(CN2CCC(C)CC2)c1=S,-1.6415460290875237
COc1ccc2ccc(=O)n(CCCNC3CCC4C(C3)OC(=O)N4c3ccc4c(n3)NC(=O)CO4)c2n1,8.965784284662087
Cc1ccc(-c2nnc(-c3ccc4nc(-c5c[nH]c6ccc(Br)cc56)c(Nc5ccc(F)cc5)n4c3)o2)cc1,-2.7484612330040354
COc1ccc(C2NC(=O)c3c(C)cc(C)nc3N2)cc1,-1.7004397181410922
CCNS(=O)(=O)NCC(=NOC)C1CC(SC2=C(C(=O)O)N3C(=O)C(C(C)O)C3C2C)CN1,6.265344566520995
C=CC1(C)CCC2=C(CCC3(O)C2(C)CCC(O)C3(C)C(=O)O)C1OC,-5.0
CC1N(c2c(F)cc3c(=O)c(C(=O)O)cn(C4CC4)c3c2F)CC1(C)O,-0.0
COc1ccc(-n2cc(COc3ccccc3C=NNC(N)=O)nn2)cc1,-4.643856189774724
CON=C(C(=O)NC1C(=O)N2C(C(=O)[O-])=C(C[n+]3cccc(-c4cc(CO)nn4C)c3)CSC12)c1csc(N)n1,4.351074440546879
Cc1ccccc1OCc1ccccc1-c1nnc(SCc2ccc(Cl)cc2)o1,-3.643856189774725
O=c1[nH]cc(F)c(=O)[nH]1,-4.643856189774724
CC1=CC2CN(C(=O)N2OC(F)C(=O)O)C1c1nnc(C(N)=O)o1,-4.0
Nc1nc(N)c2c(ccc3c2ccn3CC2CC2)n1,2.0
CC(=NNC(=N)N)c1sc(-c2ccc(C#CCCN3CCCCC3)cc2)nc1C,-5.0
O=c1c2ccccc2nc(C=Cc2ccc(F)cc2)n1-c1cccc(O)c1,-4.0
OC12C=C(c3nccc4c3[nH]c3ccccc34)C3CCN(CCCCC=CCC1)CC31CC3C=CCCCCN3C21,3.321928094887362
CCOP(=O)(OCC)C(O)C1=C(N(C)C)C(=O)N(c2ccc(F)cc2)C1=O,-3.321928094887362
CC1CNCCN1N(Cn1nc2c(F)cc3c(=O)c(C(=O)O)cn(C4CC4)c3n2c1=O)N1CCNCC1C,2.0
CN(C)C1C(O)=C(C(N)=O)C(=O)C2(O)C(O)=C3C(=O)c4c(O)c(NS(C)(=O)=O)cc(F)c4CC3CC12,2.0
COc1ccc(C=NNC(=O)CN2CCN(c3ccccc3OC)CC2)cc1O,-4.968090752045256
CC(=NNC(=N)N)c1sc(-c2ccc(OCCCN3CCSC3)cc2)nc1C,-5.0
Cc1ncc([N+](=O)[O-])n1Cc1nnc(Cc2ccc([N+](=O)[O-])cc2)o1,-4.643856189774724
CCn1cc(C(=O)O)c(=O)c2cc(F)c(N3CCN(Cc4nc(C)c(O)c(CO)c4CO)C(C)C3)c(F)c21,-1.0
O=C(O)c1cn(C2CC2)c2c(cc(F)c3nc(-c4ccoc4)[nH]c32)c1=O,-1.584962500721156
CC1CN(c2cc3c(cc2F)c(=O)c(C(=O)O)cn3C(C)C)CCN1,0.3219280948873623
CCOC1Cc2c(C(C)=O)c(O)c3ccccc3c2O1,-4.0
Cc1ccc(OCc2ccccc2-c2nnc(-c3cccc4ncccc34)o2)cc1,-4.643856189774724
O=C(O)COc1ccc2sc(CNc3nncc(-c4c(Cl)cccc4Cl)n3)nc2c1,-5.0
CNC1=NC(=O)C(C(C)c2c[nH]c3cc(F)ccc23)O1,-3.0
Nn1c(S)nnc1-c1ccccc1,-3.643856189774725
N=C(NCCCCCCNC(=N)NC(=N)Nc1ccc(Cl)cc1)NC(=N)Nc1ccc(Cl)cc1,1.0
CCCCCCCCCCOCCc1sc[n+](C)c1C,-5.0
CC(=O)Nc1ccc(S(=O)(=O)Cc2nc3ccccc3n2Cc2ccccc2Cl)cc1,-5.0
Fc1ccc(CCN2COc3c(cc(Cl)c4cccnc34)C2)cc1,-3.643856189774725
CCOC(=O)C1=C(C)NC(C)=C(C(=O)OCC)C1c1ccc(NC(=O)Nc2ccc(Cl)cc2Cl)cc1,-3.321928094887362
O=C(NNc1ccc(Cl)cc1)c1ccc(F)cc1F,-4.0
COC1=C(C(=O)[O-])N2C(=O)C(C(C)O)C2S1,-3.3840498067951597
CCOC(=O)C(C#N)c1cc2c(cc1F)c(=O)c(C(=O)O)cn2C1CC1,1.0
C=CC1(C)CC(OC(=O)Cn2cc(COCn3cc(C)c(=O)[nH]c3=O)nn2)C2(C)C(C)CCC3(CCC(=O)C32)C(C)C1O,-5.0
COc1ccc(Nc2nn3c(-c4ccccc4)ccnc3c2C(N)=O)cc1,-3.9653225483672547
Cc1cc(S(C)(=O)=O)nc2c(CCC34CCC(NCc5ccc6c(n5)NC(=O)CO6)(CC3)CO4)c(F)cnc12,-3.0
Clc1ccc(N=c2ccn(CCCCCCCCn3ccc(=Nc4ccc(Cl)cc4)cc3)cc2)cc1,-0.6780719051126377
Sc1nnc(Cn2c3ccccc3c3c(OCC4CC4)cccc32)o1,-0.0
CCc1cc(Nc2cc(=O)n(CCCCN3CCOCC3)c(=O)[nH]2)ccc1C,-4.321928094887363
Cc1ccc(NC(=O)N2CCOCC2)cc1,-2.84799690655495
C#CC#CC#CC=CC(=O)Nc1ccc(C(=O)O)cc1,-5.0
Cn1cc(NC(=O)c2cc(NC(=O)c3ccc(C=CC4CC4)cc3)cn2C)cc1C(=O)NCCN1CCOCC1,-5.0
COc1cc(C=Nn2c(-c3nc(C(C)C)cs3)nn(CN3CCN(C)CC3)c2=S)cc(OC)c1OC,-3.0
COc1cnc2ccc(=O)n(CC(N)C3CCC(NCc4ccc5c(n4)NC(=O)CO5)CO3)c2n1,1.0
COc1ccc2cc1Oc1cc(ccc1OC)CCC(OC(C)=O)CCCC2,-3.643856189774725
CC1CN(c2c(F)c(N)c3c(=O)c(C(=O)O)cn(C4CC4)c3c2F)CC(C)N1C,6.321928094887363
CNC1(C)CN(c2c(F)cc3c(=O)c(C(=O)O)cn4c3c2OCC4C)C1,6.058893689053568
Cc1ccc(C(=O)n2c(-c3cn(-c4ccccc4)nc3-c3ccc(F)cc3)nc3ccccc32)cn1,-0.963474123974886
Cc1ncc([N+](=O)[O-])n1CCN1C(=O)SC(=Cc2ccc(Cl)cc2)C1=O,-4.965784284662087
CC(=O)OC1CC2(C)C(CCC3C4(C)CCC(=O)C(C)C4CC(O)C32C)C1=C(CCC=C(C)C)C(=O)O,-4.643856189774724
O=C([O-])C1=CSC2C(=Cc3cc4n(n3)CCOC4)C(=O)N12,-2.0
CC1(C)NC(c2ccccc2)C(=O)N1C1C(=O)N2C1[S+]([O-])C(C)(C)C2C(=O)O,-3.0
CN(C)C1C(O)=C(C(N)=O)C(=O)C2(O)C(O)=C3C(=O)c4c(O)c(-c5ccccc5)nc(Cl)c4CC3CC12,-5.0
O=C(Nc1ccccc1)Nc1ccc2ncnc(Sc3nnc(-c4cccnc4)o3)c2c1,-4.643856189774724
CCCCCn1cc(C(=O)OCC)c(=O)c2cc(F)c([C-](C#N)C(=O)OCC)cc21,-0.0
CCc1c2s[nH]c(=O)c2c(=O)n2ccc(N3CCC(N(C)C)C3)cc12,-2.0
O=c1c2nc([N+](=O)[O-])cn2ccn1Cc1ccccc1OC(F)(F)F,-5.0
CCON=C(C(=O)NC1C(=O)N2C(C(=O)O)=C(Sc3cc(N)nc(N)n3)CSC12)c1nsc(N)n1,3.9885043611621707
O=C(NO)C1CN(c2ccc(C#CC#CC3CCCC3)cc2)C(=O)O1,6.058893689053568
COc1ccc(NC(=O)c2ccc(-c3ccccc3)cc2)c(C(=O)O)c1,-3.0
CC(C)CNCc1cc2cc3c(cc2n1C)OCCc1c-3[nH]c(=O)c(C(=O)O)c1O,3.0588936890535687
CC1(C)CC(=O)C2=C(C1)N(c1ccc(F)cc1)C(=O)CC2c1cn(-c2ccccc2)nc1-c1ccccc1,1.0
C=CCCCCCCCCC(=O)N1C(=O)CSC1c1ccc(Cl)cc1,-4.643856189774724
COC(=O)ON=C1CC(c2ccccc2)N(C)C(c2ccccc2)C1C(C)C,-3.643856189774725
O=C(CC1CCCCN1)Cn1cnc2ccc(F)cc2c1=O,-4.0
CSc1ccc(Cc2nnc3sc(-c4ccc(-c5ccc(Cl)cc5[N+](=O)[O-])o4)nn23)cc1,-2.584962500721156
CCCCCC=CCCC(O)CCCCCCCc1nnc(Nc2ccccc2)o1,-2.643856189774725
CN(C)c1nc2c(CCC34CCC(NCc5ccc6c(n5)NC(=O)CO6)(CC3)CO4)ccnc2cc1F,-4.0
COc1cc2c(cc1OC)-c1c(OC)c(OC)cc3c1C(CC2)N(S(=O)(=O)c1cccc(C)c1)CC3,-2.643856189774725
COc1c(N2CC3CCCN(Cc4cnc(C)c5c4COC(C)O5)C3C2)c(F)cc2c(=O)c(C(=O)O)cn(C3CC3)c12,-4.0
N#CC(Cc1ccccc1Br)(Cc1ccccc1Br)C(=O)NCCN,-5.0
O=C(NNC(=S)NC1CCCCC1)c1cc([N+](=O)[O-])c[nH]1,-0.6415460290875237
Cc1ncc(O)c2c1CC1CC3C(N(C)C)C(O)=C(C(N)=O)C(=O)C3(O)C(O)=C1C2=O,-0.0
Nc1nc(N)c2cc(Sc3ccc(Br)cc3)ccc2n1,-0.0
O=C(NCc1cn(Cc2cccc([N+](=O)[O-])c2)nn1)c1ccc([N+](=O)[O-])o1,-3.228049047884462
COc1cc2c(cc1OC)-c1c(OCc3ccccc3)c(OC)cc3c1C(CC2)N(S(=O)(=O)c1cccc(C)c1)CC3,-1.6438561897747246
O=C(Cn1ncc2cc([N+](=O)[O-])ccc21)NN=Cc1ccccc1O,-4.321928094887363
O=C(NN=Cc1ccccc1)c1cc(Cl)c[nH]1,-3.643856189774725
CCn1cc(C(=O)O)c(=O)c2cc(F)c(N3CCC(CNC)C3)c(F)c21,2.321928094887362
COc1ccccc1-n1cc(C2C3=C(CC(C)(C)CC3=O)Oc3ccc4ccccc4c32)nn1,-4.643856189774724
O=C(O)c1nccn1C(C(=O)O)c1ccccc1,-3.0
O=C(COc1ccc2sc(CNc3nncc(-c4c(Cl)cccc4Cl)n3)nc2c1)NCCO,-1.0
COc1cc(C=CC(=O)N2CCNCC2)cc2c1OCO2,-4.321928094887363
Sc1nc2cc(Cl)cc(Cl)c2o1,-1.6438561897747246
O=C1N2CC=C(c3cnco3)C(C2)N1OS(=O)(=O)[O-],-2.0
N#Cc1csc(NC(=O)Nc2ccc(Cl)c(Cl)c2)n1,-3.0
NC1CC2CCCc3c(c(F)cc4c(=O)c(C(=O)O)cn(C5CC5)c34)N2C1,7.380821783940931
CC(O)C1C(=O)N2C(C(=O)[O-])=C(C[n+]3cccc(C(N)=O)c3)C(C)C12,1.3219280948873622
CC1NCCn2cc(-c3nc4c(cc3F)C(=O)C(C(=O)O)CN4C3CC3)cc21,-3.0
Nc1nc(N)c2c(ccc3c2ccn3Cc2cccs2)n1,8.965784284662087
CCCCCCCNC(=O)C[N+](C)(C)CCCCOc1cc(C(C)C)ccc1C,-2.0
N#Cc1c(N)nc(Sc2ccccc2)c(C#N)c1-c1ccccc1,-5.0
COC1CN(c2nc(-c3ncnn3C)c(C(=O)O)s2)CCC1NC(=O)c1[nH]c(C)c(Cl)c1Cl,1.1202942337177118
NCC1CCN(c2c(F)c(N)c3c(=O)c(C(=O)O)cn(C4CC4)c3c2F)C1,8.380821783940931
N#Cc1ccccc1-c1ccc(CNc2cnccn2)cc1,-4.0798047546352585
CCNCC1CCN(c2c(F)c(N)c3c(=O)c(C(=O)O)cn(C4CC4)c3c2F)C1,6.265344566520995
CN(C)C1C(O)=C(C(N)=O)C(=O)C2(O)C(O)=C3C(=O)c4c(O)c(NC(=O)CNc5ccccc5)cc(F)c4CC3CC12,-5.0
COc1c(N2CC(C)C(CN)C2)c(F)cc2c(=O)c(C(=O)O)cn(C3CC3)c12,5.321928094887363
Nc1ccc(C(=O)C=Cc2cnc3ccccc3n2)cc1,-4.643856189774724
C=CC1(C)CC(OC(=O)CSc2nccc(NCCO)n2)C2(C)C(C)CCC3(CCC(=O)C32)C(C)C1O,-1.9656919492247047
O=C1CSc2ccc(Cl)cc2N1Cc1ccccc1,-5.0
O=C(O)c1cn(C2CC2)c2c(Cl)c(NC3CCN(CC4CO4)C3)c(F)cc2c1=O,1.0
NCCn1c(=O)ccc2ncc(F)c(CCC34CCC(NCc5ccc6c(n5)NC(=O)CO6)(CC3)CO4)c21,-0.0
O=C1COc2ccccc2N1Cc1cn(Cc2ccccc2)nn1,-1.9634741239748859
CC1=CC2CN(C(=O)N2OC(F)C(=O)O)C1C(N)=O,-1.0
CCCCCCN=c1ccn(CCCCCCn2ccc(=NCCCCCC)cc2)cc1,-2.963474123974886
C=CCOc1ccccc1C(=O)NO,1.0
O=C(c1sc2ccccc2c1Cl)n1nc(-c2ccc([N+](=O)[O-])s2)cc1-c1ccc(Cl)cc1,-2.584962500721156
CC(NCCCCCCCCN)C1CCC2C3CCC4=CC(NCCCCCCCCN)CCC4(C)C3CCC12C,-1.3219280948873624
O=C(OCc1cn(Cc2ccccc2F)nn1)c1cccnc1,-4.643856189774724
Nc1cc(SCSC2=C(C(=O)O)N3C(=O)C(NC(=O)C(=NO)c4csc(N)n4)C3SC2)nc(N)n1,5.011587974275212
CCn1cc(C(=O)O)c(=O)c2cc(F)c(N3CCN(C(c4ccco4)c4nnnn4C4CCCCC4)CC3)cc21,-3.5360529002402097
CC(C)CCOc1ccccc1-c1ccccc1OCc1cn(C(CCCNC(=N)N)C(=O)Nc2cccc(F)c2)nn1,-5.0
CC(=O)Nc1ccc2[nH]c(NC3C(=O)N4C(C(=O)OC(C)(C)C)=C(COC(C)=O)CSC34)nc2c1,3.0588936890535687
CCCc1nn(C)c2c(Nc3ccncc3)nc(-c3ccc([N+](=O)[O-])o3)nc12,-2.0
CC1CN(c2cc3c(cc2F)c(=O)c(C(=O)O)cn3-c2ccc(O)cc2)CC(C)N1,4.321928094887363
COc1ccc2oc3c(O)c4c(c(O)c3c(=O)c2c1O)-c1c(cc2c(c1O)C(=O)N1C(C)(C2)OC(=O)C1(C)CO)CC4,-5.0
CCn1cc(C(=O)O)c(=O)c2cc(F)c(N3CCN(C(=O)CN4C(=O)SC(=Cc5ccc(OC)cc5)C4=O)CC3)cc21,2.0
COc1cc(Nc2nc(N3CC(N)CC(N)C3)nc(N3CC(N)CC(N)C3)n2)ccc1NC(=O)c1ccc(Cl)cc1O,-2.0
O=[N+]([O-])c1cn(CCCCCCCCCCOCc2c(-c3ccccc3)nc3sc4ccccc4n23)cn1,-4.0
CC(=O)Nc1ccc(S(=O)(=O)C(C#N)=Cc2cn(CC=C(C)C)c3ccccc23)cc1,-3.0
Brc1ccc(C2=NN(c3nc(-c4ccccc4)cs3)C(c3cccs3)C2)cc1,-2.643856189774725
Cn1cc([N+](=O)[O-])cc1-c1nnc(-c2cc3ccccc3[nH]2)o1,-2.643856189774725
CCCCCCCCCCCCCCNCC(OC1OC(CN)C(O)C1O)C1CC(O)C(n2ccc(=O)[nH]c2=O)O1,-1.3219280948873624
CC1CC(C)CN(S(=O)(=O)c2ccc(C(=O)Nc3nnc(-c4cccs4)o3)cc2)C1,-1.0
CC(C)C(NC(=O)CC(NC(=O)C=Cc1ccccc1)c1ccccc1)C(=O)C1C(=O)NC(=O)C1C,-1.0
COC1(NC(=O)Cc2ccccc2)C(=O)N2C(C(=O)[O-])=C(CSc3nnnn3C)COC21,3.321928094887362
CCCNc1cc(F)c2c(c1O)C(=O)C1=C(O)C3(O)C(=O)C(C(N)=O)=C(O)C(N(C)C)C3CC1C2,-5.0
CCc1nc(I)cn1C(CO)CS(=O)(=O)c1ccc(NC(C)=O)cc1,-5.0
Cc1c(CN(C)C(=O)C=Cc2cnc3c(c2)CNCC(=O)N3)oc2ccccc12,3.9885043611621707
CCC1CC(N)CN1c1cc2c(cc1F)c(=O)c(C(=O)O)cn2-c1ccc(F)cc1F,3.321928094887362
CC(=NNc1nc(-c2ccc(Br)cc2)cs1)c1sc(-c2ccccc2)nc1C,-0.18903382439001687
Oc1cc(CC(F)(F)F)ccc1Oc1cccc(F)n1,-2.0
O=[N+]([O-])c1ccc(S(=O)(=O)N2N=Cc3cc(Br)ccc3B2O)cc1,-2.643856189774725
CN(C)Cc1ccc2c(N(C)C)c3c(c(O)c2c1)C(=O)C1=C(O)C2(O)C(=O)C(C(N)=O)=C(O)C(N(C)C)C2CC1C3,-1.0
COCC(COC)NC(=O)c1nc(N2CCC(NC(=O)c3[nH]c(C)c(Cl)c3Cl)C(OC)C2)sc1C(=O)O,-0.37851162325372983
Nc1nc(C(=NOCCF)C(=O)NC2C(=O)N3C(C(=O)[O-])=C(Sc4nnc(O)c(O)n4)CCC23)cs1,4.058893689053568
Cc1cc2c(nc1CNC13CCC(CC4(O)Cn5c(=O)ccc6ncc(F)c4c65)(CC1)OC3)NC(=O)CO2,-3.0
CCOC(=O)ON=C1CC(c2ccccc2)N(C)C(c2ccccc2)C1C(C)C,-3.643856189774725
CC(O)C1C(=O)N2C(C(=O)[O-])=C(SCCNc3cc[n+](C)cc3)CC12,-4.78135971352466
Cc1ccc(C=NNc2nc(-c3ccc(Cl)cc3)cs2)cc1,-4.643856189774724
Cc1nc(N2CCOCC2)c([N+](=O)[O-])n1CC(O)CN1CCN(c2cc3c(cc2F)c(=O)c(C(=O)O)cn3C2CC2)CC1,-4.0
CCOP(=O)(OCC)C(O)c1cc2cccc(CC)c2n2nnnc12,-4.321928094887363
Cc1c(N2CCC(N)C2)c(F)cn2c(=O)c(C(=O)O)cc(C(C)C)c12,1.3584539709124763
COc1c(-c2cc3n(c2)CC(C)NC3C)c(F)cc2c1N(C1CC1)CC(C(=O)O)C2=O,-1.0
CCCCCCCC(=O)Oc1c(C)c(O)c2c(c1C)OC(c1ccc(O)cc1)CC2=O,-4.0
FC(F)(F)c1ccc(Cn2cc(CSc3nnc(-c4cnccn4)o3)nn2)cc1,-4.643856189774724
Cc1ccc(N2COc3ccc(Cl)cc3C2)cc1,-2.643856189774725
CCOC(=O)C[n+]1cn(C)c(I)c1I,-2.6322682154995127
O=C(C=Cc1ccc([N+](=O)[O-])cc1)N1N=C(c2ccncc2)OC1c1c[nH]c2ccccc12,-4.820178962415188
O=C(Cn1c2ccccc2c2nc3ccccc3nc21)N1N=C(c2cc3ccccc3o2)CC1c1ccccc1O,-0.0
Cn1nnnc1SCC1=C(C(=O)O)N2C(=O)C(NC(=O)Cc3csc(N)n3)C2SC1,4.321928094887363
C=Cc1ccccc1-c1nc(N2N=C(c3ccccc3C(F)(F)F)CC2N2CCc3ccc(OC)cc3C2)c(C)o1,-2.643856189774725
NC(C(=O)NC1C(=O)N2C(C(=O)O)=C(Cc3ccccc3)CSC12)c1ccc(O)cc1,-3.643856189774725
NCCC(=O)Nc1ccc(C(F)(F)F)cc1-c1ccc(-c2cc(C(F)(F)F)ccc2NC(=O)CCN)cc1,-3.643856189774725
c1ccc(-n2nnnc2SCCCSc2nnnn2C2CC2)cc1,-2.643856189774725
O=c1c2cc(Cl)ccc2nc(-c2ccccc2)n1Cc1ccc(F)cc1,-0.6415460290875237
CC(C)(C)C(=O)NCCCn1[se]c2ccccc2c1=O,-3.0
Cc1ccc(C2=NN(c3nc(-c4ccccc4)cs3)C(c3cccs3)C2)cc1,-1.6461626571578936
NS(=O)(=O)c1ccc(NC(=S)NC=O)cc1,1.6757654377294686
Oc1ccc(C(Cc2ccc(F)cc2)=Nc2ccc(Br)cc2)c(O)c1O,-4.643856189774724
O=C1CCCC2=C1C(c1cn(-c3ccccc3)nc1-c1ccc(Cl)cc1)CC(=O)N2c1ccc(F)cc1,3.321928094887362
C=CCOn1cc(C(=O)O)c(=O)c2cc3c(cc21)OCO3,-2.643856189774725
O=c1c2cc(Cl)ccc2nc(-c2ccccc2)n1-c1cccc(Cl)c1,-2.643856189774725
Cc1nccn1Cc1ccc(C#Cc2ccc3c(c2)CCC3NC(C(=O)NO)C(C)O)cc1,2.0
Nc1nc(COC(=O)c2ccccc2[N+](=O)[O-])cs1,-3.643856189774725
CCOc1ccc2sc(S(C)(=O)=O)nc2c1S(=O)(=O)Nc1ccc([N+](=O)[O-])cc1,-4.321928094887363
CCOC(=O)C(C)SC1=C(NC(C)(C)C)C(=O)c2ccccc2C1=O,-2.643856189774725
CCn1cc(C(=O)O)c(=O)c2cc(F)c(N3CCN(C(c4ccncc4)c4nnnn4C4CCCCC4)CC3)cc21,-2.070389327891398
O=c1c(O)c(-c2ccc(O)c(O)c2)oc2cc(O)ccc12,16.609640474436812
CON=C1CCN(c2nc3c(cc2F)c(=O)c(C(=O)O)cn3-c2ccc(F)cc2F)CC1CN,-0.0
O=c1cc(Cl)sn1Cc1ccccc1,1.0
CCCCN(CCCC)Cc1cccc(C=NNC(=O)c2ccncc2)c1OCC,-3.643856189774725
CN(C)CCCNc1nc2cc([N+](=O)[O-])ccc2nc1NCc1ccc(Cl)c(C(F)(F)F)c1,-2.855989697308481
CCc1c(-c2ccc3c(c2)cc(CN2CCC2)n3C)[nH]c(=O)c(C(=O)O)c1O,4.321928094887363
O=C(O)c1cn(C2CC2)c2nc(N3CC4CC3CN4)c(F)cc2c1=O,4.058893689053568
CC(=O)OC(C)CC(O)C1C=CC(=O)O1,-3.643856189774725
COc1cc2c(c(O)c1OCC=C(C)CCC=C(C)CCC=C(C)C)COC2=O,-5.0
Cc1ccc(N2C(=O)CSC2=NN=Cc2cn(-c3ccccc3)nc2-c2ccc(Br)s2)cc1,-4.643856189774724
CC(C)(C)c1cc(C(=O)Nc2ccccc2C(=O)NCCCNC(=N)N)cc(C(C)(C)C)c1,-3.0
O=C(C=Cc1c[nH]cn1)N1CCC2C1C(=O)N2S(=O)(=O)[O-],-4.0
CCCCC(CN(O)C=O)C(=O)N1CC2(CC2)CC1C(=O)Nc1ncccc1F,-1.0
Clc1ccc(N=c2ccn(CCCCn3ccc(=Nc4ccc(Cl)cc4)cc3)cc2)cc1,-2.963474123974886
Cn1cc(NC(=O)c2sc3ccccc3c2Cl)cc1-c1nc2cc(C(=O)NCCN3CCOCC3)ccc2[nH]1,-5.0
CC(=O)N1N=C(c2ccccc2F)CC1c1ccc(Br)cc1,-4.643856189774724
CCn1cc(C(=O)O)c(=O)c2cc(F)c(N3CC4CCC(C3)N4C)cc21,0.3584539709124763
N#Cc1c(NC(=O)c2cc(OCCNC(=N)N)ccc2Cl)sc2c1CCN(Cc1cccc(O)c1)C2,-5.0
CC(CCN1Cc2cc(C#CC#CC3CN(C4COC4)C3)cn2C1=O)(C(=O)NO)S(C)(=O)=O,2.0
O=C([O-])C1=CSC2C(=Cc3cn4c5c(sc4n3)CCC5)C(=O)N12,4.058893689053568
CON=C1Cc2c(c(F)cc3c(=O)c(C(=O)O)cn(C4CC4)c23)N2CCCC2C1,2.0
Cc1cccc(S(=O)(=O)N2CCN(c3ccc(N4CC(Cn5ccnn5)OC4=O)cc3F)CC2)c1,-3.0
FC(F)(F)c1nc(-c2cc(Cl)cc(Cl)c2)c[nH]1,-3.0
Cc1c(CN(C)C(=O)C=Cc2cnc3c(c2)CNCCCN3)oc2ccccc12,-3.0
COc1cc(C2C(Cl)C(=O)N2CCN2CCN(C(=O)CCl)CC2)ccc1O,-3.228049047884462
CCOP(=O)(OCC)C(O)c1cc2ccc(OC)cc2n2nnnc12,-3.9068905956085187
O=C(c1ccc(Nc2nc(-c3ccccc3)nc3ccccc23)cc1)[n+]1nc([S-])sc1-c1ccc(Cl)cc1,-3.0
NC1CCCN(c2cc3c(cc2F)c(=O)c(C(=O)O)cn3C2CC2)C1,3.321928094887362
CC(C)c1csc(-c2nnc(S(=O)(=O)Cc3ccc(Br)cc3)o2)n1,-2.0
COc1cccc(Sc2ccc3nc(N)nc(N)c3c2)c1,2.0
Fc1cccc(F)c1C1CC(c2ccccc2)=NN1c1nc(-c2cccnc2)cs1,-4.0
COc1ccc(C=C2SC(=NNC(=O)c3sc(NC(=O)c4ccc(OC)cc4)nc3C)N(c3ccccc3)C2=O)cc1,-4.643856189774724
Cn1c(C2CC(=O)N(c3cccc(Br)c3O)C2)nc2ccccc21,-5.0
O=C1c2cccc3c(Br)ccc(c23)C(=O)N1CCCCn1ccnc1,-3.0
CCCCCCCCC1CCCc2c1c(=O)c(OC)c(CO)n2OC,-5.0
C=CCOc1ccc2ncc(F)c(CCC34CCC(NCc5ccc6c(n5)NC(=O)CO6)(CC3)CO4)c2n1,-3.0
CC(C)=CCc1c(OCC2CC2)cc(C=Cc2ccc(F)cc2)c(C(=O)O)c1O,-5.0
C=CCn1cc(C(=O)O)c(=O)c2cc(F)c(CC#N)cc21,1.0
O=C1COc2ccc(CNC34CCC(CC5(O)Cn6c(=O)ccc7ncc(Cl)c5c76)(CC3)OC4)nc2N1,-3.0
O=C(NN=Cc1ccc(O)c(O)c1)c1ccc2c(c1)OCCCO2,-3.643856189774725
CON=C1CCN(c2c(F)cc3c(=O)c(C(=O)O)cn(C4CC4)c3c2C(=O)C(F)F)CC1(C)CN,-2.0
COC1CN(c2nc(C(=O)NCC3OCCO3)c(C(=O)O)s2)CCC1NC(=O)c1[nH]c(C)c(Cl)c1Cl,0.3400754415976217
COc1ccc2c(c1)N(CCN1CCC(NCc3cc4c(cn3)OCCO4)CC1)C(=O)CS2,-3.0
O=C1C(=Cc2ccc(F)cc2)CCC12C(c1ccc(F)cc1)C(c1ccccc1)=NN2c1ccccc1,-3.321928094887362
Nc1cccc(-c2cn(-c3cccc(C(c4ccc(-c5ccccc5)cc4)P(=O)(O)O)c3)nn2)c1,-1.0
CCCCOCCCNC(C)=C1C(=O)N2C(C(C)(C)C)OCC2(C(=O)OCC)C1=O,-5.0
O=C1c2c(O)cc(CO)c(O)c2C(O)C2CC(O)CCC12,-4.0
CCOC(=O)c1c(-c2ccccc2)nn(-c2ccccc2)c1Cn1c(S)nc2ccccc21,-4.643856189774724
N=C(N)c1ccc2[nH]c(-c3ccc(OCc4cn(-c5ccccc5)nn4)cc3)nc2c1,-4.0
CC(C)CCNc1cc(F)c2c(c1O)C(=O)C1=C(O)C3(O)C(=O)C(C(N)=O)=C(O)C(N(C)C)C3CC1C2,-5.0
CN1CCN(c2c(Cl)c3c(c(=O)c(C(=O)O)cn3C3CC3)c3[nH]cnc23)CC1,5.321928094887363
CC(O)C(N)C(=O)NS(=O)(=O)c1ccc2ccc(-c3ncnc4[nH]ccc34)cc2c1,-4.0
CCCCCCCCCc1ccccc1C(=O)NS(=O)(=O)c1ccc(F)cc1,1.0
CCn1cc(C(=O)O)c(=O)c2cc(F)c(N3CCC(C(C)NC)C3)c(OC)c21,2.321928094887362
CN(C)C1C(O)=C(C(N)=O)C(=O)C2(O)C(O)=C3C(=O)c4c(O)c(CNCC(C)(C)C)cc(F)c4CC3CC12,-2.0
O=C(NN=Cc1ccc(-c2ccccc2)cc1)c1ccc2c(c1)OCCCO2,-1.6461626571578936
C=CC1(C)CC(OC(=O)CSc2nccc(N3CCN(CC)CC3)n2)C2(C)C(C)CCC3(CCC(=O)C32)C(C)C1O,-0.9656919492247047
O=C(NCc1cn(Cc2ccc([N+](=O)[O-])cc2)nn1)c1cccnc1,-3.643856189774725
Clc1ccc(CN(CCBr)CCn2cncn2)cc1Cl,-5.0
Cc1ccc2nc(-c3ccccc3N3C(=O)CSC3c3cccc([N+](=O)[O-])c3)[nH]c2c1,-4.643856189774724
COc1c(O)c(Cl)c2c(c1O)C(=O)OC(C)C2,-1.0
C=CCC(Nc1cccc2ccccc12)c1ccccc1,-4.643856189774724
N#Cc1c(-c2ccccc2O)cc(-c2ccc(Nc3cc(=O)oc4ccccc34)cc2)nc1N,-3.643856189774725
CCOc1cc(C)c2ncc(F)c(CCC34CCC(NCc5ccc6c(n5)NC(=O)CO6)(CC3)CO4)c2n1,-3.0
CC(=O)NCC1CN(c2ccc(C3=NOC(c4ccccn4)C3)c(F)c2)C(=O)O1,-3.0
CCOC(=O)C1CNc2c(cc(Cc3cnc(N)nc3N)cc2OC)C1,-4.906890595608519
CC(=O)N1N=C(Cn2c([N+](=O)[O-])cnc2C)OC1c1ccc(C)cc1,2.0
O=C(OCc1cn(Cc2ccccc2F)nn1)c1ccccc1,-4.643856189774724
CC(=O)c1cc2ccccc2n(N=Cc2ccccc2Cl)c1=O,-0.6780719051126377
CN(CCC#N)CC1CN(c2ccc(-n3cc(-c4ccccn4)cn3)c(F)c2)C(=O)O1,-5.0
CC(C)=CCCC(C)=CCCC(C)=CC[n+]1cn(C)c2nc[nH]c(=NOCc3ccccc3)c21,-3.584962500721156
O=C(O)c1ccccc1-c1nnc2c(Cc3ccccc3)nc3ccccc3n12,-4.643856189774724
COc1ccc(N2C(=S)NN=C3N(c4ccccc4)C(=O)c4ccccc4N32)cc1,-2.643856189774725
O=c1c2ccccc2nc(C=Cc2ccc([N+](=O)[O-])cc2)n1-c1cccc(O)c1,-4.0
CCOC(=O)C1(C(C)=O)C(c2ccc(N(C)C)cc2)N1c1ccc(N=Nc2ccc(C(=O)O)cc2)cc1,14.287712379549449
CON=C1CN(c2nc3c(cc2F)c(=O)c(C(=O)O)cn3C2CC2)CCC1(C)N,-3.0
CCn1c2ccccc2c2c(OCc3nnc(S)o3)cccc21,-3.0
CC1OC(OC(=O)c2cccc3nc4c(OC5OC(C)C(O)C(O)C5O)cccc4nc23)C(O)C(O)C1O,-4.643856189774724
CON=C(C(=O)NC1C(=O)N2C(C(=O)[O-])=C(C[n+]3ccc4[nH]c(-c5cccs5)nc4c3)CSC12)c1csc(N)n1,5.058893689053568
Cc1c(N2CCC3CCNCC32)c(F)cn2c(=O)c(C(=O)O)cc(C3CC3)c12,1.3584539709124763
COC(=O)CC1CCN(CC2CN(c3ccc(-n4cc(-c5ccccn5)cn4)c(F)c3)C(=O)O2)CC1,-5.0
O=C(NCCc1c[nH]c2ccccc12)c1cc(Br)cc(Br)c1,2.0
CC(C)=CCc1c(OC2CCOCC2)cc(C=Cc2ccc(F)cc2)c(C(=O)O)c1O,-5.0
CC1C(N)CN1c1c(F)cc2c(=O)c(C(=O)O)cn(C3CC3)c2c1F,6.058893689053568
O=C(O)c1cn(C2CC2)c2c(cc(F)c3nn(CN4CCCC4)c(=S)n32)c1=O,3.0
O=C(CC(c1ccc2c(c1)OCO2)S(=O)(=O)c1ccccc1)NO,-4.0
CCn1cc(C(=O)O)c(=O)c2cc([N+](=O)[O-])c(N3CCNCC3)cc21,0.3584539709124763
Cc1ccc(-c2nnc(-c3cccnc3)n2Nc2nc3c([N+](=O)[O-])cccc3s2)cc1,-3.643856189774725
O=c1cc(-c2ccc3c(c2)OCCO3)oc2cc(OCCNCCO)cc(O)c12,-4.643856189774724
O=C1c2cccc3c(Br)ccc(c23)C(=O)N1CCCn1ccnc1,-4.0
CCCC[n+]1ccn(-c2ccc(C#Cc3ccc(-n4cc[n+](CCCC)c4)cc3)cc2)c1,-3.0
CC(=O)Nc1ccc(S(=O)(=O)n2cc(CN3CCS(=O)(=O)CC3)nn2)cc1,-0.6415460290875237
CN1CCN(Cn2nc3c(F)cc4c(=O)c(C(=O)O)cn(C5CC5)c4n3c2=S)CC1,3.0
O=C(O)c1cn(C2CC2)c2c(F)c(N3CC(Sc4nc5ccccc5o4)C3)c(F)cc2c1=O,-3.0
COc1ccc2ncc(F)c(CCC34CCC(NCc5ccc6c(n5)NC(=O)C(C)O6)(CC3)CO4)c2n1,-1.0
CCn1cc(C(=O)O)c(=O)c2cc(F)c(N3CCC(NN)C3)nc21,-0.6415460290875237
Cc1c(N2CCC(C(C)N)C2)c(F)cc2c(CO)cc(=O)n(C3CC3)c12,2.0
CC[n+]1ccc(NC2C(=O)N3C(C(=O)[O-])=C(CSc4nnnn4C)CSC23)cc1,1.0
NCC1CCN(c2cc3c(cc2F)c(=O)c(C(=O)O)cn3C2CC2)C1,7.380821783940931
Fc1cc(-c2nnc3n2N=C(Nc2ccc(Cl)cc2)CS3)c(Cl)cc1Cl,-2.643856189774725
CNCC(=O)NCC1CC(SC2=C(C(=O)[O-])N3C(=O)C(C(C)O)C3C2C)CO1,4.058893689053568
Cc1ccc(Oc2c(C=NNC(=O)Cn3c([N+](=O)[O-])cnc3C)c(C)nn2-c2ccc(C)cc2)cc1,-1.6415460290875237
Nc1nc(N)c2cc(S(=O)(=O)N3CCOCC3)ccc2n1,-4.643856189774724
O=C(CSc1ccncc1)NC1C(=O)N2C(C(=O)O)=C(Cc3cccnc3)CSC12,-4.643856189774724
CN(C)C(=O)COc1ccc2ncc(F)c(CCC34CCC(NCc5ccc6c(n5)NC(=O)CO6)(CC3)CO4)c2n1,-4.0
C[n+]1cc2c3c(ccc2c2ccc4cc5c(cc4c21)OCO5)OCO3,-5.0
CC(=O)c1c2c(c3ccccc3c1O)OC1OCCC21,-1.0
CC(=S)NCC1CN(c2ccc(-c3nnc4ncccn34)cc2)C(=O)O1,-4.0
COc1cc(C=NNC(=O)c2n[nH]c3c2Cc2ccccc2-3)ccc1O,-2.963474123974886
Cc1ncc([N+](=O)[O-])n1CCOC(=O)c1ccccc1OCc1cccc(Cl)c1,-3.643856189774725
CCON=C1CCN(c2nc3c(cc2F)c(=O)c(C(=O)O)cn3C2CC2)CC1NC,-3.0
CCn1cc(C(=O)O)c(=O)c2cc(F)c(N3CCN(Cc4ccccc4)CC3)nc21,-2.643856189774725
S=C(Nc1ccc(Cl)cc1)Nc1ccc2ncnc(Sc3nnc(-c4cccnc4)o3)c2c1,-4.643856189774724
COC(=O)CCCC1C2CCCN3CCCC(CN1C(=O)c1cc4ccc(Cl)cc4n1Cc1ccccc1C)C23,-0.14404636961670686
Cc1c(F)c(N2CC3CCC2CN3)nc2c1c(=O)c(C(=O)O)cn2-c1ccc(F)cc1F,6.965784284662087
CNc1nc(Cl)c2c(c1O)C(=O)C1=C(O)C3(O)C(=O)C(C(N)=O)=C(O)C(N(C)C)C3CC1C2,3.0
CC(=O)NCCc1c(CN2c3ccccc3C3(O)CCN(C(C)=O)C23O)[nH]c2ccccc12,-4.643856189774724
Cc1cccc2c(C=C(C#N)S(=O)(=O)c3ccc(N)cc3)c[nH]c12,-2.0
CC(O)C1C(=O)N2C(C(=O)[O-])=C(SC3C(CO)OC3C(=O)N(C)C)C(C)C12,1.0
COc1ccc(-c2n[nH]cc2C=Nn2c(C)nn(CN3CCN(C)CC3)c2=S)cc1,-2.584962500721156
NCC1CCN(c2nc3nc(N)ncc3cc2-c2c(Cl)cccc2Cl)C1,3.0588936890535687
N=C(N)Nc1nc(-c2c[nH]c3ccccc23)cs1,-5.0
Cc1ccc(-c2nnc(NC(=O)CC3SC(=O)NC3=O)s2)cc1,-4.0
C=CCC1=C(C(=O)O)N2C(=O)C(NC(=O)C(N)c3ccc(O)cc3)C2CO1,-1.0
CC1(C)C2CCC(C2)C1CCC(CCC1C2CCC(C2)C1(C)C)NCCCNCCCN,-3.0
Nc1nnc(Sc2ncc([N+](=O)[O-])s2)s1,-1.0
CC(=O)NCC1CC(c2ccc(N3CCOCC3)c(F)c2)=NO1,-4.0
Nc1nc(C(=NOCCF)C(=O)NC2C(=O)N3C(C(=O)[O-])=C(Sc4nc5c(=O)[nH]c(=O)[nH]c5s4)CCC23)cs1,4.058893689053568
CC(CCN1Cc2cc(C#Cc3ccc(C4(CO)CC4)cc3)cn2C1=O)(C(=O)NO)S(C)(=O)=O,3.0588936890535687
COC(=O)c1ccc2nc(Cn3ccc4c5c(N)nc(N)nc5ccc43)ccc2c1,-1.0
O=C(NNC(=S)Nc1ccccc1F)c1cnc2c(C(F)(F)F)cccc2c1O,3.321928094887362
O=C(O)c1cn(C2CC2)c2cc(N3CCN(Cc4ccccc4)CC3)c(F)cc2c1=O,2.0
Cc1ccc(C=Cc2nc3ccccc3c(=O)n2-c2nnc(-c3cccc(Cl)c3)s2)cc1,-3.3854310371935203
C=C1CCC2C(C)(C)CCCC2(C)C1CCC(C)=CCn1c[n+](C)c2ncnc(N)c21,-3.0
CC1(C)OC2OC(CNC3=C(Cl)C(=O)c4ccccc4C3=O)C3OC(C)(C)OC3C2O1,-4.0
CSc1ccc(Cc2nnc3sc(-c4ccc(-c5ccc(Br)cc5)o4)nn23)cc1,-4.643856189774724
O=c1cc(-c2ccccc2)oc2cc(OCCCNCCO)cc(O)c12,-2.643856189774725
CC(=CC[n+]1cn(C)c2ncnc(N)c21)CCCC(C)CCCC(C)CCCC(C)C,-5.0
CCO[n+]1ccc(NC2C(=O)N3C(C(=O)[O-])=C(CSc4nnnn4C)CSC23)cc1,3.0
COc1ccc2nccc(-n3cc4c(n3)CCC(NCc3ccc5c(n3)NC(=O)CO5)C4)c2n1,-1.0
C=C1CCC2C(C)(CO)C(O)CCC2(C)C1CC=C1C(=O)OCC1OC(=O)CC,-3.0
CC(O)C1C(=O)N2C(C(=O)O)=C(SC3CNC(CSc4ccccc4)C3)C(C)C12,3.321928094887362
COc1ccc(-c2cc3c(cc2F)c(=O)c2c(=O)[nH]sc2n3C2CC2)c(OC)n1,-1.0
Cc1cc(=O)n2nc(NC(CC#N)c3cccc(Cl)c3)nc2[nH]1,-4.0
CCC(=O)N1CCN(N=Cc2ccc(C#Cc3ccc(C(=O)NC(C(=O)NO)C(C)O)cc3)cc2)CC1,5.058893689053568
Cc1ccc2c(c1)C(O)C(Cc1ccccc1)(Cc1ccccc1)C(=O)N2,-4.643856189774724
O=C(CN1Cc2c(Br)cccc2NS1(=O)=O)NO,-5.0
CC=Cc1cc(Cc2cnc(N)nc2N)cc(CCC)c1OC,-4.700439718141092
CON=C1CN(c2nc3c(cc2F)c(=O)c(C(=O)O)cn3-c2ccc(F)cc2F)CC1CN,6.965784284662087
Cc1c(-c2nnc(-c3ccc([N+](=O)[O-])cc3)o2)c(-c2ccc([N+](=O)[O-])cc2)nn1-c1ccccc1,-4.643856189774724
O=c1cc(OCc2cn(CN3CCN(c4ccccc4F)CC3)c(=S)s2)c2ccccc2o1,-3.643856189774725
Cc1oc(-c2ccccc2F)nc1N1N=C(c2ccccc2C(F)(F)F)CC1N1CCc2ccccc2C1,-2.643856189774725
CON=C(C(=O)NC1C(=O)N2C(C(=O)[O-])=C(C[n+]3cccc(-c4cc(N)[nH]n4)c3)CSC12)c1csc(N)n1,6.265344566520995
CC(C)(ON=C(C(=O)NC1CN(S(=O)(=O)[O-])C1=O)c1csc(N)n1)C(=O)O,1.3219280948873622
COc1ccc2ncc(=O)n(CCN3CCC(NCc4cc5c(cn4)OCCO5)C(O)C3)c2c1,1.0
N#Cc1ccc2ccc(=O)n(CCN3CCC(NCc4cc5c(cn4)OCCO5)C(F)C3)c2c1,6.965784284662087
CC(=O)N1N=C(c2ccccc2)CC1c1ccc(C)cc1,-4.643856189774724
CCn1cc(C(=O)O)c(=O)c2cc(F)c(N3CCN(CC(O)Cn4cc([N+](=O)[O-])nc4Cl)CC3)nc21,-5.0
Nc1nc(N)c2cc(S(=O)(=O)Nc3ccc4ccccc4c3)ccc2n1,-4.643856189774724
CC(C)(C)c1cc(C(=O)Nc2ccccc2C(=O)NCCN)cc(C(C)(C)C)c1,-4.0
COC(=O)c1ccc2ncc(F)c(CCC34CCC(NCc5ccc6c(n5)NC(=O)CO6)(CC3)CO4)c2n1,-3.0
FC(F)(F)Oc1cccc(C=NNc2cc(C(F)(F)F)nc3c(C(F)(F)F)cccc23)c1,-2.643856189774725
CN1CCN(c2cc(C(=O)O)c3nc(-c4ccc(O)cc4)[nH]c3c2)CC1,-5.0
CCOC(=O)C(=CNc1ccc(F)cc1)c1ccc(OCc2ccccc2)cc1,-1.6438561897747246
Cc1c(S(=O)(=O)N(C)C)ccc2nc(N)nc(N)c12,2.0
Cc1n[nH]c2c1C(c1cccs1)C(C#N)=C(N)O2,-0.6415460290875237
CCNc1cc(F)cc2c1[nH]c1ncc(-c3cncc(C#N)c3)c(-n3ncc4c3CNCC4)c12,-1.0
O=C(CN1CCN(c2cc3c(cc2F)c(=O)c(C(=O)O)cn3C2CC2)CC1)Nc1nc2ccc(Cl)cc2s1,-1.584962500721156
CCOC(=O)C1=C(C)N=c2sc(=Cc3ccc(O)cc3)c(=O)n2C1c1ccc(SC)cc1,-4.643856189774724
CC(N)C(=O)NC(C)C(=O)NC(C)C(=O)NC(C)P(=O)(O)O,3.0588936890535687
NC(=O)C1CSC(c2cn(-c3ccccc3)nc2-c2ccccc2)N1,-4.643856189774724
CN1C=C2CC3C(CC(CNC(=O)C=Cc4ccc(F)cc4)CN3C)C3C=CC=C1C23,-2.356143810225275
Cc1cc2nnc(-c3ccc(F)cc3)n2c(C)n1,-5.0
COC12CCC3(C)C(CCC3C(C)C=CC(C)C(C)C)C1=CC(=O)O2,-3.321928094887362
Cc1cccc(Cn2ccn3cc([N+](=O)[O-])nc3c2=O)c1,-5.0
O=C(Nc1ccccc1C(F)(F)F)c1cc(OCc2ccccc2)c2ccccc2c1,1.0
COc1ccc2cc3[n+](cc2c1OCCN(CCn1cncn1)Cc1cccc(Cl)c1)CCc1cc2c(cc1-3)OCO2,-3.0
CC1(C)CC(=O)C2=C(C1)Oc1ccc3ccccc3c1C2c1cn(-c2ccc(O)cc2)nn1,-1.6415460290875237
N=C(N)NN=Cc1cn(-c2ccccc2)nc1-c1ccc(Br)cc1,-3.0
N#Cc1ccc2ccc(=O)n(CCN3CCC(NCc4ccc5c(c4)OCC(=O)N5)CC3)c2c1,-4.0
C=Cn1cc(C(=O)O)c(=O)c2cc(F)c(N3CCC(NC(C)=O)C3)nc21,0.3584539709124763
CN1CCN(c2nc3c(cc2F)c(=O)c(C(=O)O)cn3C(C)(C)C)CC1,4.058893689053568
CC1COc2c(N3CCC(C(C)(C)N)C3)ccc3c(=O)c(C(=O)O)cn1c23,3.0
CC(O)C1C(=O)N2C(C(=O)O)=C(CN(CC(N)=O)CC(N)=O)SC12,3.0588936890535687
CCSCCSc1nnc(-c2ccc([N+](=O)[O-])s2)s1,-5.0
CC(CC1CN(c2ccc(C3CC3)cc2)C(=O)O1)(C(=O)NO)S(C)(=O)=O,-5.0
O=C1Nc2[nH]c(=S)n(-c3cccc([N+](=O)[O-])c3)c(=O)c2C(c2ccccc2Cl)N1N=Nc1ccc(Cl)cc1,-2.584962500721156
FC(F)(F)c1cc(-c2nnc(Sc3cc(Cl)ncn3)[nH]2)cc(C(F)(F)F)c1,-0.6780719051126377
CCOC(=O)C(C#N)C(c1cc2cc(OC)ccc2n2nnnc12)P(=O)(OCC)OCC,-3.321928094887362
Nc1nc(C(=NOCCF)C(=O)NC2C(=O)N3C(C(=O)[O-])=C(Sc4snc5ccccc45)CCC23)cs1,2.0
COc1ccc(-c2c(-c3ccc(C)s3)[nH]c3[nH]c(=O)[nH]c(=O)c23)cc1,-4.0
CCNc1cc(F)cc2c1[nH]c1ncc(-c3cncc(C#N)c3)c(-n3cc4c(n3)CNC4)c12,-2.0
CC(O)C1C(=O)N2C(C(=O)[O-])=C(c3cn4cnc(C(=O)c5ccc[n+](CC(=O)O)c5)c4s3)C(C)C12,5.011587974275212
CON=C1CN(c2c(F)cc3c(=O)c(C(=O)O)cn4c3c2OCC4CF)CC1(C)CNC1CC1,-1.0
COc1ccc(C=CC(=O)c2cc(C)oc2C)cc1,-4.906890595608519
COc1cnc2ccc(F)c(C(O)C(O)C3CCC(NCc4cc5c(cn4)OCCS5)CO3)c2n1,6.965784284662087
c1ccc2c(c1)cc1c3ccccc3nc(-c3csc4ccccc34)n21,-1.0
CC1C(O)C(O)C(c2ccccc2)N1C,-4.0
N#CC(C(=O)N1NC(=O)C2C3c4ccccc4C(c4ccccc43)C2C1=O)=C1SCC(=O)N1c1ccccc1,-3.643856189774725
COCCOc1cc(C(=O)O)cc2sc(NC(=O)c3[nH]c(C)c(Cl)c3Cl)nc12,-0.0
COC(=O)CCCC1C2CCCN3CCCC(CN1C(=O)c1cc4ccc(Cl)cc4n1Cc1ccc(F)c(F)c1)C23,1.049904905826314
CCCCCCC1CC(=O)c2c(O)cc(O)cc2O1,-1.6461626571578936
CC(=O)Nc1ccc(S(=O)(=O)C(C#N)=Cc2cn(CCN3CCOCC3)c3ccccc23)cc1,1.0
CCCCC(=Cc1cnc([N+](=O)[O-])n1C)[N+](=O)[O-],-3.321928094887362
CN1C(NN=Cc2ccc([N+](=O)[O-])o2)=NS(=O)(=O)c2ccccc21,-4.22881869049588
C[n+]1c2ccccc2c(Nc2ccccc2)c2oc3ccccc3c21,-4.0
Cc1ccc(S(=O)(=O)N2C(=O)C(Cl)C2c2cccc(F)c2)cc1,-1.0
NCCCNCCCNC(CCCCC1CCCCC1)CCCCC1CCCCC1,-4.321928094887363
CC1(O)CC23C=CC(=O)C(C)(CCC(=O)Nc4c(O)ccc(C(=O)O)c4O)C2CC1CC3,-5.0
CC1OC(OC2C(N)CC(N)C(OC3OC(CN)C(O)C(O)C3N)C2O)C(O)C(O)C1OCC(O)CN,-2.0
NNC(=O)CSc1ccccc1[N+](=O)[O-],-3.0
CC(=O)OCC1=C(C(=O)[O-])N2C(=O)C(NC(=O)C(C)S(C)(=O)=O)C2SC1,-4.643856189774724
NCCC(N)C(=O)NC(CCc1ccccc1)CCc1ccccc1,-5.0
Cc1ccc(N2N=C(c3ccccc3)C(c3ccccc3)C23CCC(=Cc2ccccc2)C3=O)cc1,-2.321928094887362
CC(O)C(NC1COCc2cc(C#Cc3ccccc3)ccc21)C(=O)NO,2.0
O=C(O)c1cn(-c2ccc(F)cc2)c2cc(N3CCCNCC3)c(F)cc2c1=O,2.321928094887362
CCCCCCCn1c(C(=O)C=Cc2ccc(Cl)cc2)nc2ccccc21,-5.0
O=C([O-])C1=CSC2C(=Cc3cc4n(n3)CCNC4)C(=O)N12,-2.0
COC(=O)CCC(=O)Nc1nc2c(s1)CC(NC(=O)c1cc(Br)c(Br)[nH]1)CC2,-5.0
CC1CCC2C(C)C(O)OC3OC4(C)CCC1C32OO4,-2.0
Cc1ccc(S(=O)(=O)N2N=Cc3cc(C)ccc3B2O)cc1,-3.643856189774725
CC(=O)N1N=C(c2ccc(-n3cccc3)cc2)CC1c1cccc(Br)c1,-4.643856189774724
CC1=CC(C(N)=O)N2CC1N(OC(F)C(=O)O)C2=O,3.0
CC(C)(C)OC(=O)NCCCB1OC2(C)CCC3CC2(O1)C3(C)C,-3.0
Cc1cc(C(=O)Nc2cc(F)c3c(c2O)C(=O)C2=C(O)C4(O)C(=O)C(C(N)=O)=C(O)C(N(C)C)C4CC2C3)no1,-5.0
CN1CCN(c2cc3ncnc(Sc4nnc(-c5cccnc5)o4)c3cc2NC(=O)Nc2ccccc2)CC1,-4.643856189774724
NC1CCN(c2cc3c(cc2F)n2ncnc2c(=O)n3C2CC2)C1,3.0
CC1C(NC(=O)C(=NOC(C)(C)C(=O)N2CCCC2C(=O)O)c2csc(N)n2)C(=O)N1S(=O)(=O)O,-0.0
CCCCC(CN(O)C=O)C(=O)N1CC2(CC2)CC1C(=O)Nc1cc(C(C)(C)C)on1,-0.0
COc1cc2nc(Sc3ncccc3C(=O)O)n(Cc3ccccc3)c(=O)c2cc1OC,-2.0
Cc1c(N2CCCCC2)c(F)cn2c(=O)c(C(=O)O)cc(C3CC3)c12,-1.632268215499513
CN1Cc2csc3c(C(=O)O)c(=O)c4cc(F)c(N5CCOCC5)c1c4n23,3.321928094887362
CCCCCOc1ccc2c(c1)N(CCCCN)c1ccccc1S2,-4.643856189774724
Cc1c(F)c(N2CCC(C)(CN)C2)c(F)c2c1c(=O)c(C(=O)O)cn2C1CC1,4.321928094887363
CCNCc1cc2cc3c(cc2n1C)Cc1c-3[nH]c(=O)c(C(=O)O)c1O,-3.643856189774725
CCCCCCON=C(CS(=O)(=O)c1ccc(N)cc1)c1nccs1,-4.0
CCCCC(CC(=O)NO)[S+]([O-])c1ccc(Br)cc1,-0.0
CC(=O)Nc1ccc(S(=O)(=O)Cc2nnc(SCCF)o2)cc1,-5.0
CN(C)C1=NC(c2cn(-c3ccccc3)nc2-c2ccc(Cl)cc2)N=C(N)N1,-3.0
COc1ccc(C2CC(=NN=C3NC(=O)CS3)C(C)C(c3ccc(OC)cc3)N2)cc1,-5.0
CC(C)(C)c1ccc(-c2cc(CNC(=N)N)ncn2)cc1,-5.0
CC1CN(c2cc3c(c(N)c2F)c(=O)c(C(=O)O)cn3-c2ccc(F)cc2F)CCN1,3.321928094887362
O=C(NNC(=O)C1CCC2CN1C(=O)N2OS(=O)(=O)O)C1CCCNC1,3.0588936890535687
CNCC(O)CC(N)CC(=O)NN(C)CC(=O)O,-2.0
CC(C)COc1cccc(Cl)c1-c1cc2cnc(N)nc2nc1N1CC2C(N)C2C1,6.058893689053568
Oc1ccc(Br)cc1CNc1ccccc1Br,-4.643856189774724
CCn1cc(-c2nnc(Nc3ccc(C)cc3)o2)c(=O)c2cc(Br)c(C)nc21,-2.4594316186372973
CCn1cc(C(=O)O)c(=O)c2cc(F)c(-n3cnc(CO)c3)c(F)c21,-2.643856189774725
O=C(NNC(=O)c1ccc(-n2cccc2)cc1)c1ccc(Cl)cc1,-1.6438561897747246
O=C(O)c1cn(C2CC2)c2c3c(c(F)cc2c1=O)N1CCCC1COC3,-0.0
Cc1c(N2CCC(N)C2)c(F)cn2c(=O)c(C(=O)O)cc(C3CC3)c12,8.965784284662087
COc1ccc2oc(=O)cc(C3C(C#N)=C(N)Oc4[nH]nc(C)c43)c2c1,-2.643856189774725
Cc1ccc2nc(Cl)c(C3CC(c4ccccc4F)=NN3C3=NC(=O)CS3)cc2c1,-4.643856189774724
N#Cc1ccccc1C(=O)OCc1csc(N)n1,-2.643856189774725
CN1CCN(CC2CN(c3ccc(-n4cc(-c5ccccn5)cn4)c(F)c3)C(=O)O2)CC1,-5.0
Cc1c(C(=O)OCC#CCN2CCN(c3cc(C4CC4)ccc3C#N)CC2)sc2ncnc(N3CCCCC3)c12,0.9403678401179004
CCS(=O)(=O)CCSc1nnc(-c2ccc([N+](=O)[O-])s2)s1,-5.0
CN1CCN(c2cc3c(cc2N)c(=O)c(C(=O)O)cn3-c2ccc(F)cc2)CC1,3.0588936890535687
Cc1ccccc1NC(=O)C1=C2c3ccccc3S(=O)(=O)N2CC1,-3.4594316186372973
O=C(NN1C(=O)C(=Cc2ccccc2)SC1c1cccc(Br)c1)c1ccc(-c2ccccc2)cc1,-2.643856189774725
N#Cc1ccc(Cn2ccnc2C(=O)O)cc1,2.0
CC1C(N)CN1c1c(F)cc2c(=O)c(C(=O)O)cn(-c3ccc(F)cc3)c2c1F,4.058893689053568
COc1ccc(C(=O)OCC(C)C)cc1OC,-4.0
CN(C)c1ccc(C2=NCCCN2)c(S)c1,-3.0
O=C1SC(=Cc2ccc(Cl)cc2)C(=O)N1Cc1ccc(-c2ccccc2-c2nnn[nH]2)cc1,-2.9541963103868754
C=CC1(C)CC(OC(=O)CSc2nc(NCCO)cc(C(F)(F)F)n2)C2(C)C(C)CCC3(CCC(=O)C32)C(C)C1O,1.0350469470992008
O=C([O-])C(F)ON1C(=O)N2CC1CCC2[S+]([O-])CF,-5.0
Cc1c(F)c(N2CCC(N)C2)nc2c1c(=O)c(C(=O)O)cn2C1CC1,8.965784284662087
O=C(O)C1=CC(C2CC2)C2=C(CC(F)C3=NN=C(c4ccc([N+](=O)[O-])cc4)CN32)C1=O,2.0
O=C(CSc1nc2ccccc2o1)NN=Cc1c[nH]nc1-c1cc(Cl)sc1Cl,-1.6438561897747246
ClCC1CCC(c2ccc3c(c2)CCC3)=NO1,-4.321928094887363
Fc1cccc2c1CCC(Cn1ccnc1)C2=NOCc1cccc(Cl)c1,1.3547594873547346
CC(C)=CC(=O)Nc1ccn(C2CCC(OC3OC(C)C(N(C)C)C(O)C3O)C(C)O2)c(=O)n1,-5.0
S=C(S)N1CCCC1,-3.643856189774725
CC(O)C1C(=O)N2C(C(=O)O)=C(SC3CNC(Cc4cn(C)[n+](CCO)c4)C3)C(C)C12,1.3584539709124763
NC1CC(N)CN(c2nc(Nc3ccc(NC(=O)c4cccnc4O)c(O)c3)nc(N3CC(N)CC(N)C3)n2)C1,-0.0
Fc1cc(-c2cc(-c3nnc(COc4ccc(Cl)cc4)o3)c3ccccc3n2)c(Cl)cc1Cl,-2.643856189774725
CON=C(C(=O)NC1C(=O)N2C(C(=O)[O-])=C(C[n+]3cccc(-c4cc(CO)[nH]n4)c3)CSC12)c1csc(N)n1,5.321928094887363
O=C(O)c1c(=O)c2cc(F)c(N3CCNCC3)c3c2n2c(csc12)CO3,3.321928094887362
Cc1ccc(C=Cc2nc3ccccc3c(=O)n2-c2nnc(C=Cc3ccccc3)s2)cc1,-3.550900664647523
CC(C)c1ccc2c(c1)CCC1C(C)(C(=O)NN=Cc3ccc(Cl)c([N+](=O)[O-])c3)CCCC21C,-1.9634741239748859
COc1ccc(C=NNC(=O)CCC(C)C2CCC3C4C(O)CC5CC(O)CCC5(C)C4CC(O)C23C)cc1,-2.9653225483672547
CCn1cc(C(=O)O)c(=O)c2cc(F)c(N3CCN(CC(=O)Nc4nc5ccc(F)cc5s4)CC3)cc21,-2.584962500721156
CCOC(=O)c1ccc(OC)c(OC)c1,-4.321928094887363
O=C(Nc1ccc(OC(F)(F)F)cc1C(=O)O)c1ccc(-c2ccccc2)cc1,-2.0
CN1C=C2CC3C(CC(CNC(=O)C=Cc4c[nH]c5ncccc45)CN3C)C3C=CC=C1C23,-4.0
CC1CCN(c2cc(C=Cc3c[nH]c4ccccc34)[n+](C)c3ccccc23)CC1,-4.0
CC1C(=O)C(C)C(c2ccco2)NC1c1ccco1,-3.643856189774725
N#Cc1ccccc1C(N=Nc1ccc(Cl)cc1)C(N)=O,-3.643856189774725
CNC1CN(c2nc3c(cc2F)c(=O)c(C(=O)O)cn3-c2nccs2)CC1OC,-0.6415460290875237
O=C1CSC(=S)N1Cc1nnc(-c2ccccc2F)o1,-5.0
CCOC(=O)C1=NOC(C2CC(SC3=C(C(=O)O)N4C(=O)C(C(C)O)C4C3C)CN2)C1,6.265344566520995
CC(=O)Nc1ccc(S(=O)(=O)C(C#N)=Cc2c[nH]c3cccc(Cl)c23)cc1,-4.0
S=C([S-])N1CCOCC1,-3.0
CC(=O)OCC1=C(C(=O)O)N2C(=O)C(NC(=O)Cc3cccs3)C2OC1,0.3219280948873623
O=C(NCCc1c[nH]c2ccc(Br)cc12)c1cc(C(F)(F)F)cc(C(F)(F)F)c1,4.0
CCCCCCCCCCn1c(CN2CCN(c3cc4c(cc3F)c(=O)c(C(=O)O)cn4CC)CC2)nc2ccccc21,1.0
C=CCc1cccc(Oc2ccc(C(=O)CC)cc2)c1OCCCSC(=N)N,-5.0
CCn1cc(C(=O)O)c(=O)c2cc(F)c(N3CCC4(CCN(C)C4)C3)c(F)c21,7.380821783940931
CCCn1c(-c2ccc(Cl)cc2Cl)nc2cc(C(=O)NN=Cc3ccc([N+](=O)[O-])cc3)ccc21,-3.643856189774725
O=C(Nc1ccc2ccccc2n1)c1ccc2c(c1)OCCCO2,-4.643856189774724
O=C(O)c1cn(CC(O)Cn2cncn2)c2cc(Cl)c(F)cc2c1=O,-3.0
CCn1cc(C(=O)O)c(=O)c2cc(F)c(N3CCN(Cc4cnc(C)c(O)c4C)CC3)cc21,-1.0
COC(=O)c1ncn(CNCn2cnc(C(=O)OC)n2)n1,-2.807354922057604
CN(C)C(C)(C)C(=O)Nc1cc(F)c2c(c1)CC(CNCCC1CN(c3cnc4c(n3)NC(=O)CO4)C(=O)O1)C2,4.058893689053568
O=S(=O)(Nc1nccs1)c1ccc(Cl)cc1,2.3562361456626575
C=C(C)C1CCC(C)=CC1c1c(OCCCCCN)cc(CCCCC)cc1OCCCCCN,-2.643856189774725
CNC(=O)CCNC(=O)C1CC(SC2=C(C(=O)O)N3C(=O)C(C(C)O)C3C2C)CN1,5.321928094887363
CC(CCN1Cc2cc(C#CC#CC3(N)CC3)cn2C1=O)(C(=O)NO)S(C)(=O)=O,2.0
CC1COc2c(C(=O)O)c(=O)c3cc(F)c(N4CCN(C)CC4)nc3n21,-2.643856189774725
CON=C1CN(c2nc3c(cc2F)c(=O)c(C(=O)O)cn3-c2ccc(F)cc2F)CCC1(C)N,-4.0
CCOc1ccc2c(c1)sc1nc(-c3ccccc3)c(COCCCn3c([N+](=O)[O-])cnc3C)n12,-4.0
COc1ccc(Br)c2nc3c(C(=O)NC#N)cccc3nc12,-5.0
CCCCCCCCCCCC(=O)NCC[N+](C)(C)Cc1cnc(C)c2c1COC(C)(C)O2,-5.0
CCc1ccc(Oc2ccc(C(C)=NOC)cc2F)c(O)c1,-5.0
CCN(CC)c1cc2c(cc1F)c(=O)c(C(=O)O)cn2C1CC1,-0.0
CCc1c(-c2ccc(N(C)C)cc2)[nH]c(=O)c(C(=O)O)c1O,5.058893689053568
NCC(NO)c1c[nH]c2ccc(Br)cc12,-4.0
CN1CCN(c2c(F)c(Cl)c3c(=O)c(C(=O)O)cn(C4CC4)c3c2F)CC1,5.321928094887363
CCOc1c(C=NNC(=O)c2ccncc2)cccc1CN1CCNCC1,-2.643856189774725
O=C(O)C(Cc1c[nH]c2ccccc12)N1C(=O)C(=Cc2cccc(OCc3ccc(Cl)cc3)c2)SC1=S,-1.0
CCOP(=O)(OCC)C(Nc1ncc(-c2cc3ccccc3oc2=O)s1)c1ccccc1Br,3.0
O=[N+]([O-])c1ccc(-c2nnc(-c3ccc(-n4cccc4)cc3)o2)cc1,-2.0
NC1CCN(c2nc3c(C4CC4)cc(C(=O)O)c(=O)n3cc2F)C1,5.643856189774724
CCOP(=O)(OCC)C(Nc1ccc2c(C)c(C)c(=O)oc2c1)c1cccc(O)c1,-5.0
COc1c(N2CCN(CCC(C)=O)C(C)C2)c(F)cc2c(=O)c(C(=O)O)cn(C3CC3)c12,1.0
Cc1ncccc1-c1cc2c(cc1F)c(=O)c1c(=O)[nH]sc1n2C1CC1,0.9714308478032291
O=C([O-])C1=C(CSc2cc[n+](Cc3ccccc3)cc2)CSC2C(N=c3ccn(Cc4ccccc4)cc3)C(=O)N12,4.058893689053568
O=C(Nc1ccc(C2NCCc3c2[nH]c2ccccc32)cc1)c1ccc(F)c(C(F)(F)F)c1,-3.0
O=C(NN=Cc1ccccc1)c1cc(-c2ccc(Cl)cc2)n[nH]1,-0.0
Cc1ccc2nc(-c3ccc(Nc4nc(N5CC(N)CC(N)C5)nc(N5CC(N)CC(N)C5)n4)cc3)sc2c1,-1.0
O=C(C=Cc1ccc(OCc2cn(Cc3cccc(Br)c3)nn2)cc1)c1ccc([N+](=O)[O-])cc1,-2.643856189774725
O=C(O)c1cn(C2CC2)c2cc(-c3ccncc3)c(F)cc2c1=O,5.058893689053568
Cn1nnnc1SCC1=C(C(=O)[O-])N2C(=O)C(Nc3cc[n+](CC(=O)[O-])cc3)C2SC1,-2.0
CCC(=O)NCC1CN(c2ccc(-c3nnc4ncccn34)cc2)C(=O)O1,-4.0
CC1CCC2(NC1)OC1CC3C4CCC5CC(NCC(N)Cc6c[nH]c7ccccc67)CCC5(C)C4CCC3(C)C1C2C,-1.0
CON=C(C(=O)N1CCN(c2ccc3c4c(cccc24)C(=O)N(CCN(C)C)C3=O)CC1)c1csc(N)n1,-1.0
CN(Cc1ccc2c(c1)Cc1ccccc1-2)c1cnc2nc(N)nc(N)c2n1,-4.643856189774724
CCCCCCN=c1ccn(CCCCCCCn2ccc(=NCCCCCC)cc2)cc1,-2.963474123974886
O=C(CC1CCCCN1)Cn1cnc2cc(F)c(F)cc2c1=O,-2.0
Oc1cccc2[nH]c(CCc3cccc(Cl)c3)nc12,-5.0
Cc1ccc2c(c1)CN(c1ccccc1)CO2,-4.643856189774724
O=C1NC(=S)SC1=Cc1ccc(C=Nn2c(-c3ccccc3)n[nH]c2=S)cc1,-5.0
O=C(NCC1CN(c2ccc(-c3ccc(F)c(O)c3)c(F)c2)C(=O)O1)C(F)F,-2.0
CCCCCCCCCCCCCC(=O)NN1C(=O)CSC1c1ccc(Cl)cc1,1.5145731728297582
Fc1ccc(-c2csc(NN=Cc3c(-c4ccc(Cl)cc4)nc4sc(C(F)(F)F)nn34)n2)cc1,-2.643856189774725
N#Cc1ccccc1C(C#N)N=Nc1ccc([N+](=O)[O-])cc1,-2.643856189774725
Cc1[nH]c(C(=O)Nc2nc3c(OC(CN4CCC(N)CC4)c4ccccc4)cc(C(=O)O)cc3s2)c(Cl)c1Cl,1.0
COc1ccc(Nc2nn3c(-c4ccc(C)cc4)ccnc3c2C(N)=O)cc1,-3.9653225483672547
Nc1ccc2cc3ccc(N)cc3nc2c1,-2.643856189774725
Cc1c(N2CC(N)C(F)C2)c(F)cn2c(=O)c(C(=O)O)cc(C3CC3)c12,5.643856189774724
CC(O)C1C(=O)N2C(C(=O)[O-])=C3c4ccccc4CCCC3C12,-1.0
CCN1C(NNC(=O)c2ccc([N+](=O)[O-])o2)=NS(=O)(=O)c2ccccc21,-4.22881869049588
COC12CC(C)(O)C3CC4(C)CCC(C(C)C=CC=C(C)C)C4CC=C(CO1)C32O,-5.0
O=[N+]([O-])c1cncn1CCN(CCBr)Cc1ccc(Cl)c(Cl)c1,-4.0
CC(=O)OCC1=C(C(=O)OC(c2ccccc2)c2ccccc2)N2C(=O)C(Nc3nc4c(N)cccc4[nH]3)C2SC1,-0.0
CCOC(=O)C(C#N)C(c1cc2c(OCC)cccc2n2nnnc12)P(=O)(OCC)OCC,-3.321928094887362
COc1c(N2CCc3sc(CO)cc3C2)c(F)cc2c(=O)c(C(=O)O)cn(C3CC3)c12,2.0
Oc1cc(C(O)C(F)(F)F)ccc1Oc1cccc(F)n1,-4.0
CCc1ccc(Oc2cc(C)ccc2N)c(O)c1,-4.0
O=C1CSc2cccc(Cl)c2N1CC1CCCO1,-5.0
Cc1cc(=O)oc2cc(Oc3nc(Nc4ccccc4)nc(N4CCCCC4)n3)ccc12,-4.643856189774724
CCc1[nH]c2nc(Sc3ccc4c(N5CC(N)C5)ncnc4c3)nc(N3CCC(N)C3)c2c1Cl,-2.0
O=C(C(=Cc1c[nH]c2cc(Cl)ccc12)n1cnc2cc(Cl)ccc2c1=O)c1nccs1,-1.0
COc1ccc(C(=O)Nc2cccc([N+](=O)[O-])c2)cc1OC,-3.700439718141092
Cc1ccc2cc(C=CC(=O)c3ccc(Cl)cc3)c3nnnn3c2c1,-2.643856189774725
CC(=NNC(=O)COc1ccc2ccccc2c1)C(Cl)=NNc1ccc(Cl)cc1,-4.044394119358453
O=C(Nc1ccc(Br)cc1C(=O)O)c1cccc(Cc2ccccc2)c1,-1.0
CC(C)(C)c1cc(C(=O)Nc2ccc(C(=O)NCCCNC(=N)N)cc2)cc(C(C)(C)C)c1,-3.0
COc1c(N2CC3CCCN(S(=O)(=O)c4ccc([N+](=O)[O-])cc4)C3C2)c(F)cc2c(=O)c(C(=O)O)cn(C3CC3)c12,-1.2750070474998698
CNc1cc(F)cc2cc(C(=O)Nc3ccc(C(=O)O)cc3CNCCO)c(=O)[nH]c12,-1.0
Clc1ccc(-c2cnc(-c3ccc4nc(-c5ccc(Br)cc5)c(Nc5ccccc5)n4c3)[nH]2)cc1,-0.5058909297299573
O=C(NNC(=S)Nc1ccccc1F)c1cc([N+](=O)[O-])c[nH]1,-0.6415460290875237
O=C1OC(Cn2sccc2=O)CN1c1ccc(N2CCOCC2)c(F)c1,-4.643856189774724
C=Cc1sc[n+](CC2=C(C(=O)[O-])N3C(=O)C(NC(=O)C(=NOC)c4csc(N)n4)C3SC2)c1C,5.058893689053568
CCOC(=O)c1cn(Cc2ccc([N+](=O)[O-])cc2)c2cc(C(C#N)C(=O)OCC)c(F)cc2c1=O,1.0
O=C(CN1CCN(c2cc3c(cc2F)c(=O)c(C(=O)O)cn3C2CC2)CC1)Nc1nc2ccc(F)cc2s1,-2.584962500721156
Cn1c(=O)cc(OCc2nn(CN3CCN(c4cccc(C(F)(F)F)c4)CC3)c(=S)s2)c2ccccc21,-4.643856189774724
CC(O)C1C(=O)N2C(C(=O)O)=C(SC3CNC(Cc4c[n+](CCO)nn4C)C3)C(C)C12,3.321928094887362
CCc1[nH]c2nc(Oc3cnc4ccc[n+]([O-])c4c3)nc(N3CCC(N)C3)c2c1Cl,1.0
CC(C)=CCc1c(OCC(F)(F)F)cc(C=Cc2ccc(F)cc2)c(C(=O)O)c1O,-5.0
C=C1CCC2(O)CC1C2(C)C(CC=C(C)C)OC(C)=O,-3.0
Nc1nc(C(=NOCCF)C(=O)NC2C(=O)N3C(C(=O)[O-])=C(Sc4nncs4)CCC23)cs1,5.058893689053568
Cc1ccc(Cn2c(-c3cccc(NS(=O)(=O)C4CC4)c3)nc3ccccc32)cc1,-0.0
CC(C)=CCc1c(OC2CCCCC2)cc(C=Cc2ccc(F)cc2)c(C(=O)O)c1O,-5.0
Nc1nc(C(=NOCCF)C(=O)NC2C(=O)N3C(C(=O)[O-])=C(Sc4nc(-c5ccccn5)cs4)CCC23)cs1,1.0
CCc1cc(Nc2cc(=O)n(CCCCN3CCC(O)(c4ccccc4)CC3)c(=O)[nH]2)ccc1C,-4.321928094887363
COc1ccccc1CC1(CNC(=O)c2ccccn2)CCCC2(C)c3ccc(C(C)C)cc3CCC12,-5.0
Nc1nc2c(ncn2C2OC(CO)C(O)C2O)c(=O)o1,-3.643856189774725
COc1cc(C=CC(=O)c2ccc(O)cc2)ccc1OCc1nnc(-c2ccccc2)o1,-3.643856189774725
C=CCc1cc(Cc2cnc(N)nc2N)cc(CCC)c1O,-2.321928094887362
NC(=NO)C1CC(c2ccc(O)cc2)=NN1c1ccccc1,-3.9068905956085187
CC(NCCCCCN)C1CCC2C3CCC4=CC(NCCCCCN)CCC4(C)C3CCC12C,-3.321928094887362
Cc1ccc(C(=O)NC(=S)Nc2ccc(S(N)(=O)=O)cc2)cc1,1.6757654377294686
C=C(C)CCCC(C)(O)c1ccc(C(=O)O)cc1O,-5.0
O=C(NNC(=S)Nc1cccc(Cl)c1)c1cnc2c(C(F)(F)F)cccc2c1O,-1.6415460290875237
CCC1C(c2ccccc2)OC(c2ccccc2)CC12NC(=S)NN2c1ccccc1,-3.643856189774725
CCOC(=O)C1=C(N)N(c2cccnc2)C2=C(C(=O)CCC2)C1c1c(C)nn(-c2ccc(Cl)cc2)c1Cl,-1.6461626571578936
COc1ccc(C2SCC(=O)N2c2ccc(Cl)cc2O)c(OC)c1,-4.906890595608519
CCCCCCCc1nc2cc(CC(Oc3ccc(C(C)(C)C)cc3)C(=O)O)ccc2o1,-0.6415460290875237
CC(=CC1CCCN1)C1=C(C(=O)O)N2C(=O)C(C(C)O)C2C1,1.3584539709124763
COC1(NC(=O)C(OC=O)c2ccccc2)C(=O)N2C(C(=O)O)=C(CSc3nnnn3C)CSC21,-0.6780719051126377
CCCCc1nc(Cl)c(C(Nc2ccc3c(C)cc(=O)oc3c2)P(=O)(OCC)OCC)n1Cc1ccccc1F,-5.0
Cc1n(C)c(I)c(I)[n+]1CC(=O)c1ccccc1,-3.643856189774725
Sc1nnc(COc2cccc3c2c2ccccc2n3CC2CCCCC2)o1,-1.0
CCOc1ccc2c(c1)sc1nc(-c3ccccc3)c(COCc3cn(Cc4ccc([N+](=O)[O-])cc4)nn3)n12,-1.0
CC(C)CNc1nccc(NCCCNC2CCCc3c2[nH]c2c(Br)cccc32)n1,-2.643856189774725
CCOC(=O)c1sc(NC(=O)c2cc(OC)c(OC)c(OC)c2)nc1C,-3.643856189774725
O=C(O)c1cn(CCF)c2cc(N3CCNCC3)c(F)cc2c1=O,3.321928094887362
Cc1ccc(C(=O)c2cn(-c3ccc(C)cc3)nc2-c2ccc([N+](=O)[O-])s2)cc1,3.0
CCOC(=O)c1c(-c2ccc(OC)cc2)cc(-c2cccs2)c([N+](=O)[O-])c1N,-4.321928094887363
CN1c2ccccc2Sc2cc(C=NOCc3cn(Cc4ccccc4F)nn3)ccc21,-4.643856189774724
Cn1nnnc1SCC(O)CNC1CCN(c2c(F)cc3c(=O)c(C(=O)O)cn(C4CC4)c3c2Cl)C1,-0.0
O=C(O)c1cn(C2CC2)c2nc(N3CC(O)CC3CO)c(F)cc2c1=O,-5.0
CCCCC(CC)CN=c1ccn(CCCCCCn2ccc(=NCC(CC)CCCC)cc2)cc1,-1.0
CCOC(=O)c1sc(N=C2NC(=O)C(=Cc3c[nH]c4ccccc34)S2)nc1C,-0.963474123974886
Cc1c(N2CCC(N)C2)c(F)cn2c(=O)c(C(=O)O)ccc12,1.3584539709124763
CC1=CC2CN(C(=O)N2OCC(=O)O)C1C(N)=O,-5.0
CCCCCCCCCCCCNC1=NC(C)(C)NC(NCC)=N1,-3.643856189774725
CC(=O)C(C)Nc1ccc(C(=O)Nc2ccn(C3CCC(OC4OC(C)C(N(C)C)C(O)C4O)C(C)O3)c(=O)n2)cc1,-5.0
O=C(Nc1ccccc1)C1=C2c3ccccc3S(=O)(=O)N2CC1,-4.392317422778761
CC1CN(c2c(F)c(Cl)c3c(=O)c(C(=O)O)cn(C4CC4)c3c2F)CCN1,6.321928094887363
CC[n+]1ccn(-c2ccc(C#Cc3ccc(-n4cc[n+](CC)c4)cc3)cc2)c1,-3.0
CCSc1ccc(OCc2nnc3sc(-c4ccccc4O)nn23)cc1,-4.643856189774724
CC1=CC2(C)C(=C(C)C3C4CC(C)CC(C)C4C4Oc5ccc(cc5)CC5(O)C=C(C(=O)N5)C(=O)C2C43)C1C,2.321928094887362
CC(N)C(=O)NC1CCN(c2c(F)cc3c(=O)c(C(=O)O)cn(C4CC4)c3c2F)C1,3.321928094887362
CCOc1ccc(-n2nc(C(=O)Nc3ccc(S(=O)(=O)Nc4onc(C)c4C)cc3)c(N)c2C#N)cc1,-4.965784284662087
CCn1cc(C(=O)O)c(=O)c2ccc(N3CCNCC3)c(F)c21,0.3584539709124763
Cc1ccc(OCC(=O)N2N=C(c3ccc(Cl)cc3)CC2(O)c2cc(F)c(Cl)cc2Cl)cc1,-3.643856189774725
CON=C1CCN(c2c(F)cc3c(=O)c(C(=O)O)cn(CCF)c3c2F)CC1(C)CN,-3.0
O=C(c1ccc(Cl)cc1)N1CCN(c2ccc(N3CC(Cn4ccnn4)OC3=O)cc2F)CC1,-3.0
CCCCCNC(=O)C[N+](C)(C)CCCCOc1cc(C)ccc1C(C)C,-5.0
C=C1OC(=O)C2(C1=O)C(C)C=CC(=O)C2O,-3.807354922057604
CCCCCCCCCCCCCCN1CCN(c2c(F)cc3c(=O)c(C(=O)O)cn(C4CC4)c3c2OC)CC1,-5.0
CC(O)C1C(=O)N2C(C(=O)O)=C(SC3CNC(COc4ccccc4)C3)C(C)C12,1.3584539709124763
COc1ccc(C=CC(=O)c2ccc(NC(=O)CSc3nc4ccccc4[nH]3)cc2)cc1OC,-4.965784284662087
Cc1cnc(N2C(=O)CSC2c2cc3ccccc3nc2S)s1,-3.643856189774725
CN(C)C(=N)c1ccc2cc(-c3ccc(-c4cc5ccc(C(=N)N(C)C)cc5[nH]4)nc3)[nH]c2c1,-2.0
NC1CC(N)CN(c2nc(Nc3ccc(NC(=O)c4ccccc4O)c(O)c3)nc(N3CC(N)CC(N)C3)n2)C1,-2.0
CNc1cc(F)cc2c1[nH]c1nc(Oc3cnc(C)nc3)nc(N3CCC(=C(C)CN)CC3)c12,2.0
NC(C(=O)NC1C(=O)N2C(C(=O)O)=C(Cl)CSC12)c1ccccc1,2.0
O=C(NCc1c[nH]c2ccccc12)Nc1ccc(Cl)c(Cl)c1,1.0
N#CC1CN(c2c(F)cc3c(=O)c(C(=O)O)cn(C4CC4)c3c2F)C1,-0.0
CON=C(C(=O)NC1C(=O)N2C(C(=O)[O-])=C(C[n+]3csc(CCO)c3C)CSC12)c1csc(N)n1,5.058893689053568
CCCCCCC#Cc1ccc(-n2ncc(C(C)=NNC3=NCCN3)c2C)cc1,-3.0
Cc1ccc2[nH]c(NC(CC#N)c3cccc(Cl)c3)nc2n1,-2.0
Nc1nc(N)c2c(Cl)c(S(=O)(=O)c3ccc4ccccc4c3)ccc2n1,-4.643856189774724
O=C1c2cccc3cccc(c23)C(=O)N1c1nc(-c2cc3cc(Br)ccc3oc2=O)cs1,-4.22881869049588
CCCCCCOc1ccc(C=Cc2cc(-c3ccccc3)[n+](C)cc2-c2ccccc2)cc1,-2.0
CC(O)C1C(=O)N2C(C(=O)[O-])=C(c3cccnc3)CC12,-3.169925001442312
Cc1nnc(SCC2=C(C(=O)[O-])N3C(=O)C(NC(=O)C[S+]([O-])CC#N)C3SC2)s1,-1.632268215499513
Cc1nc(C(=O)c2ccc[n+](CC(N)=O)c2)c2sc(C3=C(C(=O)[O-])N4C(=O)C(C(C)O)C4C3C)cn12,2.0
COc1ccc(C=NNC(=O)c2cc(Cl)c(Cl)[nH]2)cc1OC,-1.6438561897747246
O=S(=O)(c1ccc(F)cc1F)N1CCCN(c2ccn3cc(-c4ccc(F)cc4)nc3n2)CC1,-2.2016338611696504
CCOc1c(N2CCC(N)C2)c(F)c(N)c2c(=O)c(C(=O)O)cn(C3CC3)c12,4.321928094887363
CCCCN(CCCC)C(=O)C[N+](C)(C)CCCCOc1cc(C(C)C)ccc1C,-5.0
CS(=O)(=O)C1=C(C(=O)O)N2C(=O)C(NC(=O)C(=NOCC#N)c3csc(N)n3)CN2C1,2.0
C=CCn1cc(C=C(C#N)S(=O)(=O)c2ccc(N)cc2)c2ccccc21,-3.0
O=C([O-])C1=C(Cl)CSC2C(Nc3cc[n+](Cc4ccccc4)cc3)C(=O)N12,2.0
N#Cc1ccccc1C(N=Nc1ccc([N+](=O)[O-])cc1)C(N)=O,-4.643856189774724
Cc1c(N2CCSCC2)ccc2c(=O)c(C(=O)O)cn(C3CC3)c12,3.0
Nc1nc(N)c2c(ccc3c2ccn3Cc2nc3ccccc3o2)n1,2.0
Cc1nnc(SCC2=C(C(=O)[O-])N3C(=O)C(Nc4cc[n+](Cc5ccccc5)cc4)C3SC2)s1,4.058893689053568
c1csc(-c2nnc(CN3CCc4ccsc4C3)o2)c1,-4.643856189774724
O=C(Cc1ccccc1)NC1C(=O)N2C(C(=O)O)=CCSC12,-3.0
CCN(CC)Cc1cc2[nH]c3c4ccc(Cl)cc4ncc3c2cc1OC,-5.0
O=C(c1ccncc1)N1N=Cc2ccccc2B1OB1c2ccccc2C=NN1C(=O)c1ccncc1,-2.0
Cc1noc(C)c1C(=O)NCC(OCc1ccc(C#Cc2ccc(CN3CCOCC3)cc2)cc1)C(=O)NO,2.9434164716336326
Nc1nc(N)c2c(ccc3c2ccn3Cc2ccc3ocnc3c2)n1,-1.0
CN(Cc1cccc(C(F)(F)F)c1)c1cnc2nc(N)nc(N)c2n1,-4.643856189774724
Cc1ccc(C2OC(c3ccc(C)cc3)C(C)C(=NOCc3ccccc3)C2C)cc1,-4.643856189774724
O=C(O)CN1C(=O)C(=Cc2cc3cc(F)ccc3nc2Cl)SC1=S,-4.906890595608519
Cn1c(=O)cc(OCc2nn(CN3CCN(c4ccc(F)cc4)CC3)c(=S)s2)c2ccccc21,-4.643856189774724
COc1ccc2ncc(=O)n(CCN3CCC(NCc4cc5c(cn4)OCCO5)C(OC)C3)c2c1,-2.0
C[n+]1cccc(N(CCCCCC2CCCCC2)c2ccccc2)c1,-4.321928094887363
Cc1[nH]c(C(=O)Nc2nc3c(N4CCOC(C)C4)cc(C(=O)O)cc3s2)c(Cl)c1Cl,-3.0
CC(O)C1C(=O)N2C(C(=O)[O-])=C(SC3CCOC3CN(C)C)C(C)C12,5.058893689053568
CCc1cc(O)c(Oc2ccccc2F)cc1F,2.0
NCC1(c2ccccc2)CCN(c2c(F)cc3c(=O)c(C(=O)O)cn(C4CC4)c3c2F)C1,6.265344566520995
CN(C)CC(=O)Nc1ccc2c(c1O)C(=O)C1=C(O)C3(O)C(O)=C(C(N)=O)C(=O)C(N(C)C)C3CC1C2,3.0588936890535687
N#Cc1ccc(C(c2cccc(-n3cc(-c4cccc(N)c4)nn3)c2)P(=O)(O)O)cc1,-1.0
N#Cc1c(-c2ccccc2)nc(SCc2ccc([N+](=O)[O-])o2)[nH]c1=O,-1.0
CCCCCCCCCCCCCCCC(=O)OCC[n+]1ccccc1,-5.0
O=C(CC(c1ccc(Cl)cc1)C1CCCc2[se]nnc21)c1ccc(Cl)cc1,-2.643856189774725
NS(=O)(=O)c1ccc(O)c(NC(=O)N2CCN(c3cc4c(cc3F)c(=O)c(C(=O)O)cn4C3CC3)CC2)c1,6.965784284662087
O=C(O)c1cn(CC(O)Cn2cncn2)c2cc(C(F)(F)F)ccc2c1=O,-3.0
Fc1ccc(C=NNc2nc(-c3ccc(Cl)cc3)cs2)cc1,-4.643856189774724
Cc1c(F)c(N2CCNCC2)cc2c1c(=O)c(C(=O)O)cn2C1CC1,6.265344566520995
CC(C)c1csc(-c2nnc(S(=O)(=O)Cc3ccc(Br)cc3)n2N=Cc2ccc(F)cc2)n1,-3.0
COc1ccc2nccc(-n3cc4c(n3)CCC(NC(=O)c3cc5c(cc3Cl)SCC(=O)N5)C4)c2n1,-1.0
CCn1cc(C(=O)O)c(=O)c2cc(F)c(NCCNC(C)=O)cc21,-4.643856189774724
O=C(C=Cc1ccccc1)N1CCN(c2ccc(N3CC(Cn4ccnn4)OC3=O)cc2F)CC1,-3.0
N=C(N)NN=Cc1cn(-c2ccc([N+](=O)[O-])cc2[N+](=O)[O-])nc1-c1ccccc1F,-3.0
COC(=O)C12CCC(C)C(C)C1C1=CCC3C4(C)Cc5c([nH]c6ccc(F)cc56)C(C)(C)C4CCC3(C)C1(C)CC2,-4.963474123974886
O=C(O)c1cn(C2CC2)c2c(Cl)c(N3CC4CC3CN4)c(F)cc2c1=O,5.643856189774724
COC(=O)C1(C)CCCC2(C)c3ccc(C(C)C)c(NC(=O)Cn4cc(-c5ccc(C(F)(F)F)cc5)nn4)c3CCC12,-3.643856189774725
O=C(NNC(=S)Nc1cccnc1)c1cnc2c(C(F)(F)F)cccc2c1O,-1.6415460290875237
CCCCCCCCCCn1nnc(-c2n[nH]c(=S)n2N)c1-c1n[nH]c(=S)n1N,-0.0
Cc1ccc(OCc2cn(Cc3ccccc3)nn2)c(-c2nn(-c3ccccc3)cc2C=O)c1,-2.4594316186372973
Nc1nc(N)c2c(ccc3c2ccn3Cc2cccc3cccnc23)n1,1.0
CCC(C)C1C=CC2C(O)C(O)CC(C)C2C1(C)C(=O)C=COC,-2.321928094887362
O=C(CC(c1ccccc1)S(=O)(=O)c1ccccc1)NO,-5.0
CCOC(=O)C1C(C(=O)c2cccs2)C1c1ccc(OCC)cc1,-4.643856189774724
CCc1c(-c2ccc(N3CC4CCCNC4C3)cc2)[nH]c(=O)c2c(=O)[nH]sc12,6.965784284662087
CC(C)(N)COc1cc(C#N)c2c(c1)CC(CNCCC1CN(c3ccc4c(n3)NC(=O)CO4)C(=O)O1)C2,4.058893689053568
COC(S)=NCC1CN(c2ccc(Oc3ccc(NC(C)=O)cc3)c(F)c2)C(=O)O1,-4.0
NC1CCCC2CN(c3nc4c(cc3F)c(=O)c(C(=O)O)cn4-c3ccc(O)cc3)CC12,4.321928094887363
CC(C)NCC(=O)Nc1cc(F)c2c(c1O)C(=O)C1=C(O)C3(O)C(=O)C(C(N)=O)=C(O)C(N(C)C)C3CC1C2,1.0
COC1CN(c2nc(-c3ccn[nH]3)c(C(=O)O)s2)CCC1NC(=O)c1[nH]c(C)c(Cl)c1Cl,2.473931188332412
CC(C)CCOc1ccccc1-c1ccccc1OCc1cn(C(CCCNC(=N)N)C(=O)NCCc2ccccc2)nn1,-5.0
COc1ccc(-n2c(-c3ccccc3)nc3ccc(Cl)cc3c2=O)cc1,-0.6415460290875237
CC1COc2c(CC#N)c(F)cc3c(=O)c(C(=O)O)cn1c23,2.0
NCCCC(N)C(=O)NC(Cc1ccccc1)Cc1ccccc1,-5.0
Cc1c(O)cc2c3c(ccc2c1C)C=C(C(C)C)C(=O)C3=O,-2.2016338611696504
CCNc1cc(F)cc2c1[nH]c1ncc(-c3cncc(C#N)c3)c(-n3ccc(N)n3)c12,3.0
CCN1CCN(C(=O)NCC2CC(SC3=C(C(=O)[O-])N4C(=O)C(C(C)O)C4C3C)CO2)C(=O)C1=O,2.0
CCn1cc(C(=O)O)c(=O)c2c(N)c(F)c(N3CC(N)C3C)c(F)c21,2.0
Cc1ccc2c(C)c3c(c(O)c2c1O)C(=O)C1(O)C(=O)C(C(N)=O)=C(O)C(N2C(=O)C=CC2=O)C1C3,-3.0
O=C(CNc1ccc(-c2nc3ccc(Cl)c(Cl)c3s2)cc1)c1c(O)c2ccccc2n(-c2ccccc2)c1=O,1.0
Cc1ccc(-c2n[nH]cc2C=Nn2c(C)nn(CN3CCN(C)CC3)c2=S)cc1,-2.584962500721156
CCn1cc(C(=O)O)c(=O)c2cc(F)c(N3CCN(CC(=NO)c4ccoc4)CC3)nc21,4.351074440546879
Cc1ncc([N+](=O)[O-])n1Cc1nnc(-c2ccc([N+](=O)[O-])cc2)o1,-3.643856189774725
COc1cc(C2CC(c3cc4ccccc4oc3=O)=NN2)ccc1O,-3.807354922057604
CCON=C(C(=O)NC1C(=O)N2C(C(=O)[O-])=C(CN(C)c3scc(C)[n+]3C)CSC12)c1csc(N)n1,5.321928094887363
CCCc1cc(C2=NC(C(=O)NO)CO2)cc(OC)c1OC,6.965784284662087
CCc1c(-c2ccc3c(c2)cc(CNC)n3C)[nH]c(=O)c(C(=O)O)c1O,2.9434164716336326
O=c1cc2n(C3CC3)c3cc(N4CCNCC4)c(F)cc3n2c(=O)[nH]1,1.0
O=c1[nH]sc2c1c(=O)c1cc(F)c(-c3cnccn3)cc1n2C1CC1,-0.0
CC1CN(c2c(F)cc3c(=O)c(C(=O)O)cn(C4CC4)c3c2Cl)CCN1,5.321928094887363
O=c1ccc2ncc(F)c3c2n1CC3(O)CC12CCC(NCc3ncc4c(n3)OCCO4)(CC1)CO2,-5.0
CNc1cc(=O)n(C)c2c1C(=Cc1ccncc1)c1ccccc1-2,-0.0
Fc1ccc(C=Nn2c(S)nnc2-c2cnccn2)cc1,-4.643856189774724
CCn1cc(C(=O)O)c(=O)c2cc(F)c(-n3cnc([N+](=O)[O-])c3)c(F)c21,-2.643856189774725
CCc1cc2c(s1)C=NN(S(=O)(=O)c1ccccc1Cl)B2O,-1.6415460290875237
CCN1CCN(c2nc3c(cc2F)c(=O)c(C(=O)O)cn3CC)CC1,0.3584539709124763
O=[N+]([O-])c1ccc(N=C(Cc2ccc(Cl)cc2)c2ccc(O)cc2O)cc1,-2.643856189774725
O=C(Nc1ccccc1F)N1CCOCC1,-1.070389327891398
CN(C)CCn1nnnc1SCC1=C(C(=O)[O-])N2C(=O)C(Nc3cc[n+](Cc4ccccc4)cc3)C2SC1,4.058893689053568
Cc1ccc(C(CN2CCN(c3cc4c(cc3F)c(=O)c(C(=O)O)cn4C3CC3)CC2)=NNC(N)=O)cc1,-3.643856189774725
Cc1cc(NCCc2c(C)n[nH]c2C)n2nc(NC(CC#N)c3cccc(Cl)c3)nc2n1,1.0
NC1CCN(c2c(F)cc3c(=O)c(C(=O)O)cn(C4CC4)c3c2Cl)C1,8.965784284662087
CCn1cc(C(=O)O)c(=O)c2cc(F)c(N3CCN(C(c4ccncc4)c4nnnn4C(C)(C)C)CC3)cc21,-4.643856189774724
CC(O)C(NC(=O)c1ccc(C#CC#Cc2ccccc2)cc1)C(=O)NO,4.321928094887363
CN(CC(=O)O)NC(=O)CC(N)CCCN,-2.0
Clc1nccc(NCc2csc(-c3ccccc3)n2)n1,-5.0
COCCCCn1c(=O)cc(Nc2ccc(C)c(Cl)c2)[nH]c1=O,-4.321928094887363
CCn1cc(C(=O)O)c(=O)c2cc(F)c(N3CC(N)C3)nc21,3.321928094887362
CN(Cc1cnc2nc(N)nc(N)c2n1)c1cccc2ccccc12,-4.643856189774724
Cc1ccc(Cn2c(-c3cccc(NS(=O)(=O)c4cccc(Br)c4)c3)nc3ccccc32)cc1,1.0
Oc1c(Br)cc(Br)cc1Oc1ccc(Br)cc1Br,-3.321928094887362
CCCCCCCCCCCCCC[P+](C)(C)C,-3.643856189774725
CCOC(=O)C1=C(C)NC2=C(C(=O)c3ccccc32)C1c1ccc2c(c1)c1ccccc1n2CC,-5.0
CN1CCN(c2cc3c(cc2F)c(=O)c(C(=O)O)cn3-c2ccc([N+](=O)[O-])cc2)CC1,-3.643856189774725
CCCCn1c(C(=O)C=Cc2ccc(F)cc2)nc2ccccc21,-4.0
CS(=O)(=O)c1ccc(OCc2nnc3n2N=C(c2ccc(Cl)cc2Cl)CS3)cc1,-3.643856189774725
CC(O)C1C(=O)N2C(C(=O)O)=C(CN(C)C(CO)C(N)=O)SC12,3.0588936890535687
CCn1cc(C(=O)O)c(=O)c2cc(F)c(N3CCC4(CCN(C)C4)C3)cc21,7.380821783940931
COc1ccc(C=Cc2nc3ccccc3c(=O)n2-c2cccc(O)c2)cc1,-4.0
Cc1ncc([N+](=O)[O-])n1CCN1C(=O)SC(=Cc2cccs2)C1=O,-4.965784284662087
O=C(c1ccccc1)c1c(O)n(-c2ccc(Cl)cc2)n(-c2ccc(Cl)cc2)c1=O,-2.0
CCCCCCCCCCN(Cc1cccc2ccccc12)C(=O)C(N)CCCCN,-2.0
N=C(N)NN=Cc1ccc(C=CC(=O)c2ccc(F)cc2)cc1,-2.0
CC(O)C1C(=O)N2C(C(=O)O)=C(SC3CNC(C=Cc4ccsn4)C3)C(C)C12,4.351074440546879
CSc1nc(Cl)cc(Sc2nnc(-c3cc(F)cc(F)c3)[nH]2)n1,-0.6780719051126377
COc1c(O)c(Cl)c2c(c1O)C(=O)OC(C)C2OC(C)=O,-5.0
O=C(c1ccc(Nc2nc(-c3ccccc3)nc3ccccc23)cc1)[n+]1nc([S-])sc1-c1cccc([N+](=O)[O-])c1,-4.0
O=C(O)c1cn(C2CC2)c2cc(N3CCN(Cc4nc5ccc(F)cc5[nH]4)CC3)c(F)cc2c1=O,-0.0
CNc1cc(F)cc2cc(C(=O)Nc3ccc(C(=O)O)c(O)c3)c(=O)[nH]c12,-0.0
CCCCCCCCOC(=O)CC(C[N+](C)(C)C)OC(=O)CCCCCCCC,-4.643856189774724
CCON=C(CN1CCN(c2cc3c(cc2F)c(=O)c(C(=O)O)cn3C2CC2)CC1)c1nccs1,-1.0
O=c1c2nc([N+](=O)[O-])cn2ccn1CCc1ccc(OC(F)(F)F)cc1,-5.0
COC(=O)c1c(OC)cc2c(c1C)C(C=C(C)C)c1c(O)cc(C)cc1O2,-5.0
CCCCCCCCn1cc(C(=O)O)c(=O)c2cc(F)c(CC#N)cc21,1.0
CC(=O)Nc1ccc(S(=O)(=O)Cc2nc3ccccc3n2Cc2ccc(F)cc2)cc1,-5.0
O=C1c2cccc3c(Br)ccc(c23)C(=O)N1CCCn1c[n+](Cc2ccc(Cl)cc2Cl)cn1,-2.0
CCCOC1Cc2c(C(C)=O)c(O)c3ccccc3c2O1,1.0
O=c1c2ccccc2[se]n1CCNCc1ccccc1,-3.0
CCCCS(=O)(=O)CC(=O)NC1C(=O)N2C(C(=O)[O-])=C(CSc3nnc(C)s3)CSC12,-2.6322682154995127
CCON=C1CCN(c2c(F)cc3c(=O)c(C(=O)O)cn(C4CC4)c3c2C(=O)C(F)F)CC1(C)CN,-3.0
O=C1Oc2ccccc2NC1=CC(=O)c1ccc(-c2ccccc2)cc1,-4.643856189774724
O=C(NN=C1C(=O)Nc2ccccc21)NN=C1C(=O)Nc2ccccc21,-2.643856189774725
CN1CC2CC1CN2c1nc2c(cc1F)c(=O)c(C(=O)O)cn2C(C)(C)C,2.0
O=C(Nc1ccc(F)cc1)Nc1c(-c2cccc(F)c2)nc2ccccc2c1O,-2.643856189774725
OC(c1ccccc1)(c1ccccc1)C1CCN(CCCOc2ccc(-c3ccccc3)cc2)CC1,-2.0
COc1ccc(C=NNC(=O)c2c[nH]c3ccc(Cl)cc3c2=O)cc1OC,-0.963474123974886
O=C(NN=Cc1ccc2ccccc2c1)c1ccc2c(c1)OCCCO2,-2.643856189774725
Cc1c(CSC2=C(C(=O)[O-])N3C(=O)C(C(C)O)C3C2)ccc[n+]1C,6.965784284662087
CCN(CC)c1cc(NC=O)c(O)c2c1CC1CC3C(N(C)C)C(=O)C(C(N)=O)=C(O)C3(O)C(=O)C1=C2O,1.0
CN(C)C1C(O)=C(C(N)=O)C(=O)C2(O)C(O)=C3C(=O)c4c(O)c(NC(=O)C5CCN5C)cc(F)c4CC3CC12,5.965784284662087
CC(=O)NOC(=O)OCc1ccccc1,-0.0
CCOC=NC1=C(C#N)C(c2ccccc2OC)c2c(n(C)c(=O)n(C)c2=O)O1,-2.643856189774725
Nc1nc(C(=NO)C(=O)NC2C(=O)N3C(C(=O)O)=C(C=C4CCN(CC5CC5)C4=O)CSC23)cs1,3.0588936890535687
Cc1c(N2CCC(C(C)N)C2)c(F)cc2c(OCCN(C)C)cc(=O)n(C3CC3)c12,-0.0
COc1cc(Cc2cnc(N)nc2N)cc2c1N(CCO)CCC2C,-4.906890595608519
COc1ccc(-c2nnc3sc(-c4[se]c5ncnc(Nc6ccc(F)c(Cl)c6)c5c4C)nn23)cc1,-2.643856189774725
CC1CCCCCCCCCC(O)C(=O)C=CC(=O)O1,-5.0
CON=C(C(=O)NC1C(=O)N2C(C(=O)[O-])=C(C[n+]3cccc4c(O)cccc43)CSC12)c1csc(N)n1,5.058893689053568
CCN(CC)c1cccc(OCc2cc(=O)oc3ccc4ccccc4c23)c1,-3.643856189774725
CC1CN(c2c(F)c(N)c3c(=O)c(C(=O)O)cn(C4CC4)c3c2F)CCN1C,7.310432456049533
CC[n+]1ccc(SCC2=C(C(=O)O)N3C(=O)C(NC(=O)Cc4ccccc4)C3SC2)cc1,-3.0
O=C(CN1C(=O)SC(=Cc2sc(Cl)nc2Cl)C1=O)c1ccc([N+](=O)[O-])cc1,-4.643856189774724
COc1ccccc1Nc1c2ccccc2[n+](C)c2c1[nH]c1ccccc12,-3.0
Cc1ccc(S(=O)(=O)N2CCN(c3ccc(C=C4C(=O)Nc5ccccc54)cc3)CC2)cc1,-4.643856189774724
CSC(Cn1nnc2cc(C#Cc3ccc(N4CC(O)C(O)C4)cc3)ccc21)N(O)C=O,1.0
CC1OC(OC(=O)c2ccc(O)cc2)C(O)C(O)C1O,-4.643856189774724
CC(O)C1C(=O)N2C(C(=O)[O-])=C3COCCC3C12,1.0
O=C(C=Cc1c[nH]c2ccccc12)c1ccsc1,-4.906890595608519
Cc1cc(=O)oc2cc(OCC3CO3)ccc12,1.0
CC12CCC(O1)C1C=CC(OC(=O)c3ccccc3)C12,-5.0
O=C(O)c1cn(C2CC2)c2c(F)c(N3CCC(=NO)C3)c(F)cc2c1=O,5.643856189774724
Cc1[nH]c(C(=O)NC2CCN(c3ncc(C(=O)O)s3)CC2)c(Cl)c1Cl,2.1844245711374275
CCCC#CC#CC=C=CCCCCCCCC(=O)O,-3.643856189774725
Brc1ccc2[nH]c(C=Cc3ccc4c(c3)OCO4)nc2c1,-4.965784284662087
C=C1CC23C=C(Sc4ccccc4C)C(=O)C(C)(CCC(=O)Nc4c(O)ccc(C(=O)O)c4O)C2CC1CC3,-5.0
CC1(COC(=O)Cc2ccc(O)c(O)c2)C(C(=O)O)N2C(=O)C(=Cc3ccc(F)cn3)C2S1(=O)=O,-1.0
COc1cc(C)c2nccc(CCC34CCC(NCc5ccc6c(n5)NC(=O)CO6)(CC3)CO4)c2n1,-3.0
CC(=O)c1c2c(c3ccccc3c1O)OC(C)(c1ccccc1)C2,-1.0
CC1(C)CCc2c(C(=O)N3CCOCC3)cc3c(OCCSc4ccc([N+](=O)[O-])cc4)cccc3c2O1,5.965784284662087
CCCCN(CCCC)CCCNCCCOc1c(C(C)=O)ccc2c1C=CC(C)(CCC=C(C)C)O2,-2.0
CCN1CCN(C(=O)NCCOc2ccc3sc(CNc4nncc(-c5c(C)cccc5O)n4)nc3c2)C(=O)C1=O,-3.0
O=C1CSC(c2cccc3ccccc23)N1c1nnc2c3cc(Cl)ccc3nc-2s1,-4.906890595608519
CN1CCn2cc(C=C3C(=O)N4C(C(=O)[O-])=CSC34)nc2C1,-4.0
COc1ccc(OC)c(C=NNC(=O)c2cc(Cl)c(Cl)[nH]2)c1,-1.6438561897747246
CN1CCN(c2c(F)cc3c(=O)c(C(=O)O)c4scc5n4c3c2SC5)CC1,2.321928094887362
CCc1c(-c2ccc(C)cc2)[nH]c(=O)c(C(=O)O)c1O,0.3584539709124763
COc1ccc2ccc(=O)n(CC(O)C3CCC(NCc4cc5c(nn4)OCCS5)CO3)c2n1,-3.0
CCOc1ccc2c(c1)cc(C(OC(C)=O)P(=O)(OCC)OCC)c1nnnn12,-3.321928094887362
Cc1cc(F)ccc1-n1cc(C(=O)O)c(=O)c2cc(F)c(N3CC(C)NC(C)C3)cc21,1.3219280948873622
CC1C(NC(=O)C(=NOCC(=O)N2CCC(C(=O)O)C2)c2csc(N)n2)C(=O)N1S(=O)(=O)O,-0.0
CON=C(C(=O)NC1C(=O)N2C(C(=O)O)=C(S(C)(=O)=O)CCC12)c1csc(N)n1,2.0
O=[N+]([O-])c1ccc2nc(-c3ccccc3)oc2c1,-4.643856189774724
Nc1ccc2oc(Cc3ccc(F)cc3)nc2c1,-4.643856189774724
Cc1cc(NCC(N)c2cccs2)n2nc(NC(CC#N)c3cccc(Cl)c3)nc2n1,2.0
CC(C)c1ccc2c(c1)CCC1C(CN)(Cc3ccc(Cl)cc3)CCCC21C,3.0
CCCCC(CN(O)C=O)C(=O)N1CCCC1c1nnc(-c2ccc(F)cc2C(F)(F)F)s1,-4.0
CCOC(=O)C1(C)C(C)NC(=S)N(C)C1c1ccc(Cl)cc1,-4.0
CCNc1cc(F)cc2c1[nH]c1ncc(-c3cncc(C#N)c3)c(-n3ccc(C(C)(C)C)n3)c12,2.0
CCCCN(Cc1c2ccccc2c(Cl)c2ccccc12)C(=O)C(N)CCCCN,-2.263034405833794
CN(C)C1=NC(c2ccc3cc(OCc4ccccc4F)ccc3c2)N=C(N)N1,-2.0
Cc1ccc(S(=O)(=O)NC(=O)Nc2ccccc2C(=O)C=Cc2cccc(Br)c2)cc1,-4.0
COc1c(N2CC3CCCN(Cc4ccc([N+](=O)[O-])cc4)C3C2)c(F)cc2c(=O)c(C(=O)O)cn(C3CC3)c12,-1.2570106182060239
CCCCCCc1ccc(O)cc1OCCCCCCCCCCC(=O)NCCO,-2.0
O=C1C(=C(O)c2ccc(O)cc2)C(=O)N(c2ccc(Cl)cc2)N1c1ccc(Cl)cc1,-2.0
CON=C1CCN(c2c(F)cc3c(=O)c(C(=O)O)cn(C4CC4)c3c2OC)CC1NC(=O)C(C)N,-2.0
O=C(O)c1cn(C2CC2)c2c(F)c(N3CCNCC(F)C3)c(F)cc2c1=O,5.058893689053568
COc1ccc2c(c1)C(=C1SC(=Nc3nc(C)c(C(C)=O)s3)NC1=O)C(=O)N2,-0.963474123974886
CCCn1c(CN2CCN(c3cc4c(cc3F)c(=O)c(C(=O)O)cn4CC)CC2)nc2ccccc21,-5.0
Cc1cc(-c2ccc(Cl)cc2)n2nc(-n3nc(C)cc3-c3ccc(Cl)cc3)cc2n1,-4.643856189774724
C=CC1(C)CC(OC(=O)CSC(C)(C)CNC(=O)c2ccccc2OC)C2(C)C(C)CCC3(CCC(=O)C32)C(C)C1O,-2.0
C=CCc1cccc(Oc2ccc(C(=O)CC)cc2)c1OCCCCSC(=N)N,-5.0
Cc1ccc2[nH]c3c(c2c1)CCc1c-3nc(N)c(C#N)c1-c1cccs1,-4.643856189774724
CSc1ccc(C2CC(c3ccc(Cl)cc3Cl)=NN2c2nc(-c3ccc([N+](=O)[O-])cc3)cs2)cc1,-2.643856189774725
N#Cc1ccc2[nH]cc(CN3CCN(Cc4ccc(Cl)cc4Cl)CC3)c2c1,-5.0
Cn1nnnc1SCC1=C(C(=O)[O-])N2C(=O)C(NC(=O)C(NC(=O)C3OC3C(=O)[O-])c3ccccc3)C2SC1,0.3219280948873623
CC(C)(C)n1cc(C(=O)O)c(=O)c2cc(F)c(N3CCC(N)C3)nc21,6.058893689053568
CON=C(C(=O)NC1C(=O)N2C(C(=O)O)=C(C=CCNC(=O)c3cccnc3)CSC12)c1csc(N)n1,2.0
NC(=O)NN=Cc1ccc([N+](=O)[O-])o1,2.0
CCN(c1cccc(OC)c1)S(=O)(=O)c1ccc([N+](=O)[O-])cc1[N+](=O)[O-],-5.0
CCOC(=O)c1cn(C2CC2)c2cc(C(C#N)C(=O)OCC)c(F)cc2c1=O,-5.0
Cc1c(F)c(N2CCC(N)C2)nc2c1c(=O)c(C(=O)O)cn2C(C)(C)C,7.965784284662087
COc1cc(NS(=O)(=O)c2ccc(NC(=S)Nc3cnccn3)cc2)nc(OC)n1,1.0291463456595165
CCOC(=O)C[n+]1cccc(C(=O)c2ncn3cc(C4=C(C(=O)[O-])N5C(=O)C(C(C)O)C5C4C)sc23)c1,5.011587974275212
Fc1cccc(CCN2COc3c(cc(F)c4cccnc34)C2)c1,-1.6438561897747246
CCc1c(-c2ccc(N3CCC(NC)C3)cc2)[nH]c(=O)c2c(=O)[nH]sc12,9.965784284662087
CC(C)=CCc1c(OCCCC(F)(F)F)cc(C=Cc2ccc(F)cc2)c(C(=O)O)c1O,-5.0
CC(CC1CN(c2ccc(-c3ccccc3)cn2)C(=O)O1)(C(=O)NO)S(C)(=O)=O,-1.0
N=c1c(Cc2ccc(Cl)c(Cl)c2)c[nH]c(=O)n1-c1ccc(Cl)cc1Cl,-1.6415460290875237
CC(=O)NCCSC1=C(C(=O)O)N2C(=O)C(C(C)O)C2C1,2.321928094887362
COC(=O)C1OC(COS(=O)(=O)c2ccc(C)cc2)C1SC1=C(C(=O)[O-])N2C(=O)C(C(C)O)C2C1C,-1.0
COC1CN(c2nc(C(=O)NCCN3CCCC3=O)c(C(=O)O)s2)CCC1NC(=O)c1[nH]c(C)c(Cl)c1Cl,0.4941090702700427
Nc1nc(C(=NO)C(=O)NC2C(=O)N3C(C(=O)O)=C(C=C4CCN(CC(=O)O)C4=O)CSC23)cs1,3.0588936890535687
CC1CN(c2cc3c(cc2F)c(=O)c(C(=O)O)cn3-c2ccc(F)cc2F)CC(C)N1,1.3219280948873622
Cc1ccc2[nH]c(C)c(CC(=O)O)c(=O)c2c1,-3.1651079851445365
NCCC(=O)Nc1ccc(-c2cn(CC3CCC4CN3C(=O)N4OS(=O)(=O)O)nn2)cc1,5.058893689053568
CCCCCCCCCCCC(=O)NCCCCN,-5.0
CCOC(=O)C1(C(C)=O)C(c2ccc(N(C)C)cc2)N1c1ccc(N=Nc2ccccc2)cc1,13.440517192960055
CCON=C1CCN(c2c(F)cc3c(=O)c(C(=O)O)cn(CC)c3c2F)CC1(C)CN,-4.0
CCNC(=O)Nc1cc2c(-c3ccncc3)ccc(C)c2cn1,-1.0
CCCNS(=O)(=O)c1ccc(Oc2ccc(CC)cc2O)c(F)c1,-2.0
CC(C)CCCC(C)C1CCC2C3CC=C4CC(NCCCN)CCC4(C)C3CCC12C,-2.643856189774725
CC(=O)NCCc1c(CC2c3ccccc3C3(O)CCN(C(C)=O)C23O)[nH]c2ccccc12,-3.700439718141092
CCCCC(=O)OC1CC2C3(C)CCCC(C)(CC)C3CCC2(C)C2CC=C(C=O)C12C,-3.0
COc1ccc(C=Nn2c(Cc3ccc(SC)cc3)nn(CN3CCOCC3)c2=S)cc1,-4.643856189774724
O=c1[nH]c(=O)n(Cc2nc3ccccc3n2Cc2cccc(F)c2)cc1F,-1.0
CN(C)c1ccc(C=Nn2c(-c3ccccc3)nc3c(Br)cc(Br)cc3c2=O)cc1,-4.862947248020921
CCCCCCC1CC(O)c2ccc(O)cc2O1,-1.6461626571578936
NC(CCC(=O)n1c(-c2ccc([N+](=O)[O-])cc2)nc2ccccc2c1=O)C(=O)O,-4.643856189774724
CC(C)(O)C#CC#Cc1cc2n(c1)C(=O)N(CCC(C)(C(=O)NO)S(C)(=O)=O)C2,1.0
CC(O)C(NC(=O)N1CCN(c2ccc(C#Cc3ccc(N4CCNCC4)cc3)cc2)CC1)C(=O)NO,1.3219280948873622
CN1C=C2CC3C(CC(CNS(=O)(=O)CCc4ccccc4)CN3C)C3C=CC=C1C23,-5.0
CCNc1cc(F)cc2c1[nH]c1ncc(-c3cncc(C#N)c3)c(-n3nc(C(F)(F)F)cc3C)c12,-3.0
Nc1ccc(-c2nnc(-c3cn(C4CC4)c4cc(C(=O)c5ncc[nH]5)c(F)cc4c3=O)o2)c(O)c1,2.321928094887362
CC(C)Cc1ccc(C(C)c2nn(CN3CCN(C)CC3)c(=S)o2)cc1,-3.643856189774725
COc1ccc(Nc2c3ccccc3[n+](C)c3c2oc2ccccc23)cc1,-3.0
CC1(C)SC2C(N3C(=O)C(c4ccccc4)NC3(C)C)C(=O)N2C1C(=O)O,-0.0
O=c1[nH]c2c(c(=O)[nH]1)C(c1ccccc1)c1c(-c3ccccc3)nn(-c3ccc([N+](=O)[O-])cc3)c1N2,-2.0
CC=CC=CC(=O)NC(CC(=O)NC(C(=O)C1C(=O)N(NC)C(=O)C1C)C(C)C)c1ccccc1,-3.0
CCCCC(CN(O)C=O)C(=O)N1CCCC1c1nnc(-c2ccccc2OC)s1,-4.0
Cc1ccc2c(ccn2-c2ccnc(NS(=O)(=O)c3ccc(N)cc3)n2)c1,-3.0
CC1(C)SC2C(NC(=O)C(C(=O)O)c3ccccc3)C(=O)N2C1C(=O)O,-0.0
Cc1ccc(C)n1-c1ccccc1NC(=S)Nc1ccccc1,2.321928094887362
O=C(NCCNc1ccnc2c(F)cc(F)cc12)Nc1ccccc1F,-3.9068905956085187
c1cc2cc(-c3ccc(-c4cn5cc(C6=NCCCN6)ccc5n4)cc3)[nH]c2cc1C1=NCCCN1,1.6896598793878495
CC(C)(C)OC(=O)N1CCC2C1C(=O)N2OCC(=O)OCc1ccccc1,-4.0
CN(C)CC1CN(c2c(F)c(N)c3c(=O)c(C(=O)O)cn(C4CC4)c3c2F)CCN1,3.321928094887362
CCCCCCC#Cc1ccc(-n2ncc(C(C)=NNC(=N)N)c2C)cc1,-3.0
FC(F)(F)c1ccc(CN2COc3c(cc(Cl)c4cccnc34)C2)cc1,-4.643856189774724
CC(=O)N(O)CCON=C(C(=O)NC1C(=O)N2C(C(=O)[O-])=C(C[n+]3ccccc3)CSC12)c1csc(N)n1,2.358453970912476
CCOC(=O)c1cn(Cc2ccccn2)c2cc(F)c(F)cc2c1=O,-1.0
Cc1c(Br)cccc1N1CC(c2nc3ccccc3n2C(C)C)CC1=O,-5.0
CC1(C)SC2C(NC(=O)C(N)c3ccc4c(c3)CCO4)C(=O)N2C1C(=O)O,-4.643856189774724
N#Cc1cccc(C(=O)OCc2csc(N)n2)n1,-3.643856189774725
CN1C(=O)COc2ccc(CNC3CCN(CCn4c(=O)ccc5ccc(C#N)cc54)CC3)cc21,-4.0
CC(c1ccccc1)n1cc(C(=O)O)c(=O)c2cc(F)c(N3CCNCC3)cc21,-1.0
CCOC(=O)NCC1CN(c2ccc(-c3nnc4ncccn34)cc2)C(=O)O1,-4.0
CC(=O)N1N=C(c2nc(C(C)C)cs2)OC1(C)c1ccc(Cl)cc1,-3.0
Nc1ccc(CC(=O)NC2C(=O)N3C(C(=O)O)=C(Cl)CSC23)cc1,-4.0
N=C(N)NCCCCCCCCNC(=N)N,-3.0
O=c1cc(OCc2nnc(-c3ccc(F)cc3)[nH]2)c2ccccc2o1,-3.643856189774725
Cn1nnnc1SCC1=C(C(=O)O)N2C(=O)C(NC(=O)C(N)c3ccc4c(c3)OCO4)C2SC1,-1.632268215499513
CCn1cc(C(=O)O)c(=O)c2c(O)c(F)c(N3CCC(N)C3)c(F)c21,2.321928094887362
CC(C)(OCc1ccccc1)c1nc2nc(N)c(C(N)=O)cc2cc1Br,-3.0
CCn1cc(C(=O)O)c(=O)c2cc(F)c(N3CCN(CC(=NNC(N)=O)c4ccc([N+](=O)[O-])cc4)CC3)cc21,-2.643856189774725
O=C1CSC(c2cc3ccccc3nc2Cl)N1c1ccc(F)cc1,-4.643856189774724
Nc1c(F)c(N2CCC(N)C2)c(F)c2c1c(=O)c(C(=O)O)cn2C1CC1,8.380821783940931
CC(C)N1CCN(c2c(-c3nnc(S)n3-c3ccccc3)cnc3c(C(F)(F)F)cccc23)CC1,-2.643856189774725
CNS(=O)(=O)NCC(=NOC)C1CC(SC2=C(C(=O)O)N3C(=O)C(C(C)O)C3C2C)CN1,6.265344566520995
Cc1cc(NC(=O)CN2CCN(C)CC2)c2cc(NC(=O)Nc3ccc(Cl)c(C(F)(F)F)c3)ccc2n1,-0.6415460290875237
O=C(O)c1cn(C2CC2)c2cc(N3CCN(CC(P(=O)(O)O)P(=O)(O)O)CC3)c(F)cc2c1=O,0.3584539709124763
Cc1ccc(N(CCCCCC2CCCCC2)c2ccc[n+](C)c2)cc1,-4.321928094887363
CCCCCCCCn1cc(C(=O)O)c(=O)c2cc(F)c(C(C#N)C(=O)OCC)cc21,1.0
Cc1nc2c(c(=O)[nH]1)c1nnc(C)c(=O)n1n2-c1nnc(-c2ccccc2)c(-c2ccccc2)n1,-3.643856189774725
Cc1c(N2CCc3ccccc3C2)c(F)cc2c(=O)c(C(=O)O)cn(C3CC3)c12,5.058893689053568
O=C(Nc1cc(Cl)ccc1C(=O)O)c1cccc(Oc2ccccc2)c1,-1.584962500721156
CN(C)C1C(O)=C(C(N)=O)C(=O)C2(O)C(O)=C3C(=O)c4c(cc5ccc(CN6CC(O)C6)cc5c4O)CC3CC12,-0.0
C1#CCOc2cccc(c2)OCC#CC=C1,-2.0
O=C1Nc2ccc(Cl)cc2C1=NN1C(=O)CSC1c1ccc(Cl)cc1,-3.228049047884462
N#Cc1ccc(C=Cc2nc3ccccc3c(=O)n2-c2cccc(CC(=O)O)c2)cc1,-4.0
NCC1OC(OC2C(N)CC(N)C(OC3OC(CO)C(O)C(N)C3O)C2O)C(N)C(O)C1NC(=O)C1CCCCC1,-1.0
Cc1nccn1CC(=O)NC1CCN(c2c(F)cc3c(=O)c(C(=O)O)cn(C4CC4)c3c2Cl)C1,-4.0
CCn1cc(C(=O)O)c(=O)c2cc(F)c(N3CCN(Cc4oc(CCl)cc(=O)c4O)CC3)cc21,1.3584539709124763
C(#Cc1ccc(-n2cc[n+](Cc3ccccc3)c2)cc1)c1ccc(-n2cc[n+](Cc3ccccc3)c2)cc1,-1.0
CON=C(C(=O)NC1C(=O)N2C(C(=O)[O-])=C([n+]3cccc4c3CCCC4)CCC12)c1csc(N)n1,3.0
CSCCC(NC(=O)c1cccc(Br)c1)C(=O)SCC(=O)O,-2.0
CC1CN(c2c(F)cc3c(=O)c(C(=O)O)cn4c3c2OCC4C)CC1CNC1CC1,5.965784284662087
CN(C)c1ccc(-c2ccc3cc4c(c(O)c3c2)C(=O)C2=C(O)C3(O)C(=O)C(C(N)=O)=C(O)C(N(C)C)C3CC2C4)cc1,-5.0
O=C(O)c1cn(C2CC2)c2c(F)c(N3CC(N4CCCC4)C3)c(F)cc2c1=O,4.058893689053568
O=Cc1cn(-c2ccccc2)nc1-c1cc(Cl)ccc1OCc1cn(Cc2ccccc2)nn1,-2.4594316186372973
CN(C)Cc1cc2cc(-c3[nH]c(=O)c(C(=O)O)c(O)c3C3CC3)ccc2n1C,-1.632268215499513
CCCCCCCCCC(=O)NC(CCCCN)CN1CC(=O)N(C23CC4CC(CC(C4)C2)C3)C1=O,-2.643856189774725
CCc1c(-c2ccc(N3CCC(C4(N)CCC4)C3)cc2)[nH]c(=O)c(C(=O)O)c1O,2.395928676331139
O=C1OCC(OCCN2CCN(c3cc4c(cc3F)c(=O)c(C(=O)O)cn4C3CC3)CC2)=C1c1ccccc1F,3.1844245711374275
CSc1c(F)c(N2CCN(C)CC2)c(F)c2c1c(=O)c(C(=O)O)cn2C1CC1,2.321928094887362
CCOC(=O)C1(C)C(C)NC(=O)N(C)C1c1ccc(Cl)cc1,-5.0
Nc1nc(COC(=O)c2ccc3ccccc3c2)cs1,-2.643856189774725
N#Cc1ccc(Nc2nc(Nc3cc[nH]n3)nc(Nc3cc[nH]n3)n2)cn1,-2.643856189774725
CC(C)(ON=C(C(=O)NC1C(=O)N(S(=O)(=O)O)C1CF)c1csc(N)n1)C(=O)O,4.058893689053568
CCOC(=O)c1cnn(-c2ccc(Cl)cc2Cl)c1-c1ccccc1,-0.6897464384935557
COc1ccc(C2c3c([nH]c(=O)[nH]c3=O)Oc3ncn(-c4cc(C)ccn4)c(=N)c32)cc1,0.3566055465201077
CC(=O)OCn1nnn(-c2ccccc2)c1=S,-3.7949356628035362
CC(O)C1C(=O)N2C(C(=O)[O-])=C(C=Cc3cc[n+](C)cc3)C(C)C12,1.3219280948873622
O=C(NN=Cc1ccc(F)c([N+](=O)[O-])c1)c1ccc2c(c1)OCCCO2,-3.643856189774725
COc1c(N2CCc3sc(C=O)cc3C2)c(F)cc2c(=O)c(C(=O)O)cn(C3CC3)c12,2.0
Cc1nc2ccccc2n1C(=O)C=Cc1ccc(Cl)cc1Cl,-5.0
Nn1c(Sc2ccc([N+](=O)[O-])cc2[N+](=O)[O-])nnc1-c1ccccc1,-3.9068905956085187
Nc1nc(N)c2cc(Sc3ccccc3)ccc2n1,2.0
NCC(NC(=O)c1cccc(-c2cccs2)c1)c1ccc(O)cc1,-3.0
COc1ccc(C=CC(=O)c2ccsc2)cc1,-4.321928094887363
COc1ccc(C2CN(c3c(F)cc4c(=O)c(C(=O)O)cn(C5CC5)c4c3F)CC2N)cc1,3.321928094887362
CC(O)C1C(=O)N2C(C(=O)O)=C(SC3CNC(Cc4n(C)nc[n+]4C)C3)C(C)C12,2.321928094887362
O=Nc1c(-c2ccccc2)nc2sc(Cc3noc4ccccc34)nn12,-1.584962500721156
COc1ccc2nccc(NC(=O)C3CCC(NCc4cc5c(cn4)OCCO5)CO3)c2n1,6.965784284662087
CN(C)C(=N)c1ccc2cc(-c3cnc(-c4cc5ccc(C(=N)N(C)C)cc5[nH]4)s3)[nH]c2c1,-1.0
CCCCC#Cc1ccc(-n2ncc(C(C)=NNC3=NCCN3)c2C)cc1,-2.0
CCn1cc(C(=O)O)c(=O)c2cc(F)c(N3CCC(N4CCCC4)CC3)cc21,-2.9068905956085187
CCNC(=O)Cn1nc(C(F)(F)F)c2c(-c3ccccc3)c3ccccc3nc21,-2.963474123974886
Cc1ccc(-c2nn(-c3ccccc3)cc2C2NC(C(=O)O)CS2)cc1,-4.643856189774724
CCCCc1ccc(NC(=O)NCCc2c[nH]c3ccc(Br)cc23)cc1,-0.0
NC(=O)c1cc([N+](=O)[O-])c2c(c1)nc(NCc1ccccc1Cl)n2CC1CCCCCC1O,2.321928094887362
CCOC(=O)C(C#N)c1cc2c(cc1F)c(=O)c(C(=O)O)cn2CC=C(C)C,-0.0
CC(C)c1cccc(-c2ccc(C(=O)Nc3ccccc3C(=O)O)cc2Oc2ccccc2)c1,-1.4854268271702418
CC(C)CCOc1ccccc1-c1ccccc1OCc1cn(C(CCCNC(=N)N)C(=O)NCC2CCCCC2)nn1,-5.0
O=C(CSC1=CC(=O)c2ccccc2C1=O)Nc1ccc([N+](=O)[O-])cc1,-2.643856189774725
CC(=O)N1CCN(c2ccc(N3CC(Cn4ccnn4)OC3=O)cc2F)CC1,-3.0
Cc1[nH]c(C(=O)Nc2nc3c(OC(CN4CCOCC4)c4ccccc4)cc(C(=O)O)cc3s2)cc1F,3.0
CCN=c1cc2oc3cc(NCC)c(C)cc3c(-c3ccccc3C(=O)OCC)c-2cc1C,-1.6438561897747246
NC1COC1COc1ccc2ncc(F)c(CCC34CCC(NCc5ccc6c(n5)NC(=O)CO6)(CC3)CO4)c2n1,-2.0
Cc1ccc2[nH]c3c(c2c1)CCc1c-3nc(N)c(C#N)c1-c1cc2ccccc2nc1Cl,-4.643856189774724
COc1nc2n[nH]c(N)c2c(-c2ccccc2)c1C#N,-5.0
O=C1C(Cl)C2(C(=O)Nc3ccccc32)N1c1ccccc1[N+](=O)[O-],-3.643856189774725
CCCC1=C(C(=O)OC)C(=O)C(C)(C=CC=CC(C)O)O1,-1.5360529002402097
N#Cc1ccc(-c2ccc(-c3cccs3)o2)nc1,-3.321928094887362
OB(O)c1ccc(Cn2cc(-c3cccnc3)nn2)cc1,5.058893689053568
COc1cc(O)ccc1-c1nnc2cc(C)nc(C)n12,-2.0
CC1(N)CN(c2nc3c(cc2F)c(=O)c(C(=O)O)cn3CCF)C1,4.058893689053568
CC(C)c1csc(-c2nnc(S(=O)(=O)Cc3ccccc3C(F)(F)F)o2)n1,-3.0
CC(O)C1C(=O)N2C(C(=O)[O-])=C(C[n+]3cccc(N)c3)C(C)C12,2.321928094887362
Nc1nc(C(=NOCC(=O)O)C(=O)NC2C(=O)N3C2SCC2CC(=O)OC23C(=O)O)c(Cl)s1,-0.0
COc1c(N2CCC(CN)C2)c(F)cc2c(=O)c3c(=O)[nH]sc3n(C3CC3)c12,7.965784284662087
CC(C)CCOc1ccccc1-c1ccccc1OCc1cn(C(CCCNC(=N)N)C(=O)Nc2ccccc2)nn1,-5.0
CN(c1cccc(C(=O)NCCN)c1)S(=O)(=O)c1cc(C(C)(C)C)cc(C(C)(C)C)c1,-4.0
O=c1c2nc([N+](=O)[O-])cn2ccn1C1CCCCC1,-5.0
Cc1c(N2CC3NCCOC3C2)c(F)cn2c(=O)c(C(=O)O)cc(C3CC3)c12,0.3584539709124763
Cc1ccc(CSc2nnc(CSc3nc4nc(C)cc(C)n4n3)s2)c([N+](=O)[O-])c1,-3.643856189774725
COc1ccc2nccc(CCN3CCC(NCc4ccc(Br)c(F)c4)CC3)c2n1,5.011587974275212
CC(=O)OCC1=C(C(=O)[O-])N2C(=O)C(NC(=O)CS(=O)(=O)CC(F)(F)F)C2SC1,-4.643856189774724
Cc1ccc(-c2cc(-c3ccc(Nc4cc(=O)oc5ccccc45)cc3)nc(N)c2C#N)cc1,-4.643856189774724
Cc1c(Cl)cccc1N1CC(c2nc3ccccc3n2C)CC1=O,-5.0
CC(O)C1C(=O)N2C(C(=O)O)=C(SC3CNC(CN4CC(C)(C)NS4(=O)=O)C3)C(C)C12,4.351074440546879
COC1CCC2C(=C(C(=O)O)N3C(=O)C(C(C)O)C23)C1,1.0
COc1cccc(SC2=C(Cl)C(=O)c3ccccc3C2=O)c1,-3.643856189774725
COc1ccc(C2NC(=O)c3c(C)cc(C)nc3N2)cc1OC,-2.643856189774725
Nc1ncc(Cn2cc(CN3CCN(c4nc5c(cc4F)c(=O)c(C(=O)O)cn5C4CC4)CC3)nn2)c(N)n1,-2.0
CC(C)C(=O)N1CCN(c2ccc(N3CC(Cn4ccnn4)OC3=O)cc2F)CC1,-3.0
COc1ccc(NC(=O)Cn2nc(C)c3c(C)c4ccccc4nc32)cc1,-2.963474123974886
Cc1cc(-c2cc3c(cc2F)c(=O)c(C(=O)O)cn3C2CC2)c(C)c(C)n1,3.0
CON=C(C(=O)NC1C(=O)N2C(C(=O)[O-])=C(C[n+]3cc(C)cc(C)c3)CSC12)c1csc(N)n1,4.058893689053568
O=c1ccc2ncc(F)c3c2n1CC3(O)CC12CCC(NCc3ccc4c(n3)OCCO4)(CC1)CO2,-5.0
O=C(Cn1cncn1)NC1CCN(c2c(F)cc3c(=O)c(C(=O)O)cn(C4CC4)c3c2Cl)C1,-4.0
O=C(CC1SC(=O)NC1=O)Nc1nnc(-c2ccc(Br)cc2)s1,-5.0
Nc1cc2c(=O)c(C(=O)O)cn(C3CC3)c2cc1N1CCNCC1,5.058893689053568
COc1ccc(Br)c(C(=O)NN2C(=O)CSC2c2ccccc2Cl)c1,-3.643856189774725
Cn1cc(CN2CCN(Cc3ccc(Cl)cc3Cl)CC2)c2cc(Cl)ccc21,-4.0
CC(O)C1C(=O)N2C(C(=O)O)=C(SCc3nccn3C)C(C)C12,6.965784284662087
CC(O)C1C(=O)N2C(C(=O)[O-])=C(C(O)C3CCCC3)C(C)C12,2.358453970912476
CCn1cc(C(=O)O)c(=O)c2cc(F)c(N)nc21,-0.6415460290875237
CC(Cl)OC(=O)ON=C1CC(c2ccccc2)N(C)C(c2ccccc2)C1C,-3.643856189774725
Cc1ccc(C(C)C)c(O)c1,-1.3219280948873624
COc1c(N2CC3C(N)C3C2)c(F)cc2c(=O)c(C(=O)O)cn(-c3ccc(O)cc3)c12,4.321928094887363
CCOc1cc(C=NNC(=O)Cn2nc3c(c2C)N(C)S(=O)(=O)c2ccccc2-3)ccc1O,-3.4594316186372973
COc1ccc(C2=CC(c3oc(CO)cc(=O)c3O)c3ccccc3O2)cc1,-2.963474123974886
Cc1c(C(=O)NN=Cc2cccnc2)nnn1-c1cc(C(F)(F)F)nc2c(C(F)(F)F)cccc12,-2.643856189774725
CCC(O)C#CC#CC=C=CCCCCC(=O)O,-4.968090752045256
CCn1cc(C(=O)O)c(=O)c2cc(F)c(N3CC4CC3CN4)cc21,0.3584539709124763
N=C(N)c1ccc2[nH]c(-c3ccc(OCc4cn(-c5ccc(Cl)cc5)nn4)cc3)nc2c1,-4.0
Cc1ccc2cccc(NC(=O)c3ccc4c(c3)OCCCO4)c2n1,-3.643856189774725
O=C(Nc1ccc(Cl)c(Cl)c1)Nc1nccs1,1.0
Brc1cc(-c2nnc(Sc3ccccc3)o2)[nH]c1Br,-3.643856189774725
NCC1CN(c2c(F)cc3c(=O)c(C(=O)O)cn(C4CC4)c3c2F)C1,2.0
NC1CCN(c2c(F)cc3c(=O)c(C(=O)O)cn(-c4ccc(F)cc4F)c3c2F)C1,3.321928094887362
COc1ccc2ccc(F)c(CC(N)C3CCC(NCc4ccc5c(n4)NC(=O)CO5)CO3)c2n1,5.058893689053568
C=CCOc1ccc(C=CC(=O)c2ccccc2NC(=O)NS(=O)(=O)c2ccc(C)cc2)cc1,-5.0
O=C(NCc1cn(Cc2ccc(C(F)(F)F)cc2)nn1)c1cnccn1,-3.643856189774725
COC(=O)CSc1c(-c2cccc(Br)c2)nc2ccccc2c1-c1ccccc1,-3.643856189774725
CCNc1cc(F)cc2c1[nH]c1ncc(-c3cnc(OC)nc3)c(-n3cc(CN)c(C(F)(F)F)n3)c12,1.6896598793878495
O=C(O)CCc1cn(CC2CCC3CN2C(=O)N3OS(=O)(=O)[O-])nn1,5.058893689053568
O=C(O)c1cn2c3c(cccc3c1=O)SCC2,-2.643856189774725
COC(=O)CCCCCCCCOC(=O)C=C(C)CC1OCC(CC2OC2C(C)C(C)O)C(O)C1O,4.321928094887363
c1cc(-c2nn[nH]n2)ccc1-c1nn[nH]n1,0.029146345659516508
C=CCON=C(CN1CCN(c2c(F)cc3c(=O)c(C(=O)O)cn(C4CC4)c3c2Cl)CC1)c1nccs1,2.0
O=C1CSC(c2cc3ccccc3nc2S)N1c1ccc([N+](=O)[O-])cc1,-2.643856189774725
COC(=O)c1cccc(-n2[se]c3ccccc3c2=O)c1,-3.0
C=C(C#N)C(O)c1ccccc1Cl,-4.0
COc1ccc(C2=NN(c3nc(-c4ccc(OC)cc4)cs3)C(c3cccs3)C2)cc1,-3.643856189774725
CCC(=O)Oc1cc(C(C)C)ccc1C,-3.548436624696042
Cc1ccc(-n2sc(Cl)cc2=O)cc1,-2.321928094887362
NC(CO)C(O)c1ccc([N+](=O)[O-])cc1,-4.0
COc1cc(Oc2ccc(-c3cc4ccc(C(=N)NC(C)C)cc4[nH]3)cc2)ccc1-c1cc2ccc(C(=N)NC(C)C)cc2[nH]1,-4.0
CN(Cc1ccccc1Cl)c1cnc2nc(N)nc(N)c2n1,-4.643856189774724
O=C(Nc1cccc(Cl)c1)c1cc(Br)cc(Br)c1O,-3.0
O=c1c2ccccc2nc(C=Cc2ccc(C(F)(F)F)cc2)n1-c1cccc(O)c1,-4.0
O=[N+]([O-])c1ccc(S(=O)(=O)n2c(Cl)nc3ccccc32)cc1,2.3562361456626575
O=C(O)c1cn(C2CC2F)c2c(F)c(N3CCNCC3)c(F)cc2c1=O,4.321928094887363
Cc1nc2ccccc2n1C(=O)C=Cc1ccc(F)cc1,-5.0
CCn1cc(C(=O)O)c(=O)c2cc(F)c(N3CC(OC)C3)nc21,-1.6461626571578936
CON=C(C(=O)NC1C(=O)N2C(C(=O)[O-])=C(C[n+]3ccc4sc(C)cc4c3)CSC12)c1csc(N)n1,6.058893689053568
CC(=O)OCC1=C(C(=O)[O-])N2C(=O)C(NC(=O)CS(C)(=O)=O)C2SC1,-3.700439718141092
CC(O)C1C(=O)N2C(C(=O)[O-])=C(C(O)C(C)(C)C)C(C)C12,0.3566055465201077
NCCc1c[nH]c2ccc(OCCCCCCCc3ccccc3)cc12,-0.8479969065549501
COc1ccc2nccc(-n3cc4c(n3)CCC(NC(=O)c3cc5c(cc3C(F)(F)F)SCC(=O)N5)C4)c2c1,-3.0
COC(=O)c1ccc(-c2cn(CC(=O)Nc3c(C(C)C)ccc4c3CCC3C(C)(C(=O)OC)CCCC43C)nn2)cc1,-2.655351828612554
CCCCCCCCn1cc(C=C(C#N)S(=O)(=O)c2ccc(NC(C)=O)cc2)c2ccccc21,-5.0
CCOc1ccc([N+]2=C3CCCCCN3C(O)(c3ccc(-c4ccccc4)cc3)C2)cc1,-5.0
COc1ccc2c3c1OC1CC(OP(=O)(NCCN)N(CCCl)CCCl)C=CC31CCN(C)C2,0.862496476250065
CC(C)Cc1ccc(C(C)c2nn(CN3CCN(c4ccc([N+](=O)[O-])cc4)CC3)c(=S)o2)cc1,-3.643856189774725
Cc1cccc(OCc2ccccc2-c2nnc(-c3cccc4ncccc34)o2)c1,-4.643856189774724
CCn1cc(C(=O)O)c(=O)c2c(N)c(F)c(N3CC(N)C3)c(F)c21,3.0588936890535687
Cc1ncc([N+](=O)[O-])n1CCOC(=O)c1ccccc1OCc1ccc(F)cc1,-4.643856189774724
CCCCC(CN(O)C=O)C(=O)N1CCCC1c1nnc(-c2ccc(C(C)(C)C)cc2)s1,-4.0
Cc1ccc(C2NC(c3ccc(C)cc3)C(C)C(=NOCc3ccccc3)C2C)cc1,-3.643856189774725
O=C(c1ccccc1Cl)c1c(O)n(-c2ccc(Cl)cc2)n(-c2ccc(Cl)cc2)c1=O,-3.0
CC=CC(=O)N1CCN(c2cc3c(cc2F)c(=O)c(C(=O)O)cn3C2CC2)CC1,-0.0
CCOC(Cn1nnc2cc(C#Cc3ccc(CN4CCOCC4)cc3)ccc21)N(O)C=O,-1.0
CON=C(C(=O)NC1C(=O)N2C(C(=O)[O-])=C(C[n+]3ccc4sc(C(=O)O)cc4c3)CSC12)c1csc(N)n1,6.965784284662087
CCCCCCCCCCNC(=N)NCCCCN,3.0
CC(=O)Nc1ccc(S(=O)(=O)Cc2nnc(SCc3ccc(F)cc3F)o2)cc1,-3.0
CNn1cc(C(=O)O)c(=O)c2cc(F)c(N3CCC(O)CC3)cc21,-0.963474123974886
CCNc1cc(F)cc2c1[nH]c1ncc(-c3cncc(C#N)c3)c(-n3nc(C(F)(F)F)c4c3CNC4)c12,-0.0
O=C(O)c1cn(C2CC2)c2cc(N3CCOCC3)c(F)cc2c1=O,2.321928094887362
Cc1cc(Nc2ncc(Cl)c(Nc3cccc4ccccc34)n2)c(OC(C)C)cc1C1CCNCC1,-4.0
NCC(=O)NC1CCN(c2c(F)c(N)c3c(=O)c(C(=O)O)cn(C4CC4)c3c2F)C1,2.321928094887362
OC(Cn1cncn1)(Cn1c2ccc(Br)cc2c2cc(Br)ccc21)c1ccc(F)cc1F,-4.0
C#Cc1cccc(NC(=O)C(N)CC(C)C)c1,-3.4059923596758366
OCCSc1nnc(-c2nnn(-c3ccccc3Cl)c2-c2nnc(SCCO)o2)o1,-2.0
C#CCn1cc(C=C(C#N)C(=O)N2CCN(c3cc4c(cc3F)c(=O)c(C(=O)O)cn4CC)CC2)c2ccccc21,1.0
Cc1ccc(Cn2cc(CSc3nnc(-c4cnccn4)o3)nn2)cc1,-3.643856189774725
Cc1ccc(N(Cc2cccc(Cl)c2)Cc2nc3ccccc3[nH]2)cc1,-5.0
CON=C(C(=O)NC1C(=O)N2C(C(=O)O)=C(C=Cc3csnn3)CSC12)c1csc(N)n1,1.3584539709124763
Oc1cc(Cl)ccc1Oc1cccc(F)n1,2.0
Cc1cc(C)c2c(=O)[nH]c(-c3ccco3)nc2n1,-4.643856189774724
COC(=O)NCC1CN(c2ccc(-c3nnc4ncccn34)cc2)C(=O)O1,-4.0
O=C(CSc1ccc2ccccc2c1)NC1C(=O)N2C(C(=O)O)=C(C=CCNC(=O)c3cccnc3)CSC12,-5.0
CC1CN(c2c(F)c(N)c3c(=O)c(C(=O)O)cn(C4CC4)c3c2Cl)CC(C)N1,4.321928094887363
O=C(c1ccncc1)N(N=Nc1ccc([N+](=O)[O-])cc1Br)c1ccc([N+](=O)[O-])cc1Br,-5.0
COc1ccc(Nc2ncnc3c2C(c2ccc(OC)cc2)c2c(cc(C)oc2=O)O3)cc1,-2.963474123974886
O=C(NNC(=O)c1cc([N+](=O)[O-])c[nH]1)Nc1ccc(Br)cc1,-1.6438561897747246
NC1CCN2c3c(F)cc4c(=O)c(C(=O)O)cn(C5CC5)c4c3CCC12,7.965784284662087
CC(=O)Cn1cc(C=C(C(C)=O)n2cc([N+](=O)[O-])nc2C)c2ccccc21,-3.0
CN1CCN(c2nc3c(-c4ccc(F)cc4F)cc(C(=O)O)c(=O)n3cc2F)CC1,2.321928094887362
COc1ccc(C=NNC(=O)c2cnc3c(C(F)(F)F)cccc3c2O)cc1O,-3.643856189774725
CCOC(=O)c1c(N2CCN(c3ccc(F)cc3)CC2)c2ccccc2n(CC)c1=O,-1.9634741239748859
NC(=O)c1c(Nc2ccccc2)nn2c(-c3ccccc3)ccnc12,-3.9653225483672547
CC(O)C1C(=O)N2C(C(=O)O)=C(SC3CNC(C(=O)N4CC(O)C(O)C4)C3)C(C)C12,3.3510744405468786
CCSc1nnc(-c2ccccc2COc2ccc(C)cc2)o1,-4.643856189774724
O=c1c2[nH]c3ccccc3sc=2c(=O)c2ccccc12,-4.643856189774724
O=Cc1cn(C2CCN(c3nc4c(cc3F)c(=O)c(C(=O)O)cn4C3CC3)CC2)nn1,2.0
CS(=O)(=O)Nc1cccc(-c2nc3ccccc3n2Cc2ccc(Cl)c(Cl)c2)c1,-3.0
CCOC(=O)c1c(-c2ccc(OC)cc2)cc(-c2ccc[nH]2)c([N+](=O)[O-])c1N,-4.321928094887363
COC(=O)Cc1cc(C=NNC(=O)c2cnc3c(C(F)(F)F)cccc3c2O)co1,-1.6415460290875237
BrCCCCCCCCCCOCc1c(-c2ccccc2)nc2sc3ccccc3n12,-4.0
N#Cc1c(NC(=O)c2cc(OCCCNC(=N)N)ccc2Cl)sc2c1CCCC2,-3.0
O=C1CCC(=O)N1CC(=O)N1c2ccccc2Sc2ccc(C(F)(F)F)cc21,-4.321928094887363
Cc1nn(-c2ccccc2)c2c1C(c1ccc(O)cc1)C(C#N)=C(N)O2,-0.6415460290875237
CC(O)C1C(=O)N2C(C(=O)[O-])=C(c3cn4cnc(C(=O)c5ccc[n+](CCS(C)(=O)=O)c5)c4s3)C(C)C12,1.0
CCON=C(N)C1CN(c2nc3c(cc2F)c(=O)c(C(=O)O)cn3-c2ccc(F)cc2F)CC1=NOCC,-4.0
O=C1CSC(c2ccccc2[N+](=O)[O-])N1c1nc(Nc2ccccc2[N+](=O)[O-])nc(Nc2ccccc2[N+](=O)[O-])n1,-0.963474123974886
CCCCCCN=c1ccn(CCCCCCCCCn2ccc(=NCCCCCC)cc2)cc1,-1.0
CN1CCN(c2cc3c(cc2F)c(=O)c(C(=O)O)c2n3CS2)CC1,6.321928094887363
Cn1cc(CN2CCN(Cc3ccc(C(F)(F)F)cc3N3CCCC3)CC2)c2cc(C#N)ccc21,-5.0
CSc1ccc(OCc2nnc3sc(-c4cccc(Cl)c4Cl)nn23)cc1,-2.643856189774725
CNS(=O)(=O)CCNC(=O)C1CC(SC2=C(C(=O)O)N3C(=O)C(C(C)O)C3C2C)CN1,5.321928094887363
CCNC(=O)Nc1cc(-c2nc(C(F)(F)F)cs2)c(-c2cc3ncccc3nc2N2C3CCC2CN(C)C3)cn1,2.8365012677171206
Cc1ccc2c(Cn3nnc(C)c3C(=O)O)cc(=O)oc2c1,2.321928094887362
COc1cc(C)c(-c2cc(O)c(Cl)c3cc4c(c(O)c23)C(=O)c2c(O)cc(OC)cc2C4(C)C)c(OC)c1,-2.643856189774725
CCC(c1oc(CO)cc(=O)c1O)c1c(-c2ccccc2)[nH]c2ccccc12,-3.228818690495881
O=C(CN1C(=O)SC(=Cc2sc(Cl)nc2Cl)C1=O)c1ccc(Cl)cc1,-4.643856189774724
O=C(O)CSC(=O)C(Cc1c[nH]c2ccccc12)NC(=O)Cc1ccccc1,-2.0
CCCCCCC(O)CC=CCCCCCCCC(=O)Nc1ccccc1O,-4.643856189774724
COCCCCn1c(=O)cc(Nc2ccc(C)c(CS)c2)[nH]c1=O,-4.321928094887363
Cc1nc(NNC(=O)C(CC2CCCC2)CN(O)C=O)c(F)c(N2CCN3CCOCC3C2)n1,-0.0
FC(F)(F)c1ccc(C[N+]2=CN3CCCCC3C2)cc1,0.3584539709124763
CC(=O)NC1CN(Cc2ccc3cc4c(c(O)c3c2)C(=O)C2=C(O)C3(O)C(=O)C(C(N)=O)=C(O)C(N(C)C)C3CC2C4)C1,-2.0
NCC1CC(OC2C(N)CC(N)C(OC3OCC(O)C(N)C3O)C2O)C(N)CC1O,-1.0
N#Cc1ccc(Nc2nc(Nc3ccc(F)cc3)nc(Nc3ccc(F)cc3)n2)cn1,-4.643856189774724
CC1(n2cc(C(=O)O)c(=O)c3cc(F)c(N4CCNCC4)cc32)CC1,4.058893689053568
CC1=C(C(=O)OC(C)C)C(c2ccc([N+](=O)[O-])cc2)NC(=O)N1,-3.643856189774725
Cc1cc(-n2nc(N)c(N=Nc3ccc(F)cc3)c2N)nc2ccccc12,-1.0
CC1(C)C2CCC(CC[N+](C)(C)CCC3CCC4CC3C4(C)C)C1C2,0.6780719051126377
Cc1c(N2CCNCC2)c(F)c2c(c1N)c(=O)c(C(=O)O)cn2C1CC1,6.965784284662087
CNC1CCN(c2nc3c(cc2F)c(=O)c(C(=O)O)cn3C2CC2)CC1=NOC,3.0
CN(Cc1cn(-c2ccccc2)nn1)Cc1cc2cc(OCCCC3CCN(Cc4ccccc4)CC3)ccc2n1C,-5.0
Cc1ccc(S(=O)(=O)N2N=Cc3ccccc3B2O)cc1,-4.643856189774724
CC(=O)Nc1ccc(S(=O)(=O)CC(=NOCc2ccc(Cl)cc2Cl)c2nccs2)cc1,-4.0
COc1ccc2nc(C)cc(-n3cc(CN4CCCC4)nn3)c2c1,-3.643856189774725
CC(=O)Oc1c(O)cc(O)cc1CC=C(C)CCC=C(C)CCC=C(C)CCC=C(C)C,-2.643856189774725
Cc1cccc(CSc2nnc(-c3ccccc3COc3cccc(C)c3)o2)c1,-3.643856189774725
O=C(Nc1ccc(C(F)(F)F)cc1C(=O)O)c1ccc(-c2ccccc2)cc1,-1.0
C=C(C)C=Cc1cccc2[nH]cc(C=O)c12,-4.053111336459563
O=C(O)c1cn(CC(O)Cn2cnc([N+](=O)[O-])c2)c2ccc(F)cc2c1=O,-3.0
CCc1ccc(C(c2cccc(-n3cc(-c4cccc(N)c4)nn3)c2)P(=O)(O)O)cc1,-0.0
Cc1nnc(-n2c(C)nn(-c3ccc(Cl)cc3)c2=O)s1,-3.963474123974886
C=CCOc1ccccc1C(Nc1cccc(F)c1)C1CCCCC1=O,-1.6438561897747246
CCNCC1CN(c2c(F)cc3c(=O)c(C(=O)O)cn(C4CC4)c3c2F)CCO1,3.321928094887362
CCCCCCC1CC(=NO)c2c(O)cc(O)cc2O1,-1.6461626571578936
CCn1cc(C(=O)NN)c(=O)c2ccccc21,4.0
CCCCCCCC[N+](C)(C)CC(=O)Nc1ccc(C(=O)C=Cc2ccc(C)cc2)cc1,-0.0
O=C(O)c1c(=O)c2cc(F)c(N3CCOCC3)c3c2n2c(csc12)CO3,1.3584539709124763
CC(C)(C)n1cc(C(=O)O)c(=O)c2cc(F)c(N3CC(F)C(CN)C3)nc21,4.058893689053568
NCCOCCOc1ccc(Cl)cc1C(=O)Nc1ccc([N+](=O)[O-])cc1Cl,-3.9068905956085187
COc1ccc(-c2nc3ccccc3c(=O)n2C(=O)CCC(N)C(=O)O)cc1,-4.321928094887363
COc1ccc(CN2CCN(c3cc4c(cc3F)c(=O)c(C(=O)O)cn4C3CC3)CC2)c(OC)c1OC,1.0
COc1c(N2CC3CCCN(CC(O)Cn4cc([N+](=O)[O-])nc4C)C3C2)c(F)cc2c(=O)c(C(=O)O)cn(C3CC3)c12,-1.0
O=C1c2cccc3c(NN=Cc4ccc(O)c(Br)c4)ccc(c23)C(=O)N1C(CO)CO,-5.0
N#Cc1c(-c2ccc(Cl)cc2)cc(-c2ccc(Nc3cc(=O)oc4ccccc34)cc2)nc1N,-4.643856189774724
CC1C(=NO)CC(c2ccco2)NC1c1ccco1,-3.643856189774725
CCc1cc(Cc2cnc(N)nc2N)cc(CC)c1OC,-1.584962500721156
CC(O)C1C(=O)N2C(C(=O)O)=C(SC3CNC(C(=O)NCCC(N)=O)C3)C(C)C12,5.321928094887363
CCc1[nH]c2nc(Sc3cnc4nccnc4c3)nc(N3CC4C(C3)C4(N)CO)c2c1Cl,1.0
NCCCNCCCCNCCCNC(=O)Cc1cccc2ccccc12,-0.0
CCn1cc(C(=O)O)c(=O)c2cc(F)c(N3CCN(C(=O)C(C#N)=Cc4c[nH]c5ccccc45)CC3)cc21,2.0
Nc1nc(-n2cc(C(=O)O)c(=O)c3cc(F)c(N4CC(N)C4)c(Cl)c32)c(F)cc1F,9.965784284662087
Clc1ccc(Cl)c(Oc2ccccc2NC(=Nc2ccccc2)NCCNc2ccnc3cc(Cl)ccc23)c1,-4.643856189774724
c1cnc2c(c1)ccc1cccnc12,-5.0
CCCCCCCCCCCC[N+](C)(C)CC(=O)Nc1ccc(C(=O)C=Cc2ccccc2F)cc1,-4.0
COc1ccc(C2SCC(=O)N2NC(=O)c2cc(OC)ccc2Br)cc1,-3.643856189774725
O=C(NCCO)c1cccc(-n2c(C=Cc3ccc(F)cc3)nc3ccccc3c2=O)c1,-4.0
CCOC(=O)c1cnn(-c2ccc(Cl)cc2)c1NC(=O)c1cc2cc(Cl)ccc2oc1=O,-2.0
C=CC1(C)CC(OC(=O)CSc2nc(OC(=O)C3CC3)cs2)C2(C)C(C)CCC3(CCC(=O)C32)C(C)C1O,-5.0
Fc1cccc2c1CCC(Cn1ccnc1)C2=NOCc1ccccc1,0.3566055465201077
Nc1ccc2sc(NC(=S)NC(=O)c3ccc([N+](=O)[O-])cc3)nc2c1,-4.643856189774724
COc1ncc2ncc(=O)n(CCN3CCC(NCc4cc5c(cn4)OCCO5)CC3)c2n1,-1.0
O=c1[nH]sc2c1c(=O)c1cc(F)c(-c3ccnc(F)c3)cc1n2C1CC1,4.083141235300245
CCCCCCCCn1c(CCCCCC)cnc1N,-1.0
CN(C)C1C(O)=C(C(N)=O)C(=O)C2(O)C(O)=C3C(=O)c4c(O)c(NS(=O)(=O)c5ccccc5)cc(F)c4CC3CC12,-5.0
CN(C)C(=N)c1ccc2cc(-c3ccc(Oc4ccc(-c5cc6ccc(C(=N)N(C)C)cc6[nH]5)cc4)cc3)[nH]c2c1,-2.0
CCCCCC[n+]1ccc(-c2cc[n+](CC3=C(C(=O)[O-])N4C(=O)C(NC(=O)Cc5ccccc5)C4SC3)cc2)cc1,-4.0
Nc1ccc(NC(=O)CCC(=O)Nc2ccc(N)cc2)cc1,-3.0
CSc1ccc(C=CC(=O)c2nnn(-c3c(C)c(C(F)(F)F)cc(Cl)c3Cl)c2C)cc1,-1.6415460290875237
CC(C)(ON=C(C(=O)NC1CN2CC(C#N)=C(C(=O)O)N2C1=O)c1csc(N)n1)C(=O)O,5.058893689053568
COC(=O)CCCC1C2CCCN3CCCC(CN1C(=O)c1cc4ccc(Cl)cc4n1Cc1ccc(F)cc1)C23,0.6943212567577125
C[n+]1cccc2c1c1cc(Cl)ccc1n2CCCCCC1CCCCC1,-4.321928094887363
Clc1ccc2sc(NCCCNCc3ccc(Cl)c(Cl)c3)nc2c1,-5.0
Oc1cc(CCCn2cncn2)ccc1Oc1cccc(F)n1,-5.0
CCOc1cccc2c1c1ccccc1n2Cc1nnc(S)o1,2.0
COc1ccc(-c2nnc(-c3cc([N+](=O)[O-])cn3C)o2)cc1,-2.643856189774725
CN(CC(=O)O)NC(=O)CC(N)CC(O)CNCCc1ccc(O)c(O)c1,-3.0
CC1CC(=O)c2c(N3CCN4CCC3CC4)c(F)cc3c(=O)c(C(=O)O)cn1c23,2.321928094887362
COc1cc(C)c2ncc(F)c(CCC34CCC(NCc5ccc6c(n5)NC(=O)CO6)(CC3)CO4)c2n1,-2.0
CNC(C)C1CCN(c2nc3c(cc2F)c(=O)c(C(=O)O)cn3-c2ccc(F)cc2F)C1,1.3219280948873622
COc1ccc(-c2nn[se]c2C(c2ccc(Cl)cc2)C2CCCc3[se]nnc32)cc1,-3.643856189774725
COc1cc(C=C2SC(=S)N(C(Cc3c[nH]c4ccccc34)C(=O)O)C2=O)ccc1OCc1ccc(C)cc1,-1.0
Cc1c(F)c(N2CCC(N)C2)cc2c1c(=O)c(C(=O)O)cn2-c1ccc(F)cc1F,4.321928094887363
CCON=C1CN(c2c(F)cc3c(=O)c(C(=O)O)cn(C4CC4)c3c2OC(F)F)CCC1(C)N,-4.0
O=C(O)C(Cc1c[nH]c2ccccc12)N1C(=O)C(=Cc2cccc(OCc3ccc(Cl)cc3Cl)c2)SC1=S,-3.0
Cc1cc(NS(=O)(=O)c2ccc(N)cc2)no1,7.965784284662087
CCOC(=O)C1=C(N)N(c2cccnc2)C2=C(C(=O)CC(C)(C)C2)C1c1c(C)nn(-c2ccccc2)c1Cl,-4.643856189774724
Cc1ccc(C)c(-c2nnc(NC(=O)c3cc(Cl)sc3Cl)o2)c1,3.8365012677171206
CN(C)C1C(O)=C(C(N)=O)C(=O)C2(O)C(O)=C3C(=O)c4c(O)cccc4C(C)(O)C3C(O)C12,3.321928094887362
O=C(O)c1nccn1CCc1ccc([N+](=O)[O-])cc1,2.0
O=C(C1CC1)N(O)CC1CN(c2ccc(N3CCOCC3)c(F)c2)C(=O)O1,-5.0
COc1cccc(C(=O)C=Cc2ccc(C3N=C(N)NC(N(C)C)=N3)cc2)c1,-4.0
O=C1COc2ccc(CNC34CCC(CCc5c(F)cnc6ccc(OCC7(C(=O)O)CC7)nc56)(CC3)OC4)nc2N1,-4.0
O=C(Nc1ccc(-c2nc3ccccc3s2)cc1)c1ccccc1,5.058893689053568
CCN(CC)CCOc1cc(O)c2c(=O)cc(-c3ccc4c(c3)OCCO4)oc2c1,-4.643856189774724
COc1ccc2nc(C)cc(N3CC(CNC(=O)C4CCC4)OC3=O)c2c1,-0.6780719051126377
CNC(=O)C1CN(c2ccc(-n3cc(-c4ccccn4)cn3)c(F)c2)C(=O)O1,-5.0
Fc1ccc(Nc2nc(NCCN3CCOCC3)nc(Nc3ccc(F)c(F)c3)n2)cc1F,-4.0
CC(=O)OCC1=C(C(=O)O)N2C(=O)C(NC(=O)C(NC(=O)CSCC(=O)O)c3ccccc3)C2SC1,-3.643856189774725
C=CCCC=Cc1ccc2oc(=O)c(-c3csc(N4C(=O)c5cccc6cccc(c56)C4=O)n3)cc2c1C=CCCC=C,-4.22881869049588
CCCCCCCCCCCC(=O)NCCC[N+](C)(C)Cc1cnc(C)c2c1COC(C)(CCC)O2,-3.0
O=C1c2cccnc2C(=O)c2c1c(C(=O)OCCCCN1CCCC1)c1ccc(Br)cn21,-0.0
CCNC(=O)Nc1cc(-c2nc(C(F)(F)F)cs2)c(-c2cc(C(=O)O)cnc2N2C3CCC2CN(C)C3)cn1,-0.16349873228287956
O=C(NN=Cc1cn(-c2ccccc2)nc1-c1ccc(Cl)cc1)c1cccc(-n2cc(-c3ccccc3)nn2)c1,-2.0
CC(C)c1ccc2c(c1)CCC1C(CNC(=O)c3ccccn3)(Cc3ccc(C(C)(C)C)cc3)CCCC21C,-3.0
CN(CCO)c1c(Br)c(C(F)(F)F)nc2nc(N)c(C(N)=O)cc12,1.0
CCCCCCN1CC(=O)C(=C(NC2CCCCC2)C2CCCCC2)C1=O,-5.0
CC1CN(CCn2[se]c3ccccc3c2=O)CC(C)O1,-4.0
CNC1CN(c2c(F)cc3c(=O)c(C(=O)O)cn(C4CC4)c3c2F)C1C,4.058893689053568
CC(=O)NCC1CN(c2ccc(NC3CCN(c4cc5c(cc4F)c(=O)c(C(=O)O)cn5C4CC4)C3)c(F)c2)C(=O)O1,1.0
Sc1nnc(-c2ccncc2)n1N=Cc1ccc(Br)cc1,-3.350497247084133
COc1cc(O)c(C(=O)C=Cc2ccc(OCc3cn(-c4ccc(F)cc4Cl)nn3)c(OC)c2)c(OC)c1,-3.643856189774725
CCCCCCCCN(Cc1c2ccccc2c(Cl)c2ccccc12)C(=O)C(N)CCCCN,-1.5360529002402097
CCn1cc(C(=O)O)c(=O)c2cc(F)c(N3CCN(CC(O)Cn4cc([N+](=O)[O-])nc4Cl)C(C)C3)c(F)c21,-2.0
COc1cc(C=CC(=O)c2ccccc2)ccc1OCc1nnc(-c2ccccc2)o1,-3.643856189774725
CCCCCCNC(=O)C[N+](C)(C)CCCCOc1cc(C)ccc1C(C)C,-4.0
COc1ccc(C(=O)NCC2CN(c3cc(C)nc4ccc(OC)cc34)C(=O)O2)cc1,2.321928094887362
C=CCc1cccc(Oc2ccc(C(=O)CC)cc2)c1OCCCC[N+](C)(C)CC(=O)NCCCCC,-5.0
CC(C)(O)CN1CC(C#CC#Cc2cc3n(c2)C(=O)N(CCC(C)(C(=O)NO)S(C)(=O)=O)C3)C1,1.0
CCn1c(=O)n(N)c(=O)c2cc(F)c(N3CCC(N)C3)cc21,-4.0
O=C(NCCc1ccccc1)NNC(=O)c1cc([N+](=O)[O-])c[nH]1,-2.643856189774725
Cn1cc([N+](=O)[O-])cc1C(=O)NNC(=S)Nc1ccc(Cl)cc1,1.3584539709124763
COc1c(N2CCN(C)CC2)c(F)cc2c(=O)c(C(=O)O)cn(C3CC3)c12,4.011587974275212
Cc1cc(CNc2cccc(CN)c2)cc(-c2ccc(C(=O)O)c(O)c2)c1,-2.0
O=[N+]([O-])c1c[nH]c(-c2nnc(-c3ccccc3Br)o2)c1,-0.6415460290875237
Cn1nnc2cc(C=NNc3cc(C(F)(F)F)nc4c(C(F)(F)F)cccc34)ccc21,-2.643856189774725
Cc1c(F)c(N2CCC(N)C2)c(Cl)c2c1c(=O)c(C(=O)O)cn2C1CC1,6.265344566520995
COc1ccc2sc(CNc3nncc(-c4c(C)cc(NCCN(C)C)cc4C)n3)nc2c1,-5.0
CCn1cc(C(=O)O)c(=O)c2cc(F)c(N3CCN(C4SCC(=O)N4c4nc5ccc(F)cc5s4)CC3)cc21,-1.0
CC(=O)OCC1=C(C(=O)[O-])N2C(=O)C(NC(=O)CSCC(F)(F)F)C2SC1,-2.655351828612554
CC(C)C(N)C(=O)NC1CCN(c2nc3c(cc2F)c(=O)c(C(=O)O)cn3C2CC2)C1,1.3219280948873622
CC(=NNC(=N)N)c1sc(-c2ccc(C#CCCN3CCSCC3)cc2)nc1C,-4.0
C#CCON=C(C(=O)NC1C(=O)N2C(C(=O)O)=C(Sc3cc(N)nc(N)n3)CSC12)c1csc(N)n1,2.9434164716336326
CNC1C(O)C(OC2C(O)C(OC3OC(C(C)N)CCC3N)C(N)CC2(N)CO)OCC1(C)O,-1.0
CC(CS)C(=O)NC(Cc1ccccc1)B(O)O,-1.0
COc1ccc(-c2cc(=O)c3cc(CN4CCOCC4)ccc3o2)cc1,-3.321928094887362
O=C(c1cn(-c2ccc(Br)cc2)nn1)c1c(-c2ccc(Cl)cc2)nc2sccn12,-1.9634741239748859
COc1cc(C)nc2c(OC)cc(Cc3cnc(N)nc3N)cc12,-1.584962500721156
Cc1c(N2CCC(C(C)N)C2)c(F)cc2c(Cl)cc(=O)n(C3CC3)c12,4.058893689053568
CC(O)c1nccn1Cc1cc(-c2ccc(C#CC3C4CN(C=O)CC34)cc2)on1,-0.0
CC1(C)SC2C(n3cc(-c4cccs4)nn3)C(=O)N2C1C(=O)O,-3.0
COc1ccc(-c2cccc(Cl)c2-c2cc3cnc(N)nc3nc2N)cn1,5.058893689053568
O=C(Cn1ccn2cc([N+](=O)[O-])nc2c1=O)c1ccccc1,-5.0
CCn1cc(C(=O)O)c(=O)c2cc(Cl)ccc21,-4.321928094887363
Nc1nc(C(=NOCCF)C(=O)NC2C(=O)N3C(C(=O)[O-])=C(Sc4nc5cncnc5s4)CCC23)cs1,2.0
CC1C(=NN=C2NC(=O)CS2)CC(c2ccc(Br)cc2)NC1c1ccc(Br)cc1,-4.0
CN1c2ccc3c(ccc(=O)n3C)c2C=CS1(=O)=O,-3.321928094887362
CC(CCC(=O)O)C1CCC2C3CCC4CC(O)CCC4(C)C3CC(O)C12C,2.0
CC1(CN)CN(c2nc3c(cc2F)c(=O)c(C(=O)O)cn3C2CC2)CC1=NOCF,6.965784284662087
O=C(O)c1ccc(CN2C(=O)SC(=Cc3cccnc3)C2=O)cc1,-5.0
Cn1cc([N+](=O)[O-])cc1-c1nnc(-c2cccc([N+](=O)[O-])c2O)o1,-1.6438561897747246
COC12C(COC(N)=O)C3=C(C(=O)C(C)=C(N)C3=O)N1CC1NC12,-1.9634741239748859
COc1ccc(C(=O)C=Cc2cnc3ccccc3n2)cc1,-4.643856189774724
Cn1nnnc1SCC1=C(C(=O)[O-])N2C(=O)C(NC(=O)CS(=O)(=O)C(F)(F)F)C2SC1,-0.6780719051126377
CSCC(N)C1=C(C(=O)O)N2C(=O)C(C(C)O)C2S1,0.5002178798526883
O=c1cc(-c2ccccc2)oc2cc(OCCN3CCCC3)cc(O)c12,-2.643856189774725
N#Cc1c(NC(=O)c2cccc(OCCNC(=N)N)c2)sc2c1CCCC2,-4.0
CON=C(C(=O)NC1C(=O)N2C(C(=O)[O-])=C(CSc3nnnn3CC(=O)O)CSC12)c1csc(N)n1,3.0
CC1CCCC=CC2OC(CC(O)CC=CC=CC(OC3OC(CO)C(O)C(O)C3O)CC=CC=CC(=O)O1)C2O,5.643856189774724
O=[N+]([O-])c1ccc(-c2nnc3sc(Nc4ccc(F)cc4)nn23)o1,-4.643856189774724
Nc1ccc(C#CC#Cc2ccc(C(=O)NC(Cc3c[nH]c4ccccc34)C(=O)NO)cc2)cc1,4.058893689053568
O=C1CC(CCc2ccccc2)Oc2cc(O)ccc21,-3.643856189774725
COC(=O)c1ccc2c(c1)nnn2-c1ccc(N2CC(CN=C(N)S)OC2=O)cc1F,-4.0
NCC1OC(OC2C(N)CC(N)C(O)C2O)C(N)CC1O,-4.0
FC(F)(F)c1cccc(NCn2nc(-c3ccccc3COc3ccc(Cl)cc3)oc2=S)c1,-2.643856189774725
CC(O)c1nccn1Cc1cc(C#Cc2ccc(OCC(N)(CO)CO)cc2)on1,-4.0
CCCCCCCCCCCCCCCC(=O)NN1C(=O)CSC1c1ccc(OC)cc1,1.5145731728297582
O=c1cc(-c2ccc(O)c(O)c2)oc2cc(O)c(C3OC(CO)C(O)C(O)C3O)c(O)c12,-4.643856189774724
CCN(CC)N(Cn1nc2c(F)cc3c(=O)c(C(=O)O)cn(C4CC4)c3n2c1=O)N(CC)CC,-4.0
O=C(C(=O)N1CCN(c2ccc(N3CC(Cn4ccnn4)OC3=O)cc2F)CC1)c1cccs1,-3.0
O=C(CSc1ccc2ccccc2c1)NC1C(=O)N2C(C(=O)O)=C(C=CCNC(=O)C3CC3)CSC12,-5.0
CCOC(=O)Cc1ccccc1O,-4.643856189774724
COC(=O)C(C)NC(=O)c1cc(=O)n(Cc2cn(C3OC4OC(C)(C)OC4C4OC(C)(C)OCC43)nn2)c2ccccc12,-3.2854022188622483
Cc1ncc([N+](=O)[O-])n1CCCOCc1c(-c2ccccc2)nc2sc3ccccc3n12,-2.0
CN(C)c1ccc(C2CC(c3cc4ccccc4o3)=NN2C(=O)Cn2c3ccccc3c3nc4ccccc4nc32)cc1,-3.7548875021634687
CN1C2CCC1CN(c1cc3c(cc1F)c(=O)c(C(=O)O)cn3CCF)CC2,-0.6415460290875237
CC(O)C1C(=O)N2C(C(=O)O)=C3C(CCCC3N(C)C)C12,-0.0
CNC(=O)CCn1nnnc1SCC1CC(SC2=C(C(=O)O)N3C(=O)C(C(C)O)C3C2C)CN1,5.321928094887363
CCCCCCCCCCCCCCCC(=O)NN1C(=O)CSC1c1ccc(F)cc1,1.5145731728297582
COc1ccc2cc(Cn3cc(-c4ccccc4)nn3)c(Cl)nc2c1,-3.321928094887362
CCn1cc(C(=O)O)c(=O)c2cc(F)c(N3CCN(Cc4nc(C)c5c(c4CO)COC(C)(C)O5)C(C)C3)c(F)c21,-3.0
O=C1COc2ccc(CNC34CCC(CCc5c(F)cnc6ccc(=O)n(CCO)c56)(CC3)OC4)nc2N1,-1.0
CC(=O)OCCn1ccn2cc([N+](=O)[O-])nc2c1=O,-5.0
O=c1ccc2ncc(F)c(CCC34CCC(NCCCc5cc(F)ccc5F)(CC3)CO4)c2n1CCO,-4.0
CCN(CC)[c+]1sc2c(s1)C(c1ccc(I)cc1)Oc1ccccc1-2,-4.9620862498506435
COc1ccc2cc(C(C)C(=O)Nc3ccc(S(=O)(=O)NC(C)=O)cc3)ccc2c1,-1.9634741239748859
O=C1OC(CO)CN1c1ccc(-c2ccccc2F)cc1,-3.0
Cc1cc(N=C2C(=O)N(Cc3ccccc3)c3ccc(OC(F)(F)F)cc32)ccc1N1C(=O)c2ccc(Cl)cc2C1=O,-3.9068905956085187
Cc1[nH]c(C(=O)NC2CCN(c3cc(C(=O)O)cc(Cl)n3)CC2)c(Cl)c1Cl,2.0
CC(CF)(CF)n1cc(C(=O)O)c(=O)c2cc(F)c(N3CCNCC3)cc21,2.9434164716336326
N#Cc1c(N)[n+]([O-])c2ccccc2[n+]1[O-],-4.0
CC[n+]1c(-c2ccccc2)c2cc(N)ccc2c2ccc(N)cc21,-1.0
O=C(c1ccc(-n2c(-c3ccccc3)nc3ccccc3c2=O)cc1)[n+]1nc([S-])sc1-c1ccc(Cl)cc1,-4.0
COc1ccc2nccc(-n3cc4c(n3)CCC(NCc3ccc5c(c3)NC(=O)CS5)C4)c2n1,-0.0
O=C(Nc1ccc(F)cc1)N1CCOCC1,-0.6780719051126377
CCOc1ccc(NC(=O)CNc2ccc(-c3nc(N4CC(C)CC(C)C4)nc(N4CC(C)CC(C)C4)n3)cc2)cc1,-3.643856189774725
Nc1ncc(-c2cn(Cc3ccc(F)cc3)c3c(F)cc(F)cc3c2=O)s1,-4.0
CCn1cc(C(=O)NN)c(=O)c2cc(F)c(Cl)cc21,4.0
O=C(Cc1ccc(O)cc1)NC1C(=O)N2C(C(=O)O)=C(Cl)CSC12,-5.0
COc1ccc2nccc(-n3cc4c(n3)CC(NC(=O)c3ccc5c(c3)NC(=O)CS5)CC4)c2c1,-3.0
NCCC(O)C(=O)NC1CC(N)C(OC2OC(CN)=CCC2N)C(OC2OC(CO)C(O)C2O)C1O,-2.0
O=C(NN1C(=O)CSC1c1cccc([N+](=O)[O-])c1)c1cc(-c2ccc(Cl)cc2)n[nH]1,0.7369655941662062
CC(O)C1C(=O)N2C(C(=O)O)=C(SC3CNC(Cc4c[n+](C)cn4C)C3)C(C)C12,2.321928094887362
Fc1ccc(Cn2cc(CSc3nnc(-c4cnccn4)o3)nn2)cc1,-4.643856189774724
COc1cccc(CN2CCC(=CC3=C(C(=O)O)N4C(=O)C(NC(=O)C(=NO)c5csc(N)n5)C4SC3)C2=O)c1,-1.0
NC1CC(N)CN(c2nc(Nc3cccc(C(F)(F)F)c3)nc(N3CC(N)CC(N)C3)n2)C1,-2.0
CC(C)=CCc1c(OCc2ccccc2)cc(C=Cc2ccc(C(F)(F)F)cc2)c(C(=O)O)c1O,-5.0
Oc1ccc(C(Cc2ccc(F)cc2)=Nc2ccc(Cl)cc2)cc1O,-2.643856189774725
CC(=NNC(=N)N)c1ccc(Nc2nc(-c3ccc(Br)cc3)cs2)cc1,-1.0
NCC1OC(OC2C(N)CC(N)C(OC3CC(N)C(O)C(CO)O3)C2O)C(N)C(O)C1O,-4.963474123974886
O=C(NNS(=O)(=O)c1ccc(F)cc1F)N1N=C(c2ccccc2)CC1c1ccccc1,-4.643856189774724
NC(=S)NN=Cc1cccc(OCc2cn(Cc3ccc(Br)cc3)nn2)c1,-2.643856189774725
O=C(NNc1cc(C(F)(F)F)nc2c(C(F)(F)F)cccc12)Nc1ccc(F)cc1,-3.643856189774725
COc1ccccc1-n1c(S)nnc1-c1csc(N(C(C)=O)C(C)=O)n1,0.3219280948873623
CCN(C)C(=S)SC1=C(C(=O)O)N2C(=O)C(C(C)O)C2C1C,-2.643856189774725
CCCCCCCCCCNC(=N)NCCCC(=O)O,-5.0
CC(C)(ON=C(C(=O)NC1C(=O)N(S(=O)(=O)O)C1Cn1cc(C(=O)O)nn1)c1csc(N)n1)C(=O)O,-4.0
COc1ccc(Br)c(C(=O)NN2C(=O)CSC2c2ccc(Cl)cc2)c1,-3.643856189774725
COC1(NC(=O)C(C(=O)[O-])c2ccc(O)cc2)C(=O)N2C(C(=O)[O-])=C(CSc3nnnn3C)CSC21,0.862496476250065
O=c1c(F)cn(Cc2nc3ccccc3n2Cc2cccc(Cl)c2)c(=O)n1Cc1cccc(Cl)c1,-4.0
CCCCCCCCCCCCCC(=O)OCC[N+](C)(C)Cc1cnc(C)c2c1COC(C)(C)O2,-3.0
COc1cc(OC)c(OC)cc1C=CC(=O)O,-5.0
COc1ccc2cc1Oc1cc(ccc1OC)CCC(NCCc1ccc3ccccc3c1)CCCC2,-2.643856189774725
Nc1nc(N)c2cc(S(=O)(=O)Nc3cccc(Br)c3)ccc2n1,-4.643856189774724
COc1cc(CC=C(C)C)c(C2Oc3c(CC=C(C)C)c(OC)cc(O)c3C(=O)C2O)c(CC=C(C)C)c1O,-2.321928094887362
CC(O)C1C(=O)N2C(C(=O)O)=C(c3cn4cnc(C(=O)C5CC(O)CN5)c4s3)C(C)C12,3.9885043611621707
NC1CCN(c2c(Cl)c3c(c(=O)c(C(=O)O)cn3C3CC3)c3[nH]nnc23)C1,5.321928094887363
Oc1ccc(Br)cc1C=NNc1nc(-c2ccc(Cl)c(Cl)c2)cs1,-3.643856189774725
Clc1ccc(C(Cn2nnc(-c3ccccc3)n2)OCc2nnc(Nc3ccccc3)o2)cc1,-4.643856189774724
N=C(N)NCCc1ccc(OCc2cccc(COc3ccc(CCNC(=N)N)cc3)c2)cc1,-4.0
C=CC1(C)CC(OC(=O)CSc2nc(OC(=O)CCC)cs2)C2(C)C(C)CCC3(CCC(=O)C32)C(C)C1O,-5.0
CSCCC(NC(=O)c1ccc(Cl)cc1)C(=O)SCC(=O)O,-2.0
CCCCCC(CC(=O)NO)S(=O)(=O)c1ccccc1,-1.0
CCN(CC)[c+]1sc2c(s1)C(c1ccc(Cl)cc1)Oc1ccc(F)cc1-2,-3.9653225483672547
CC1CN(c2c(F)cc3c(=O)c(C(=O)O)cn4c3c2OCC4C)CCN1,1.6896598793878495
C=C1CC23C=C(SCc4ccccc4)C(=O)C(C)(CCC(=O)Nc4c(O)ccc(C(=O)O)c4O)C2CC1CC3,-5.0
O=C(O)c1nn(-c2ccccc2)c(-c2ccccc2)c1C(=O)c1ccccc1,-4.008988783227255
CC(C)C1Cc2sc3[nH]c(=O)n(CC=Cc4ccc(O)cc4)c(=O)c3c2C(Cc2ccccc2)C1,-5.0
CCOC(=O)ONC(=O)CCc1ccccc1,1.0
NCc1cccc(-c2cc3c(cc2F)c(=O)c2c(=O)[nH]sc2n3C2CC2)c1,6.058893689053568
COc1cc(Cc2cnc(N)nc2N)cc2c1NC(C)(C)C=C2C,-1.584962500721156
Clc1ccc(OCc2nc3ccccc3nc2COc2ccc(Cl)c3cccnc23)c2ncccc12,-5.0
CCNc1cc(F)cc2c1[nH]c1ncc(-c3cnc(OC4CNC4)nc3)c(-n3ccc(C(F)(F)F)n3)c12,0.6665762662748083
CCCn1c(-c2ccc(Cl)cc2Cl)nc2cc(C(=O)NN=Cc3cc(Br)ccc3O)ccc21,-1.6415460290875237
CNC1(C2CCN(c3c(F)cc4c(=O)c(C(=O)O)cn(C5CC5F)c4c3OC)C2)CC1,8.380821783940931
CCNC(=O)Nc1cc(-c2nc(C(F)(F)F)cs2)c(-c2cncc(-c3nnn[nH]3)c2)cn1,-4.523561956057013
O=C(O)c1cn(C2CC2)c2cc(N3CCN4CCCC3C4)c(F)cc2c1=O,4.321928094887363
FC1CN=C(c2ccc3cc(-c4ccc(-c5cc6ccc(C7=NCC(F)CN7)cc6[nH]5)cc4)[nH]c3c2)NC1,1.6896598793878495
N=C(N)SCc1ccc(I)cc1,-4.0
N#Cc1cc(OCCN)cc2c1CC(CNCCC1CN(c3ccc4c(n3)NC(=O)CO4)C(=O)O1)C2,4.058893689053568
CNc1cc(F)cc2cc(C(=O)Nc3ccc(C(=O)O)cc3CN(CCN)C3CCCCC3)c(=O)[nH]c12,-4.0
Cc1c(N2CCC3=C(C2)C(=O)CCS3)c(N)cc2c(=O)c(C(=O)O)cn(C3CC3)c12,-0.0
COc1ccc(-c2nc3nc(C)cc(C)c3c(=O)[nH]2)c(OC)c1,-4.643856189774724
NC(=S)N1N=Cc2ccccc2B1O,-4.0
CN(C)C1C(O)=C(C(N)=O)C(=O)C2(O)C(O)=C3C(=O)c4c(O)c(NC(=O)C5CCCCN5)cc(F)c4CC3CC12,1.0
Brc1cc(-c2nnc(-c3ccncc3)o2)[nH]c1Br,-3.643856189774725
CON=C1CN(c2c(F)cc3c(=O)c(C(=O)O)cn(C4CC4)c3c2F)CC1(C)CN,5.321928094887363
Cc1ccc(-c2nn(-c3ccccc3)cc2C=NNC(=O)c2cccc(-n3cc(-c4ccccc4)nn3)c2)cc1,-1.0
C=C1CC(C(=O)Nc2ccc(F)cn2)N(C(=O)C(CCCC)CN(O)C=O)C1,-5.0
O=C(CSc1nc2ccccc2[nH]1)Nc1ccc(C(=O)C=Cc2ccccc2O)cc1,-4.965784284662087
CC(O)C1C(=O)N2C(C(=O)[O-])=C(CSC(=S)N(C)CC(N)=O)SC12,1.0
O=C(Cn1ncc2cc([N+](=O)[O-])ccc21)NN=Cc1cccc([N+](=O)[O-])c1,-3.9068905956085187
CC(C)CC(N)C(=O)NC1CN(c2nc3c(cc2F)c(=O)c(C(=O)O)cn3C2CC2)C1C,4.058893689053568
Cc1cc(C(=O)C=Cc2ccc(-c3ccccc3)cc2)c(C)o1,-4.321928094887363
Cc1noc(NS(=O)(=O)c2ccc(NC(=O)C(C#N)=Cc3ccc(Cl)cc3)cc2)c1C,1.0291463456595165
Clc1ccccc1Cn1cc(COCc2c(-c3ccccc3)nc3sc4ccccc4n23)nn1,-3.0
CC(C)c1ccc2c(c1)CCC1C(CN)(Cc3ccc(C(F)(F)F)cc3)CCCC21C,-4.0
C#CCNc1nc(Cl)c(C#N)cc1C#N,-5.0
CCN(CC)c1ccc2cc(-c3cn4nc(S(N)(=O)=O)sc4n3)c(=O)oc2c1,-4.965784284662087
CCc1[nH]c2nc(Sc3cnc4nccnc4c3)nc(N3CC(NC(=O)COC)C3)c2c1Cl,-1.0
Oc1ccc(C=Nc2ccc(N3CCOCC3)c(F)c2)cc1O,-4.906890595608519
O=C1CN(N=C2C(=O)N(Cc3cccc(F)c3)c3ccccc32)C(=O)N1,-2.643856189774725
O=C(COc1ccc2sc(CNc3nncc(-c4c(Cl)cccc4Cl)n3)nc2c1)NO,-0.0
CON=C(CN1CCN(c2cc3c(cc2F)c(=O)c(C(=O)O)cn3C2CC2)CC1)c1ccc(F)cc1F,-0.6415460290875237
O=C(O)c1cn(C2CC2)c2cc(N3CCNC(CF)C3)c(F)cc2c1=O,5.058893689053568
O=c1[nH]sc2c1c(=O)c1cc(F)c(-c3ccc[nH]3)cc1n2C1CC1,-0.0
NCC1CN(c2nc3c(cc2F)c(=O)c(C(=O)O)cn3C2CC2)CC1=NO,5.965784284662087
O=CN(O)CC(CC1CCCC1)C(=O)N1CC=CC1C(=O)Nc1ccc(F)c[n+]1[O-],-5.0
CN(C)C1C(O)=C(C(N)=O)C(=O)C2(O)C(O)=C3C(=O)c4c(cc5ccc(-c6ccccc6)cc5c4O)CC3CC12,-5.0
Nc1nc(N)c2cc(S(=O)(=O)N3CCC(N4CCCCC4)CC3)ccc2n1,-4.643856189774724
COc1cc2c(cc1OC)-c1c(OC)c(OC)cc3c1C(CC2)N(S(=O)(=O)c1cccc(C(F)(F)F)c1)CC3,-4.643856189774724
CC1=CC(=O)C(C)(O)C(=O)C1=CNc1cccc(OC(F)(F)F)c1,-2.0908534304511135
Nc1nc(N)c2cc(S(=O)(=O)c3cc(Cl)cc(Cl)c3)ccc2n1,-4.643856189774724
COc1ccc2c3c1OC1CC(OP(=O)(Oc4ccc([N+](=O)[O-])cc4)OP(=O)(O)O)C=CC31CCN(C)C2,1.1202942337177118
COc1cc(C=Cc2nnc(-c3cc([N+](=O)[O-])c[nH]3)o2)ccc1O,-1.6438561897747246
CCN(CC)c1cccc(OCc2cc(=O)oc3c2ccc2ccccc23)c1,-4.643856189774724
CC(O)C1C(=O)N2C(C(=O)O)=C(SC3CNC(C(=O)N4CC(=NO)C(CN)C4)C3)C(C)C12,5.321928094887363
Cc1cc2nnc(-c3cccnc3)n2c(C)n1,-3.0
COc1c(N2CC3CCCN(Cc4ccc(Br)cc4)C3C2)c(F)cc2c(=O)c(C(=O)O)cn(C3CC3)c12,-1.2570106182060239
CC1=C(C(=O)OCOC(=O)C(C)(C)C)N2C(=O)C(C(C)O)C2C1O,-2.643856189774725
CON=C1CCN(c2c(F)cc3c(=O)c(C(=O)O)cn(C4CC4)c3c2OC)CC1NC(=O)C(N)Cc1ccccc1,-4.0
CC1COc2c(N3CCN(CC(=O)c4ccccc4)CC3)c(F)cc3c(=O)c(C(=O)O)cn1c23,3.0588936890535687
COc1ccc2nccc(CCN3CCC(NCc4ccc(Br)c(F)c4F)CC3)c2n1,3.0
O=C(O)c1cn(C2CC2)c2c(F)c(N3CCC3)c(F)cc2c1=O,2.0
CCn1cc(C(=O)O)c(=O)c2cc(F)c(N3CCC(CN)C3)c(F)c21,3.321928094887362
COc1ccc2cc3[n+](cc2c1OCc1nc2ccc(F)cc2[nH]1)CCc1cc2c(cc1-3)OCO2,-5.0
O=C(Nc1ccc(C2NCCc3c2[nH]c2ccccc32)cc1)c1ccc(Br)cc1,-3.0
COC(=O)N(CC1CN(c2ccc(N3CCN(C(C)=O)CC3)c(F)c2)C(=O)O1)C(C)=O,-5.0
CC1CN(c2c(F)cc3c(=O)c(C(=O)O)cn(C4CC4)c3c2F)CCN1,6.643856189774724
c1ccc2c(c1)-c1ccccc1C2CCN1CCC(NCc2cc3c(cn2)OCCC3)CC1,-4.0
NC(Cc1ccccc1)C(=O)N1CCC(c2noc3cc(F)ccc23)CC1,-4.321928094887363
O=C(Nc1cc([N+](=O)[O-])ccc1O)c1ccc(F)cc1,-3.963474123974886
O=C(O)c1cn(C2CC2)c2c(cc(F)c3nn(CN4CCCCC4)c(=S)n32)c1=O,3.0
N#Cc1c(-c2ccc(Cl)cc2)cc(-c2nc3ccccc3[nH]2)nc1N1C(=O)C(Cl)C1c1ccccc1,-3.643856189774725
CC(O)C1C(=O)N2C(C(=O)O)=C(SC3CNC(c4ccc(C(N)C(N)=O)cc4)C3)C(C)C12,5.321928094887363
CS(=O)(=O)c1ccc(Cc2nnc3n2N=C(c2cc(Cl)cc4c2-c2ccc(Cl)cc2C4)CS3)cc1,-2.643856189774725
CCn1cc(-c2n[nH]c(=S)n2-c2nc3ccccc3[nH]c2=O)c(=O)c2ccc(C)nc21,4.058893689053568
CNn1cc(C(=O)O)c(=O)c2cc(F)c(N3CCCNCC3)cc21,-1.9634741239748859
CC(C)(ON=C(C(=O)NC1C(=O)N(S(=O)(=O)O)C1CN1CCCC1=O)c1csc(N)n1)C(=O)O,-0.0
CN(C)CCn1nnnc1SCC1=C(C(=O)O)N2C(=O)C(NC(=O)Cc3csc(N)n3)C2SC1,-3.0
NC(C(=O)NC1C(=O)N2C(C(=O)O)=C(CSc3c[nH]nn3)CSC12)c1ccc2c(c1)OCO2,-3.643856189774725
CCCS(=O)(=O)C1=C(C(=O)O)N2C(=O)C(NC(=O)C(=NOCCCl)c3csc(N)n3)CN2C1,1.0
CCN(CC)c1cc(N)c(O)c2c1CC1CC3C(N(C)C)C(=O)C(C(N)=O)=C(O)C3(O)C(=O)C1=C2O,-0.0
Cc1ncc([N+](=O)[O-])n1CC(=NNC(=O)c1ccc(Cl)cc1)c1ccc(Br)cc1,-1.6461626571578936
O=C1CCC(=O)N1CC(=O)N1c2ccccc2Sc2ccc(Cl)cc21,-3.9068905956085187
Oc1ccc(N=C(Cc2ccc(F)cc2)c2ccc(O)cc2O)cc1,-3.643856189774725
CCN(CC)CCCC(C)NC(CCCOc1ccccc1)=C1C(=O)C(CC(C)C)N(C(=O)c2ccccc2)C1=O,-5.0
CCn1cc(C=C2C(=O)OC(C)(C)OC2=O)c2cc(Br)ccc21,-3.9068905956085187
CCON=C1CN(c2cc3c(cc2F)c(=O)c(C(=O)O)cn3C2CC2F)C1CN,5.058893689053568
O=C(Nc1ccc(Oc2cc3ccccc3cc2Cl)c(Cl)c1)c1cc(Br)cc(Br)c1O,-3.0
CCOC(=O)C1CCCN1C(=O)c1cn(CC)c2cc(C(F)(F)F)ccc2c1=O,-4.643856189774724
CCN(CC)CCN=C(S)NCC1CN(c2ccc(-n3nnc4ccccc43)c(F)c2)C(=O)O1,-4.0
COc1ccc(-c2nn3c(-c4cc(Cl)cc(Cl)c4Cl)nnc3s2)cc1,-2.643856189774725
CCOc1ccc(NC(=O)CSc2nnc(Cn3cnc4ccccc43)o2)cc1,-4.643856189774724
COc1cc(OC)cc(-c2nnc(Sc3cc(Cl)nc(SC)n3)[nH]2)c1,-0.6780719051126377
Cc1c2ccccc2nc2c1c(C(F)(F)F)nn2CC(=O)NC1CCCC1,-2.963474123974886
COc1ccc(C=NNC(=O)c2ccc(-c3cccc(Cl)c3)nc2C)cc1OC,-0.963474123974886
O=C(Nc1ccc(Sc2nc3ccccc3s2)c(Cl)c1)c1cc(Cl)cc(Cl)c1O,-3.0
O=[N+]([O-])c1cccc2c1NCC1C2=NN(c2ccccc2)C1c1ccc(Br)cc1,-4.672425341971495
CC(=NOC(=O)C=Cc1ccccc1)N1N=C(c2ccc(Cl)cc2Cl)CC1c1ccc(C(F)(F)F)cc1,-3.643856189774725
CCCCCCCCCCCC(=O)NCC[N+](C)(C)Cc1cnc(C)c2c1COC(C)(CCC)O2,-2.0
CON=C(C(=O)NC1C(=O)N2C(C(=O)[O-])=C(C[n+]3cccc(-c4cc(C(N)=O)[nH]n4)c3)CSC12)c1csc(N)n1,5.321928094887363
CC1(N)CN(c2c(F)c(N)c3c(=O)c(C(=O)O)cn(-c4ccc(F)cc4F)c3c2F)C1,3.0588936890535687
Cc1ccc(-c2nc3ncc(-c4nnc(-c5ccc(F)cc5)o4)cn3c2Nc2ccccc2)cc1,-1.4750848829487826
CCSc1ccc(OCc2nnc3sc(-c4ccc(OC)cc4)nn23)cc1,-4.643856189774724
CNC1C(O)C(NC)C2OC3(O)C(=O)CC(C)OC3OC2C1O,0.965784284662087
CN1CC2CC1CN2c1cc2c(cc1F)c(=O)c(C(=O)O)cn2C1CC1,4.321928094887363
CCn1cc(C(=O)O)c(=O)c2cc(F)c(N3CCN(Cc4ccc([N+](=O)[O-])o4)C(C)C3)c(F)c21,1.3584539709124763
COC(=O)C1(C)CCCC2(C)c3ccc(C(C)C)c(NC(=O)Cn4cc(-c5cccc(Br)c5)nn4)c3CCC12,-3.643856189774725
CC(C)(N)C1CCN(c2c(F)cc3c(=O)c(C(=O)O)cn(C4CC4)c3c2Cl)C1,4.321928094887363
O=C(O)c1ccc(N2Cc3ccccc3C2=O)cc1,-0.32192809488736235
CN1CCc2c([nH]c3ccccc23)C1c1ccc(NC(=O)c2cccc(C(F)(F)F)c2)cc1,-5.0
NCC1OC(OC2C(N)CC(N)C(O)C2O)C2NC2C1O,-5.0
CNC(=O)c1c(CS(=O)(=O)CCO)nc2ccccc2[n+]1[O-],-2.643856189774725
CN(C)C1=NC(c2ccc3cc(OCc4cccc(Cl)c4)ccc3c2)N=C(N)N1,-0.0
CN1C=C2CC3C(CC(CNC(=O)NCc4ccccc4)CN3C)C3C=CC=C1C23,-5.0
COc1ccc(C2CC(c3ccc(-n4cccc4)cc3)=NN2C(C)=O)cc1,-3.643856189774725
CC(C)(NS(C)(=O)=O)C(NC(=O)c1ccc(-c2nc3ccccc3o2)cc1)C(=O)NO,-0.0
COc1ccc(NC(=S)NNC(=O)c2cnc3c(C(F)(F)F)cccc3c2O)cc1,-2.643856189774725
CCNc1cc(F)cc2c1[nH]c1ncc(-c3cncc(C#N)c3)c(-c3nc(C(F)(F)F)cs3)c12,5.965784284662087
CCCCCCCCC1CCC(OC)c2[nH]c(C)c(OC)c(=O)c21,-5.0
O=C1OC(=Cc2cccc3ccccc23)C(O)=C1c1cc(Cl)cc(Cl)c1,-0.0
Cc1ccc(C=Cc2nc3ccccc3c(=O)n2-c2nnc(-c3ccc(Cl)cc3)s2)cc1,-3.594548549550354
COc1ccc2nccc(-n3cc4c(n3)CCC(NC(=O)c3cc5c(cc3C(F)(F)F)SCC(=O)N5)C4)c2n1,-2.0
CC(C)CNc1nccc(NCc2ccc(-c3ccc(C(C)(C)C)cc3)s2)n1,-1.0
CCc1ccc(C(=O)NCc2cn(-c3cc(C)nc4ccc(OC)cc34)nn2)cc1,-1.6415460290875237
COc1ccc2ncc(-c3nc4sc5cc(F)ccc5n4c3Nc3ccc(F)cc3)cc2c1,-3.3812833725037836
CN1Cc2csc3c(C(=O)O)c(=O)c4cc(F)c(N5CCOC(CCl)C5)c1c4n23,2.321928094887362
CCn1cc(C(=O)O)c(=O)c2cc(F)c(NC(=O)C3CCC(COc4ccc([N+](=O)[O-])cc4)CC3)c(F)c21,-5.0
Cc1[nH]c2ccccc2c(=O)c1CC(=O)O,-3.1651079851445365
COC1CN(Cc2ccc3cc4c(c(O)c3c2)C(=O)C2=C(O)C3(O)C(=O)C(C(N)=O)=C(O)C(N(C)C)C3CC2C4)C1,-1.0
CCCCCCCCOC1OC(CN)C(N)C(OCc2ccc3cccnc3c2)C1N,-3.0
CCc1nccn1Cc1cc(OC)c(O)c2c[n+]3c(cc12)-c1cc2c(cc1CC3)OCO2,-5.0
CCCCC(C(O)C(=O)NO)[S+]([O-])c1ccccc1,-0.0
COc1ccc(Cn2cnc3c(-c4ccco4)nc(N(S(C)(=O)=O)S(C)(=O)=O)nc32)cc1,-5.0
CC1=CCCC2C1(C)CCC(C)C2(C)CC1=CC(=O)C(SCC(C)C)=CC1=O,-4.643856189774724
Cc1ccc2cc(C=CC(=O)c3ccccn3)c3nnnn3c2c1,-2.643856189774725
COc1c(N2CCC(C(C)(C)N(C)C)C2)c(F)cc2c(=O)c3c(=O)[nH]sc3n(C3CC3)c12,2.9434164716336326
CCNC(=O)Nc1cc(Nc2ccccc2)c(C(=O)Nc2cccnc2)cn1,-3.0
CC1(C)C2CCC(C2)C1CCC(CCC1C2CCC(C2)C1(C)C)NCCCNCCCNCCCN,-3.321928094887362
CCn1cc(C(=O)O)c(=O)c2cc(F)c(N3CCN(Cc4ccc([N+](=O)[O-])o4)CC3)cc21,-2.643856189774725
CCOC(=O)C1=C(N)N(c2cccnc2)C2=C(C(=O)CC(C)(C)C2)C1c1c(C)nn(-c2ccc(Cl)cc2)c1Cl,-2.643856189774725
NCC1OC(OC2C(N)CC(N)C(O)C2OC2OC(CO)C(O)C2O)C(N)C(O)C1O,2.0
CON=C(C(=O)NC1C(=O)N2C(C(=O)[O-])=C(C[n+]3cscc3C)CSC12)c1csc(N)n1,4.058893689053568
O=C(C=Cc1ccc2ccc(C(F)(F)F)cc2n1)c1ccncc1,-1.0
Cn1cc(NC(=O)c2cc(NC(=O)c3ccc(C=Cc4ccc(F)cc4)cc3)cn2C)cc1C(=O)NCCN1CCOCC1,-5.0
O=C1CCC(=O)N1CC1CN(c2ccc(-n3cc(-c4ccccn4)cn3)c(F)c2)C(=O)O1,-5.0
CCCn1cc(C=C(C#N)C(=O)N2CCN(c3cc4c(cc3F)c(=O)c(C(=O)O)cn4CC)CC2)c2ccccc21,2.0
Clc1ccc(Cl)c(Oc2ccc(NC(=Nc3ccccc3)NCCCNc3ccnc4cc(Cl)ccc34)cc2)c1,-1.6415460290875237
NCCNCCNC(CCC1CCCCC1)CCC1CCCCC1,-3.321928094887362
O=C(Nc1ccccc1)N(Cc1cc(Br)cc(Br)c1O)c1ccc(F)cc1,-2.643856189774725
CC(=NNC(=O)COc1ccc(Cl)cc1Cl)C(=NNc1ccc(Cl)cc1)S(=O)(=O)c1ccccc1,-2.0443941193584534
CCOC(=O)c1cn([CH-]c2cnc(Cl)s2)c2cc(C(C#N)C(=O)OCC)c(F)cc2c1=O,-2.0
Oc1ccccc1-c1cc2ccccc2[nH]1,-5.0
CCc1ccc(C(=O)Nc2cc([N+](=O)[O-])ccc2O)cc1,-2.963474123974886
Cc1c2ccncc2c(C)c2c1[nH]c1cc(F)ccc12,-3.0
NC(=O)c1ccc(NC(=O)N2CCC3C2C(=O)N3OS(=O)(=O)[O-])cc1,-3.0
CC(C)(N)C(NC(=O)c1ccc(C#CC#CC2CC2CO)cc1)C(=O)NO,3.0
O=c1ccsn1Cc1ccccc1,-3.643856189774725
CCn1cc(C(=O)O)c(=O)c2cc(F)c(-c3coc(C)n3)cc21,-2.6322682154995127
O=C1COc2ccc(CNC34CCC(CCc5c(F)cnc6ccc(OC(F)F)nc56)(CC3)OC4)nc2N1,-1.0
O=C(C1CCCCC1)N1CCN(c2ccc(N3CC(Cn4ccnn4)OC3=O)cc2F)CC1,-3.0
CCBr,-1.0
COC(=O)CCCCCCCCCC(=O)C=C(C)CC1OCC(CC2OC2C(C)C(C)O)C(O)C1O,4.321928094887363
CC(C)(NS(=O)(=O)c1ccccc1)c1cn(-c2ccc(Br)cc2)nn1,-4.643856189774724
CC1CCC2(NC1)OC1CC3C4CCC5CC(NCC(N)Cc6ccc7ccccc7c6)CCC5(C)C4CCC3(C)C1C2C,-2.0
CCOC(=O)c1cn(CC(=O)N2CCN(C(=O)OC(C)(C)C)CC2)c2cc(F)c(F)cc2c1=O,-2.0
CC(O)C(NC(=O)c1ccc(C#Cc2ccc(C=NN3CCN(C(=O)C(C)(C)C)CC3)cc2)cc1)C(=O)NO,2.0
CCNc1cc(F)cc2c1[nH]c1ncc(-c3cncc(C#N)c3)c(-n3ncc4c3CNC4)c12,-1.0
O=C(NN1C(=O)C(=Cc2cccc([N+](=O)[O-])c2)SC1c1cccc(Br)c1)c1ccc(-c2ccccc2)cc1,-1.6415460290875237
O=c1oc2ccc(Br)cc2cc1-c1coc2ccc3ccccc3c12,-2.643856189774725
NC1CC(N)CN(c2cc(Nc3ccc(NC(=O)c4ccc5ccccc5c4O)cc3)cc(N3CC(N)CC(N)C3)n2)C1,-1.0
S=C([S-])N1CCCC1,-1.0
COc1cccc(C=Cc2ccc(C(=O)Nc3cc(C(=O)Nc4cc(C(=O)NCCC(=N)N)n(C)c4)n(C)c3)cc2)c1,-5.0
Cc1ccc(C2c3c(-c4ccccc4)nn(-c4ccccc4)c3Nc3[nH]c(=O)[nH]c(=O)c32)cc1,-1.0
CC1(C)CCc2c(C(=O)N3CCOCC3)cc3c(OCCOc4ccc([N+](=O)[O-])cc4)cccc3c2O1,4.965784284662087
CCN(CC)c1ccc2cc(-c3nc4sc(S(=O)(=O)N=CN(C)C)nn4c3C=NNC(=N)N)c(=O)oc2c1,-0.0
COc1ccc2nc(C)cc(NC(=O)CN3CC(CN4CCC(C)CC4)OC3=O)c2c1,-2.643856189774725
O=C(O)c1cn(C2CC2)c2c(cc(F)c3nc(-c4ccncc4)[nH]c32)c1=O,-1.584962500721156
Cn1c(Br)c(Br)[n+](CC(=O)c2ccccc2)c1CO,-4.643856189774724
COc1ccc2nccc(CCC34CCC(NCc5ccc6c(n5)NC(=O)CO6)(CC3)CO4)c2n1,-1.0
C=C(CO)C(=O)OC1C2=C(C)C(=O)OC2(O)CC23OC2CCC(C)C13C,-2.8579809951275723
NCC1CN(c2c(F)c(N)c3c(=O)c(C(=O)O)cn(C4CC4)c3c2F)CC1c1ccccc1,5.321928094887363
CCOP(=O)(OCC)C(O)c1cc2ccccc2n2nnnc12,-4.321928094887363
O=C(NN=Cc1c(O)cccc1O)c1cc(Cl)c[nH]1,-2.643856189774725
Cc1ccc(-c2c(F)cc3c(=O)c(C(=O)O)cn(C4CC4)c3c2[N+](=O)[O-])cc1,-1.584962500721156
CCCn1c(-c2ccc(Cl)cc2Cl)nc2cc(C(=O)NN=Cc3ccc(Br)cc3)ccc21,-1.6415460290875237
O=[N+]([O-])c1c[nH]c(-c2nnc(-c3ccc[nH]3)o2)c1,0.3584539709124763
CC(C)(C)NC(=S)NCC1CN(c2ccc(N3CC4(COC4)C3)c(F)c2)C(=O)O1,-4.509695841933387
Cn1c(=O)c2ncn(Cc3cc(=O)oc4ccc(C(C)(C)C)cc34)c2n(C)c1=O,-1.9634741239748859
COCCOc1ccc2ncc(F)c(CCC34CCC(NCc5ccc6c(n5)NC(=O)CO6)(CC3)CO4)c2n1,-3.0
Nc1nc(N)c2cc(S(N)(=O)=O)ccc2n1,-4.643856189774724
Oc1ccc(C(Cc2ccc(F)cc2)=Nc2ccc(Br)cc2)cc1O,-3.643856189774725
Cn1cc(NC(=O)c2sccc2Cl)cc1-c1nc2cc(C(=O)NCCN3CCOCC3)ccc2[nH]1,-5.0
Cc1oc(-c2ccccc2F)nc1N1N=C(c2ccc(Cl)cc2Cl)CC1N1CCc2ccccc2C1,-1.6438561897747246
O=C1OC(CN2CCC(O)CC2)CN1c1ccc(-n2cc(-c3ccccn3)cn2)c(F)c1,-5.0
O=C(NNC(=O)c1ccc(-n2cccc2)cc1)c1ccc(Br)cc1,-1.6438561897747246
NC(=NO)c1ccc2cc(-c3ccc(-c4cc5ccc(C(N)=NO)cc5[nH]4)cc3)[nH]c2c1,0.6665762662748083
CCOCCOCCN1CCN(c2c(F)cc3c(=O)c(C(=O)O)cn(C4CC4)c3c2OC)CC1,1.0
O=c1ccsn1-c1cccc(Cl)c1,-4.643856189774724
CC(=NNC(=N)N)c1sc(-c2ccc(OCCCCN3CCC3)cc2)nc1C,-4.0
O=C(Nc1ccc(Oc2ccc3ccccc3c2Cl)c(Cl)c1)c1cc(Cl)cc(Br)c1O,-3.0
O=C1COc2ccc(CNC34CCC(CC5(O)Cn6c(=O)ccc7nc(Cl)c(F)c5c76)(CC3)OC4)nc2N1,-5.0
CC1(C)SC2C(NC(=O)C(N)c3ccccc3)C(=O)N2C1C(=O)O,7.310432456049533
CNc1cc(F)cc2c1[nH]c1nc(CNC(=O)c3cccc(C(=O)OC)n3)nc(N3CCC(CN)C3)c12,-5.0
Brc1cc2c(c3ncccc13)OCN(CCOc1ccccc1)C2,-4.643856189774724
CCc1nc(C)cn1C(CO)CS(=O)(=O)c1ccc(NC(C)=O)cc1,-5.0
COc1ccc2ncc(C#N)c(CC(O)C34CCC(NCc5ccc6c(n5)NC(=O)CO6)(CC3)CO4)c2n1,-2.0
CCON=C1CN(c2c(F)cc3c(=O)c(C(=O)O)cn(C4CC4)c3c2OC)CCC1NC,-3.0
Cc1noc(NS(=O)(=O)c2ccc(-n3c(S)c(C#N)c(-c4ccc(Cl)cc4)c(C#N)c3=O)cc2)c1C,0.029146345659516508
N=C(N)NCCc1ccc(OCc2ccc(COc3ccc(CCNC(=N)N)cc3)cc2)cc1,-2.0
O=C1NC(=O)C(=CC=Cc2ccc([N+](=O)[O-])o2)S1,-0.0
COc1cc(Cc2cnc(N)nc2N)cc2c1N(C)CCC2C,-1.584962500721156
O=C(O)c1cn(C2CC2)c2cc(N3CCNCC3)ccc2c1=O,1.0
COC(=O)CCCCNC(=O)CI,-2.9068905956085187
CCOC(=O)C(NC(=O)c1cn(CC)c2cc(C(F)(F)F)ccc2c1=O)C(C)CC,-4.643856189774724
CCCCCCn1c(Cn2cnc3c(N4CCCCC4)ncnc32)nc2ccccc21,-4.0
CCCCCCCCOC1OC(CN)C(N)C(OCc2ccc3ccccc3c2)C1N,-1.0
Cc1ccc(Cn2cc(C(=O)O)c(=O)c3cc(F)c(CC#N)cc32)cc1,2.0
CCc1cc(OC)c(Oc2ccc(C(N)=O)cc2F)cc1F,-5.0
Cc1ccc(Cn2c(-c3cccc(NS(=O)(=O)c4ccc(F)c(Cl)c4)c3)nc3ccccc32)cc1,-1.0
O=C1SC(=Cc2ccc(F)cc2)C(=O)N1Cc1ccc(-c2ccccc2-c2nnn[nH]2)cc1,-2.9541963103868754
C=C(CCO)C(=O)OC1CC2(C)C(O)CCC(C=O)C2C2OC(=O)C(C)C12,1.3219280948873622
CC1(c2cccc(O)c2)NNC(=O)CO1,-3.643856189774725
O=C(Cn1c2ccccc2c2nc3ccccc3nc21)N1N=C(c2cc3ccccc3o2)CC1c1ccc(Cl)cc1,-4.491853096329675
CCCNc1nccc(NCc2ccc(-c3ccccc3)s2)n1,-3.0
CON=C1CCN(c2c(F)cc3c(=O)c(C(=O)O)cn(-c4nc(N)c(F)cc4F)c3c2Cl)CC1N,-0.0
COC(=O)CCCCOc1ccc2ncc(F)c(CCC34CCC(NCc5ccc6c(n5)NC(=O)CO6)(CC3)CO4)c2n1,-2.0
Nc1nc(-c2ccc(NC(=O)c3ccccc3)cc2)c(N=Nc2cccc(Cl)c2)s1,2.0
O=C(CCl)N1CCN(CCN2C(=O)C(Cl)C2c2ccc(O)cc2)CC1,-2.2265085298086795
Cc1c(N(C)CCN)c(F)cn2c(=O)c(C(=O)O)cc(C3CC3)c12,2.321928094887362
O=C(c1ccc(Nc2nc(-c3ccccc3)nc3ccccc23)cc1)[n+]1nc([S-])sc1-c1ccccc1,-3.0
COc1c(N2CCC(C(N)c3ccccn3)C2)c(F)cc2c(=O)c3c(=O)[nH]sc3n(C3CC3)c12,4.058893689053568
COc1ccc2nc(C)cc(N3CC(CNC(C)=O)OC3=O)c2c1,2.321928094887362
COC(=O)CSc1c(-c2ccc(Br)cc2)nc2ccccc2c1-c1ccccc1,-2.643856189774725
Fc1ccc(Nc2c(-c3c[nH]c4ccc(Br)cc34)nc3ccc(-c4ncc(-c5ccc(F)cc5)[nH]4)cn23)cc1,1.2515387669959646
CC1COc2c(N3CCN(CC(=NO)c4ccc(Br)cc4)CC3)c(F)cc3c(=O)c(C(=O)O)cn1c23,-0.0
Cc1oc(-c2ccccc2)nc1CCc1nc2cc(CC(Oc3ccc(C(C)(C)C)cc3)C(=O)O)ccc2o1,-0.6415460290875237
C[n+]1c2ccccc2c(C=Cc2ccc(Cl)cc2Cl)c2ccccc21,-5.0
NCCOC1C(OC2C(O)C(N)CC(N)C2OC2OC(CO)C(O)C(O)C2N)OC(CO)C1O,-2.584962500721156
CC(N)c1ccc(C2CC(SC3=C(C(=O)O)N4C(=O)C(C(C)O)C4C3C)CN2)cc1,5.321928094887363
CCCC(=O)Oc1ccc(C2CC(=O)c3c(O)c(C)c(OC(=O)CCC)c(C)c3O2)cc1,-1.0
CC(C)c1ccc2c(c1)CCC1C(CNC(=O)c3ccccn3)(Cc3ccc(N)cc3)CCCC21C,-5.0
CCCCC(CN(O)C=O)C(=O)N1CCCC1c1nnc(-c2ccc(OC)c(OC)c2)s1,-4.0
CN(C)C1=NC(c2ccc3cc(OCc4ccccc4Cl)ccc3c2)N=C(N)N1,-0.0
CC(O)C1C(=O)N2C(C(=O)O)=C(CN3CC(O)CC3C(N)=O)SC12,5.058893689053568
CC(C)(C)n1cc(C(=O)O)c(=O)c2cc(F)c(Sc3ccccc3)cc21,-4.0
O=C(O)c1cc(C2CC2)c2nc(N3CCNCC3)c(F)cn2c1=O,4.321928094887363
COCCn1c(S)nnc1-c1cnc2c(C(F)(F)F)cccc2c1Cl,-2.643856189774725
CCCCCCCCCCCCCC(=O)OCC[N+](C)(C)Cc1nc(C)c2c(c1CO)COC(C)(C)O2,-5.0
CCCc1cc(Cc2cnc(N)nc2N)cc(CC)c1OC,-4.906890595608519
CON=C(C(=O)NC1C(=O)N2C(C(=O)[O-])=C(C[n+]3cccc4ccoc43)CSC12)c1csc(N)n1,6.965784284662087
CCNc1cc(F)cc2c1[nH]c1ncc(-c3cncc(C(N)=O)c3)c(-n3ccc(C(F)(F)F)n3)c12,5.965784284662087
CN(CC(=O)O)NC(=O)CC(N)CC(O)CNCC(O)CN,-5.0
CC(=Cc1ncc(-c2cc([N+](=O)[O-])cs2)o1)CC1OCC(CC2OC2C(C)C(C)O)C(O)C1O,4.058893689053568
CCn1cc(C(=O)O)c(=O)c2cc(F)c(N3CCN(CC(=O)Nc4nc5ccc(C)cc5s4)CC3)cc21,-2.584962500721156
CCC(C)C(O)C1=C(C(=O)[O-])N2C(=O)C(C(C)O)C2C1C,2.358453970912476
CC(O)C1C(=O)N2C(C(=O)O)=C(SC3CNC(c4ccc(C(N)CC(N)=O)cc4)C3)C(C)C12,5.321928094887363
CC(C)c1ccc(NC(=O)Nc2ccc(-c3cc(Nc4cccc(C(F)(F)F)c4)ncn3)cc2)cc1,-4.321928094887363
Nc1nc(C(=NO)C(=O)NC2C(=O)N3C(C(=O)O)=C(C=C4CCN(c5ccc(O)cc5)C4=O)CSC23)cs1,4.058893689053568
CCN(CC)CC1CN(c2c(F)cc3c(=O)c(C(=O)O)cn(C4CC4)c3c2F)CCO1,1.3584539709124763
O=C1Nc2ccc(Cl)cc2C1=NNc1nc2ccccc2[nH]c1=O,-3.963474123974886
N#Cc1c(NC(=O)c2cc(OCCCN)ccc2Cl)sc2c1CCCC2,-5.0
CN(C)C1CCN(c2nc3c(cc2F)c(=O)c(C(=O)O)cn3C(C)(C)C)C1,6.058893689053568
Nc1nc(C(=NOCCF)C(=O)NC2C(=O)N3C(C(=O)[O-])=C(Sc4nccnc4N)CCC23)cs1,3.0
O=C(Cn1ncc2cc([N+](=O)[O-])ccc21)NN1C(=O)CSC1c1cccc([N+](=O)[O-])c1,-3.321928094887362
CCn1cc(C(=O)NC(CC(C)C)C(=O)O)c(=O)c2ccc(C(F)(F)F)cc21,-3.643856189774725
Cc1ccc[n+](CC2=C(C(=O)[O-])N3C(=O)C(C(C)O)C3C2C)c1,2.321928094887362
CC12CCC(CC1=NNc1nc3ccccc3[nH]c1=O)C2(C)C,-3.963474123974886
NC1COCC1Oc1ccc2ncc(F)c(CCC34CCC(NCc5ccc6c(n5)NC(=O)CO6)(CC3)CO4)c2n1,-2.0
CN1C=C2CC3C(CC(CNC(=O)C=CC4CCCCC4)CN3C)C3C=CC=C1C23,-2.356143810225275
CC1C(NC(=O)C(=NOCC(=O)N2CCC(C(=O)O)CC2)c2csc(N)n2)C(=O)N1S(=O)(=O)O,-2.0
Cc1ccc2ncc(-c3nc4sc5cc(F)ccc5n4c3Nc3ccc(F)cc3)cc2c1,-3.3757345385831563
CC(O)C(N)C(=O)NS(=O)(=O)c1cccc(-c2ccc3c(N)nc(Cl)nc3c2)c1,-4.0
Cc1c(-c2nnc(-c3ccc(Cl)cc3)o2)sc2ncnc(N3CCOCC3)c12,5.861447624847352
CC(=O)c1cc2ccccc2n(N=Cc2ccc(O)cc2)c1=O,-0.6780719051126377
Cc1ccccc1OCc1ccccc1-c1nn(CNc2ccc(Cl)cc2C(=O)C(F)(F)F)c(=S)o1,-4.643856189774724
N=C(N)c1ccc(-c2ccc(-c3cccs3)s2)nc1,-3.321928094887362
O=[N+]([O-])c1ccc(-c2csc(N3N=C(c4ccccc4)CC3c3ccc(-c4ccc(Cl)cc4)o3)n2)cc1,-3.643856189774725
C#CCN1CCN(c2nc3c(cc2F)c(=O)c(C(=O)O)cn3C2CC2)CC1,2.0
CCOC(=O)c1cn([CH-]C(=O)N2CCN(C(=O)OC(C)(C)C)CC2)c2cc(C(C#N)C(=O)OCC)c(F)cc2c1=O,-4.0
COc1ccc2cc(C(C)C(=O)Nc3ccc(S(=O)(=O)Nc4cc(C)on4)cc3)ccc2c1,-1.9634741239748859
Nc1cc(N2CC(C(=O)NO)OC2=O)ccc1C#CC#CC1CC1,3.9885043611621707
Brc1ccc(-c2nnn3c2-c2ccccc2SC3)cc1,-4.643856189774724
COC(=O)CNP(=O)(OCCN(C)c1cc(=O)oc2c(C)cccc12)Oc1ccccc1,-5.0
COc1ccccc1C1CN(c2c(F)cc3c(=O)c(C(=O)O)cn(C4CC4)c3c2F)CC1N,2.321928094887362
CC(C)(CO)C(O)C(=O)NCCC(=O)NCCc1ccccc1,-5.0
O=C1CSC(N2N=C(c3ccc(Br)cc3)CC2c2cccs2)=N1,-2.643856189774725
C=CCN1C(=O)C(=Cc2ccc(-c3ccc(O)cc3)o2)SC1=S,-1.6461626571578936
C=CCC(N)c1ccc(C2CC(SC3=C(C(=O)O)N4C(=O)C(C(C)O)C4C3C)CN2)cc1,5.321928094887363
CC(=O)c1cccc(-c2cc3nc(N)nc(N)c3cc2C)c1,-2.0
CC(Oc1ccc2ccc(C=Cc3nn[nH]n3)c(C3CC3)c2c1)c1c(Cl)cccc1Cl,-1.4329594072761063
COc1ccc(Cn2cc(CNC(=O)c3ccc([N+](=O)[O-])o3)nn2)cc1[N+](=O)[O-],-4.22881869049588
CCc1c(-c2cccc(N3CCC(N(C)C)C3)c2)[nH]c(=O)c2c(=O)[nH]sc12,-3.0
CC(O)C1C(=O)N2C(C(=O)O)=C(SC3CNC(c4ccc(C(N)CCO)cc4)C3)C(C)C12,4.321928094887363
CC(=O)c1ccc(-n2sc(Cl)cc2=O)cc1,-3.643856189774725
CC(C)=CC=CC(C)C1CCC2(C)CC3C4C(=CCC12)COC4(O)CC3(C)O,-5.0
CCC(N)C(=O)NC(CCl)C(=O)O,-0.6415460290875237
N#Cc1ccc(-c2ccc(-c3cccs3)o2)cc1,-3.9068905956085187
CNc1cc(F)cc2c1[nH]c1nc(Oc3cnc(C)nc3)nc(N3CC(=C(Br)CN)C3)c12,6.058893689053568
COc1c(O)cc(CCN)c2c1SSSSS2,3.321928094887362
N#Cc1ccc(Cn2cc(CNC(=O)c3ccccc3)nn2)cc1,-4.643856189774724
O=C(Nc1ccc(Oc2ccc(Cl)c3cccnc23)c(Cl)c1)c1cc(Br)cc(Br)c1O,-3.0
C=CC(C)(C=Cc1ccc(OCCCC[N+](C)(CCCC)CCCC)cc1)CCC=C(C)C,-3.643856189774725
COc1cccc2cc3c(=O)[nH]c(=O)[nH]c3nc12,-2.963474123974886
C=CC(C)(C=Cc1ccc(OCCCCN2CCNCCNCCNCCNCC2)cc1)CCC=C(C)C,-2.643856189774725
Cc1nc2scc(-c3ccco3)c2c(=O)n1N=Cc1ccc(Cl)cc1Cl,-2.584962500721156
CN(C)C1C(O)=C(C(N)=O)C(=O)C2(O)C(O)=C3C(=O)c4c(O)c5c(c(OC(F)(F)F)c4CC3CC12)C1NCCC1CN5,1.0
CON=C1CN(c2nc3c(cc2F)c(=O)c(C(=O)O)cn3C2CC2F)CC1(C)CN,5.058893689053568
Cc1[nH]c(C(=O)Nc2nc3c(OC(C)c4ccc(S(C)(=O)=O)cc4)cc(C(=O)O)cc3s2)c(Cl)c1Cl,3.0
N#Cc1c(-c2ccc(F)cc2)[nH]c(=S)n2cnnc12,-4.0
O=C(O)c1cnn(-c2ccc(F)cc2)c1NC(=O)c1cc2cc(Br)ccc2oc1=O,-2.0
c1cc2cc(-c3ccc(-c4nc5ccc(C6=NCCN6)cc5[nH]4)cc3)[nH]c2cc1C1=NCCN1,1.6896598793878495
CC(=O)N1CCc2cc(Nc3cc(C)nc4nc(NC(C)c5cccc(Cl)c5)nn34)ccc21,3.0
CN1C=C2CC3C(CC(CNC(=O)C(N)Cc4ccccc4)CN3C)C3C=CC=C1C23,-5.0
Cc1c(N2CCC(O)CC2)c(N)cc2c(=O)c(C(=O)O)cn(C3CC3)c12,5.058893689053568
O=C(O)c1cn(C2CC=CC2)c2cc(N3CCNCC3)c(F)cc2c1=O,-0.0
CCC(CN)=C1CN(c2nc(Oc3cnc4ccnn4c3)nc3[nH]c4c(NC)cc(F)cc4c23)C1,2.0
O=C(C=Cc1cnc2ccccc2n1)c1ccncc1,-4.643856189774724
O=C(O)c1cn(C2CC2)c2cc(N3CCN(C(=O)c4cc[n+](Cc5ccccc5)cc4)CC3)c(F)cc2c1=O,-3.0
Cn1cc([N+](=O)[O-])cc1-c1nnc(Cc2ccc(F)c3ccccc23)o1,-2.643856189774725
CC(=O)NCC1OCCC1SC1=C(C(=O)[O-])N2C(=O)C(C(C)O)C2C1C,4.058893689053568
Clc1ccc(C2=NN(c3ccccc3)C(c3noc(-c4ccc(Cl)cc4)n3)C2)cc1,-4.321928094887363
O=c1ccc2ncc(F)c(CCC34CCC(NCc5cc6c(cn5)OCCC6)(CC3)CO4)c2n1CCO,-3.0
Cc1cc(C)n2nc(SCc3nnc(SCc4ccc(Br)cc4F)s3)nc2n1,-2.643856189774725
O=C(C(=Cc1ccc(C(F)(F)F)cc1)n1cnc2cc(Cl)ccc2c1=O)c1nccs1,-0.0
CS(=O)(=O)c1ccc(Cc2n[nH]c(=S)n2N=Cc2ccccc2F)cc1,-1.6438561897747246
CCn1cc(C=C2C(=O)OC(C)(C)OC2=O)c2cc([N+](=O)[O-])ccc21,-3.9068905956085187
Cc1ccc2oc(=O)cc(Cn3nnc(N)c3C#N)c2c1,1.3219280948873622
CC(C)COC(=O)ONC(=O)CCCc1ccccc1,1.0
O=C1COc2ccc(CNC34CCC(CCc5c(F)cnc6ccc(=O)n(CCN7CCOCC7)c56)(CC3)OC4)nc2N1,-4.0
O=c1c(C=C(c2ccc([N+](=O)[O-])cc2)c2nnn[nH]2)coc2ccc(F)cc12,-5.0
Clc1cccc(Nc2nc3nonc3nc2Nc2cccc(Cl)c2)c1,-0.0
O=C(Nc1ccc(Cl)cc1Cl)N1CCOCC1,-3.643856189774725
Cn1nnnc1SCC1=C(C(=O)[O-])N2C(=O)C(NC(=O)C(NC(=O)COCC(=O)[O-])c3ccccc3)C2SC1,-0.6780719051126377
COc1cccc(-c2nn(-c3ccc([N+](=O)[O-])cc3[N+](=O)[O-])cc2C2N=C(N)NC(N(C)C)=N2)c1,-5.0
C[S+]([O-])c1cc(C(N)=O)cc2nc(NCc3ccccc3Cl)n(CC3CCCCCC3O)c12,-3.643856189774725
CCOC(=O)c1cn(CC)c2nc(C)ccc2c1=O,1.0
O=C1COc2ccc(N3CC(CNC4Cc5cccc(Cl)c5C4)OC3=O)nc2N1,-3.0
CCNc1cc(F)cc2c1[nH]c1ncc(-c3cncc(CC(N)=O)c3)c(-n3ccc(C(F)(F)F)n3)c12,3.0
CCCCCCCCCC1CC(O)c2ccc(O)cc2O1,-3.643856189774725
O=C1NC2C(CC(O)C(O)C2O)c2cc3c(c(O)c21)OCO3,-2.0
CCn1cc(C(=O)NNS(=O)(=O)c2ccc(C)cc2)c(=O)c2ccc(Cl)cc21,4.0
Cn1c(=O)cc(Oc2nc(NCCCl)nc(Nc3ccc(C#N)cc3)n2)c2ccccc21,-4.643856189774724
COc1ccc(OCCNC(=O)c2c(C)nc3ccc(C)cn23)cc1,-5.0
Cc1c(N2CCC(CCN)C2)c(F)cc2c(=O)n(N)c(=O)n(C3CC3)c12,1.0
CC1(C)CC(=O)C2=C(C1)N(c1ccc(F)cc1)C(=O)CC2c1cn(-c2ccccc2)nc1-c1ccc(Cl)cc1,4.321928094887363
CN(C)C1=NC(c2cn(-c3ccc([N+](=O)[O-])cc3[N+](=O)[O-])nc2-c2ccc(Br)cc2)N=C(N)N1,-3.0
CCCCCCCCCCCOC(=O)CC(C[N+](C)(C)C)OC(=O)CCC(C)C,-4.643856189774724
Cc1ccc2c(c1)C(=Nc1ccc(S(=O)(=O)Nc3cc(C)on3)cc1)C(=O)N2,-2.321928094887362
CC(=O)OCC1=C(C(=O)[O-])N2C(=O)C(NC(=O)CSCC#N)C2SC1,-2.655351828612554
NC1CN(c2c(F)cc3c(=O)c(C(=O)O)cn(C4CC4)c3c2F)CC1c1ccc(O)cc1,3.321928094887362
CCOC(=O)C1=C(C)N=c2sc(=Cc3ccc(OC)cc3)c(=O)n2C1c1ccc(SC)cc1,-4.643856189774724
Cc1ccc(C2(C)CCC(=O)O2)c(O)c1,-5.0
Cc1cc(NCC(N)C2CC2)n2nc(NC(CC#N)c3cccc(Cl)c3)nc2n1,-3.0
Cc1c(N2CC3CCCCC3(N)C2)c(F)cn2c(=O)c(C(=O)O)cc(C3CC3)c12,0.3584539709124763
CNc1cc(F)cc2c1[nH]c1nc(Oc3cnc(C)nc3)nc(N3CC(=C(C)CN)C3)c12,4.058893689053568
CC(O)C1C(=O)N2C(C(=O)O)=C(SC3CCOC3CNC(=O)C(N)Cc3ccccc3)C(C)C12,5.058893689053568
Cc1nn(-c2ccc(-c3nnc(S)o3)cc2)c(=O)n1N=Cc1cccc(F)c1,-3.228049047884462
COc1cc(Cc2cnc(N)nc2N)cc2cccnc12,-1.584962500721156
COc1cc(Cc2cnc(N)nc2N)cc(CC(C)O)c1O,-2.0
CON=C(CN)C1CC(SC2=C(C(=O)O)N3C(=O)C(C(C)O)C3C2C)CN1,4.351074440546879
O=c1oc2ccc(Br)cc2cc1-c1csc(NN=Cc2c[nH]nc2-c2cc(Cl)sc2Cl)n1,-0.6897464384935557
CCn1cc(-c2nc(NC(=O)CCl)n[nH]2)c(=O)c2ccc(C)nc21,5.011587974275212
CC1C(=O)C(C)C(c2ccccc2)N(C(=O)Cn2ccnc2)C1c1ccccc1,-2.643856189774725
CNc1cc(F)cc2c1[nH]c1nc(Oc3cnc(C)nc3)nc(N3CC(=C(Cl)CN)C3)c12,2.0
COC(=O)c1ccc(-n2[se]c3ccccc3c2=O)cc1OC,-2.0
COC(=O)C1(C)CCCC2(C)c3ccc(C(C)C)cc3-c3[nH]c4c(F)cccc4c3C12,-4.963474123974886
COc1ccc2nccc(CCN3CCC(NCc4ccc(I)cc4)CC3)c2n1,3.6803820657998387
CCn1cc(C(=O)O)c(=O)c2cc(F)c(-n3cnc(C)c3)c(F)c21,1.3584539709124763
CC(=CC(=O)OCCCCCCCCC(=O)O)CC1OCC(CC2OC2C(C)C(C)O)C(O)C1O,2.9434164716336326
O=C(CN1C(=O)SC(=Cc2sc(Cl)nc2Cl)C1=O)c1ccc(Cl)cc1Cl,-4.643856189774724
C#Cc1c(-c2ccc(OC)cc2)cc(-c2c(O)c3ccccc3[nH]c2=O)nc1N,-1.2265085298086797
O=Cc1cn(-c2ccccc2)nc1-c1ccccc1OCc1cn(Cc2ccccc2)nn1,-2.4594316186372973
CON=C(C(=O)N1CCN(c2ccc3c4c(cccc24)C(=O)N(c2nc4ccccc4[nH]2)C3=O)CC1)c1csc(N)n1,-4.0
CC1(O)CN(c2cc3c(cc2F)c(=O)c(C(=O)O)cn3C2CC2)C1,2.0
COc1cc(C2CC(=O)c3c(cc(O)c(CC=C(C)CCC=C(C)C)c3O)O2)cc(OC)c1O,-5.0
O=CN1C(c2ccccc2)CC(=NO)C(Cc2ccccc2)C1c1ccccc1,-4.643856189774724
CC(CCN1Cc2cc(C#Cc3ccc(C4(N)CC4)cc3)cn2C1=O)(C(=O)NO)S(C)(=O)=O,3.0588936890535687
COc1c(N2CC3CCCN(C(=O)c4ccc(Cl)cc4)C3C2)c(F)cc2c(=O)c(C(=O)O)cn(C3CC3)c12,-0.29865831556451516
CCCCCN(CCCCC)Cc1cc(C(=O)O)ccc1NC(=O)c1cc2cc(F)cc(NC)c2[nH]c1=O,5.058893689053568
COc1cc(C)c(-c2cc(OC)cc3cc4c(c(O)c23)C(=O)c2c(O)cc(O)cc2C4(C)C)c(O)c1,-1.6461626571578936
COc1ccc(NCC(O)CN2CCN(c3cccc4c3CCC(=O)N4)CC2)cc1,-5.0
Cc1cc(NCC(N)c2ccccc2)n2nc(NC(CC#N)c3cccc(Cl)c3)nc2n1,2.0
CON=C(C(=O)NC1C(=O)N2C(C(=O)O)=C(C)C(=CC(=O)OC)SC12)c1ccco1,-4.0
O=C1CCSCCC(=O)Nc2cccc(n2)NC(=O)CCSCCC(=O)Nc2cccc(n2)N1,-3.643856189774725
CC(O)C(NC1CCc2cc(C#Cc3ccc(Cn4ccnc4CO)cc3)ccc21)C(=O)NO,-0.0
O=C(NO)c1ccccc1OCC(O)Cn1cc(-c2ccccc2)nn1,-0.0
CC1(CN)CN(c2cc3c(cc2F)c(=O)c(C(=O)O)cn3C2CC2)C1,3.0588936890535687
O=C(O)c1cn(C2CC2)c2c(Cl)c(N3CCC(NCC(O)Cn4cnc(S)n4)C3)c(F)cc2c1=O,-0.0
CC1C(NC(=O)C(=NOCc2ccc(C(=O)NN=Cc3cccs3)cc2)c2csc(N)n2)C(=O)N1S(=O)(=O)O,4.058893689053568
NC1CC(N)CN(c2cc(Nc3ccc(NC(=O)c4ccc5ccccc5c4O)cc3)cc(N3CC(N)CC(N)C3)c2)C1,-1.0
CCCS(=O)(=O)C1=C(C(=O)O)N2C(=O)C(NC(=O)C(=NOCCBr)c3csc(N)n3)CN2C1,2.0
COc1ccc(Cn2cnc3c(-c4ccco4)nc(F)nc32)cc1,-5.0
O=c1oc2ccccc2cc1-c1csc(N2N=C(c3ccc(F)cc3)CC2(O)C(F)(F)F)n1,-1.0
Sc1nnc(-c2ccncc2)n1N=Cc1ccc(Cl)cc1,-3.350497247084133
CC(=O)NCC1CN(c2ccc(N3CCN(c4nc5c(cc4F)c(=O)c(C(=O)O)cn5C4CC4)CC3)c(F)c2)C(=O)O1,4.058893689053568
CCCC(=O)N1CC(=O)C(=C(CC23CC4CC(CC(C4)C2)C3)NCCCN2CCOCC2)C1=O,-5.0
Cn1nnnc1SCC1=C(C(=O)[O-])N2C(=O)C(Nc3ccc(Cl)c[n+]3C)C2SC1,-1.0
CCOC(=O)N1CCN(N=Cc2ccc(C#Cc3ccc(C(=O)NC(C(=O)NO)C(C)O)cc3)cc2)CC1,4.058893689053568
COc1cccc(CON=C2CCN(c3c(F)cc4c(=O)c(C(=O)O)cn(C5CC5)c4c3OC)CC2N)c1,6.965784284662087
CON=C1CCN(c2nc3c(cc2F)c(=O)c(C(=O)O)cn3C2CC2)CC1NC1CC1,-4.0
CCCCCCn1c(Cn2cnc3c(N4CCCC4)ncnc32)nc2ccccc21,-4.0
Cc1nnnn1CC(=O)NC1CCN(c2c(F)cc3c(=O)c(C(=O)O)cn(C4CC4)c3c2Cl)C1,-4.0
Clc1ccc(Nc2nc3nonc3nc2Nc2ccc(Cl)cc2)cc1,-0.0
Cc1noc(NS(=O)(=O)c2ccc(NC(=O)CSc3nnc(-c4ccccc4)c(-c4ccccc4)n3)cc2)c1C,-4.842978831788326
CC(CCC(=O)NCCS(=O)(=O)O)C1CCC2C3C(O)CC4CC(O)CCC4(C)C3CC(O)C12C,-2.0
COc1ccc(C(=O)OC(C)C)cc1OC,-3.807354922057604
COc1ccc(C2=NN(c3ccccc3)C(c3noc(-c4ccccc4)n3)C2)cc1,-4.643856189774724
Cn1n[n+](C)c2c1C(=O)c1ccccc1C2=O,-5.0
CN1CCN(CCCCOC(=O)c2c3c(n4cc(Br)ccc24)C(=O)c2ncccc2C3=O)CC1,-3.0
Cc1nn(C(=O)c2ccc(F)cc2)c2c1nnc1cc(Cl)c(F)cc12,-4.643856189774724
Cc1nc2c(=O)n(C3CC3)c3c(Cl)c(N4CC5CCCNC5C4)c(F)cc3c2o1,-1.0
CC(C)(C)c1cc(C(=O)Nc2ccc(C(=O)NCCCN)cc2)cc(C(C)(C)C)c1,-3.0
O=C(C=Cc1cccc(Br)c1)c1ccc(-n2cccc2)cc1,-4.643856189774724
NC1CC(N)CN(c2nc(N3CC(N)CC(N)C3)nc(N3CCc4cc(Br)ccc43)n2)C1,-4.0
NCC1CN(c2nc3c(cc2F)c(=O)c(C(=O)O)cn3C2CC2F)CC1=NOCc1ccc(F)cc1,6.965784284662087
COc1ccc(C[n+]2ccc(NC3C(=O)N4C(C(=O)[O-])=C(CSc5nnnn5C)CSC34)cc2)cc1OC,1.0
Cc1ccc(NC(C)c2c(O)c3ccccc3oc2=O)cc1,-1.9634741239748859
COc1c(N2CCC(C(C)NC(C)C)C2)c(F)cc2c(=O)c3c(=O)[nH]sc3n(C3CC3)c12,1.0
CC(=O)N(N=Nc1ccc([N+](=O)[O-])cc1C(F)(F)F)c1ccc([N+](=O)[O-])cc1C(F)(F)F,-0.0
CCCCCCNC(=O)C[N+](C)(C)CCCOc1cc(C(C)C)ccc1C,-4.0
CC1(C)OC2OC(CNC3=C(Br)C(=O)c4ccccc4C3=O)C(O)C2O1,-4.0
CC1(CO)CC1C#CC#Cc1cc2n(c1)C(=O)N(CCC(C)(C(=O)NO)S(C)(=O)=O)C2,2.0
CC(=NOC(=O)c1ccco1)N1N=C(c2ccc(Cl)cc2Cl)CC1c1ccc(C(F)(F)F)cc1,-1.6438561897747246
Cc1nn(-c2ccccc2)c(Cl)c1C1CC(C2C(=O)N(C)C(=O)N(C)C2=O)=NN1,-4.643856189774724
CON=C(C(=O)N1CCN(c2ccc3c4c(cccc24)C(=O)N(CC(=O)O)C3=O)CC1)c1csc(N)n1,-5.0
Cc1cc(C)n2nc(SCc3nnc(SCc4ccccc4Br)s3)nc2n1,-3.643856189774725
O=[N+]([O-])c1c[nH]c(-c2nnc(-c3cccc([N+](=O)[O-])c3O)o2)c1,-2.643856189774725
CC1COc2c(C3(N)CC3)c(F)cc3c(=O)c(C(=O)O)cn1c23,7.965784284662087
NC(=O)c1cc2cc(CO)c(C(F)(F)F)nc2nc1N,-1.0
O=C(N=NC(=O)Nc1ccccc1)NCc1ccncc1,-5.0
Cc1cc(-c2noc(COc3ccc(Cl)cc3C(=O)c3ccccc3)n2)ccc1F,-4.8875252707415875
NS(=O)(=O)c1ccc(NC(=S)NC(=O)c2ccco2)cc1,1.6757654377294686
CCc1cc2c(s1)B(O)N(S(=O)(=O)c1ccc(C)cc1)C=C2,-2.643856189774725
CCCCCCCNC(=O)C[N+](C)(C)CCCOc1cc(C)ccc1C(C)C,-2.0
CC(C)CCOc1cc(C(=O)NC2CCCCC2)cc2ccccc12,-1.0
COc1ccc(C2C(C)C(=O)C(C)C(c3ccc(OC)cc3)N2C(=O)CN2CCOCC2)cc1,-3.643856189774725
CC(C)(C)n1cc(C(=O)O)c(=O)c2cc(N)c(N3CCc4ccccc43)cc21,3.0588936890535687
CN(C)CCCCCCOC(=O)c1c2c(n3cc(Br)ccc13)C(=O)c1ncccc1C2=O,-1.0
O=C(Nc1cc(Cl)cc(Cl)c1)N1CCOCC1,-3.643856189774725
NC1CCN(c2cc3c(c(=O)c(C(=O)O)cn3C3CC3)c3[nH]cnc23)C1,5.321928094887363
CCCCCCCCCn1ccnc1,-4.247927513443585
CCn1cc(C(=O)O)c(=O)c2cc(F)c(N3CC4CC3CN4C)cc21,2.321928094887362
O=C(NN1C(=O)C(Cl)C1c1ccccc1Cl)c1cc(-c2ccc(Cl)cc2)n[nH]1,5.011587974275212
O=c1ccc2ncc(F)c3c2n1CC3(O)CC12CCC(NCc3ccc4c(c3)OC(F)(F)O4)(CC1)CO2,-5.0
C=Cn1cc(C(=O)O)c(=O)c2cc(F)c(N3CCN4CCC3CC4)cc21,3.321928094887362
COc1cc(NC(=O)c2ccc(-c3ccccc3)cc2)c(C(=O)O)cc1OC,-4.247927513443585
Cc1c(N2CCC(c3ccccn3)C2)c(F)cn2c(=O)c(C(=O)O)cc(C3CC3)c12,4.321928094887363
O=C(C=Cc1cccc(Br)c1)N1N=C(c2ccncc2)OC1c1c[nH]c2ccccc12,-4.189824558880018
COc1ccc(NC(=O)CSc2nnc(-c3cc(F)c(Cl)cc3Cl)n2N)cc1,-2.643856189774725
OCCCC1CCN(c2c(-c3nnc(S)n3-c3ccccc3)cnc3c(C(F)(F)F)cccc23)CC1,-3.643856189774725
CSc1nc(Cl)cc(Sc2nnc(-c3ccc(C(F)(F)F)cc3)[nH]2)n1,-0.6780719051126377
O=C(NN=C1C(=O)Nc2ccc(Cl)cc21)NN=C1C(=O)Nc2ccc(Cl)cc21,-2.643856189774725
O=C1CC(c2cc(=O)oc3ccc(Cl)cc23)c2c(c3ccccc3oc2=O)O1,-2.643856189774725
CCCCCCCCCCCC(=O)NC(=S)Nc1ccc(S(N)(=O)=O)cc1,1.6757654377294686
OC(COc1cccc2c1c1ccccc1n2CCCC(F)(F)F)CN(Cc1ccccn1)Cc1ccccn1,-1.6438561897747246
COc1cc2c(ccc(=O)n2CCNC2CCC3C(C2)OC(=O)N3c2ccc3c(n2)NC(=O)CO3)cn1,4.058893689053568
CN1CCN(c2c(F)cc3c(=O)c(C(=O)O)cn(C=CF)c3c2F)CC1,5.321928094887363
NCC1OC(OCCCc2ccccc2)C(N)C(OCc2ccc3ccccc3c2)C1N,-4.0
COc1ccc2nccc(C=CC3CCC(NCc4ccc5c(n4)NC(=O)CS5)CO3)c2n1,7.965784284662087
CCNCc1cc2cc3c(cc2n1C)CCCCc1c-3[nH]c(=O)c(C(=O)O)c1O,2.395928676331139
COC1(NC(=O)Cc2ccc(O)cc2)C(=O)N2C(C(=O)[O-])=C(CSc3nnnn3C)CSC21,1.0
Cc1c(N2CCC(C)C(N)C2)c(F)cn2c(=O)c(C(=O)O)cc(C3CC3)c12,2.321928094887362
COc1ccc(OC)c(C=NN=c2scc(-c3cc(O)ccc3O)n2-c2ccccc2)c1,-3.643856189774725
CCCCC(CN(O)C=O)C(=O)N1CC=CC1C(=O)Nc1ccccn1,-5.0
CC(CCN1Cc2cc(C#CC#CC3CC3(F)CO)cn2C1=O)(C(=O)NO)S(C)(=O)=O,2.0
O=c1c2ccccc2nc(C=Cc2ccccc2)n1-c1nnc(C=Cc2ccccc2)s1,-3.1731274334806563
O=C(CN1Cc2c(Cl)cccc2NC1=O)NO,-4.0
O=C1COc2ccc(CNC34CCC(CCc5c(F)cnc6cccnc56)(CC3)OC4)nc2N1,-2.0
O=C(c1ccc(Cl)cc1)C1C2c3ccccc3OCC2N2CCCC12,-3.321928094887362
COc1ccc2c3c1OC1CC(O)C=CC31CCN(C)C2,0.5145731728297583
COc1cccc(-c2ccc3[nH]c4c5[n+](ccc4c3c2)-c2ccccc2C5=O)c1,-3.643856189774725
O=C(NCC1CN(c2ccc(N3CC4(COC4)C3)c(F)c2)C(=O)O1)c1ccccc1F,-0.44360665147561484
CCCCCCCCCCCC(=O)c1c(O)cc(O)c(C(CC(C)C)C2=C(O)C(C)(C)C(=O)C(C)(C)C2=O)c1O,-5.0
CCc1c(F)c(N2CCNCC2)nc2c1c(=O)c(C(=O)O)cn2C1CC1,1.0
COc1cc(Cc2cnc(N)nc2N)cc2c(N(C)C)cc(C)nc12,-3.321928094887362
COc1ccccc1C1=NN=C2C(F)CC3=C(C(C4CC4)C=C(C(=O)O)C3=O)N2C1,1.0
COc1ccc(-n2c(=S)[nH]c3c(c2=O)C(c2ccccc2Cl)N(N=Nc2ccc(Cl)cc2)C(=O)N3)cc1,-4.087462841250339
CC1(N)CN(c2c(F)cc3c(=O)c(C(=O)O)cn(-c4ccc(F)cc4F)c3c2Cl)C1,5.058893689053568
CC(=O)Oc1ccc(C2NC(=O)c3c(C)cc(C)nc3N2)cc1,-4.643856189774724
CCOc1c(N2CCCC(N)C2)c(F)c(N)c2c(=O)c(C(=O)O)cn(C3CC3)c12,3.321928094887362
COc1ccc(-c2cc(C(=O)O)c(=O)n3cc(F)c(N4CCC(N)C4)nc23)cc1,-3.643856189774725
CC(C)=CCCC(C)=CCN1CCCc2cc(OCCCCCCCCNC(=N)N)ccc21,-4.643856189774724
COC(=O)c1c(C)nc(C)c2c1C(=O)C(Br)=C(NCC1OC(OC)C3OC(C)(C)OC13)C2=O,-3.0
Nc1c(F)c(N2CC3CCCC(N)C3C2)c(F)c2c1c(=O)c(C(=O)O)cn2C1CC1F,8.380821783940931
Nc1nc(N)c2c(Cl)c(Sc3cccc(C(F)(F)F)c3)ccc2n1,1.0
CCn1cc(C(=O)OCC2=C(C(=O)O)N3C(=O)C(NC(=O)COc4ccccc4)C3SC2)c(=O)c2ccc(C)nc21,-4.0
Cc1cc(F)ccc1-n1cc(C(=O)O)c(=O)c2cc(F)c(N3CCNCC3)cc21,2.321928094887362
Cc1c2cc[n+](C)cc2c(C)c2c1[nH]c1ccc(Br)cc12,-2.0
CON=C(CN1CCN(c2c(F)cc3c(=O)c(C(=O)O)cn(C4CC4)c3c2Cl)CC1)c1nccs1,2.0
COc1cc(C=Nn2c(S)nnc2-c2ccncc2)cc(OC)c1OC,-3.350497247084133
CC(O)C1C(=O)N2C(C(=O)[O-])=C(SC3CNC(C(=O)Nc4cccc(C(=O)O)c4)C3)C(C)C12,6.965784284662087
CS(=O)(=O)NCC1CN(c2ccc(-c3ccc4c(c3)CC3(C(=O)NC(=O)NC3=O)C3CCCN43)c(F)c2)C(=O)O1,-4.0
NC1CCN(c2nc3c(cc2F)c(=O)c(C(=O)O)cn3-c2ccc(F)cc2F)C1,8.965784284662087
CC(C)C(=O)N(O)CC1CN(c2ccc(N3CCOCC3)c(F)c2)C(=O)O1,-5.0
O=Cc1cn(-c2nc3cc(Cl)cc(Cl)c3o2)nc1-c1ccc(Br)cc1,-4.321928094887363
CC(C)N1CCN(c2cc3c(cc2F)c(=O)c(C(=O)O)c2n3C(C)S2)CC1,2.321928094887362
NS(=O)(=O)c1ccc(N2N=C(c3ccccc3)CC2c2cn(-c3ccccc3)nc2-c2ccc(Br)cc2)cc1,-5.0
NCC1CCC(N)C(OC2C(N)CC(N)C(C3OC(CO)C(O)C(N)C3O)C2O)O1,0.3584539709124763
NCC1OC(OC2C(N)CC(N)C(OC3OC(CO)C(O)C(O)C3O)C2O)C(N)C(O)C1O,-5.0
CC(=O)C1=CC2(C)C(=CC1=O)C(O)CCC2C,-4.965784284662087
O=[N+]([O-])c1ccc(S(=O)(=O)n2ncc3ccccc32)cc1,2.3562361456626575
Cc1ccc(OC2=C(Cl)C(=O)c3ccccc3C2=O)cc1,-4.643856189774724
CCCCCCCCCCn1c(COc2c(OC)ccc3cc4[n+](cc23)CCc2cc3c(cc2-4)OCO3)nc2ccccc21,-5.0
O=S1(=O)Cn2nnc(-c3ccc(Br)cc3)c2-c2ccccc21,-2.643856189774725
COc1cc(OC)nc(N=NN2CCN(c3cc4c(cc3F)c(=O)c(C(=O)C(C(C)=O)C(C)=O)cn4C3CC3)CC2)n1,6.058893689053568
CC(=O)Nc1c(F)c(N2CCc3sccc3C2)c(F)c2c1c(=O)c(C(=O)O)cn2C1CC1,-4.0
COc1ccc2ncc(F)c(CCC34CCC(NCc5nc6c(c(C)c5C(C)C)OCC(=O)N6)(CC3)CO4)c2n1,-5.0
COc1ccc(C2CC(c3ccccc3F)=NN2C(C)=O)cc1,-3.643856189774725
Cc1cc(NCC(N)c2c(C)noc2C)n2nc(NC(CC#N)c3cccc(Cl)c3)nc2n1,-0.0
Cc1ncc([N+](=O)[O-])n1CC(C)OC(=O)C=Cc1ccc(-c2ccccc2)cc1,-0.6415460290875237
CC(=O)CCn1nc(-c2cn3c4c(c(N5CCN(C)CC5)c(F)cc4c2=O)OCC3C)n(N)c1=S,1.0
CCCCC(CN(O)C=O)C(=O)N1CCCC1c1nnc(-c2ccc([N+](=O)[O-])cc2)s1,-4.0
CC(=Cc1csc(C)n1)C1CC2OC2(C)CCCC(C)C(O)C(C)C(=O)C(C)(C)C(O)CC(=O)O1,-0.765534746362977
Clc1ccc(-c2nn3c(-c4cccc(-c5nnc6sc(-c7ccc(Cl)cc7)nn56)n4)nnc3s2)cc1,-5.0
O=C(O)c1cn(C23CC4CC(CC(C4)C2)C3)c2cc(N3CCNCC3)c(F)cc2c1=O,-1.0
O=C(O)CNC(=O)c1ccc(NC(=S)Nc2cccc(F)c2)cc1,-3.643856189774725
O=C(NCC1CN(c2ccc(-c3nnc4ncccn34)cc2)C(=O)O1)C1CC1,-4.0
COc1ccc(Br)c(C(=O)NN=Cc2ccc(-c3ccccc3)cc2)c1,-4.643856189774724
CCOC(=O)C(C#N)c1cc2c(cc1F)c(=O)c(C(=O)O)cn2Cc1ccc(F)cc1F,1.0
CON=C(C(=O)NC1C(=O)N2C(C(=O)[O-])=C(C[n+]3cccc(-c4cc(N)n(CCO)n4)c3)CSC12)c1csc(N)n1,6.265344566520995
CN1CCOc2ccc(CNC34CCC(CC5(O)Cn6c(=O)ccc7ncc(F)c5c76)(CC3)OC4)nc21,-5.0
COC(=O)C1(C)CCCC2(C)c3ccc(C(C)C)cc3-c3c(c4ccccc4n3CCNc3ccc([N+](=O)[O-])cc3)C12,-4.963474123974886
CC(=O)N1CCN(N=Cc2ccc(C#Cc3ccc(C(=O)NC(C(=O)NO)C(C)O)cc3)cc2)CC1,1.0
COc1ccc2ncc(=O)n(CCN3CCC(NCc4ccc5c(n4)NC(=O)CO5)CC3)c2c1,2.9434164716336326
CON=C(C(=O)NC1C(=O)N2C(C(=O)O)=C(C=Cc3scnc3C)CSC12)c1csc(N)n1,1.3584539709124763
CN1CC(Oc2cccc(-c3cccc(CNCCC4CN(c5ccc6c(n5)NC(=O)CO6)C(=O)O4)c3)n2)C1,2.0
CC(O)(CO)CC1(C)OC(CC2CC(=O)NC(=O)C2)=CC1=O,-3.584962500721156
CCCCCCCCCCCCn1cc(C=NNc2ccc3c4c(cccc24)C(=O)N(C(CO)CO)C3=O)c2ccccc21,-5.0
Fc1cc2c(c3ncccc13)OCN(CCc1ccccc1)C2,-2.643856189774725
Cc1coc2c(O)c3c(c(C)c12)C(C)CCC3,-4.643856189774724
NCCCNCCCNC(CCC1CCCCC1)CCC1CCCCC1,-3.9068905956085187
Cc1ccc(C(=O)CC(c2ccccc2)C2CCCc3[se]nnc32)cc1,-3.643856189774725
Clc1cc2c(c3ncccc13)OCN(CCCCc1ccccc1)C2,-3.643856189774725
O=C1COc2ccc(CNC34CCC(CC5(O)Cn6c(=O)ccc7ncc(F)c5c76)(CC3)OC4)cc2N1,-2.584962500721156
N=C(N)NCCCC(N)C(=O)NC(CCc1ccccc1)CCc1ccccc1,-5.0
CCC(C=CC(C)C1CCC2C3C4=CC5(CC(Cl)CCC5(C)C3CCC12C)NC(=S)N4)C(C)C,-5.0
Cc1c2c(nn1CC(=O)NN=Cc1ccsc1)-c1ccccc1S(=O)(=O)N2C,-4.584962500721156
Nc1nc(COC(=O)c2c(F)cccc2Cl)cs1,-4.643856189774724
COc1cnc2ccc(F)c(C(O)C(O)C3CCC(NCc4cc5c(cn4)OCCO5)CO3)c2n1,6.965784284662087
CCn1cc(C(=O)O)c(=O)c2cc(F)c(N3CCNC(C)C3)cc21,3.321928094887362
C=CC1(C)CC(OC(=O)CSc2nc(NCCO)c3ccccc3n2)C2(C)C(C)CCC3(CCC(=O)C32)C(C)C1O,5.058893689053568
CC1Cn2cc(C(=O)O)c(=O)c3cc(F)c(N4CCN(C=O)CC4)c(c32)S1,3.0588936890535687
Cc1csc(SC2=C(C(=O)[O-])N3C(=O)C(NC(=O)C(=NOCCF)c4csc(N)n4)C3CC2)n1,2.0
Cc1cc2cc(C(N)=O)c(N)nc2nc1C(F)(F)F,3.9885043611621707
COc1ccc(NC(=S)Nc2ccc(C3CC(c4ccc(OC)c(OC)c4)=NN3C(C)=O)cc2)cc1,-4.321928094887363
Cc1c(N2CCCNCC2)c(F)cn2c(=O)c(C(=O)O)cc(C3CC3)c12,5.643856189774724
CNC1CN(c2c(F)cn3c(=O)c(C(=O)O)cc(C4CC4)c3c2C)CC1C,4.321928094887363
Fc1ccc(Nc2c(-c3cnc4ccc(Br)cc4c3)nc3ccc(-c4nnc(-c5ccc(F)cc5)o4)cn23)cc1,0.4150374992788438
COc1ccc2c(c1)CN(C1CC(c3ccccc3)=NN1c1nc(-c3ccc(F)cc3F)oc1C)CC2,-2.643856189774725
O=C(C=Cc1ccccc1)c1ccc[nH]1,-3.321928094887362
CC(NC(=O)C(Cl)Cl)C(=O)N1CCN(c2cc3c(cc2F)c(=O)c(C(=O)O)cn3C2CC2)CC1,3.608232280044003
CC1OC2CC(=O)OC2c2oc(=O)c3ccc(C4CC(N(C)C)C(O)C(C)O4)c(O)c3c(=O)c21,-3.0
CCn1cc(C(=O)O)c(=O)c2cc(F)c(-n3cnc(C(=O)OC)c3)c(F)c21,-4.643856189774724
O=c1oc2ccccc2cc1Sc1c(-c2ccccc2)nc2ccccc2c1-c1ccccc1,-4.643856189774724
NC(CO)C(=O)N1CCC(Cc2ccc(C#Cc3ccc(CO)cc3)cc2)CC1,-4.0
CC(O)C1C(=O)N2C(C(=O)[O-])=C(c3cn4c(C5CC5)nc(C(=O)c5ccc[n+](CC(N)=O)c5)c4s3)C(C)C12,-2.0
CC(C)(C)c1ccc(NC(=O)CCN)c(-c2ccc(-c3cc(C(C)(C)C)ccc3NC(=O)CCN)cc2)c1,-2.643856189774725
CC(O)C1C(=O)N2C(C(=O)[O-])=C3CCCC3C12,-1.0
COc1ccc(-c2nc3sc(Cc4noc5ccccc45)nn3c2N=O)cc1,-1.0
CCNC(=O)Nc1cc(-c2nc(C(F)(F)F)cs2)c(-c2cc(C(=O)O)ccc2N2C3CCC2CN(C)C3)cn1,-0.16349873228287956
Cc1c(C(=O)NN=Cc2ccc([N+](=O)[O-])o2)[n+]([O-])cn1C1CCCCC1,-4.754887502163468
O=C(c1ccccc1[N+](=O)[O-])N1CCN(c2ccc(N3CC(Cn4ccnn4)OC3=O)cc2F)CC1,-3.0
CCc1ccc(CCOc2ccc(C3=NOC(Cc4ccc5c(c4)OCO5)C3)cc2)nc1,-4.459431618637297
CCOC(=O)c1cn(CC=C(C)C)c2cc(F)c(F)cc2c1=O,-3.0
COc1c(N2CCN(c3nnc(-c4ccc([N+](=O)[O-])cc4)s3)C(C)C2)c(F)cc2c(=O)c(C(=O)O)cn(C3CC3)c12,-4.0
NCCCNCCCNC(CCCC1CC2CCC1C2)CCC1CC2CCC1C2,-2.0
CN(C)C1C(=O)C(C(N)=O)=C(O)C2(O)C(O)C3C(=O)c4c(O)cccc4C(CSCCC(=O)O)C3CC12,-4.321928094887363
CC(=O)N1N=C(c2nc(C(C)C)cs2)OC1(C)c1ccc(C)cc1,-4.0
CC1=NN(c2ccccc2)C(=O)C1=NNNC(=O)Cn1c2ccccc2c2ccccc21,-2.678071905112638
COc1ccc(C(=O)Nc2ccc(C)cc2)cc1OC,-4.087462841250339
COc1cc2c(ccc3c(C)c(C)ccc32)cc1C(C)C,0.5145731728297583
Cn1nc(Nc2nc(NC(CO)c3ccccc3)nc3[nH]ncc23)cc1C(C)(C)C,-1.0
Cn1cc([N+](=O)[O-])cc1-c1nnc(-c2ccco2)o1,-1.6438561897747246
CCc1cc(Nc2cc(=O)n(CCCCN3CCN(c4ncccn4)CC3)c(=O)[nH]2)ccc1C,-4.321928094887363
O=C(O)CSC(=O)C(CCCCNC(=O)Cc1cccs1)NC(=O)Cc1cccs1,1.0
O=C(NCCc1c[nH]c2ccccc12)C(=O)c1cn(Cc2ccc(Cl)cc2)c2ccccc12,-3.643856189774725
CC1(N)CN(c2cc3c(cc2F)c(=O)c(C(=O)O)cn3C(C)(C)C)C1,3.0588936890535687
CC(O)C(NC(=O)c1ccc(C#Cc2ccc(C=NN3CCCC3)nc2)cc1)C(=O)NO,-1.0
CN(C)C(=N)c1ccc2cc(-c3ccc4cc(-c5cc6ccc(C(=N)N(C)C)cc6[nH]5)ccc4c3)[nH]c2c1,-5.0
CCNCC1CCN(c2c(F)cc3c(=O)c(C(=O)O)cn(CC4CC4)c3c2F)C1,0.3219280948873623
CCNCc1cc2c3c(ccc2n1C)-c1[nH]c(=O)c(C(=O)O)c(O)c1CCC3,-2.655351828612554
Cc1ccc(-n2c(=O)c3ccccc3n3c(-c4ccccc4Cl)nnc23)cc1,-3.643856189774725
CNc1cc(F)cc2cc(C(=O)Nc3ccc(C(=O)NCCN4CCOCC4)cc3)c(=O)[nH]c12,4.058893689053568
CN1CCN(c2nc3c(c(N)c2N)c(=O)c(C(=O)O)cn3C2CC2)CC1,6.643856189774724
COC(=O)c1cccc(-c2ccc(NC(=O)c3ccc4c(c3)OCCCO4)cc2)c1,-3.643856189774725
CC1(C)SC2C(n3cc(Cc4ccccc4)nn3)C(=O)N2C1C(=O)O,-3.0
O=C(NCc1ccccc1)Nc1c(-c2cccc(F)c2)nc2ccccc2c1O,-2.643856189774725
Nc1nc(N)c2c(Cl)c(Sc3ccccc3)ccc2n1,2.0
Nn1c(SCC(=O)c2c([O-])on[n+]2-c2ccccc2)nnc(Cc2ccc(Cl)cc2)c1=O,2.0
CC(C)=CCCC(C)=CCCC(C)=CCNCCNC1C2CC3CC(C2)CC1C3,-2.963474123974886
N#CC1=C(N)OC(c2c[nH]c3ccccc23)=C(C#N)C1c1ccccc1F,-4.776103988073165
CC(=O)Nc1cccc(OCc2cc(=O)oc3ccc(Cl)cc23)c1,-3.643856189774725
C[S+]([O-])C=CC1=C(C(=O)O)N2C(=O)C(NC(=O)Cc3cccs3)C2SC1,-0.0
O=c1cc(COc2cccc(OCc3cc(=O)oc4c3ccc3ccccc34)c2)c2ccc3ccccc3c2o1,-4.643856189774724
Clc1ccc(Cl)c(Oc2ccc(NC(=Nc3ccccc3)NCCNc3ccnc4cc(Cl)ccc34)cc2)c1,-2.643856189774725
CCc1c(-c2ccc(N(C)C)cc2)n(Cc2ccccc2)c(=O)c2c(O)cc(=O)oc12,-3.643856189774725
O=C1OC(CO)CN1c1ccc(-c2cc(O)ccc2F)c(F)c1,-4.0
CC(=O)C=Cc1ccc(C(=O)Nc2cc(C(=O)Nc3cc(C(=O)NCCN4CCOCC4)n(C)c3)n(C)c2)cc1,-5.0
Fc1ccccc1-c1nnc(-c2ccccc2COc2ccc(Cl)cc2)o1,-2.643856189774725
CC(O)C1C(=O)N2C(C(=O)O)=C(SC(=S)N(C)CCO)C(C)C12,0.3584539709124763
O=c1[nH]c2cc(O)ccc2c2oc3ccc(O)c(CN4CCCCC4)c3c12,-4.643856189774724
COc1c(N2CCc3sc(COC(C)=O)cc3C2)c(F)cc2c(=O)c(C(=O)O)cn(C3CC3)c12,1.0
Cc1c(N2CC3CCNCC3C2)c(F)cn2c(=O)c(C(=O)O)cc(C3CC3)c12,2.321928094887362
Cc1c(N2CCC(C3(N)CC3)C2)c(F)c(N)c2c(=O)c(C(=O)O)cn(C3CC3F)c12,8.380821783940931
N#CCON=C(CS(=O)(=O)c1ccc(N)cc1)c1nccs1,-3.0
CCCCCCn1c(Cn2cnc3c(N4CCOCC4)ncnc32)nc2ccccc21,-3.0
CC(O)C1C(=O)N2C(C(=O)O)=C(SC3CNC(Cc4ccccc4)C3)C(C)C12,3.321928094887362
CCn1cc(C(=O)O)c(=O)c2cc(F)c(N3CCN4CCCC3C4)cc21,2.321928094887362
COc1ccc2oc(=O)cc(C3CC(=O)Oc4c3c(=O)oc3ccccc43)c2c1,-1.7004397181410922
CCN(CC)C(=S)SC1=C(C(=O)O)N2C(=O)C(C(C)O)C2C1C,-4.643856189774724
CON=C1CCN(c2c(F)cc3c(=O)c(C(=O)O)cn(C4CC4)c3c2F)CC1,-0.6415460290875237
O=C(C=Cc1ccc(C=NNC(=O)c2cccc(Cl)c2)cc1)c1ccc(Cl)cc1,-5.0
CC1(C)OC(=O)C(=Cc2c[nH]c3ccc(Br)cc23)C(=O)O1,-3.321928094887362
COc1cccc(N2CCN(Cc3oc(CCl)cc(=O)c3O)CC2)c1,-5.0
Nc1nc(C(=NOCCF)C(=O)NC2C(=O)N3C(C(=O)[O-])=C(Sc4nccs4)CCC23)cs1,3.0
CCCCCNC(=O)C[n+]1cccc(C(=O)N2CCN(c3cc4c(cc3F)c(=O)c(C(=O)O)cn4C3CC3)CC2)c1,-5.0
NC1CC(N)CN(c2nc(Nc3ccc(NC(=O)c4ccc(Cl)cc4)c(O)c3)nc(N3CC(N)CC(N)C3)n2)C1,-1.0
CN(Cc1cc2ccccc2n1C)C(=O)C=Cc1cnc2c(c1)CNCC(=O)N2,-0.0
COc1cccc(C=NNC(=O)Cn2c([N+](=O)[O-])cnc2C)c1,-4.643856189774724
O=C(Nc1ccccc1)N(Cc1cc(Br)ccc1O)c1ccc(Cl)cc1,-0.6415460290875237
CCOc1c(N2CCNC(C)C2)c(F)cc2c(=O)c(C(=O)O)cn(C3CC3)c12,4.321928094887363
O=C([O-])C1=CSC2C(=Cc3cn4c(n3)nc3n4CCCC3)C(=O)N12,4.058893689053568
CC(=O)Nc1ccc(S(=O)(=O)Cc2nc3ccccc3n2Cc2ccc(Cl)cc2Cl)cc1,-3.0
O=S(=O)(c1ccc(Cl)cc1)n1ncc2ccccc21,1.3562361456626577
COCC1=C(C(=O)O)N2C(=O)C(NC(=O)C(=NOCc3cc(=O)c(O)cn3O)c3csc(N)n3)C2SC1,2.0
Brc1ccc(C2=NN(c3nc(-c4ccccc4)cs3)C(c3ccco3)C2)cc1,-1.6461626571578936
O=C1Nc2ccc(Cl)cc2C1=NN1C(=O)CSC1c1ccc([N+](=O)[O-])cc1,-4.22881869049588
C[n+]1cccc(N(CCCCCC2CCCCC2)c2ccc(C(F)(F)F)cc2)c1,-4.321928094887363
CN1C=CN(C)C1,-0.0
CON=C1CCN(c2nc3c(cc2F)c(=O)c(C(=O)O)cn3-c2ccc(F)cc2F)CC1,-2.6322682154995127
COc1cccc(NC(c2cccc(C)c2O)C2CCCCC2=O)c1,-0.6897464384935557
COc1ccc(Br)c(C(=O)NN=Cc2ccc(O)c(OC)c2)c1,-2.643856189774725
Cn1ncc2cc(-n3cc(CSc4nnnn4-c4cccc([N+](=O)[O-])c4)nn3)ccc21,-2.321928094887362
CCOc1c(N2CCCC(N)C2)c(F)cc2c(=O)c(C(=O)O)cn(C3CC3)c12,2.321928094887362
CC(C)n1c(-c2ccc([N+](=O)[O-])o2)nc2ccccc2c1=O,-1.0
COc1cc(Cn2cnc(C)c2)c2cc3[n+](cc2c1O)CCc1cc2c(cc1-3)OCO2,-5.0
O=C(O)c1cn(-c2ccccc2)c2cc(N3CCNCC3)c(F)cc2c1=O,3.321928094887362
Cc1ccc(Nc2nc(Nc3ccc(C)cc3)nc(Nc3ccc(C#N)nc3)n2)cc1,-3.643856189774725
CCOc1ccc2sc(S(C)(=O)=O)nc2c1S(=O)(=O)NC(C)(C)C,-4.321928094887363
CN1CCN(CCCCCCOC(=O)c2c3c(n4cc(Br)ccc24)C(=O)c2ncccc2C3=O)CC1,-2.0
COc1cc(C2C(O)C(O)C(C)N2C)c(F)c(C)c1OC,-4.0
CC(C)(C)OC(=O)N1CCCC1C(=O)Oc1ccc2c(=O)c3ccccc3oc2c1,-4.643856189774724
CNCC1CCN(c2c(F)cc3c(=O)c4c(=O)[nH]sc4n(C4CC4)c3c2OC)C1,4.058893689053568
CCCCCCCCCCCCn1nnc(-c2n[nH]c(=S)n2N)c1-c1n[nH]c(=S)n1N,-0.0
CON=C1CN(c2cc3c(cc2F)c(=O)c(C(=O)O)cn3C2CC2)CC1N,6.965784284662087
Cn1ccnc1SCC(=O)N1CCC2C1C(=O)N2S(=O)(=O)[O-],-4.0
CCCCC(CC)CNC(=N)NC(=N)NCCCCCCNC(=N)NC(=N)NCC(CC)CCCC,-0.0
CCOP(=O)(OCC)C(Nc1ccc2c(CCl)cc(=O)oc2c1)c1cccc(O)c1,-3.0
NC1CCN(c2c(F)cc3c(=O)c(C(=O)O)cn(C=CF)c3c2F)C1,4.321928094887363
O=C(C=C1C(=O)N(CCn2cncn2)c2ccccc21)c1ccccc1,-3.0
Cc1ccc(C#N)c(N2CCN(CC#CCOC(=O)c3sc4ncnc(N5CCCCC5)c4c3C)CC2)c1,6.1177873781071375
CC(C)(C)n1cc(C(=O)O)c(=O)c2cc(F)c(N3CCC(N)C3)cc21,5.965784284662087
Cc1cc(NCC(O)c2ccccc2)n2nc(NC(CC#N)c3cccc(Cl)c3)nc2n1,2.0
CC(O)C1C(=O)N2C(C(=O)O)=C(CN(C)C(C)C(N)=O)SC12,3.0588936890535687
Nc1nc(-c2ccc(F)cc2)cc(-c2ccc(Nc3cc(=O)oc4ccccc34)cc2)n1,-2.643856189774725
Cc1ccc(C=Nn2c(S)nnc2-c2ccncc2)cc1,-3.350497247084133
O=C(NO)C1CN(c2ccc(C#Cc3ccc(CN4CCOCC4)cc3)cc2)C(=O)O1,4.058893689053568
O=C(c1ccc(Cl)cc1)c1c(O)n(-c2ccc(Cl)cc2)n(-c2ccc(Cl)cc2)c1=O,-1.0
CSCCC(N)C(=O)NC(CCl)C(=O)O,-0.6415460290875237
CCn1cc(C(=O)O)c(=O)c2cc(F)c(N3CCN(CC(=NOC)c4ccccc4)CC3)nc21,-3.643856189774725
C[n+]1cccc2c1c1cccc(Cl)c1n2CCCCCC1CCCCC1,-4.321928094887363
CC1=C(C(=O)OC(c2ccccc2)c2ccccc2)N2C(=O)C(NC3=NCC(C)N3)C2SC1,-1.0
CCn1cc(C(=O)O)c(=O)c2cc(F)c(N3CCC(O)C3)nc21,0.3584539709124763
O=C1COc2cc(Cl)c(CNC34CCC(CC5(O)Cn6c(=O)ccc7ncc(F)c5c76)(CC3)OC4)nc2N1,-3.0
Cn1nnnc1SCC1=C(C(=O)[O-])N2C(=O)C(Nc3cc[n+](Cc4ccco4)cc3)C2SC1,4.058893689053568
CC(C)(C)OC(=O)NC(Cc1ccc(O)cc1)C(=O)Oc1ccc2c(=O)c3ccccc3oc2c1,-4.247927513443585
COC(=O)C1(C)CCCC2(C)c3ccc(C(C)C)c(NC(=O)Cn4cc(-c5cccc(NC(C)=O)c5)nn4)c3CCC12,-1.632268215499513
COc1c(N2CCc3sc(Br)cc3C2)c(F)cc2c(=O)c(C(=O)O)cn(C3CC3)c12,-1.0
CNC1CCN(c2nc3c(cc2F)c(=O)c(C(=O)O)cn3CCF)C1,2.321928094887362
O=C(NNC1=NS(=O)(=O)c2ccccc2N1c1ccccc1)c1ccc([N+](=O)[O-])o1,-4.22881869049588
Nc1n[nH]c(NC(=S)Nc2ccc(C(=O)NCC(=O)O)cc2)c1N=Nc1ccc(Cl)cc1,-2.643856189774725
CCNc1cc(F)cc2c1[nH]c1ncc(-c3cnc(OC)nc3)c(-n3ccc(C(F)(F)F)n3)c12,5.965784284662087
CCN(CC)c1cccc(OCc2cc(=O)oc3ccc(Cl)cc23)c1,-3.643856189774725
CC(O)C(NC(=O)N1CCN(c2ccc(C#Cc3ccccn3)cc2)CC1)C(=O)NO,-2.643856189774725
CC(O)C(N)C(=O)NC(CNC(=O)CCn1cnc2cc(Cl)c(Cl)cc2c1=O)c1cccc(-c2ccccc2)c1,-4.0
CC(C)=CCN1CCCc2cc(OCCCCCCCCCCBr)ccc21,-4.643856189774724
COc1ccc(-c2cc(-c3ccccc3)n(C(=O)c3sc4ccccc4c3Cl)n2)cc1,-2.584962500721156
COc1ccc(-n2[se]c3ccccc3c2=O)cc1,-4.0
C[n+]1cc(-c2ccccc2)c(C=Cc2ccc(N3CCCCC3)cc2)cc1-c1ccc2ccccc2c1,-2.0
CCOC(=O)c1cn(Cc2cnc(Cl)s2)c2cc(F)c(F)cc2c1=O,-3.0
COc1ccc(-c2nn3c(-c4cccc(-c5nnc6sc(-c7ccc(OC)cc7)nn56)n4)nnc3s2)cc1,-5.0
Cc1nc(-c2ccc(Cl)cc2)ccc1C(=O)NN=Cc1ccc(O)cc1,-1.9634741239748859
O=c1c2c3c(sc2nnn1-c1ccccc1Cl)CCCC3,-4.643856189774724
CC(CCN1Cc2cc(C#Cc3ccc(CN4CCOCC4)cc3)sc2C1=O)(C(=O)NO)S(C)(=O)=O,4.058893689053568
CCCCCCCCCCCCCC(=O)NN1C(=O)CSC1c1ccc(Br)cc1,1.5145731728297582
N#Cc1ccc2ccc(=O)n(CCNC3CCC4C(C3)OC(=O)N4c3ccc4c(n3)NC(=O)CO4)c2c1,8.965784284662087
O=C(O)c1ccc(N2C(=O)c3cccc4cccc(c34)C2=O)cc1,-1.9634741239748859
COC1=CC(=O)C(C2COc3cc(O)ccc3C2)=CC1=O,-2.584962500721156
Cc1cc(=O)n2c3c(c(F)cnc13)C(O)(CC13CCC(NCc4ccc5c(n4)NC(=O)CO5)(CC1)CO3)C2,-3.0
NC1CN(c2nc3c(cc2F)c(=O)c(C(=O)O)cn3C2CC2F)CC1=NOCc1ccccc1,1.0
CS(=O)(=O)C1=C(C(=O)O)N2C(=O)C(NC(=O)C(=NOCCCCCl)c3csc(N)n3)CN2C1,-0.0
COc1ccccc1NC(=S)Nc1cc2c(Sc3nnc(-c4cccnc4)o3)ncnc2cc1N1CCN(C)CC1,-4.643856189774724
COC(=O)C(CCCNC(=N)N)NC(=O)Cc1cn(CC=C(C)CCC=C(C)C)c2ccccc12,-3.643856189774725
O=C(c1ccc(-n2c(-c3ccccc3)nc3ccccc3c2=O)cc1)[n+]1nc([S-])sc1-c1ccccc1,-1.0
CCON=C(C(=O)NC1C(=O)N2C(C(=O)O)=C(CSc3nnnn3CCO)OCC12)c1nsc(N)n1,-1.0
CC(O)C1C(=O)N2C(C(=O)O)=C(SC3CNC(CSc4ncccc4O)C3)C(C)C12,2.358453970912476
Cc1[nH]cnc1C=NNC(=O)c1cnc2c(C(F)(F)F)cccc2c1O,1.3219280948873622
COc1c(N2CCC(C(N)c3ncco3)C2)c(F)cc2c(=O)c3c(=O)[nH]sc3n(C3CC3)c12,4.058893689053568
Cc1ccccc1OCc1ccccc1-c1nnc(Cc2cccnc2Cl)o1,-3.643856189774725
CCNc1cc(F)cc2c1[nH]c1ncc(-c3cnc(OC4CCNC4)nc3)c(-n3ccc(C(F)(F)F)n3)c12,0.6665762662748083
O=C1CCCCC1C(Nc1cccc2ccccc12)c1cc2ccccc2o1,-0.6897464384935557
C=CCNc1sc(C(C)=O)c(N)c1C(=O)Nc1ccc(S(=O)(=O)Nc2onc(C)c2C)cc1,-2.9653225483672547
COc1ccccc1CC1(CN)CCCC2(C)c3ccc(C(C)C)cc3CCC12,-5.0
COc1ccc(-c2nc3ccccc3c(-c3ccccc3)c2Sc2cc3ccccc3oc2=O)cc1,-4.643856189774724
CC(O)C1C(=O)N2C(C(=O)[O-])=C(Sc3nc(-c4ccc5cc[n+](C)cc5c4)cs3)C(C)C12,-1.6461626571578936
COc1ccc2nccc(OCC3CCC(NCc4cc5c(cn4)OCCO5)CO3)c2n1,6.965784284662087
Nc1nc(N)c2c(Cl)c(Sc3ccc(F)cc3)ccc2n1,2.0
COc1cccc(CSc2nnc(CSc3nc4nc(C)cc(C)n4n3)s2)c1,-4.643856189774724
COc1cc(C2CC3OC(C)C(C)c4c(C)c(O)cc(c43)O2)ccc1O,-1.0
O=C(O)c1cn(C2CC2)c2cc(N3CCN(CC4CO4)CC3)c(F)cc2c1=O,-0.0
CC(O)C1C(=O)N2C(C(=O)O)=C(Sc3nc(-c4cccnc4)cs3)C(C)C12,-2.643856189774725
CCOC(=O)c1c(N)nc2c(c1-c1ccc(Br)cc1)CCc1c-2[nH]c2ccc(C)cc12,-4.643856189774724
CCOC(=O)c1cn(Cc2ccc(Cl)cc2)c2cc(F)c(F)cc2c1=O,-0.0
S=C(Nc1ccccc1)Nc1ccc(N=Cc2ccc(OCc3ccccc3)cc2)cc1,-0.6415460290875237
CCCCCCCN1CCN(c2c(F)cc3c(=O)c(C(=O)O)cn(C4CC4)c3c2OC)CC1,-0.0
CC1=CC2CN(C(=O)N2OC(F)C(=O)O)C1C(=O)NC1COC1,-4.0
O=C(c1cccc(C(F)(F)F)c1)N(N=Nc1ccc([N+](=O)[O-])cc1Cl)c1ccc([N+](=O)[O-])cc1Cl,-5.0
CNc1sc(C(C)=O)c(N)c1C(=O)Nc1ccc(S(=O)(=O)Nc2onc(C)c2C)cc1,-3.9662458732249397
CC(N)C1CCN(c2nc3c(cc2F)c(=O)c(C(=O)O)cn3C2CC2)C1,5.321928094887363
CCCS(=O)(=O)N1C=Cc2cc(C)sc2B1O,-0.32192809488736235
Cc1ccc2c(C3NNC(=O)N3)cc(=O)oc2c1C,-4.643856189774724
CCCCCCOc1c(OC)cc(C=Nn2cnnc2)c2c1CN1CCc3cc4c(cc3C1C2)OCO4,-2.0
Cc1nnc(C[S+]([O-])C2CCC3CN2C(=O)N3OC(F)C(=O)[O-])o1,-5.0
FC(F)(F)c1ccc(CN2CCN(Cc3c[nH]c4ccc(Cl)cc34)CC2)c(N2CCCC2)c1,-4.0
O=c1cc(-c2ccc(O)cc2)oc2cc(O)cc(O)c12,-2.963474123974886
CC1(O)CCC2C(C(=O)O)=COC(OC3OC(CO)C(O)C(O)C3OC(=O)c3ccc(O)cc3)C21,-4.643856189774724
Nc1nc(N)c2cc(Sc3ccc(F)cc3)ccc2n1,2.0
CC(O)C(NC1CCc2cc(C#Cc3ccc(CN4CC(O)C4)cc3)ccc21)C(=O)NO,-2.0
Cn1cc([N+](=O)[O-])cc1C(=O)NNC(=O)Nc1ccc(Br)cc1,-0.6415460290875237
Cc1n[nH]c2c1C(c1cc(=O)oc3ccc(Cl)cc13)CC(=O)O2,-2.643856189774725
Nc1c(C(=O)N2CCN(c3cc4c(cc3F)c(=O)c(C(=O)O)cn4C3CC3)CC2)nnn1-c1ccccc1,-3.963474123974886
Cc1ccc(C2NC(c3ccc(C)cc3)C3CCCC2C3=NN=c2[nH]c(-c3ccccc3)cs2)cc1,-3.643856189774725
C(=CCc1cc2ccc(C3=NCCN3)cc2[nH]1)Cc1cc2ccc(C3=NCCN3)cc2[nH]1,2.643856189774725
C=CCN1C(=O)C(=Cc2ccc(-c3ccc(C(N)=O)cc3)o2)SC1=S,-0.6415460290875237
COc1ccc(N2CCN(Cn3nc(COc4cc(=O)n(C)c5ccccc45)sc3=S)CC2)cc1,-4.643856189774724
CN1CC2CN(c3cc4c(cc3F)c(=O)n(O)c(=O)n4C3CC3)CC2C1,-0.0
O=Nc1c(-c2ccc(-c3cc4ccccc4oc3=O)cc2)nc2sc(Cc3noc4ccccc34)nn12,-1.584962500721156
Cc1ccc(Cn2c(-c3cccc(NS(=O)(=O)c4ccc(F)c(F)c4)c3)nc3ccccc32)cc1,-0.0
O=C(O)CSC(=O)C(Cc1ccccc1)NC(=O)Cc1ccccc1,-2.0
N#CC1=C(N)OC(c2c[nH]c3ccccc23)=C(C#N)C1c1cccc2ccccc12,-4.807354922057604
CCn1c(=O)c(F)cn(Cc2nc3ccccc3n2CC)c1=O,-4.0
O=c1ccc2ncc(F)c3c2n1CC3(O)CC12CCC(NCc3cc4c(cn3)OCS4)(CC1)CO2,-3.0
O=c1cc(-c2ccc3c(c2)OCCO3)oc2cc(OCCNCc3ccccc3)cc(O)c12,-3.643856189774725
COc1cc(C2OC(c3nc(C(C)C)cs3)=NN2C(C)=O)cc(OC)c1OC,-4.965784284662087
CC(C)(NS(C)(=O)=O)C(NC(=O)c1ccc(-c2ccccc2)cc1)C(=O)NO,-1.0
CC(O)C1C(=O)N2C(C(=O)[O-])=C(c3ccccc3)C(C)C12,1.0
CC(C)c1csc(C(=O)NN=Cc2ccc(N(C)C)cc2)n1,-4.965784284662087
CC(=NNC(=N)N)c1cnn(-c2ccc(C#CC3CCCCC3)cc2)c1C,-1.0
O=C(NNc1cccc(Cl)c1)c1ccccn1,-2.0
CCn1cc(C(=O)O)c(=O)c2cc(F)c(-c3ccncc3)nc21,2.321928094887362
Cc1ccc(S(=O)(=O)N2N=Cc3sc(Br)cc3B2O)cc1,-2.643856189774725
Cc1ccc(-c2cnc(-c3ccc4nc(-c5cnc6ccc(Br)cc6c5)c(Nc5ccc(F)cc5)n4c3)[nH]2)cc1,-1.7739963251111732
COc1ccc2nc(C)cc(NC(=O)CN3CC(CNCC4CCCCC4)OC3=O)c2c1,-2.643856189774725
CCc1c(-c2ccc(N3CCC(F)(F)C3)cc2)[nH]c(=O)c2c(=O)[nH]sc12,3.0588936890535687
NC1C2CN(c3cc4c(cc3F)c(=O)n(O)c(=O)n4C3CC3)CC12,2.0
O=C(c1cccs1)c1c(O)n(-c2ccc(Cl)cc2)n(-c2ccc(Cl)cc2)c1=O,-4.4329594072761065
CCCCCn1cc(-c2cnc(N)s2)c(=O)c2cc(F)cc(F)c21,-5.0
CCC(CN)=C1CN(c2nc(Sc3cnc(C)nc3)nc3[nH]c4c(NC)cc(F)cc4c23)C1,1.0
Cc1cc(N2CCN(C)CC2)n2nc(NC(CC#N)c3cccc(Cl)c3)nc2n1,-2.0
N=c1c(C(=O)Nc2nc3ccccc3s2)cnc2ccccn12,-3.643856189774725
CCCCCCCC1CC(O)c2ccc(O)cc2O1,-2.643856189774725
CON=c1[nH]cnc2c1[n+](CC=C(C)CCC=C(C)CCC=C(C)CCC=C(C)C)cn2C,-4.0
CCn1cc(C(=O)O)c(=O)c2cc(F)c(N3CCN(Cc4ccccc4)CC3)cc21,0.3584539709124763
CC1(N)CN(c2c(F)cc3c(=O)c(C(=O)O)cn(CCF)c3c2Cl)C1,4.058893689053568
COc1ccc(OC)c(C=NNC(=O)c2ccc(-c3cccc(Cl)c3)nc2C)c1,0.029146345659516508
COc1cc2oc(-c3ccc(O)cc3O)c(CC=C(C)C)c(=O)c2c(O)c1C=CC(C)C,-3.0
Nc1cc(SC2=C(C(=O)O)N3C(=O)C(NC(=O)C(=NO)c4csc(N)n4)C3SC2)nc(N)n1,5.011587974275212
NCC1OC(OC2C(N)CC(N)C(OC3OC(CO)C(O)C(N)C3O)C2O)C(N)C(O)C1NC(=O)C1CCNCC1,-1.0
COCCCCn1c(=O)cc(Nc2ccc(C)c(Br)c2)[nH]c1=O,-4.321928094887363
O=C(O)c1cn(C2CC2)c2cc(N3CCN(CCc4nc5ccccc5[nH]4)CC3)c(F)cc2c1=O,-1.0
Cc1c(F)c(N2CC(N)C2C)nc2c1c(=O)c(C(=O)O)cn2-c1ccc(F)cc1F,4.058893689053568
CC(C)c1ccc(CNC2CCCCC2NCc2ccc(C(C)C)cc2)cc1,7.965784284662087
O=C(O)c1cccc2nc3c(C(=O)O)cccc3nc12,-4.643856189774724
CC(C)=CCCC(C)=CCc1c(O)cc(O)c(C(=O)c2ccccc2)c1O,-0.0
CCCCCCC(=O)c1c(O)cc(O)c(C(CC(C)C)C2=C(O)C(C)(C)C(=O)C(C)(C)C2=O)c1O,-5.0
Cc1nn(CC(=O)N2CCCCC2)c2nc3ccccc3c(C)c12,-2.963474123974886
CC1(C)CCc2c(C(=O)N3CCOCC3)cc3c(OCCCSc4ccc(N)cc4)cccc3c2O1,6.965784284662087
CC(C)c1ccc(NC(=O)N2CCOCC2)cc1,-2.84799690655495
O=C1COc2ccc(CNC34CCC(CC5(O)Cn6c(=O)c(F)cc7ncc(F)c5c76)(CC3)OC4)nc2N1,-2.0
CCOC(=O)CSc1nnnn1-c1ccccc1,-3.9882302230604574
Cc1ccc(-[n+]2noc([O-])c2C(=O)CSc2nnc(Cc3ccc(Cl)cc3)c(=O)n2N)cc1,2.0
COc1ccc(NC(=S)NNC(=O)c2cc([N+](=O)[O-])c[nH]2)cc1,-0.6415460290875237
NC1CC(N)CN(c2nc(Nc3ccc4c(c3)CCC4)nc(N3CC(N)CC(N)C3)n2)C1,-3.0
CON=C1CCN(c2c(F)cc3c(=O)c(C(=O)O)cn(C4CC4F)c3c2OC)CC1N,4.058893689053568
O=c1c2ccccc2sn1-c1ccccc1,-4.968090752045256
CCCCCCCCCC(=C1C(=O)CNC1=O)N1CCCCC1,-5.0
O=c1c2cc(F)c(N3CCC(CNCC(F)(F)F)C3)cc2n(C2CC2)c(=O)n1O,1.0
Cc1c(F)c(N2CCNCC2)nc2c1c(=O)c(C(=O)O)cn2C1CC1,6.965784284662087
Fc1cccc(F)c1C1CC(c2ccccc2)=NN1C1=NC(c2ccc(Cl)cc2Cl)S1,-4.0
O=C1CSC(=S)N1Cc1nnc(-c2ccccc2Cl)o1,-4.0
OC(Cn1cncn1)(Cn1c2ccccc2c2cc(Br)ccc21)c1ccc(F)cc1F,-5.0
Nc1nc(N)c2c(ccc3c2ccn3Cc2ccc3ccccc3c2)n1,1.0
Cc1c(-c2nn3c(-c4ccc(O)cc4)nnc3s2)[se]c2ncnc(Nc3ccc(Cl)cc3)c12,-2.643856189774725
O=C(c1cccnc1)N1N=C(c2ccc(O)cc2)CC1c1ccc(Br)cc1,-4.643856189774724
Cc1ccc(-c2cc(-c3cc4ccccc4o3)nc(O)n2)s1,-2.111031312388744
COc1ccc(Oc2ccc(NC(=Nc3cccc(Cl)c3)NCCNc3ccnc4cc(Cl)ccc34)cc2)cc1,-3.643856189774725
CCOC1CN(c2ncc(C(=O)O)s2)CCC1NC(=O)c1[nH]c(C)c(Cl)c1Cl,-0.0
CCn1cc(C(=O)O)c(=O)c2cc(Cl)c(N3CCNCC3)cc21,2.321928094887362
O=C1c2cccc3c(Br)ccc(c23)C(=O)N1CCCCn1c[n+](Cc2ccc(F)cc2F)cn1,-3.0
COC(=O)CC(=O)Nc1nc2c(s1)CC(NC(=O)c1cc(Br)c(Br)[nH]1)CC2,-4.0
CCOC(=O)C1(C)C(C)NC(=S)N(C)C1c1ccc(OC)cc1,-4.0
CCCCCCCCCCCCCC(=O)NN1C(=O)CSC1c1ccc(C)cc1,1.5145731728297582
COc1cc(C)c(-c2cc(OC)c(Cl)c3c2C(=O)C2(O)C(=O)c4c(O)cc(O)cc4C(C)(C)C2C3)c(O)c1,-1.6461626571578936
O=C(NN1C(=O)CSC1c1ccccc1)c1cc(-c2ccc(Cl)cc2)n[nH]1,1.8365012677171204
CNc1cc(F)cc2c1[nH]c1nc(CNC(=O)c3ccc4cc[nH]c4n3)nc(N3CCC(N(C)C)C3)c12,-2.0
O=c1[nH]sc2c1c(=O)c1cc(F)c(-c3ccc(-n4cccc4)nc3)cc1n2C1CC1,-0.0
Cc1[nH]c(C(=O)Nc2nc3c(OC(CO)c4ccccc4)cc(C(=O)O)cc3s2)c(Cl)c1Cl,3.0
O=C(Cc1ccccc1)NC1C(=O)N2C(C(=O)O)=CCC12,0.029146345659516508
COc1ccc2ncc(=O)n(CCN3CCC(NCc4cc5c(cn4)OCCO5)CC3)c2c1,1.0
CCCN(Cc1ccccc1)C(=O)Nc1cc(-c2ccc(Cl)c(Cl)c2)sc1C(=O)O,-4.643856189774724
CCC(CN)=C1CN(c2nc(NS(C)(=O)=O)nc3[nH]c4c(NC)cc(F)cc4c23)C1,-4.0
CC(C)N(C)c1cc2c(cc1F)c(=O)c(C(=O)O)cn2-c1ccc(F)cc1,-2.6322682154995127
c1ccc(C(c2ccccc2)(c2ccccc2)n2nnnc2-c2ccccc2-c2ccc(CNn3cnnc3)cc2)cc1,-4.486070743735668
Cc1nc(NC(=O)CN2CCC(Cc3ccccc3)CC2)sc1C,-4.857980995127572
O=C1c2cccc(O)c2C(=O)c2c(O)cc(Cn3cnc4cc([N+](=O)[O-])ccc43)cc21,-5.0
CCNC(=O)Nc1nc2cc(-c3cccnc3)ccn2n1,-5.0
COc1ccccc1NC(=O)Nc1c(-c2cccc(F)c2)nc2ccccc2c1O,-2.643856189774725
Nc1nc(C(=NOCCF)C(=O)NC2C(=O)N3C(C(=O)[O-])=C(Sc4nc5ccccc5o4)CCC23)cs1,2.0
CC(O)C1C(=O)N2C(C(=O)O)=C(CN(C)C(Cc3ccccc3)C(N)=O)SC12,-0.0
CCOC(O)=CC(C)=NN=C1c2cc(OC)ccc2-n2c1nc1ccccc1c2=O,-3.643856189774725
CCc1ccc(CCOc2ccc(C3=NOC(C#N)C3)cc2)nc1,-4.392317422778761
COc1cccc(Nc2c3ccccc3[n+](C)c3c2[nH]c2ccccc23)c1,-3.0
O=c1c2ccccc2[se]n1CCNS(=O)(=O)c1ccc(Cl)c([N+](=O)[O-])c1,-3.0
Clc1ccc(-c2csc(NN=Cc3cc(Cl)cc(Cl)c3Cl)n2)cc1,-3.643856189774725
CC1(C)C(NC(=O)C(=NOCc2cn(CC(=O)O)nn2)c2csc(N)n2)C(=O)N1S(=O)(=O)O,-1.0
CC(=O)OCn1nnn(-c2ccccc2)c1=O,-3.7949356628035362
c1ccc(-n2cc(COc3ccc(-c4nc5cc(C6=NCCN6)ccc5[nH]4)cc3)nn2)cc1,-3.0
COc1cc(C)c(-c2cc(O)cc3cc4c(c(O)c23)C(=O)c2c(O)cc(O)cc2C4(C)C)c(O)c1,-3.643856189774725
Cc1cc(=O)oc2cc(OCC(O)CSc3nc4ccccc4[nH]3)ccc12,1.0
CC(NC(=O)Cc1cccs1)C(=O)SCC(=O)O,1.0
CC1(C)C(C(=O)O)N2C(=O)CC2S1(=O)=O,4.058893689053568
O=c1cc(CCl)oc(CN2CCC(O)(c3ccc(Cl)c(C(F)(F)F)c3)CC2)c1O,-2.0
CSc1ccc(Cc2nn(CN3CCN(c4cccc(Cl)c4)CC3)c(=S)o2)cc1,-3.643856189774725
Oc1c(Br)cc(Br)cc1C=NNc1nc(-c2ccccc2)cs1,-4.643856189774724
COc1cc(-c2nnc(COc3cc(=O)oc4ccccc34)[nH]2)cc(OC)c1OC,-3.643856189774725
Clc1ccc(-c2csc(NN=Cc3c[nH]nc3-c3cc(Cl)sc3Cl)n2)c(Cl)c1,-0.6897464384935557
COc1cc(C)c(-c2cc(OC)c(Cl)c3c2C(=O)C2(O)C(=O)c4c(O)cc(O)cc4C(C)(C)C2C3)c(OC)c1,-1.6461626571578936
COC(=O)c1c(CS(=O)(=O)CCO)nc2ccccc2[n+]1[O-],-2.643856189774725
Cc1c2ccccc2nc2c1c(C(F)(F)F)nn2CC(=O)N1CCCCC1,-2.963474123974886
Cc1sc(C)c(-c2ccc(O)c(O)c2)c1Br,-2.321928094887362
Cc1ccc([S+]([O-])C=CC2=C(C(=O)O)N3C(=O)C(NC(=O)Cc4cccs4)C3SC2)cc1,-2.0
Sc1nncn1N=Cc1cn[nH]c1-c1ccccc1,-0.6888517438658804
Nc1ncc2cc(-c3c(Cl)cccc3Cl)c(N3CCC(CO)C3)nc2n1,3.0588936890535687
N=C(N)NCCNC(=O)C(CNC(=N)N)(Cc1ccc(F)c2ccccc12)Cc1ccc(F)c2ccccc12,-4.0
COc1ccc2c3conc3c(=O)n(CCN3CCC(NCc4ccc5c(n4)NC(=O)CO5)CC3)c2c1,3.0588936890535687
CCn1c(CN2CCN(c3cc4c(cc3F)c(=O)c(C(=O)O)cn4C3CC3)CC2)nc2ccccc21,-1.0
CC(C)(C)n1cc(C(=O)O)c(=O)c2cc(F)c(N3CC4CCC3CN4)cc21,1.0
CCOC(=O)c1cnn(-c2ccc(F)cc2)c1NC(=O)c1cc2cc(Br)ccc2oc1=O,-2.0
Cn1cc([N+](=O)[O-])cc1C(=O)NNC(=O)NCc1ccco1,-0.6415460290875237
CC(NC(=O)C(N)CS)P(=O)(O)O,-5.0
NC(=O)C(C[S+]([O-])C1CCC2CN1C(=O)N2OC(F)C(=O)[O-])=NO,-5.0
O=C1ON=C2C=C(c3ccc(O)cc3)CC(c3cccc([N+](=O)[O-])c3)C12,-1.3219280948873624
NCCCNc1nc(Nc2ccc([N+](=O)[O-])cc2)nc(N2CCN(C(=S)Nc3ccnc4cc(Cl)ccc34)CC2)n1,-3.643856189774725
O=C1COc2ccc(CNC34CCC(CCc5c(F)cnc6ccc(C(=O)O)nc56)(CC3)OC4)nc2N1,-4.0
O=C1Nc2ccccc2C(O)C1(Cc1ccc(Cl)cc1)Cc1ccc(Cl)cc1,-0.6040713236688608
COc1ccc(C2C(Cl)C(=O)N2N=C2C(=O)Nc3ccc(Cl)cc32)cc1,-3.228049047884462
CON=C(C(=O)NC1C(=O)N2C(C(=O)[O-])=C(C[n+]3ccc4occc4c3)CSC12)c1csc(N)n1,6.058893689053568
N=C(c1ccc2cc(-c3ccc(-c4cc5ccc(C(=N)N6CC=CCC6)cc5[nH]4)cc3)[nH]c2c1)N1CC=CCC1,-3.0
CN1CCN(c2cc3c(cc2F)c(=O)c(C(=O)O)c2sc4ccccc4n23)CC1,0.3584539709124763
Nc1cc2c(=O)c(C(=O)O)cn(C3CC3)c2cc1N1CCC(N)C1,1.0
CC(=O)OCC1=C(C(=O)O)N2C(=O)C(NC(=O)Cc3cccs3)C2SC1,1.0
CCCCC#Cc1ccc(-n2ncc(C(C)=NNC(=N)N)c2C)cc1,-2.0
O=[N+]([O-])c1ccc2nc(-c3cnc4nc(-c5ccc(Br)cc5)c(Nc5ccccc5)n4c3)[nH]c2c1,-3.5434958834257717
O=C(OCCBr)c1nn(-c2ccccc2)c(-c2ccccc2)c1C(=O)c1ccccc1,-4.587364990936461
O=C(c1cn(-c2ccc(Br)cc2)nn1)c1c(-c2ccccc2)nc2sccn12,-1.9634741239748859
CC(C)=CCc1c(OCC(F)(F)F)cc(C=Cc2ccc(C(F)(F)F)cc2)c(C(=O)O)c1O,-5.0
NCC1OC(OC2C(N)CC(N)(CO)C(OC3OC(CO)C(O)C(N)C3O)C2O)C(N)C(O)C1O,1.0
COC(=O)CCC(=O)OC1C=CC=CCC(O)CC(O)C=CC=CCCCC(C)OC(=O)C=CC=CC1,-4.0
Cc1cc2nc(-c3ccc(C(=O)NC(CC(C)C)C(=O)NCC(=O)O)cc3)[nH]c2cc1C,-3.643856189774725
CCCCCCCCCc1ccccc1C(=O)NS(=O)(=O)c1ccc(OC)cc1,2.0
CCCCCCCCC[N+](C)(C)CC(=O)NCC1CN(c2ccc(N3CCOCC3)c(F)c2)C(=O)O1,-5.0
CC(C)=CCc1c(OCCCCF)cc(C=Cc2ccc(F)cc2)c(C(=O)O)c1O,-5.0
C=C(C(=O)OC1CC(C)=CCCC(CO)=CC2OC(=O)C(=C)C21)C(O)CO,-5.0
NCC1CCN(c2c(F)cc3c(=O)n(N)c(=O)n(C4CC4)c3c2Cl)C1,2.0
CCCCCCCCCCCCCC(=O)NN1C(=O)CSC1c1ccccc1,1.5145731728297582
O=C(O)c1cn(C2CC2)c2cc(N3CCC3)c(F)cc2c1=O,3.0588936890535687
COC(=O)N1CCC(Oc2cccc(C(CC#N)Nc3nc4[nH]c(C)cc(=O)n4n3)c2)CC1,-3.0
Nc1ccc2sc(NC(=S)NC(=O)N3CCOCC3)nc2c1,-4.321928094887363
O=C(C=Cc1ccccc1)c1cccs1,-3.321928094887362
Cc1cc(N=C2C(=O)N(S(C)(=O)=O)c3ccc([N+](=O)[O-])cc32)ccc1N1C(=O)c2ccc(Cl)cc2C1=O,-3.321928094887362
Fc1ccc2nc(NCCCNCc3ccc(Cl)c(Cl)c3)sc2c1,-5.0
CC1COc2c(N3CCN(CC(=O)c4ccc(F)cc4)CC3)c(F)cc3c(=O)c(C(=O)O)cn1c23,-0.0
CNC(=O)C1CC(c2ccc(N3CC(CNC(C)=O)OC3=O)cc2F)=NO1,-5.0
CCn1cc(C(=O)O)c(=O)c2ccc(-c3ccncc3)cc21,3.0
C#CCNc1nc(NCCCCC2CCN(Cc3ccccc3)CC2)c(C#N)c(-c2ccccc2)c1C#N,-5.0
COc1ccc(Cn2cnc3c(-c4ccco4)nc(S(C)(=O)=O)nc32)cc1,-5.0
CC(=O)N1N=C(c2nc(C(C)C)cs2)OC1c1ccc(O)cc1,-4.0
Cc1cc2nc(-c3ccc(C(=O)NC(CCCNC(=N)N[N+](=O)[O-])C(=O)O)cc3)[nH]c2cc1C,-3.643856189774725
Cc1ccc(COc2ccc3cc(C4N=C(N)NC(N(C)C)=N4)ccc3c2)cc1,-1.0
O=C(c1cccnc1)N1N=C(c2ccc(O)cc2)CC1c1ccc(F)cc1,-2.700439718141092
COc1ccc2nc(N3CCN(C)CC3)c(F)c(CCC34CCC(NCc5ccc6c(n5)NC(=O)CO6)(CC3)CO4)c2n1,-5.0
COc1ccc2cc1Oc1cc(ccc1OC)CCC(NCCc1ccc(F)cc1)CCCC2,-3.643856189774725
NCc1ccc(-c2ccc(N3CC(Cn4cc(O)nn4)OC3=O)cc2F)cc1,-5.0
CCn1cc(C(=O)O)c(=O)c2cc(F)c(N3CCC(C(=O)O)C3)nc21,-0.6415460290875237
NC1CC(N)CN(c2cc(Nc3ccc(NC(=O)c4cnc5ccccc5c4O)cc3)cc(N3CC(N)CC(N)C3)n2)C1,4.058893689053568
O=C(NO)c1cc(CSc2ccc(Cl)cc2)on1,-5.0
CC(O)C1C(=O)N2C(C(=O)[O-])=C(COC(=O)N3CCN(c4cc5c(cc4F)c(=O)c(C(=O)O)cn5C4CC4)CC3)C(C)C12,6.002310160687201
O=C(O)c1cn(C2CC2)c2c(F)c(N3CCNCC3)c3nc[nH]c3c2c1=O,5.321928094887363
CC(=O)c1ccc2c(c1OCCCN(C)CCCN(C)C)C=CC(C)(CCC=C(C)C)O2,-3.0
CC(=NNC(=N)N)c1cn(Cc2cc(C(C)(C)C)cc(C(C)(C)C)c2)nn1,-3.0
CC1(n2cc(C(=O)O)c(=O)c3cc(F)c(N4CCNCC4)cc32)CCC1,2.0
CCON=Cc1cn(C2CCN(c3nc4c(cc3F)c(=O)c(C(=O)O)cn4C3CC3)CC2)nn1,-2.0
CSSc1ccc([N+](=O)[O-])cc1,-4.0
CCCc1nn2c(=O)c3c4c(sc3nc2s1)CCCC4,-3.321928094887362
CCCCCn1c2ccccc2c2c(OCC(O)CN(Cc3ccccn3)Cc3ccccn3)cccc21,-0.6415460290875237
CCCn1cc(C(=O)O)c(=O)c2cc(F)c(N3CCNCC3)cc21,2.321928094887362
O=C(O)CSC(=O)C(Cc1ccccc1)NC(=O)Cc1ccc(-c2ccccc2)cc1,-2.0
CS(=O)(=O)Nc1cccc(-n2c(C=Cc3ccc(F)cc3)nc3ccccc3c2=O)c1,-4.0
O=C([O-])C1=C(CO)CSC2C(Nc3cc[n+](Cc4ccccc4)cc3)C(=O)N12,1.0
COc1ccc2nccc(CCN3CCC(NCc4cc(F)c(Br)c(F)c4)CC3)c2n1,6.965784284662087
COc1c(Br)c(OC)c2c(c1C(C)=O)OC(C)(C)C(OC)C2Br,-0.11103131238874395
C=CCN1C(=O)C(=Cc2ccc(-c3cccc(C(=O)O)c3)o2)SC1=S,-2.643856189774725
O=C1Nc2ccc(Cl)cc2C(O)C1(Cc1ccc(Cl)cc1)Cc1ccc(Cl)cc1,-1.6415460290875237
CNC1C(O)C(OC2C(N)CC(N)C(OC3OC(CNCCO)=CCC3N)C2O)OCC1(C)O,3.736965594166206
CC1COc2c(N3CCN(CC(=NO)c4ccc(Cl)cc4)CC3)c(F)cc3c(=O)c(C(=O)O)cn1c23,-0.0
Oc1ccc(C(Cc2ccc(F)cc2)=Nc2ccc(Cl)cc2)c(O)c1,-0.6433944534798923
O=C(CCS)Nc1cccc(C(=O)O)c1,1.0
Clc1ccc(-c2nc3sc(Cc4noc5ccccc45)nn3c2Br)cc1,-1.0
O=C(NCCc1c[nH]c2ccccc12)C(=O)c1c[nH]c2ccc(F)cc12,-3.643856189774725
C=CCOC(=O)c1ccc(OC)c(OC)c1,-4.169925001442312
NCCOc1ccc2ncc(F)c(CCC34CCC(NCc5ccc6c(n5)NC(=O)CO6)(CC3)CO4)c2n1,-0.0
Cc1noc(NS(=O)(=O)c2ccc(-n3c(S)c(C#N)c(-c4cccnc4)c(C#N)c3=O)cc2)c1C,-1.9634741239748859
CON=C1CN(c2c(F)cc3c(=O)c(C(=O)O)cn(C4CC4)c3c2OC)CC1CN,5.011587974275212
COc1ccc(-n2nc(C)n(CCSc3cccc(C(F)(F)F)c3)c2=O)cc1,-3.2854022188622483
CCOC(=O)c1sc(N=C2NC(=O)C(=C3C(=O)N(C)c4ccc(Cl)cc43)S2)nc1C,0.029146345659516508
CNC1CCN(c2c(F)cc3c(=O)c(C(=O)O)cn4c3c2OCC4C)CC1=NOC,2.0
CC1C(N)CN1c1cc2c(cc1F)c(=O)c(C(=O)O)cn2C(C)(C)C,2.0
Cc1ccc(-n2nnc(C3=NN(C(N)=S)C(c4ccc(F)cc4)C3)c2C)cc1,-4.044394119358453
CCOC(=O)C1=C(C(=O)OCC)N(c2ccccc2)CN(c2ccccc2)C1,-3.9068905956085187
COc1ccc(C=NNC(=O)c2nnn(-c3cc(C(F)(F)F)nc4c(C(F)(F)F)cccc34)c2C)cc1OC,-2.643856189774725
COC(=O)c1sc(SC2=C(C(=O)[O-])N3C(=O)C(NC(=O)C(=NOCCF)c4csc(N)n4)C3CC2)nc1C,-1.0
CCOC(=O)c1cn([CH-]c2ccc(F)cc2F)c2cc(C(C#N)C(=O)OCC)c(F)cc2c1=O,-0.0
CCc1[nH]c2nc(Sc3cnc4nccnc4c3)nc(N3CCC(N)C3)c2c1Cl,-1.0
c1ccc(-c2ccc(CNc3ccnc(N4CCCC4)n3)s2)cc1,-3.0
COC1(CC23CCC(NCc4ccc5c(n4)NC(=O)CO5)(CC2)CO3)Cn2c(=O)ccc3ncc(F)c1c32,-5.0
CNn1cc(C(=O)O)c(=O)c2cc(F)c(N3CCN(C(C)=O)CC3)cc21,-3.963474123974886
CC(C)(C)c1ccc(C(c2cccc(-n3cc(-c4cccc(N)c4)nn3)c2)P(=O)(O)O)cc1,-1.0
CCNC(=O)Nc1cc(-c2nc(C3CC3)cs2)c(-c2cc(-c3n[nH]c(=O)o3)cnc2N2C3CCC2CN(C)C3)cn1,3.1844245711374275
CC(O)C1C(=O)N2C(C(=O)O)=C(SC3CNC(CCc4ccc(CN)cc4)C3)C(C)C12,5.321928094887363
Cc1ccc(C=NNc2nc(-c3ccc(Cl)c(Cl)c3)cs2)cc1,-4.643856189774724
O=C(O)c1nccn1Cc1ccc(O)cc1,2.0
OCn1nnn(-c2ccccc2)c1=S,0.7858751946471527
N#Cc1ccc2ncc(C#N)c(CCC34CCC(NCc5ccc6c(n5)NC(=O)CO6)(CC3)CO4)c2n1,-3.0
CC(=NNC(=N)N)c1sc(NN=Cc2ccc(N3CCCC3)cc2)nc1C,-5.0
COc1ccc(COC2(C3(O)C(=O)Nc4ccccc43)C(=O)Nc3ccccc32)cc1,4.717856771218502
CC1(C)C(NC(=O)C(=NOCc2cccnc2)c2csc(N)n2)C(=O)N1S(=O)(=O)O,1.0
CCCC1=C(C(=O)OC)C(=O)C(C)(C=CCCC(C)O)O1,-1.584962500721156
CCOC(=O)c1sc(N=C2NC(=O)C(=C3C(=O)Nc4ccc(OC)cc43)S2)nc1C,0.029146345659516508
CC1N(c2cc3c(cc2F)c(=O)c(C(=O)O)cn3C2CC2)CC1(C)O,2.0
CC(O)C1C(=O)N2C(C(=O)O)=C(SC3CNC(Cc4c[n+](C)c(CO)n4C)C3)C(C)C12,2.321928094887362
COc1ccc(C(=O)Nc2ccccc2Cl)cc1OC,-4.087462841250339
Cn1c(C2CC(=O)N(c3cccc(Cl)c3)C2)nc2ccccc21,-5.0
Cc1ccc(OCc2ccccc2-c2nn(CN3CCOCC3)c(=S)o2)cc1,-3.643856189774725
Oc1ccc(C=Nn2c(S)nnc2-c2cnccn2)cc1,-3.643856189774725
NCC1C=C(c2cnco2)C2CN1C(=O)N2OS(=O)(=O)O,5.965784284662087
CCCCOC1=C(C(=O)[O-])N2C(=O)C(C(C)O)C2S1,-4.692092375427572
Cc1c(N2CC(N)C(CF)C2)c(F)cn2c(=O)c(C(=O)O)cc(C3CC3)c12,7.643856189774724
COc1cc(OC)c2c(c1)OC(CN1CCOCC1)(CN1CCOCC1)C2=O,-4.643856189774724
Cn1nnnc1SCC(O)CN1C(=O)C(=NNc2ccccc2)c2ccccc21,-4.0
C=C1CCOC2(C(O)C(C)(O)CO)NC(=O)C1(N(C)OC)NC2=O,-5.0
Cc1onc(-c2ccccc2Cl)c1C(=O)NC1C(=O)N2C1SC(C)(C)C2C(=O)O,2.0
CC(C)(O)CCOc1ccc2ncc(F)c(CCC34CCC(NCc5ccc6c(n5)NC(=O)CO6)(CC3)CO4)c2n1,-4.0
C[n+]1c2ccccc2c(Nc2cccc(F)c2)c2[nH]c3ccccc3c21,-3.584962500721156
COc1ccc(C[n+]2ccc(NC3C(=O)N4C(C(=O)[O-])=C(CSc5nnnn5C)CSC34)cc2)cc1,2.0
CC(=O)N(C1=NN(C(C)=O)C(c2cc3ccccc3nc2Cl)S1)c1ccc(C)cc1,-5.0
CCCCCCCCCCNC(=O)C(N)Cc1ccccc1,-3.321928094887362
O=C1NC(=O)C(c2ccc(O)c([N+](=O)[O-])c2)=C1c1ccc(O)c([N+](=O)[O-])c1,-4.643856189774724
COc1cc2ccc(=O)oc2cc1O,-5.0
COc1ccc2nccc(CCN3CCC(NCc4ccc(Cl)nc4)CC3)c2n1,-2.0
CCn1cc(C(=O)O)c(=O)c2cc(F)c(N3CCN(CN4C(=O)C(=O)c5ccccc54)CC3)cc21,5.795859283219775
CCSc1nnc(-c2ccccc2COc2ccccc2C)o1,-4.643856189774724
Nc1ccc2sc(NC(=S)NC(=O)c3cccs3)nc2c1,-4.321928094887363
O=C(c1ccncc1)N(N=Nc1ccc([N+](=O)[O-])c(C(F)(F)F)c1)c1ccc([N+](=O)[O-])c(C(F)(F)F)c1,-5.0
N#CC1=C(N)OC2=C(CNc3c2cccc3[N+](=O)[O-])C1c1ccc(Br)cc1,-4.672425341971495
O=C1c2cccc3c(NN=Cc4cccc(Cl)c4)ccc(c23)C(=O)N1C(CO)CO,-5.0
CC1(C)CC(=O)C2=C(C1)Nc1nn(-c3ccccc3)c(O)c1C2c1ccccc1Cl,-1.6461626571578936
COc1cccc(C(=O)NS(=O)(=O)c2ccc(N)cc2)c1,-5.0
CCCCCCCCC(=O)N1CCN(c2ccc(N3CC(Cn4ccnn4)OC3=O)cc2F)CC1,-3.0
CC1=NN(C(C)=NOC(=O)c2ccc(C(F)(F)F)cc2)C(c2ccc(OCc3ccc(F)cc3)cc2)C1,-4.643856189774724
Cc1c(-c2nnc(-c3ccccc3)o2)sc2ncnc(N3CCCCC3)c12,6.243318260190996
COc1ccc2ncc(F)c(CCN3CCC(C(O)Cc4ccc5c(c4)OCC(=O)N5)CC3)c2n1,-2.0
Cc1[nH]c(C(=O)NC2CCN(c3ncc(C(=O)O)s3)CC23OCC2(CC2)CO3)c(Cl)c1Cl,-0.0
COc1ccccc1C(N)CNc1cc(C)nc2nc(NC(CC#N)c3cccc(Cl)c3)nn12,2.0
Cc1cc2ncn(CCN(CCn3cnc4cc(C)c(C)cc43)Cc3ccc(Cl)cc3Cl)c2cc1C,-4.0
CCn1cc(C(=O)NN)c(=O)c2ccc(C)nc21,4.058893689053568
O=C(NCC(OCc1ccc(C#Cc2ccc(CN3CCOCC3)cc2)cc1)C(=O)NO)c1cccc2[nH]ccc12,5.011587974275212
COC(=O)c1ccc(OC)c(OC)c1,-4.169925001442312
CC(C)=CCC1CC2(CC=C(C)C)C(=O)C3(CC=C(C)C)CC1(C)C2(O)C(=C(O)c1ccccc1)C3=O,-3.0
COc1c(N2CCCC(N)C2)ccc2c(=O)c(C(=O)O)cn(C3CC3)c12,5.058893689053568
Cc1c(C)c2c(c(C)c1O)CCC(C)(C(=O)NN=C1C(=O)Nc3ccccc31)O2,-3.643856189774725
C=CC1(C)CCC2=C(CCC3C(C)(OC(=O)CC(=O)O)CCCC23C)C1,-5.0
N=C(N)NN=Cc1ccc(C=CC(=O)c2ccccc2Br)cc1,-3.0
CNC1(C2CCN(c3ccc4c(=O)c(C(=O)O)cn(C5CC5F)c4c3OC)C2)CC1,7.380821783940931
CCOC(=O)C1C(C(=O)c2cccs2)C1c1ccc(OC)c(OC)c1,-4.643856189774724
Nc1ccc(-c2nnc(-c3cc(Br)c(Br)[nH]3)o2)cc1,-0.6415460290875237
COc1cc2ncc(F)c(CCC34CCC(NCc5ccc6c(n5)NC(=O)CO6)(CC3)CO4)c2nc1OC,-3.0
CSc1ccc(-c2n[nH]cc2C=NNC(=O)CSc2nc3ccccc3o2)cc1,-2.643856189774725
CN(C)C1=NC(c2ccc3cc(OCC(=O)c4ccc(Br)cc4)ccc3c2)N=C(N)N1,-3.0
CC(C)c1cc(O)n2c(n1)nc1ccccc12,-3.643856189774725
CCNC(=O)Nc1nc2cc(-c3cccnc3)cc(-c3ccccc3)n2n1,-5.0
CCN1CCN(CC2CN(c3ccc(-n4cc(-c5ccccn5)cn4)c(F)c3)C(=O)O2)CC1,-5.0
CC1COc2c(N3CCN(CC(=O)c4ccc(Br)cc4)CC3)c(F)cc3c(=O)c(C(=O)O)cn1c23,1.0
O=c1c2ccccc2n2c(-c3ccccc3Cl)nnc2n1-c1ccc(Cl)cc1,-0.6415460290875237
CNC1CC(=NOC)CN(c2c(F)cc3c(=O)c(C(=O)O)cn(C4CC4)c3c2F)C1,2.0
CN(C)CCOc1nc(-c2ccccc2)nc2c1oc1ccccc12,-2.0
CCOC(=O)N1CCN(CC(=O)N2C(c3ccc(F)cc3)CC(=O)C(CC)C2c2ccc(F)cc2)CC1,-3.643856189774725
NCC1(F)CCN(c2nc3nc(N)ncc3cc2-c2c(Cl)cccc2Cl)C1,-0.0
CON=C(C(=O)NC1C(=O)N2C(C(=O)[O-])=C(C3CCC(=O)O3)CSC12)c1csc(N)n1,5.058893689053568
CC(N)C1CCN(c2cc3c4c(c2)c(=O)c(C(=O)O)cn4C(C)CO3)C1,3.9885043611621707
C=CC1(C)CCc2c(c(O)cc3c2CCCC3(C)C)C1,-5.0
CC(C)(C)c1ccc(C(=O)Nc2ccc([N+](=O)[O-])cc2O)cc1,-0.963474123974886
CN1CCN(c2cc3c(cc2F)c(=O)c(C(=O)O)c2n3CCS2)CC1,2.321928094887362
O=c1[nH]sc2c1c(=O)c1cc(F)c(-c3cccnc3)cc1n2C1CC1,8.158429362604483
CC(C)(ON=C(C(=O)NC1C(=O)N(S(=O)(=O)O)C1Cn1ccnn1)c1csc(N)n1)C(=O)O,1.0
O=C1OC(CO)CN1c1ccc2c(c1)CC1(C(=O)NNC1=O)C1COCCN21,-5.0
CCCNC1CN(c2c(F)cc3c(=O)c(C(=O)O)cn(-c4nc(N)c(F)cc4F)c3c2C)C1,6.380821783940931
CCN1CCN(C(=O)NC(C(=O)NC2CN3CC(C#N)=C(C(=O)O)N3C2=O)c2ccccc2)C(=O)C1=O,-0.0
CC(O)C1C(=O)N2C(C(=O)O)=C(SC3CNC(C=Cc4cc(C(=O)[O-])no4)C3)C(C)C12,6.265344566520995
Cc1cc2cc(C#CCCCCCCc3cn(C4(C(C)C)Oc5cc6oc(=O)ccc6cc5C4=O)nn3)c(=O)oc2cc1O,2.736965594166206
CN1CCN(c2cc3c(cc2F)c(=O)c(C(=O)O)cn3C2CC2F)CC1,5.321928094887363
Cc1nn(-c2ccccc2)c(Cl)c1C1C(C#N)=C(N)N(c2cccnc2)C2=C1C(=O)CC(C)(C)C2,-4.643856189774724
NCC1OC(OCCC23CC4CC(CC(C4)C2)C3)C(N)C(OCc2ccc3ccccc3c2)C1N,-1.0
CCC(NC(C(=O)NO)C(C)O)c1ccc(C#Cc2ccccc2)cc1,-2.0
CCOC(=O)c1cnn(C2CCNCC2)c1-c1ccccc1,-0.6897464384935557
N=C(N)Nc1ccc(NC(=O)CCC(=O)Nc2ccc(NC(=N)N)cc2)cc1,-3.0
O=C1COc2ccc(Cl)cc2N1Cc1cn(-c2ccc(F)cc2)nn1,-1.9634741239748859
Cc1cccc(-n2c(=S)[nH]c3c(c2=O)C(c2ccccc2Cl)N(N=Nc2ccc(Cl)cc2)C(=O)N3)c1,-4.459431618637297
O=c1ccc2ncc(F)c3c2n1CC3(O)CC12CCC(NCc3cc4c(cc3F)OCCO4)(CC1)CO2,-5.0
COC(=O)N1CC=C(c2ccc(C3=NOC(CNC(C)=O)C3)cc2)CC1,-4.0
NCCC(O)C(=O)NC1CC(N)C(OC2OC(CN)CCC2N)C(O)C1OC1OC(CO)C(O)C(N)C1O,2.9434164716336326
CCNC(=O)Nc1cc(-c2nc(C(F)(F)F)cs2)c(-c2cc3ncccc3nc2N2CC3CCC2CN3)cn1,-0.13750352374993502
C=CC1(C)CC(OC(=O)CSc2ncc(C)c(N3CCN(CC)CC3)n2)C2(C)C(C)CCC3(CCC(=O)C32)C(C)C1O,-1.9656919492247047
Cc1ccc(COCCn2ccn3cc([N+](=O)[O-])nc3c2=O)cc1,-5.0
COC(=O)CSc1c(-c2ccc(Cl)cc2)nc2ccccc2c1-c1ccccc1,-3.643856189774725
O=C(NNC(=O)C1CCC2CN1C(=O)N2OS(=O)(=O)[O-])C1CNC1,-1.0
CC1=C(C(=O)[O-])N2C(=O)C(Nc3cc[n+](Cc4ccccc4)cc3)C2SC1,-2.0
CC(O)C1C(=O)N2C(C(=O)[O-])=C(SCc3cc[n+](C)cc3)C(C)C12,5.965784284662087
CC1CN(c2c(F)c(N)c3c(=O)c(C(=O)O)cn(C4CC4)c3c2Cl)CCN1,5.321928094887363
C=CCn1c2ccccc2c2c(OCc3nnc(S)o3)cccc21,-3.0
CCn1cc(C(=O)O)c(=O)c2cc(F)c(-c3cocn3)cc21,-3.643856189774725
CC(C)c1csc(-c2nnc(S)o2)n1,-4.965784284662087
O=c1c2ccccc2nc(C=Cc2ccco2)n1-c1cccc(O)c1,-4.0
CC(O)C1C(=O)N2C(C(=O)O)=C(SC3CNC(C=Cc4cnoc4)C3)C(C)C12,1.3547594873547346
CC1Sc2c(C(=O)O)c(=O)c3cc(F)c(N4CCCNCC4)cc3n21,2.321928094887362
CC(N)C(=O)NC1CN(c2cc3c(cc2F)c(=O)c(C(=O)O)cn3-c2ccc(F)cc2F)C1C,-0.0
Cc1c(N2CCC(n3cccc3)C2)c(F)cn2c(=O)c(C(=O)O)cc(C3CC3)c12,4.321928094887363
CON=Cc1cn(C2CCN(c3nc4c(cc3F)c(=O)c(C(=O)O)cn4C3CC3)CC2)nn1,-1.0
CC1N(c2c(F)cc3c(=O)c(C(=O)O)cn(C4CC4)c3c2F)CC1(C)N,3.0588936890535687
CCCCCCNC(=O)C[N+](C)(C)CCCCn1c(-c2ccc(N(C)C)cc2)nc2c3ccccc3c3ccccc3c21,-5.0
CN(C)C1C(O)=C(C(N)=O)C(=O)C2(O)C(O)=C3C(=O)c4c(O)cccc4C(C)(O)C3CC12,9.965784284662087
CCCc1nccn1-c1ccnc(NS(=O)(=O)c2ccc(N)cc2)n1,-4.0
Cc1ccc(-c2nc3ncc(-c4nc5ccc(F)cc5[nH]4)cn3c2Nc2ccccc2)cc1,-1.7824085649273733
CN(C)CC1CCN(c2c(F)cc3c(=O)c(C(=O)O)cn(C4CC4)c3c2N)C1,1.3219280948873622
CCc1c(-c2ccc(N(C)C)c(OC)c2)[nH]c(=O)c(C(=O)O)c1O,-2.655351828612554
N#CC(C(=O)N1NC(=O)C2C3c4ccccc4C(c4ccccc43)C2C1=O)=C(S)Nc1ccccc1,-3.643856189774725
CC(O)C(NC(=O)c1ccc(C#Cc2ccc(C=NN3CCSCC3)cc2)cc1)C(=O)NO,2.0
CN1CCN(c2nc3c(cc2F)c(=O)c(C(=O)O)cn3-c2ccc(F)cc2F)CC1,1.3584539709124763
CCCCn1c(Cc2csc3nc(-c4ccc(Br)cc4)cn23)n[nH]c1=S,-5.0
COc1cc(Cc2cnc(N)nc2N)cc2c1NCC(CO)C2,-3.321928094887362
O=C(OCCCl)C1=C2c3ccccc3S(=O)(=O)N2CC1,-4.392317422778761
O=C(O)c1cn(C2CC2)c2cc(N3CCN(CC(=NOCc4ccccc4)c4nccs4)CC3)c(F)cc2c1=O,2.0
CCOC=NC1=C(C#N)C(c2ccccc2Cl)c2c(n(C)c(=O)n(C)c2=O)O1,-2.643856189774725
CCOC(=O)C1=C(C)NC(=S)NC1c1ccc(NC(=O)Nc2ccccc2F)cc1,-3.321928094887362
Cc1cc(C)n2nc(SCc3nnc(SCc4ccccc4Cl)s3)nc2n1,-3.643856189774725
O=C(C(=Cc1ccccc1)n1cncn1)c1ccc(F)cc1F,-5.0
CNC(C)C1CCN(c2nc3c(cc2F)c(=O)c(C(=O)O)cn3C2CC2)C1,3.321928094887362
COCCCCn1c(=O)cc(Nc2ccc(C)c(C(C)Cl)c2)[nH]c1=O,-4.321928094887363
CC(=NOC(=O)C=Cc1ccccc1)N1N=C(c2ccc(Cl)cc2Cl)CC1c1ccccc1F,-2.643856189774725
COc1ccc(NC(=O)c2nn(-c3ccccc3)c(-c3ccccc3)c2C(=O)c2ccccc2)cc1,-2.169925001442312
Cc1cnc(N2C(=O)C(Cl)C2c2cc3ccccc3nc2S)s1,-3.643856189774725
C1=CC(CCNc2ncnc3c2ncn3C2CCCC2)CCC1,-4.643856189774724
CC(C)(C)c1nc(-c2ccc3c(c2)OCCO3)c(-c2ccncc2)[nH]1,2.0
CC(C)Nc1cccc(-n2c(C=Cc3ccc(C#N)cc3)nc3ccccc3c2=O)c1,-4.0
CCCCC(=O)NC(=S)Nc1nc2cc([N+](=O)[O-])ccc2s1,-4.643856189774724
CNC(=O)c1c(CS(C)(=O)=O)nc2ccccc2[n+]1[O-],-1.6415460290875237
Nc1ccc(S(=O)(=O)N2N=Cc3c(F)cccc3B2O)cc1,-4.643856189774724
CC(C)CCCC(C)C1CCC2C3CCC4=CC(NCCCCN)CCC4(C)C3CCC12C,-4.643856189774724
CCNc1cc(F)cc2c1[nH]c1ncc(-c3cncc(C#N)c3)c(-n3ccc(C(F)F)n3)c12,2.0
CCOC(=O)c1ccc(CC2(CNC(=O)c3ccccn3)CCCC3(C)c4ccc(C(C)C)cc4CCC23)cc1,-5.0
C#CCN1C(=O)C(=Nc2ccc(N3C(=O)c4ccc(Cl)cc4C3=O)c(C)c2)c2cc([N+](=O)[O-])ccc21,-3.9068905956085187
COc1ccc2nc(C)cc(-n3cc(CNC4CC4)nn3)c2c1,-2.643856189774725
Nc1nc2c(Cn3ccnc3C(=O)O)cccc2s1,2.0
CCCCCCCCON=C(CS(=O)(=O)c1ccc(N)cc1)c1nccs1,-5.0
CCOC(=O)c1cn([CH-]c2ccc(Cl)cc2)c2cc(C(C#N)C(=O)OCC)c(F)cc2c1=O,1.0
COc1ccc2ncc(F)c(C(O)C(O)C3CCC(NCc4ccc5c(n4)NC(=O)CS5)CO3)c2n1,9.965784284662087
O=c1[nH]c(=S)[nH]c2c1C(c1ccc([N+](=O)[O-])cc1)c1c(-c3ccccc3)nn(-c3ccc([N+](=O)[O-])cc3)c1N2,-2.584962500721156
O=c1cc(COc2cccc(O)c2)c2ccc3ccccc3c2o1,-4.643856189774724
Cn1ncc2cc(-n3cc(CSc4nnnn4-c4cccc(O)c4)nn3)ccc21,-2.321928094887362
C[n+]1c2cc(N)ccc2cc2ccc(N)cc21,-1.0
O=[N+]([O-])c1ccc(OCc2nc3cc(Br)ccc3n2S(=O)(=O)c2cc(Cl)ccc2Cl)cc1,-2.0
O=C(C=C(O)c1ccccn1)c1ccccc1,-4.590362488463746
CN(C)C1C(O)=C(C(N)=O)C(=O)C2(O)C(O)=C3C(=O)c4c(O)c5c(c(F)c4CC3CC12)C1NCCC1CN5,1.0
NCCCCN1C(=O)N(CCCCN)C(=O)C(Cc2ccc(C(F)(F)F)cc2)(Cc2ccc(C(F)(F)F)cc2)C1=O,-5.0
CCCCCCCCCCCCCC[N+](C)(C)CC(=O)NCC1CN(c2ccc(N3CCOCC3)c(F)c2)C(=O)O1,-4.0
CCNC(=O)Nc1ccc(-c2ncc(C(N)=O)s2)cn1,-4.0
CC(NC(=O)C(N)Cc1ccccc1)P(=O)(O)O,1.0
Cc1ccc(-c2cc(-c3ccc(-n4cccc4)cc3)on2)cc1,-3.643856189774725
Cc1ccccc1C(=O)NCC(=O)OCCn1c(=O)c2ccccc2n(C)c1=O,-5.0
O=c1[nH]c2c(c(=O)[nH]1)C(c1ccccc1)c1c(-c3ccccc3)nn(-c3ccccc3)c1N2,-1.0
CN(C)C1C(O)=C(C(N)=O)C(=O)C2(O)C(O)=C3C(=O)c4c(c(F)c5ccc(CN6CCC6)cc5c4O)CC3CC12,-0.0
CC(O)C1C(=O)N2C(C(=O)O)=C(SC3CNC(Cc4c[n+](C)c(C(N)=O)n4C)C3)C(C)C12,3.321928094887362
Clc1cc(Cl)cc(-c2nn3c(-c4cc(Cl)cc(Cl)c4Cl)nnc3s2)c1,-2.643856189774725
C=CC(=O)ON=C(C)N1N=C(c2ccc(Cl)cc2Cl)CC1c1ccc(C(F)(F)F)cc1,-2.643856189774725
N#Cc1ccc(-c2cc3c(cc2F)c(=O)c2c(=O)[nH]sc2n3C2CC2)cc1,-0.0
CC(C)c1csc(-c2nnc(S(=O)(=O)Cc3cc(Cl)ccc3F)n2-c2ccccc2)n1,-2.0
Cc1ccc(-c2cc(-c3cc4ccccc4o3)nc(N)n2)s1,-2.111031312388744
COc1cnc2ccc(=O)n(CC(N)C3CCC(NCc4ccc5c(n4)NC(=O)CO5)CC3)c2c1,1.0
O=C(O)c1cn(-c2ccc(F)cc2)c2cc(N3CCC(O)CC3)c(F)cc2c1=O,1.3584539709124763
O=C(O)CSC(=O)C(Cc1ccccc1)NC(=O)Cc1cccs1,1.0
N=C(N)c1ccc(-c2cc3ccc(C(=N)N)cc3[nH]2)cc1,1.0
O=C(O)c1cn2c3c(c(N4CCN(C(=O)C(F)(F)F)CC4)c(F)cc3c1=O)SCC2,1.3584539709124763
CC1Sc2c(C(=O)O)c(=O)c3cc(F)c(N4CCN(O)CC4)cc3n21,1.3584539709124763
CCCCCCCC(CP(=O)(O)C(C)N)C(=O)O,-5.0
CCCNC1CCN(c2c(F)cn3c(=O)c(C(=O)O)cc(C4CC4)c3c2C)C1,2.321928094887362
CC1CCNc2ccc(Cc3cnc(N)nc3N)cc21,-4.906890595608519
CON=C(C(=O)NC1C(=O)N2C(C(=O)[O-])=C(C[n+]3ccc4[nH]c(C)nc4c3)CSC12)c1csc(N)n1,6.965784284662087
N=C(N)Nc1nnn(Cc2cccc(Cn3nnc(C(=N)N)n3)c2)n1,-4.906890595608519
Fc1ccc(Nc2c(-c3cnc4ccc(Br)cc4c3)nc3ccc(-c4nc5ccc(F)cc5[nH]4)cn23)cc1,-0.4222330006830478
COc1ccc(-c2nc(C(=O)N3CCN(C)CC3)nc3nc(-c4ccccc4)cc(C(F)(F)F)c23)cc1,-3.963474123974886
O=C(NCC(OCc1ccc(C#Cc2ccc(CN3CCOCC3)cc2)cc1)C(=O)NO)c1cc[nH]n1,3.9885043611621707
Nc1nc(-c2ccc(NC(=O)Nc3cccc(-c4c[nH]c(N)n4)c3F)cc2F)c[nH]1,3.0
CCn1cc(C(=O)O)c(=O)c2c(O)c(F)c(N3CCNC(C)C3)c(F)c21,1.3219280948873622
CCCc1ccc(Oc2cccc(OC)c2)c(O)c1,-4.0
CCOC(=O)C1=C(N)Oc2ccc(Sc3nc4ccccc4[nH]3)cc2C1c1ccc([N+](=O)[O-])cc1,-4.0
CCn1cc(C(=O)O)c(=O)c2cc(F)c(OCc3ccccc3)c(F)c21,-4.643856189774724
COc1ccc(C2=NOC(CCl)CC2)cc1OC,-4.321928094887363
Clc1ccc(OCc2ccccc2-c2nnc(-c3cccc4ncccc34)o2)cc1,-4.643856189774724
CC1(C)C(NC(=O)C(=NOCc2ccc(C(=O)O)cc2)c2csc(N)n2)C(=O)N1S(=O)(=O)O,-1.0
NCc1cn(C2CCN(c3nc4c(cc3F)c(=O)c(C(=O)O)cn4C3CC3)CC2)nn1,-4.0
O=[N+]([O-])c1ccc(C2=NOC(c3ccc(N4CCSCC4)cc3)C2)o1,-3.643856189774725
CON=C(C(=O)NC1C(=O)N2C(C(=O)[O-])=C(C[n+]3ccc4sc(C)nc4c3)CSC12)c1csc(N)n1,6.058893689053568
O=C(O)c1cn(C2CC2)c2cc(N3CCN(c4nnc(-c5ccc([N+](=O)[O-])s5)s4)CC3)c(F)cc2c1=O,-1.0
C=Cc1cc(Nc2cc(=O)n(CCCCOC)c(=O)[nH]2)ccc1C,-4.321928094887363
Clc1ccc(CN(CCn2ccnc2)CCn2ccnc2)cc1,-5.0
O=C1SC(=Cc2sc(Cl)nc2Cl)C(=O)N1Cc1ccc([N+](=O)[O-])cc1,-4.643856189774724
CCSc1c(C(=O)O)c(=O)c2cc(F)c(N3CCNCC3)c(OC)c2n1C1CC1,-3.643856189774725
CCC1OC(=O)C(C)CC(C)C(OC2OC(C)CC(N(C)C)C2O)C(C)(OC)CC(C)C(=O)C(C)C2OC(=O)OC12C,2.321928094887362
CC(C)NCc1ccc(C2CC(SC3=C(C(=O)O)N4C(=O)C(C(C)O)C4C3C)CN2)cc1,4.321928094887363
O=C(NN=Cc1ccc(OC(F)(F)C(F)F)cc1)c1cnc2c(C(F)(F)F)cccc2c1O,-2.643856189774725
CCC(C)=NNc1nc2ccccc2[nH]c1=O,-4.968090752045256
CC(=O)N1CCN(c2nc(Nc3ccccc3)nc(Oc3ccc4c(C)cc(=O)oc4c3)n2)CC1,-3.643856189774725
COc1c(N2CCN(CCC#N)C(C)C2)c(F)cc2c(=O)c(C(=O)O)cn(C3CC3)c12,-4.0
Cc1ccc2[nH]cc(-c3nc4sc5cc(F)ccc5n4c3Nc3ccc(F)cc3)c2c1,-3.859969548221026
CC(C)N1CCCC1c1cc(O)c2c(c1C(F)(F)F)CC1CC3C(N(C)C)C(O)=C(C(N)=O)C(=O)C3(O)C(O)=C1C2=O,3.0
O=C(c1ccc(OC(F)(F)F)cc1)c1c(O)n(-c2ccc(Cl)cc2)n(-c2ccc(Cl)cc2)c1=O,-4.666756591884804
NCC1C(=NOCc2ccccc2)CN1c1nc2c(cc1F)c(=O)c(C(=O)O)cn2-c1nc(N)c(F)cc1F,-2.0
CON=C(C(=O)NC1C(=O)N2C(C(=O)[O-])=C(CN(C)c3scc[n+]3C)CSC12)c1csc(N)n1,5.321928094887363
CCCCCC(=O)Nc1cc2c(cc1F)c(=O)c(C(=O)OCC)cn2CC,-3.963474123974886
CCOC(=O)c1cn(CC(O)Cn2cncn2)c2c(F)cccc2c1=O,-3.0
COC1(NC(=O)Cc2ccccc2)C(=O)N2C(C(=O)[O-])=C(CO)COC21,-4.643856189774724
CC(C)Cc1ccc(C(C)c2nn(CN3CCOCC3)c(=S)o2)cc1,-2.643856189774725
CON=C(C(=O)NC1C(=O)N2C(C(=O)[O-])=C(C[n+]3cccc(-c4cc(C(N)=O)nn4C)c3)CSC12)c1csc(N)n1,5.321928094887363
CCCc1ccc(C2=NOC(CC(C)(C(=O)NO)S(C)(=O)=O)C2)cc1,-2.0
Cc1nnc(SCC2=C(C(=O)O)N3C(=O)C(NC(=O)Cn4cnnn4)C3OC2)s1,0.3584539709124763
Cn1cnc(CN(CCCO)Cc2ncn(C)n2)n1,-2.807354922057604
Cc1ccc2oc(=O)cc(C(CC(=O)O)c3c(O)c4ccccc4oc3=O)c2c1,-1.7004397181410922
COC(=O)c1nc(-c2cc(Cl)cc(Cl)c2)c(-c2cc(Cl)cc(Cl)c2)[nH]1,-5.0
CCn1cc(C(=O)O)c(=O)c2cc(F)c(NC(=O)C3CCC(COc4ccccc4)CC3)c(F)c21,-5.0
COc1ccc2cc3[n+](cc2c1OCCN(CCn1cncn1)Cc1ccccc1Cl)CCc1cc2c(cc1-3)OCO2,-3.0
CCCN1CCN(c2cc3c(cc2F)c(=O)c(C(=O)O)cn3NC)CC1,2.0
CCCCNC(=O)NCC1CN(c2ccc(-c3nnc4ncccn34)cc2)C(=O)O1,-4.0
CC(O)C1C(=O)N2C(C(=O)O)=C(c3cn4cnc(C(=O)C5CCCCN5)c4s3)C(C)C12,3.0
CC(C)(C)c1cc(C(=O)Nc2cc3ccccc3cc2C(=O)NCCN)cc(C(C)(C)C)c1,-3.0
Cc1nnc2n(c1=O)NP(=O)(c1ccccc1)S2,-3.643856189774725
Cc1c(CN(C)C(=O)C=Cc2cnc3c(c2)CCC(N)C(=O)C3)sc2ccccc12,-2.0
CC(O)C1C(=O)N2C(C(=O)O)=C(SC3CNC(CNc4ccccc4)C3)C(C)C12,4.321928094887363
O=c1cc(-c2ccccc2)oc2cc(OCCN3CCCCC3)cc(O)c12,-3.643856189774725
N#CCN1CCN(c2cc3c(cc2N)c(=O)c(C(=O)O)cn3C2CC2)CC1,-1.0
O=C(Nc1ccccc1Cl)N1CCOCC1,-1.632268215499513
C=CCON=C(C(=O)NC1CN2CC(S(=O)(=O)CC=C)=C(C(=O)O)N2C1=O)c1csc(N)n1,3.0
Nc1ncc2cc(-c3c(Cl)cccc3-c3cccnc3)c(N3CC4C(N)C4C3)nc2n1,6.965784284662087
COc1ccc2c(c1)sc1nc(C=C3C(=O)N4C(C(=O)[O-])=CSC34)cn12,4.058893689053568
CC(C)(O)C#CC#Cc1ccc2c(c1)CN(CCC(C)(C(=O)NO)S(C)(=O)=O)C2=O,-0.0
Cc1nn(-c2ccccc2)c(=O)n1-c1nnc(-c2ccccc2)s1,-4.965784284662087
CCn1cc(C(=O)O)c(=O)c2cc([N+](=O)[O-])c(N3CCN(C)CC3)nc21,-1.6461626571578936
N#Cc1cccc2c1CC(CNCCC1CN(c3ccc4c(n3)NC(=O)CO4)C(=O)O1)C2,4.058893689053568
CNS(=O)(=O)CCn1nnnc1SCC1CC(SC2=C(C(=O)O)N3C(=O)C(C(C)O)C3C2C)CN1,5.321928094887363
CSc1c2sc(C3=C(C(=O)[O-])N4C(=O)C(C(C)O)C4C3C)cn2c[n+]1CC(O)CN,4.321928094887363
Cn1cc(NC(=O)c2cc(NC(=N)c3cnc4ccccc4c3)cn2C)cc1C(=O)NCCC(=N)N,-5.0
CC1=Nn2c(nnc(C)c2=O)NNP1(c1ccccc1)(c1ccccc1)c1ccccc1,-3.643856189774725
CNCC1CN(c2c(F)cc3c(=O)c(C(=O)O)c4scc5n4c3c2N(C)C5)CCO1,2.321928094887362
O=C(NN=Cc1ccc(C(F)(F)F)cc1)c1ccc2c(c1)OCCCO2,-4.643856189774724
COC(=O)c1ccc(C2CN(c3c(F)cc4c(=O)c(C(=O)O)cn(C5CC5)c4c3F)CC2N)cc1,1.3219280948873622
CC1COc2c(N3CCN(C)CC3)c(F)cc3c(=O)c(C(=O)NNC=O)cn1c23,-0.0
Cc1ccc(S(=O)(=O)N2N=Cc3sc(Cl)cc3B2O)cc1,-4.643856189774724
NC(=O)c1cccc(-n2c(C=Cc3ccc(Cl)cc3)nc3ccncc3c2=O)c1,-4.0
O=C(NCCc1c[nH]c2ccccc12)Nc1ccc(F)cc1,-2.0
CC(=O)OCC1=C(C(=O)O)N2C(=O)C(NC(=O)Cn3cccc3)C2SC1,-2.6322682154995127
FC(F)(F)c1cccc2c(N3CCOCC3)c(-c3nnc(S)n3-c3ccccc3)cnc12,-2.643856189774725
CCOC(=O)c1cn(Cc2cccc(Cl)c2)c2cc(F)c(F)cc2c1=O,-0.0
COC1OC(CNC2=C(Br)C(=O)c3ccccc3C2=O)C2OC(C)(C)OC12,-5.0
Cc1nn(C(=O)Cc2ccccc2)c2c1nnc1cc(Cl)c(F)cc12,-4.643856189774724
O=C(c1ccccc1F)N1CCN(c2ccc(N3CC(Cn4ccnn4)OC3=O)cc2F)CC1,-3.0
CC=C1CN2CCc3c([nH]c4ccccc34)C(CO)(C(=O)OC)C1CC2,-0.32192809488736235
N#CCCc1cccc(C(=O)OCc2csc(N)n2)c1,-2.643856189774725
O=C(NN1C(=O)CC1c1cc2cc(Br)ccc2nc1Cl)c1ccncc1,1.3219280948873622
CCNC(=O)Nc1cc2ccccc2cn1,-5.0
COc1ccc2ncc(F)c(CCN3CCC(C(N)Cc4ccc5c(c4)NC(=O)CO5)CC3)c2n1,-3.0
CCCCCCN1C(=O)CSc2cccc(Cl)c21,-5.0
COc1ccc2nc(C)cc(NC(=O)CN3CC(CN4CCN(C(C)C)CC4)OC3=O)c2c1,0.3219280948873623
Cn1cc([N+](=O)[O-])cc1-c1nnc(-c2cc3cc(Cl)ccc3[nH]2)o1,-0.6415460290875237
CON=C(C(=O)NC1CN2CC(C(C)=O)=C(C(=O)O)N2C1=O)c1csc(N)n1,-1.0
CCOC(=O)c1cn(CC2CCC2)c2cc([C-](C#N)C(=O)OCC)c(F)cc2c1=O,-1.0
Cc1c(NC(=O)C(C#N)=C2SCC(=O)N2c2ccc(Cl)cc2)c(=O)n(-c2ccccc2)n1C,-4.643856189774724
CC(=NNC(=N)N)c1sc(-c2ccc(OCCCCN3CCN(C)CC3)cc2)nc1C,-5.0
CCNc1cc(F)cc2c1[nH]c1ncc(-c3cncc(N)c3)c(-n3ccc(C(F)(F)F)n3)c12,5.965784284662087
O=c1c2ccccc2[se]n1CCN1CCCCC1,-4.0
N#CC(=Cc1cnc(N)nc1N)c1nc2ccccc2s1,-0.0
Cc1oc(-c2ccccc2C(F)(F)F)nc1N1N=C(c2ccccc2F)CC1N1CCc2ccccc2C1,-2.643856189774725
Cc1c(N2CCCC(C)(C)C2)c(N)cc2c(=O)c(C(=O)O)cn(C3CC3)c12,1.0
Cc1cc(C)c(Nc2ccccc2-c2ccccc2[N+](=O)[O-])c(C)c1,-5.0
NC1CCN(c2cc(F)c3c(=O)c(C(=O)O)cn(C4CC4)c3c2)C1,2.9434164716336326
CN1CCC(F)(C#CC#Cc2cc3n(c2)C(=O)N(CCC(C)(C(=O)NO)S(C)(=O)=O)C3)CC1,1.0
CC(=CC(C)C1CC(O)C2C3CC(O)C4CC(O)CCC4(C)C3CCC12C)C(C)C(C)CO,-4.643856189774724
CCON=C1CCN(c2c(F)cc3c(=O)c(C(=O)O)cn(C4CC4)c3c2C(=O)C(F)F)CC1(C)N,-2.0
CC1COc2c(CC(=O)O)c(F)cc3c(=O)c(C(=O)O)cn1c23,2.0
O=C(NNC(=O)c1ccc([N+](=O)[O-])cc1)c1ccc(-n2cccc2)cc1,-3.643856189774725
C=C1CCC2C(C)(C)CCCC2(C)C1CC=C(C=O)CC=O,-4.643856189774724
CON=C1CC(N)CN(c2c(F)cc3c(=O)c(C(=O)O)cn4c3c2OCC4C)C1,2.0
CCc1c(-c2ccc(N3CCC(NC)CC3)cc2)[nH]c(=O)c2c(=O)[nH]sc12,-0.0
CC1=C(C=CC(=O)C=Cc2ccccc2Cl)C(C)(C)CCC1,-0.6415460290875237
NCc1cc(=O)n(C2CC2)c2c(OC(F)F)c(N3CC4CC4(N)C3)c(F)cc12,-0.0
CC(O)C(NC(=O)N1CCN(c2ccc(C#Cc3cccs3)cc2)CC1)C(=O)NO,-0.6415460290875237
CCCS(=O)(=O)C1=C(C(=O)O)N2C(=O)C(NC(=O)C(=NOCCF)c3csc(N)n3)CN2C1,3.0
O=C(NNC(=O)C1CCC2CN1C(=O)N2OS(=O)(=O)O)C1CCNC1,3.0588936890535687
COc1cccc(COc2ccc3cc(C=C4SC(=S)N(C(Cc5c[nH]c6ccccc56)C(=O)O)C4=O)ccc3c2)c1,-4.0
CC(=NNC(=N)N)c1sc(-c2ccc(C#CC(C)(C)O)cc2)nc1C,-4.0
Cc1oc(-c2ccccc2)nc1CCCc1nc2cc(CC(Oc3ccc(C(C)(C)C)cc3)C(=O)O)ccc2o1,-1.6415460290875237
CCS(=O)(=O)C1=C(C(=O)O)N2C(=O)C(NC(=O)C(=NOCCF)c3csc(N)n3)CN2C1,4.058893689053568
CC(=CCc1c(O)c(Cl)c(C)c(C(=O)O)c1O)CCC=C(C)CCCC(C)(C)O,-3.0
COC(=O)C1(C)CCCC2(C)c3ccc(C(C)C)cc3-c3c(c4ccccc4n3CCn3cnc4ccccc43)C12,-4.963474123974886
CCc1nnc2n1N=C1c3cccc(C)c3CC1S2,-5.0
Nc1nc(C(=NO)C(=O)NC2C(=O)N3C(C(=O)O)=C(C=C4CCN(Cc5nn[nH]n5)C4=O)CSC23)cs1,2.0
CCCCCCCCCCCCCCCC(=O)N1C(=O)CSC1c1ccc(Cl)cc1,-3.643856189774725
Nc1nc(C(=NOC2(C(=O)O)CC2)C(=O)NC2C(=O)N(S(=O)(=O)O)C2Cn2cncn2)cs1,3.0
[O-]c1on[n+](-c2ccccc2)c1C=Nc1nnc(-c2ccccc2)s1,-4.965784284662087
O=C1C(=Cc2ccc(OCCCCN3CCCCCC3)cc2)CCC1=Cc1ccc(OCCCCN2CCCCCC2)cc1,-4.0
O=C(NCCNc1ccnc2c(F)cc(F)cc12)Nc1cc(C(F)(F)F)ccc1Cl,-4.321928094887363
CCn1cc(C(=O)O)c(=O)c2cc(F)c(N3CCN(C4SCC(=O)N4c4nc5ccc(OC)cc5s4)CC3)cc21,-1.0
O=C(CCc1c[nH]c2ccc(Cl)cc12)NCc1c[nH]c2ccc(OC(F)(F)F)cc12,-2.643856189774725
CC1CCC2(NC1)OC1CC3C4CCC5CC(NCCN)CCC5(C)C4CCC3(C)C1C2C,1.0
COc1ccc2nc(C)cc(-n3cc(CN4CCN(C(=O)c5ccc(C)cc5)CC4)nn3)c2c1,-2.643856189774725
CC(N)C(=O)NCC1COCC1SC1=C(C(=O)O)N2C(=O)C(C(C)O)C2C1C,4.058893689053568
CN(C)CC(CN(C)C)NC(=O)COc1ccc2sc(CNc3nncc(-c4c(Cl)cccc4Cl)n3)nc2c1,-5.0
CSc1ccc(Cc2nn(CN3CCNCC3)c(=S)o2)cc1,-3.643856189774725
O=c1cc(-c2ccco2)oc2cc3oc(-c4ccco4)cc(=O)c3cc12,-4.643856189774724
O=C(NNC(=O)c1ccc(Cl)cc1Cl)c1ccc(-n2cccc2)cc1,-1.6438561897747246
CCN(CC)c1ccc2cc(-c3nc4sc(S(N)(=O)=O)nn4c3CN3CCOCC3)c(=O)oc2c1,-4.965784284662087
CCc1cc(O)c(Oc2ccc(C(=O)N3CCNC(=O)C3)cc2F)cc1F,-2.0
CCn1cc(C(=O)O)c(=O)c2cc(F)c(N3CCN(Cc4ccc(N)cc4)CC3)cc21,1.3584539709124763
Nn1c(=O)cc2n(C3CC3)c3cc(N4CCNCC4)c(F)cc3n2c1=O,2.0
Cc1ncc([N+](=O)[O-])n1CC(O)Cn1cc(C(=O)O)c(=O)c2cccc(F)c21,-2.0
CON=C(C(=O)NC1C(=O)N2C(C(=O)[O-])=C(C[n+]3cccc4c(N)cccc43)CSC12)c1csc(N)n1,6.058893689053568
Cc1ccc2occ(-c3cc4cc(Br)ccc4oc3=O)c2c1,-2.643856189774725
COc1cccc(OC)c1-c1nnc(-c2cc([N+](=O)[O-])cn2C)o1,-2.643856189774725
CC1CSC2=C(CN(c3cc4c(cc3N)c(=O)c(C(=O)O)cn4C3CC3)CC2)C1=NO,-5.0
COc1ccc(C=NNC(=O)c2cnc3c(C(F)(F)F)cccc3c2O)cc1,1.3219280948873622
COc1ccc2c(=O)c3c(O)cc4c(c3n(C)c2c1C1(O)C(=O)c2cc(C)cc3ccc(=O)n1c23)C=CC(C)(C)O4,-0.0
N#Cc1c(NC(=O)c2cc(OCCN)ccc2Cl)sc2c1CCCC2,-5.0
[N-]=[N+]=NCC1OC(OC2C(O)C(OC3OC(CN)C(O)C(O)C3N)C(N)CC2(N)CO)C(O)C(N)C1O,-0.0
Cc1c(F)c(N2CC3CC2CN3)nc2c1c(=O)c(C(=O)O)cn2C1CC1,8.965784284662087
CON=c1[nH]cnc2c1[n+](CC=C(C)CCC=C(C)CCC=C(C)CCC=C(C)C)cn2CCC#N,-5.0
CC(C)(C)c1cc(C(=O)Nc2cccc(C(=O)NCCCNC(=N)N)c2)cc(C(C)(C)C)c1,-3.0
CN(C)c1cc(NC(=O)c2cccs2)c(O)c2c1CC1CC3C(N(C)C)C(=O)C(C(N)=O)=C(O)C3(O)C(=O)C1=C2O,-5.0
Cn1c(CCC(=O)NCCC(=O)NCc2ccccc2)nc2ccccc21,-5.0
C=CCON=C(CN1CCN(c2cc3c(cc2F)c(=O)c(C(=O)O)cn3CC)CC1)c1nccs1,2.0
Cn1c(=O)n(O)c(=O)c2cc(F)c(N3CCCC3)cc21,-3.0
CNC1=NC(=O)C(C(C)c2c[nH]c3ccccc23)O1,-0.0
Cc1c(CN(C)C(=O)C=Cc2cnc3c(c2)CNC(=O)CCN3)oc2ccccc12,3.9885043611621707
C=C1CCC2C(C)(C)CCCC2(C)C1CCC(C)=CCn1c[n+](C)c2nc[n-]c(=NOC)c21,-3.0
N#Cc1cc(OCC2CNC2)cc2c1CC(CNCCC1CN(c3ccc4c(n3)NC(=O)CO4)C(=O)O1)C2,4.058893689053568
O=C(Cn1ncc2cc([N+](=O)[O-])ccc21)NN1C(=O)CSC1c1ccccc1Cl,-3.700439718141092
O=C1c2cccc3c(NN=Cc4ccc([N+](=O)[O-])cc4)ccc(c23)C(=O)N1C(CO)CO,-5.0
NC1CCCN(c2ccc3c(=O)c(C(=O)O)cn(C4CC4)c3c2Cl)C1,5.058893689053568
C=CCOc1ccccc1C=CC(=O)c1ccc(O)cc1,-2.643856189774725
COC1CN(c2nc(-c3cncnc3)c(C(=O)O)s2)CCC1NC(=O)c1[nH]c(C)c(Cl)c1Cl,0.3219280948873623
CCCCCCN1C(=O)CSc2c(Cl)cccc21,-5.0
c1ccc2c(c1)Sc1ccccc1N2CCN1CCC(NCc2cc3c(cn2)OCCC3)CC1,-4.0
CCOC(=O)c1cn(CC(O)Cn2cnc([N+](=O)[O-])c2)c2ccc(OC)cc2c1=O,-1.0
CCc1c(-c2ccc3c(c2)cc(CN2CCCC2)n3C)[nH]c(=O)c(C(=O)O)c1O,4.321928094887363
CN(C)C1C(O)=C(C(N)=O)C(=O)C2(O)C(O)=C3C(=O)c4c(O)c(NC(=O)c5ccccn5)cc(F)c4CC3CC12,-5.0
CC(C)n1cc(C(=O)O)c(=O)c2cc(F)c(N3CCC(N)C3)cc21,0.3219280948873623
COc1ccc(C=CC(=O)c2ccco2)cc1OC,-3.963474123974886
CC(C)(O)C(NC(=O)N1CCN(c2ccc(C#Cc3ccccc3)cc2)CC1)C(=O)NO,3.321928094887362
CCc1c(-c2ccc(N3CC4C(C3)C4NC)cc2)[nH]c(=O)c(C(=O)O)c1O,4.351074440546879
c1ccc(C(c2[se]nnc2-c2ccc3ccccc3c2)C2CCCc3[se]nnc32)cc1,-4.643856189774724
COc1ccc2ccc(=O)n(CCNC3CCC4C(C3)OC(=O)N4c3ccc4c(n3)NC(=O)CS4)c2n1,8.965784284662087
CCOC(=O)Cn1cc(C=NNc2ccc3c4c(cccc24)C(=O)N(C(CO)CO)C3=O)c2ccccc21,-5.0
CCC(=O)NNC(=O)c1ccc(-n2c(-c3ccccc3)nc3c(Br)cc(Br)cc3c2=O)cc1,-0.6415460290875237
CN1CCN(c2cc3c(cc2F)c(=O)c(C(=O)O)cn3-c2ccc3c(c2)OCO3)CC1,0.3584539709124763
COc1ccc(C(=O)C=Cc2ccc(OCc3nnc(COc4ccccc4)o3)c(OC)c2)cc1,-4.643856189774724
Cc1ccc(-c2ccc(C(=O)NC(C(=O)NO)C(C)(C)NS(C)(=O)=O)nc2)cc1,-5.0
O=C1C=CCC(c2cccs2)O1,-4.321928094887363
CCCCCCCCNC1=NC(C)(C)NC(Nc2ccccc2)=N1,-4.643856189774724
CN(C)CCNc1nc(NCCN(C)C)nc(Nc2ccc(C#N)nc2)n1,-3.643856189774725
CCCn1c(-c2ccc(Cl)cc2Cl)nc2cc(C(=O)NN=Cc3ccc(F)cc3)ccc21,-2.643856189774725
Cc1cc(Nc2nc(-c3ccccc3)ncc2Cl)c(OC(C)C)cc1C1CCNCC1,-4.0
Oc1c(Br)cc(Br)cc1C=NNc1nc(-c2ccc(Cl)c(Cl)c2)cs1,-1.6438561897747246
CC(C)(C)OC(=O)NCCn1[se]c2ccccc2c1=O,-1.0
N#Cc1ccc2ccc(=O)n(CCN3CCC(NCc4cc5c(cn4)OCCC5)CC3)c2c1,1.0
CC(O)c1nccn1Cc1cc(C#Cc2ccc(OCCCNCCN)cc2)on1,-1.0
CC(O)c1nccn1Cc1cc(-c2ccc(C#CC3C4CN(CCCC(=O)O)CC34)cc2)on1,-1.0
CCn1cc(C(=O)O)c(=O)c2cc(F)c(N3CCN(CC(=NOCc4ccccc4)c4ccoc4)CC3)cc21,4.351074440546879
CC(NCCOc1ccccc1Cl)=C1C(=O)CNC1=O,-5.0
CCOC(=O)C12COC(C(C)(C)C)N1C(=O)C(=C(CC13CC4CC(CC(C4)C1)C3)NCC(C)(C)CN(C)C)C2=O,-5.0
CC(O)C1C(=O)N2C(C(=O)[O-])=C(C=Cc3ccc[n+](C)c3)C(C)C12,3.321928094887362
CC(C)(C)n1cc(C(=O)O)c(=O)c2cc(F)c(N3CCC(CN)C3)cc21,2.0
COc1ccc2nc(C)cc(N3CC(CNC(=O)c4ccccc4)OC3=O)c2c1,-3.643856189774725
CC(=NNC(=N)N)c1sc(-c2ccc(N3CCCCC3)cc2)nc1C,-5.0
CCC1CCN(c2ccc3c(=O)c(C(=O)O)cn(C4CC4)c3c2Cl)CC1N,7.965784284662087
COc1ccc2c(c1)sc1nc(-c3c[nH]c4ccc(Br)cc34)c(Nc3ccc(F)cc3)n12,-3.0214797274104512
O=C(Cn1c2ccccc2c2nc3ccccc3nc21)N1N=C(c2cc3ccccc3o2)CC1c1ccccc1,-3.0
Cc1ccc(C)n1-c1ccccc1NC(=S)Nc1cccc(Cl)c1,1.3219280948873622
CCCCCCN1C(=O)COc2cc(F)ccc21,-4.0
O=C(CNC(=O)c1ccc(C#Cc2ccc(CN3CCOCC3)cc2)cc1)NO,-4.0
CCOC=NC1=C(C#N)C(c2cc(OC)ccc2OC)c2c(n(C)c(=O)n(C)c2=O)O1,-2.643856189774725
COc1cc(CCC23CCC(NCc4ccc5c(n4)NC(=O)CO5)(CC2)CO3)c2nc(OC)ccc2n1,-3.0
CCCCCC(=O)N1CCN(c2ccc(N3CC(Cn4ccnn4)OC3=O)cc2F)CC1,-3.0
CCOC(=O)c1c(-c2ccc(OC)cc2)cc(-c2ccco2)c([N+](=O)[O-])c1N,-4.321928094887363
COc1ccc(C=NNC(=O)c2cnc3c(C(F)(F)F)cccc3c2O)c(F)c1,3.321928094887362
c1ccc(-c2nnc(-c3ccc(-n4cccc4)cc3)o2)cc1,-3.0
O=c1[nH]sc2c1c(=O)c1cc(F)c(-c3cccc4cccnc34)cc1n2C1CC1,0.4150374992788438
O=[N+]([O-])c1ccc2[nH]c(-c3ccccn3)nc2c1,-3.321928094887362
CC1CN(c2c(F)cc3c(=O)c(C(=O)O)cn(C4CC4)c3c2C(F)(F)F)CCN1,4.321928094887363
CC(=O)OC1CC(C(N)=O)N(CC2=C(C(=O)O)N3C(=O)C(C(C)O)C3S2)C1,-0.0
CC(=O)OC1CCC2(C)C(=CC(=NNC(=S)NC3CCCC3)C3C2CCC2(C)C(C(C)CCCC(C)C)CCC32)C1,-5.0
Nc1ccc(NC(=O)Cc2ccc(Br)cc2)c(O)c1,-4.965784284662087
O=C(CSc1nnc(N2CCN(c3cc4c(cc3F)c(=O)c(C(=O)O)cn4C3CC3)CC2)s1)c1ccc(F)cc1,-4.0
COc1ccc2cc3[n+](cc2c1OCCN(CCn1ccnc1)Cc1ccc(F)cc1F)CCc1cc2c(cc1-3)OCO2,-5.0
CCNC(=O)Nc1cc(-c2nc(C(F)(F)F)cs2)c(-c2cc(-c3n[nH]c(=O)o3)cnc2N2CCC(N)CC2)cn1,-3.2016338611696504
O=C1CCN(c2cc3c(cc2F)c(=O)c(C(=O)O)cn3-c2ccc(F)cc2F)C1,-3.643856189774725
CCON=C(C(=O)NC1C(=O)N2C(C(=O)[O-])=C(C[n+]3ccc(-c4cc[nH]c4)cc3)CSC12)c1nsc(N)n1,5.643856189774724
CC(O)C1C(=O)N2C(C(=O)[O-])=C(C=Cc3cccc[n+]3C)C(C)C12,-0.6780719051126377
COc1ccc(C=CC(=O)c2ccc(Nc3cc(=O)oc4ccccc34)cc2)cc1OC,-4.643856189774724
Nc1nc(-n2cc(C(=O)O)c(=O)c3cc(F)c(N4CC(=NOCc5ccccc5)C(CNC5CC5)C4)nc32)c(F)cc1F,-3.0
O=c1ccc2ncc(F)c3c2n1CC3(O)CC12CCC(NCc3ccc4c(n3)OCCN4)(CC1)CO2,-5.0
CCCCN(C(=O)Nc1cc(-c2ccc(Cl)c(Cl)c2)sc1C(=O)O)c1ccccc1,-4.643856189774724
CC(C)(C)OC(=O)n1c(COC(=O)NC2CCN(Cc3ccccc3)CC2)cc2cc(OCc3ccccc3)ccc21,-5.0
C=CC1(C)CC(OC(=O)CSc2nc(C)c(C(=O)OCCC)c(C)n2)C2(C)C(C)CCC3(CCC(=O)C32)C(C)C1O,-4.0
NC(C(=O)NC1C(=O)N2C(C(=O)O)=COCC12)c1ccc(O)cc1,-2.0
CCOP(=O)(OCC)C(O)C1=C(N(C)C)C(=O)N(c2ccc(Br)cc2)C1=O,-4.643856189774724
COc1ccc(C=NNc2nc3cccc(C)c3s2)c(OC)c1,-4.643856189774724
Cc1[nH]c(C(=O)Nc2nc3c(N4C5CCC4COC5)cc(C(=O)O)cc3s2)c(Cl)c1Cl,-2.0
COc1cc2c(c(OC)c1OC)C(C)(c1n[nH]c(=S)n1-c1ccc(C)cc1)OCC2,-2.643856189774725
CSc1nc(Cl)cc(Sc2nnc(-c3cc(C)cc(C)c3)[nH]2)n1,-0.6780719051126377
Cc1c(F)c(N2CCC(N)C2)nc2c1c(=O)c(C(=O)O)cn2C(C)(C)CF,5.965784284662087
CON=C(C(=O)NC1C(=O)N2C(C(=O)[O-])=C(C[n+]3ccc(Cl)cc3)CSC12)c1csc(N)n1,5.058893689053568
CC1(CN)CN(c2ccc3c(=O)c(C(=O)O)cn(C4CC4)c3n2)CC1=NOCF,6.058893689053568
C#CCn1cnc2c1c(=O)n(C)c(=O)n2C,3.0
O=C(c1cccc(C(F)(F)F)c1)c1c(O)n(-c2ccc(Cl)cc2)n(-c2ccc(Cl)cc2)c1=O,-4.0
COc1ccc(C=NNCc2ccc(C(F)(F)F)cc2)c(O)c1,-5.0
C=C1CCOC2(C(O)C(C)(O)CO)NC(=O)C1(O)NC2=O,2.0
COc1ccc2ncc(=O)n(CCN3CCC(NCc4ccc5c(n4)NC(=O)CO5)C(F)C3)c2c1,1.0
O=c1[nH]c(=S)[nH]c2nc(-c3ccc(Cl)cc3)cc(-c3ccccc3)c12,0.029146345659516508
CN(C(=O)N(C)C1C2CC3CC(C2)CC1C3)c1ccc(F)c(F)c1F,-3.643856189774725
O=S(=O)(Nc1ccc(-c2cc(Nc3cccc(C(F)(F)F)c3)ncn2)cc1)c1ccc(OC(F)(F)F)cc1,-3.9068905956085187
O=C(c1ccncc1)N1N=C(c2nc3ccccc3[nH]2)CC1c1ccc(O)cc1,-4.643856189774724
Cn1c(N)c2ccccc2nc2c(=O)c3ccccc3c(=O)c1=2,-4.643856189774724
Cc1ccc(OCc2ccccc2-c2nnc(SCc3ccccc3)o2)cc1,-4.643856189774724
CC(=O)Nc1ccc(C=CC(=O)N2CCC(c3ccccc3)C2)cn1,-3.643856189774725
Cc1cc(NCCc2c(C)n[nH]c2C)n2nc(NC(C)c3cccc(Cl)c3)nc2n1,-1.0
CCCCCCNC(=O)NCCc1c[nH]c2ccccc12,-2.0
CCc1ccc(-n2[se]c3ccccc3c2=O)cc1,-3.0
CC=CC(=O)Oc1cc(C(C)C)ccc1C,-3.548436624696042
COC(=O)CCNC(=O)c1cccc(-n2c(C=Cc3ccc(C#N)cc3)nc3ccccc3c2=O)c1,-4.0
CC(O)C1C(=O)N2C(C(=O)[O-])=C3C(CCCC3N(C)C(=O)NC(C)(C)C)C12,1.0
CC1CN(c2nc3c(cc2F)c(=O)c(C(=O)O)cn3-c2ccc(O)cc2)CC(C)N1,4.321928094887363
O=c1n(CCO)nnn1-c1ccccc1,-3.0
CN1C=C2CC3C(CC(CNC(=O)C=Cc4ccccc4)CN3C)C3C=CC=C1C23,-3.0565835283663674
O=C1NC(=S)SC1=Cc1cc2ccccc2nc1Cl,-4.906890595608519
O=C1c2cccc3c(NN=Cc4ccc5ccccc5n4)ccc(c23)C(=O)N1C(CO)CO,-2.0
COc1cc(OC)c2c(c1C(C)=O)OC(C)(C)C(O)C2O,0.25153876699596445
CCn1cc(C(=O)O)c(=O)c2cc(F)c(N3CCC(C(C)N)C3)c(OC)c21,4.321928094887363
Cn1c(=O)c(C(=O)CNc2ccc(-c3nc4ccc(Cl)c(Cl)c4s3)cc2)c(O)c2ccccc21,1.0
N=C(N)NN=Cc1cn(-c2ccccc2)nc1-c1ccc(F)cc1,-3.0
CNCC1(CF)CCN(c2c(F)cc3c(=O)c(C(=O)O)cn(C4CC4)c3c2OC)C1,3.321928094887362
NC(Cc1ccccc1)C(=O)Oc1ccc2c(=O)c3ccccc3oc2c1,-4.459431618637297
Cc1cccc(O)c1C(=O)OC1C(OC(N)=O)CC(NC(=O)c2cccc(O)c2)C(O)C1O,-5.0
CCN(CC)C(=O)NC1(C(C)O)C(N)C(Nc2cccc(C(F)(F)F)c2)C(O)(CO)C1(C)O,-4.0
CC(N)C(=O)NCC1CC(SC2=C(C(=O)[O-])N3C(=O)C(C(C)O)C3C2C)CO1,4.058893689053568
CN1CCN(c2ccc(C3CC(c4ccc([N+](=O)[O-])o4)=NO3)cn2)C(=O)C1,-2.643856189774725
COc1ccc(Br)c(C(=O)NN=Cc2ccc(O)cc2)c1,-3.643856189774725
NC(=O)c1cc(OCCNCc2ccc(O)cc2)c2ccccc2c1,-1.0
CCCCCC=CCC=CCCCCCCCCNC(=N)NCCCCN,-2.0
CC(=O)c1sc(N=C2NC(=O)C(=C3C(=O)N(Cc4ccccc4)c4ccc(Cl)cc43)S2)nc1C,1.0291463456595165
CC(O)C1C(=O)N2C(C(=O)O)=C(SC3CNC(c4ccc(CN)s4)C3)C(C)C12,5.321928094887363
O=C1COc2ccc(CNC34CCC(CCc5c(F)cnc6ccc(OCC7(CO)CC7)nc56)(CC3)OC4)nc2N1,-4.0
COC(=O)C1(C)CCCC2(C)c3ccc(C(C)C)c(NC(=O)Cn4cc(COc5ccccc5)nn4)c3CCC12,-4.643856189774724
Nc1c(F)c(N2CC(N)C(c3ccc(O)cc3)C2)c(F)c2c1c(=O)c(C(=O)O)cn2C1CC1,4.321928094887363
Cc1nc2ccccc2c(=O)n1-c1ccc(NC(=O)CNN=Cc2ccc(F)cc2)cc1,-4.965784284662087
Cc1cc(NCC(N)c2nccn2C)n2nc(NC(CC#N)c3cccc(Cl)c3)nc2n1,-2.0
CC(O)C1C(=O)N2C(C(=O)[O-])=C(CSC(=S)N(C)c3ccccn3)SC12,-0.0
C=CCON=C(C(=O)NC1CN2CC(S(C)(=O)=O)=C(C(=O)O)N2C1=O)c1csc(N)n1,3.0
O=C(Nc1ccc(Cl)c(Cl)c1)c1cc(Cl)cc(Cl)c1O,-3.0
O=C(c1c(O)n(-c2ccc(Cl)cc2)n(-c2ccc(Cl)cc2)c1=O)C1CCCCC1,-2.4329594072761065
CN1CCc2c([nH]c3ccccc23)C1c1ccc(NC(=O)c2ccc(C(F)(F)F)cc2)cc1,-4.0
C=C1CC23C=C(Sc4ccc(C)cc4)C(=O)C(C)(CCC(=O)Nc4c(O)ccc(C(=O)O)c4O)C2CC1CC3,-5.0
COc1ccc(C2C(C#N)=C(N)OC3=C2CNc2c3cccc2[N+](=O)[O-])cc1,-4.087462841250339
CC1(C)SC2C(n3cc(-c4ccc(-c5ccccc5)cc4)nn3)C(=O)N2C1C(=O)O,-3.0
O=[N+]([O-])c1c[nH]c(-c2nnc(Cc3ccc(F)c4ccccc34)o2)c1,-1.6438561897747246
CCn1cc(C(=O)O)c(=O)c2cc(SC)c(N3CCNCC3)cc21,0.3584539709124763
COC(=O)C1=C(C(=O)O)N2C(=O)C(NC(=O)Cc3cccs3)C2CC1,-0.0
CON=C1CCN(c2cc3c(cc2F)c(=O)c(C(=O)O)cn3-c2ccc(F)cc2F)CC1,2.321928094887362
O=c1oc2c(Cl)cc(Cl)cc2cc1-c1nc2ccccc2c2nc3c4nsnc4ccc3n12,-4.906890595608519
COc1ccc(C(=O)C=Cc2ccc(OCc3nnc(-c4ccc(C)cc4)o3)c(OC)c2)cc1,-2.584962500721156
Nc1c(F)c(N2CC(N)C(c3ccc(F)cc3)C2)c(F)c2c1c(=O)c(C(=O)O)cn2C1CC1,3.321928094887362
CC(C)(C)c1cc(C(=O)Nc2ccc(CC(=O)NCCNC(=N)N)cc2)cc(C(C)(C)C)c1,-4.0
C[n+]1c2ccccc2c(Nc2ccc(OC(F)(F)F)cc2)c2[nH]c3ccccc3c21,-2.584962500721156
O=C(NN=Cc1ccccc1O)c1cc(Cl)c[nH]1,-2.643856189774725
COc1c(N2CCC(N)C2)c(F)cc2c(=O)c(C(=O)O)cn(-c3ccc(O)cc3)c12,4.321928094887363
COCc1ccc(Oc2cccc(F)n2)c(O)c1,-4.0
CC(C)=CCc1c(OCCC(F)(F)F)cc(C=Cc2ccc(C(F)(F)F)cc2)c(C(=O)O)c1O,-5.0
O=c1[nH]c2ccccc2nc1NN=C1CCCCC1Br,-4.968090752045256
c1ccc(CN2CCC(Nc3ncnc4c3Cc3ccccc3O4)CC2)cc1,-1.6438561897747246
O=C(Cn1c2ccccc2c2nc3ccccc3nc21)N1N=C(c2cc3ccccc3o2)CC1C=Cc1ccccc1,-4.357552004618084
Cc1cc(C)cc(-c2nnc(-c3ccccc3COc3ccc(Cl)cc3)o2)c1,-3.643856189774725
COc1cccc(C(=O)NC(c2ccccc2OC)c2cc(Cl)c3cccnc3c2O)c1,-5.0
O=C(Cn1ncc2cc([N+](=O)[O-])ccc21)NN1C(=O)CSC1c1ccccc1[N+](=O)[O-],-3.4594316186372973
O=C(O)c1cn(CC(O)Cn2cncn2)c2c(F)cc(F)cc2c1=O,-1.0
COc1ccc(C(=O)NCc2cn(-c3cc(C)nc4ccc(OC)cc34)nn2)cc1,3.321928094887362
CCn1cc(C(=O)O)c(=O)c2cc(F)c(F)cc21,-4.622930350920177
CCOC(=O)c1cn(CC(O)Cn2cncn2)c2c(F)cc(F)cc2c1=O,-3.0
O=C(COC1=C(Br)C(c2ccccc2)OC1=O)NCc1ccccc1,-2.9653225483672547
O=C1c2cccc3c(Br)ccc(c23)C(=O)N1CCCCCCn1cc[n+](Cc2ccc(F)cc2F)c1,-5.0
CC1(CC(=O)Oc2ccc(F)cc2)C(C(=O)O)N2C(=O)CC2S1(=O)=O,-3.0
COc1c(N2CCCC(=C(F)CN)C2)c(F)cc2c(=O)c(C(=O)O)cn(C3CC3)c12,6.058893689053568
CN(C)C1C(O)=C(C(N)=O)C(=O)C2(O)C(O)=C3C(=O)c4c(O)cc(-c5ccncc5)c(Cl)c4CC3CC12,-1.0
CS(=O)(=NSC(F)(F)F)c1ccccc1,-4.0
C=C(C)C1CCC(C)=CC1c1c(OCCCCNC(=N)N)cc(CCCCC)cc1OCCCCNC(=N)N,0.3584539709124763
COc1ccc(C2=NN(c3ccccc3)C(c3noc(-c4ccc(Cl)cc4)n3)C2)cc1,-4.643856189774724
CSCCC(N)C(=O)NCC1OC(n2cnc3c(N)ncnc32)C(O)C1O,-0.0
N#CC1=C(N)OC2=C(CNc3c2cc(Cl)cc3[N+](=O)[O-])C1c1ccc(Cl)cc1,-4.672425341971495
NCC1CCN(c2c(F)c3c(c(=O)c(C(=O)O)cn3C3CC3)c3[nH]nnc23)C1,5.321928094887363
Cc1ccccc1-n1cc(C(=O)O)c(=O)c2cc(F)c(N3CC(C)NC(C)C3)cc21,-0.6780719051126377
CC1CN(CC2C(NC(=O)C(=NOC(C)(C)C(=O)O)c3csc(N)n3)C(=O)N2S(=O)(=O)O)C(=O)O1,-0.0
O=C1CC(c2ccc(N3CCCCC3)cc2)Oc2cc(O)ccc21,-3.643856189774725
Sc1nnc(-c2ccc(-n3cccc3)cc2)o1,-4.965784284662087
NCC1CN(c2cc3c(cc2F)c(=O)c(C(=O)O)cn3C2CC2)CCO1,3.321928094887362
CN(Cc1cc2ccccc2n1C)C(=O)C=Cc1cnc2c(c1)CCC(=O)N2,3.9885043611621707
CON=C(C(=O)N1CCN(c2ccc3c4c(cccc24)C(=O)N(N)C3=O)CC1)c1csc(N)n1,-1.0
CC1CN(c2cc3c(cc2F)c(=O)c(C(=O)O)cn3C2CC2)CCN1,6.058893689053568
Cc1cc(C)n2nc(SCc3nnc(SCc4ccc(F)c(F)c4)s3)nc2n1,-3.643856189774725
CCCCCCCCCN1CCCc2cc(OCC(=O)NC(CCCNC(=N)N)C(=O)OC)ccc21,-2.643856189774725
CC1CC1n1cc(C(=O)O)c(=O)c2cc(F)c(N3CCNCC3)cc21,4.058893689053568
COc1ccc(CNC(=O)c2cc(OCc3ccccc3)c3ccccc3c2)cc1,-1.0
CN(Cc1cc2ccccc2n1C)C(=O)C=Cc1ccc(N)nc1,-3.0
O=C1OC(Cn2sccc2=O)CN1c1ccc(Cl)cc1,-3.643856189774725
O=C(NN=Cc1ccc([N+](=O)[O-])cc1)c1ccc(-c2nc3ccccc3[nH]2)cc1,-4.643856189774724
COc1ccc(-c2nnc(COc3cc(=O)oc4ccccc34)[nH]2)cc1,-3.643856189774725
CC1CCC1n1cc(C(=O)O)c(=O)c2cc(F)c(N3CCNCC3)cc21,-1.0
O=C(O)c1cn(C2CC2)c2c(cc(F)c3nn(CN4CCOCC4)c(=S)n32)c1=O,3.0
CC(=O)Nc1cc(C(=O)Nc2cc(C(=O)NCCC(=N)N)n(C)c2)n(C)c1,-5.0
Cc1nc2c(=O)n(C3CC3)c3cc(N4CCC(C(C)N)C4)c(F)cc3c2o1,-2.0
NC(CCC(=O)n1c(-c2ccc(Cl)cc2)nc2ccccc2c1=O)C(=O)O,-3.9068905956085187
CCNC1CN(c2cc3c(cc2F)c(=O)c2c(=O)[nH]sc2n3C2CC2)C1,5.058893689053568
CC(CCN1Cc2cc(C#CC#CC(O)CO)cn2C1=O)(C(=O)NO)S(C)(=O)=O,-3.0
CC(CN)CNCC(O)CC(N)CC(=O)NN(C)CC(=O)O,-4.0
Cc1ccnc2c(N)cc(Cc3cnc(N)nc3N)cc12,-3.321928094887362
CON=C(C(=O)NC1C(=O)N2C(C(=O)[O-])=C(C[n+]3ccc4sc(N)cc4c3)CSC12)c1csc(N)n1,6.058893689053568
COc1ccc(Br)c(C(=O)NN=Cc2cccc3cc(OC)ccc23)c1,-3.643856189774725
CC(C)c1csc(-c2nnc(S(=O)(=O)Cc3ccc(Cl)cc3)n2N=Cc2ccc(F)cc2)n1,-4.0
O=c1cc(Cl)sn1-c1cccc(Cl)c1,-3.643856189774725
Fc1ccc(-c2nnc(-c3cnc4nc(-c5ccc(Br)cc5)c(Nc5ccccc5)n4c3)o2)cc1,-0.41142624572646497
CON=C(C(=O)NC1C(=O)N2C(C(=O)[O-])=C(C[n+]3ccc4ccccc4c3)CSC12)c1csc(N)n1,6.058893689053568
Nc1cccc(C=NNc2nc3nc(-c4ccc(Cl)cc4)c(-c4nc5ccccc5s4)c(N)c3c(=O)[nH]2)c1,-3.643856189774725
O=C1c2cccnc2C(=O)c2c1c(C(=O)OCCN1CCCC1)c1ccc(Br)cn21,1.0
O=C(NNC(=S)NC12CC3CC(CC(C3)C1)C2)c1ccccc1,-2.0
CC(O)C1C(=O)N2C(C(=O)O)=C(SC3CNC(C(=O)NCCS(=O)(=O)N(C)C)C3)C(C)C12,5.321928094887363
O=C(NN=Cc1ccccc1Cl)c1ccc2c(c1)OCCCO2,-4.643856189774724
COC1CN=C(c2ccc3cc(-c4ccc(-c5cc6ccc(C7=NCC(OC)CN7)cc6o5)cc4)[nH]c3c2)NC1,2.0588936890535687
CSc1ccc(Cc2nnc3sc(-c4ccc(-c5ccc(C)cc5)o4)nn23)cc1,-2.584962500721156
CON=C(C(=O)N1CCN(c2ccc3c4c(cccc24)C(=O)N(CCO)C3=O)CC1)c1csc(N)n1,-4.0
CCCCCCn1cc(C=C(C#N)C(=O)N2CCN(c3cc4c(cc3F)c(=O)c(C(=O)O)cn4CC)CC2)c2ccccc21,1.0
CC(C)c1csc(-c2nnc(S(=O)(=O)Cc3ccc(C(F)(F)F)cc3)n2N=Cc2c(F)cccc2F)n1,-2.0
O=C(O)c1cn2c3c(c(N4CCSCC4)c(F)cc3c1=O)SCC2,-1.6415460290875237
CCCCC(CN(O)C=O)C(=O)N1CC2(CC2)CC1C(=O)Nc1cccc(Nc2ncccn2)c1,-0.0
CC(N)COc1cc(F)c2c(c1)CC(CN1CCC3(CC1)CN(c1cnc4c(n1)NC(=O)CO4)C(=O)O3)C2,4.058893689053568
Clc1ccc2c(c1)CN(c1ccccc1)CO2,-3.643856189774725
O=C(O)c1cn(C2CC2)c2nc(N3CCC(n4cc(C=NOCc5ccccc5)nn4)CC3)c(F)cc2c1=O,-3.0
CCOc1ccc(C=O)cc1-c1cc2nc(N)nc(N)c2cc1C,-4.0
CC(C)=CCc1c(OCC(F)F)cc(C=Cc2ccc(F)cc2)c(C(=O)O)c1O,-5.0
Cn1cc(CN2CCN(Cc3ccc(C(F)(F)F)cc3N3CCCC3)CC2)c2cc(Br)ccc21,-5.0
NCCCC(N)C(=O)NC(CCc1ccccc1)CCc1ccccc1,-4.0
COc1ccc(C(=O)c2c(O)n(-c3ccc(Cl)cc3)n(-c3ccc(Cl)cc3)c2=O)cc1,-4.523561956057013
O=C(O)c1cn(C2CC2)c2nc(N3CCCC3Cn3cc(CO)nn3)c(F)cc2c1=O,-5.0
CC1(COC(=O)Cc2ccc(O)c(O)c2)C(C(=O)O)N2C(=O)C(=Cc3cc4ccccc4cn3)C2S1(=O)=O,-2.0
O=C(C=Cc1cnc2ccccc2n1)c1ccc(Cl)cc1,-3.321928094887362
Cc1[nH]c(C(=O)Nc2nc3c(OC(CN(C)C)c4ccccc4)cc(C(=O)O)cc3s2)c(Cl)c1Cl,3.0
CCCCCCC=CCCCCCC(=O)CC(=O)NC(C)C(=O)OC,-4.0
NC1CC(N)CN(c2nc(Nc3ccc(C(=O)CC(=O)Nc4ccc(F)c(F)c4)cc3)nc(N3CC(N)CC(N)C3)n2)C1,-2.0
COCCn1c(S)nnc1-c1cnc2c(C(F)(F)F)cccc2c1NC1CCCCC1,-2.643856189774725
Cc1ccc(C(=O)N2CCN(c3ccc(N4CC(Cn5ccnn5)OC4=O)cc3F)CC2)cc1,-3.0
CC(C)(C)n1cc(C(=O)O)c(=O)c2cc(F)c(N3C4CCC3CNC4)nc21,4.058893689053568
CC(S)=NCC1CC(c2ccc(-n3cccc3)c(F)c2)=NO1,-4.0
Sc1nnc(Cn2c3ccccc3c3c(OCc4ccc(Cl)cc4)cccc32)o1,-2.0
COc1ccc2ccnc(N3CCN(CCCNc4cc(=O)oc5ccccc45)CC3)c2c1,-2.0
O=c1c2ccccc2nc(C=Cc2ccc([N+](=O)[O-])cc2)n1-c1ccc(O)cc1,-4.0
CCC(C)CCC(=O)Nc1ccn(C2CCC(OC3OC(C)C(N(C)C)C(O)C3O)C(C)O2)c(=O)n1,-5.0
COc1ccc2nccc(CCN3CCC(NCc4ccc(Br)cc4)CC3)c2n1,3.0
Cc1cc(=O)oc2cc(Oc3nc(Nc4ccc(N5C(=O)CSC5c5cccc(F)c5)cc4)nc(N(C)C)n3)ccc12,-4.643856189774724
c1cc2c(cc1CC1CCC(c3ccc4c(c3)CCC4)=NO1)OCO2,-4.643856189774724
COCc1nc(N2CCC(NC(=O)c3[nH]c(C)c(Cl)c3Cl)C(OC)C2)sc1C(=O)O,1.0
CC1Cn2cc(C(=O)O)c(=O)c3cc(F)c(N4CCCNCC4)c(c32)S1,3.0588936890535687
CCC(CO)=C1CN(c2nc(Oc3cnc(C)nc3)nc3[nH]c4c(NC)cc(F)cc4c23)C1,2.0
COc1cccc2c(O)c3c(cc12)CC1CC2C(N(C)C)C(O)=C(C(N)=O)C(=O)C2(O)C(O)=C1C3=O,-5.0
O=C(NN=Cc1ccc(C=CC(=O)c2ccc(Cl)cc2Cl)cc1)c1ccncc1,-5.0
Cc1c(C(=O)NN=Cc2ccccc2)nnn1-c1cc(C(F)(F)F)nc2c(C(F)(F)F)cccc12,-2.643856189774725
COc1cc(C=Nn2cnnc2)c2c(c1OCc1ccc(Cl)cc1Cl)CN1CCc3cc4c(cc3C1C2)OCO4,-4.0
C=C1OC(=O)OC1(C)ON1CCN(c2cc3c(cc2F)c(=O)c(C(=O)O)cn3CC)CC1,-0.6415460290875237
CCCCCn1cc(COCc2c(-c3ccccc3)nc3sc4ccccc4n23)nn1,-5.0
CNCc1cc2cc3c(cc2n1C)CCCc1c-3[nH]c(=O)c(C(=O)O)c1O,2.395928676331139
Cc1cc(Sc2ccc3nc(N)nc(N)c3c2)ccc1Br,-4.321928094887363
COC(=O)CCCC1C2CCCN3CCCC(CN1C(=O)c1cc4ccc(Cl)cc4n1Cc1ccccc1)C23,-0.2998307618223704
CCn1nnnc1SCCCSc1nnnn1-c1ccccc1,-2.643856189774725
COc1ccc(Cn2cnc3cc4c(cc32)CCCC4)cc1C,-2.232660756790275
NC(C(=O)NC1C(=O)N2C(C(=O)O)=C(Cn3ccccc3=O)CSC12)c1ccccc1,-4.643856189774724
O=C1C(Cl)C(c2cc3ccccc3nc2Cl)N1c1ccc(F)cc1,-4.643856189774724
COc1ccc(-c2cc(C(=O)OCCn3c([N+](=O)[O-])cnc3C)nn2-c2ccc(Cl)cc2)cc1,-1.9671686075326276
N=C(N)c1ccc(OCCCCCCOc2ccc(C(=N)N)cc2)cc1,-3.0
CNC1CC(=O)C(C)(c2ccc(-c3ccccc3)cc2)OC1OC,0.3219280948873623
CC(O)C1C(=O)N2C(C(=O)O)=C(Sc3nc4ccccc4s3)C(C)C12,-4.643856189774724
Cn1cc(CCC(=O)NCc2c[nH]c3ccc(Cl)cc23)c2cc(Cl)ccc21,-2.643856189774725
[N-]=[N+]=NC1C(OC2OC(CN)CCC2N)C(N)CC(NC(=O)C(O)CCN)C1OC1OC(CO)C(O)C(N)C1O,-0.0
N#CC1=C(N)Oc2ccc(Sc3nc4ccccc4s3)cc2C1c1ccc2ccccc2c1,-4.0
CC(=Nn1c(S)nnc(C)c1=O)c1ccccn1,-4.0
CC1=CC(=O)C(C)(O)C(=O)C1=CNc1ccccc1,-3.321928094887362
CC(O)(c1c[nH]nn1)C(NC(=O)c1ccc(C#CC#Cc2ccc(N)cc2)cc1)C(=O)NO,7.965784284662087
C=CCON=C(CS(=O)(=O)c1ccc(N)cc1)c1nccs1,-4.0
Brc1ccc(COc2ccc3c(c2)CCc2nccn2-3)cc1,-4.643856189774724
O=C(O)c1cn(C2CC2)c2c3c(c(F)cc2c1=O)N1CCCC1CC=C3,5.058893689053568
Cc1ccc(C(=O)NCCn2[se]c3ccccc3c2=O)cc1,-3.0
CC1COc2c(N3CC(C)(N)C3)c(F)cc3c(=O)c(C(=O)O)cn1c23,6.058893689053568
CC1=C(C(=O)O)N2C(=O)C(NC(=O)C(N)C3=CCC=CC3)C2SC1,-4.643856189774724
CCCOc1c(CN(C)C(=O)C=Cc2cnc3c(c2)CC2(CCNCC2)C(=O)N3)cccc1OC,-1.0
CCCCCCC(C)(C)c1cc(O)cc(OCCCCCCCC(=O)NCCO)c1,-1.0
CC(C)(C)c1cc(C(=O)NCc2ccc(C(=O)NCCNC(=N)N)cc2)cc(C(C)(C)C)c1,-4.0
Cc1cccc(NC(=O)Cn2nc3c(Sc4ccc(C)cc4C)nccn3c2=O)c1,-5.0
CN1CCN(c2c(F)c(Br)c3c(=O)c(C(=O)O)cn(C4CC4)c3c2F)CC1,4.321928094887363
N#Cc1ccc(C=Cc2nc3ccccc3c(=O)n2-c2cccc([N+](=O)[O-])c2)cc1,-4.0
CCCC#Cc1ccc(-n2ncc(C(C)=NNC3=NCCN3)c2C)cc1,-4.0
COc1cc(-c2nc(C3CC(c4ccc(O)cc4)=NN3c3ccccc3)no2)cc(OC)c1OC,-3.9068905956085187
CC(=O)Nc1ccc(S(=O)(=O)C(=Cc2ccc(C#N)cc2)C(=O)c2nccs2)cc1,-4.0
COc1ccc(C=Cc2nc3ccccc3c(=O)n2-c2nnc(-c3ccccc3)s2)cc1,-3.4698859762744636
CCOP(=O)(OCC)C(Nc1ncc(-c2cc3ccccc3oc2=O)s1)c1cc2ccccc2[nH]c1=O,2.0
COc1c(N2CC(C)NC(C)C2)c(F)c(N)c2c(=O)c(C(=O)O)cn(C3CC3)c12,3.321928094887362
COc1cc(-c2c(O)cc(OC)c(Cl)c2C)c2c(O)c3c(cc2c1)C(C)(C)c1cc(O)cc(O)c1C3=O,-1.6461626571578936
Cc1[nH]c(C(=O)Nc2nc3c(OCc4cccnc4)cc(C(=O)O)cc3s2)c(Cl)c1Cl,2.0
Clc1cccc(CON=C2c3ccccc3CCC2Cn2cncn2)c1,-3.6147098441152083
Cn1nnnc1SCC1=C(C(=O)[O-])N2C(=O)C(NC(=O)CS(C)(=O)=O)C2SC1,-0.6780719051126377
NCCCC(NC(=O)C(N)Cc1ccccc1)C(=O)N1CCN(c2cc3c(cc2F)c(=O)c(C(=O)O)cn3C2CC2)CC1,-3.321928094887362
CNC1=NC(=O)C(C(C)c2c[nH]c3cccc(F)c23)O1,-2.0
CCn1cc(C(=O)O)c(=O)c2cc(F)c(N3CCC(NCC(F)(F)F)C3)nc21,-0.6415460290875237
N=C(N)NN=Cc1ccc(C=CC(=O)c2ccccc2Cl)cc1,-3.0
O=C1COCCN1c1ccc(C2CC(c3ccc([N+](=O)[O-])o3)=NO2)cc1F,-3.643856189774725
CNC(C)C1CCN(c2cc3c(cc2F)c(=O)n(O)c(=O)n3C2CC2)C1,-1.0
COc1cc(CSc2nc3ccc(Cl)cc3c(=O)n2-c2ccccc2)cc(OC)c1OC,-3.0
CC(O)C1C(=O)N2C(C(=O)O)=C(CSC(=S)N(C)CC(N)=O)SC12,1.0
Clc1ccc(OCc2ccccc2-c2nnc(Cc3cccnc3Cl)o2)cc1,-3.643856189774725
COc1ccc(-c2nc3sc(Cc4noc5ccccc45)nn3c2Br)cc1,-1.0
O=C(O)CSC(=O)C(Cc1c[nH]c2ccccc12)NC(=O)Cc1ccc(-c2ccccc2)cc1,-2.0
CN(C)C1C(O)=C(C(N)=O)C(=O)C2(O)C(O)=C3C(=O)c4c(cc5ccc(CN6CCCC6)cc5c4O)CC3CC12,-0.0
O=C(O)CN1C(=O)C(=Cc2cc3ccccc3nc2Cl)SC1=S,-4.906890595608519
COC(=O)N1CCC(CCC(=O)O)(Cc2cccc(C(CC#N)Nc3nc4nc(C)ccc4[nH]3)c2)CC1,1.0
S=C1NNC2(N1)C1CCCC2C(c2ccc(Cl)cc2)NC1c1ccc(Cl)cc1,-3.643856189774725
O=C1COc2ccc(C(=O)NC34CCC(CCc5c(F)cnc6ccc(=O)n(CCO)c56)(CC3)OC4)nc2N1,-4.0
CC(=Nc1ccc(Cl)cc1)C1=C(O)C(N)C2Cc3c(c(O)c4c(O)c(C)ccc4c3C)C(=O)C2(O)C1=O,-4.643856189774724
CC1CN(c2cc3c(cc2F)c(=O)c(C(=O)O)cn3C2CCC2)CCN1,1.3219280948873622
COc1cc(NS(=O)(=O)c2ccc(C(F)(F)F)cc2)ccc1-n1cnc(Cl)c1,-4.0
COc1c(C)cc(-c2c(F)cc3c(=O)c(C(=O)O)cn(C4CC4)c3c2[N+](=O)[O-])cc1C,-4.643856189774724
CCOc1ccc(Cl)cc1-c1cc2nc(N)nc(N)c2cc1C,-3.0
Oc1ccc(C(Cc2ccc(Cl)cc2)=Nc2ccc(Br)cc2)c(O)c1,-1.6438561897747246
Cc1noc(NS(=O)(=O)c2ccc(NC(=O)C(C#N)=CN(C)C)cc2)c1C,-4.965784284662087
CS(=O)(=O)C1=C(C(=O)O)N2C(=O)C(NC(=O)C(=NOCCCl)c3csc(N)n3)CN2C1,3.0
Cc1cc(N2CCN(c3cc4c(cc3F)c(=O)c(C(=O)O)cn4C3CC3)CC2)nc(Cl)n1,-3.3923174227787602
O=C(NN=Cc1c(O)ccc2ccc(=O)oc12)c1ccccc1,-1.0
Nc1nc(C(=NO)C(=O)NC2C(=O)N3C(C(=O)O)=C(C=C4CCN(c5cccc([N+](=O)[O-])c5)C4=O)CSC23)cs1,3.0588936890535687
CC(C)=CCCC(C)CC1CC(=O)c2c(O)cc(O)cc2O1,-0.6415460290875237
CCCCC(CC(=O)NO)[S+]([O-])c1ccc2ccccc2c1,-1.0
O=C(C(=Cc1ccccc1)n1cncn1)c1ccc(N2CCOCC2)cc1N1CCOCC1,-5.0
CC(=O)N1N=C(c2ccc(-n3cccc3)cc2)CC1c1ccc(Cl)cc1Cl,-4.643856189774724
CC(O)C1C(=O)N2C(C(=O)O)=C(Sc3nc(-c4ccc(Cl)cc4)cs3)C(C)C12,-3.643856189774725
Cc1nnc(SCC2=C(C(=O)OC(C)(C)C)N3C(=O)C(NC4=NCCN4)C3SC2)s1,-0.0
COc1cc(N2C(=O)c3cccc4cccc(c34)C2=O)cc(OC)c1OC,-1.3219280948873624
Cn1c(C2CC(=O)N(c3ccccc3-c3ccccc3)C2)nc2ccccc21,-5.0
CCOC(=O)c1sc(NC(=O)Nc2ccccc2)nc1C,-4.643856189774724
CCn1cc(C(=O)O)c(=O)c2cc(F)c(N3CCN(Cc4nc5ccccc5n4Cc4ccc(F)cc4)CC3)cc21,-5.0
COc1ccc2ccc(=O)n(CC(O)C3CCC(NCc4ccc5c(n4)NC(=O)CO5)CO3)c2n1,1.0
O=C(O)c1ccc(N2C(=O)c3nccnc3C2=O)cc1,-3.4462562298895643
C=CC(C)(C=Cc1ccc(OCCCCN(C)CCCN(C)C)cc1)CCC=C(C)C,-1.6438561897747246
CC(=O)N(N=Nc1ccc([N+](=O)[O-])cc1F)c1ccc([N+](=O)[O-])cc1F,-5.0
Nc1ccc(S(=O)(=O)CC(=NOCc2ccc(Cl)cc2Cl)c2nccs2)cc1,-4.0
O=c1c2cc(Cl)ccc2nc(-c2ccccc2)n1-c1ccc(F)cc1,1.3584539709124763
CCOC(=O)C1=C(C)Nc2nc3c(c(N)c2C1c1ccccc1OC)CCCC3,-5.0
CCc1nc(N)nc(N)c1C#CC(C)c1cc(-c2ccc(C(=O)O)cc2)ccc1OC,9.702749878828293
CC(O)(c1ccc(O)cc1)C(NC(=O)c1ccc(C#CC#Cc2ccc(N)cc2)cc1)C(=O)NO,13.287712379549449
O=C(NCCCN=Cc1cc(I)ccc1O)c1ccccc1O,-1.6461626571578936
ON=C1CCCC1P(=S)(c1ccccc1)c1ccccc1,3.321928094887362
Cc1cccc(OCc2ccccc2-c2nnc(SCc3ccc(Cl)cc3)o2)c1,-3.643856189774725
COC1CN(c2nc(CN3CCOCC3)c(C(=O)O)s2)CCC1NC(=O)c1[nH]c(C)c(Cl)c1Cl,2.9434164716336326
N#Cc1ccc(CN2CCc3c(sc(NC(=O)c4cc(OCCN)ccc4Cl)c3C#N)C2)cc1,-5.0
COc1ccc2cc(C(C)C(=O)NCc3n[nH]c(=S)n3N)ccc2c1,-2.9653225483672547
Brc1nc(Br)c(Br)[nH]1,-5.0
Clc1ccccc1-c1nn(-c2ccccc2)cc1-c1nc2ccccn2c1Cc1ccccc1,-0.0
COC1CN(c2nc(C(F)F)c(C(=O)O)s2)CCC1NC(=O)c1[nH]c(C)c(Cl)c1Cl,1.0
CCOC(=O)C1=C(C)N=C2Sc3ccccc3N2C1c1ccc(N(C)C)cc1,-3.643856189774725
COc1ccc2ncc(O)c(CCC34CCC(NCc5ccc6c(n5)NC(=O)CO6)(CC3)CO4)c2n1,-2.0
O=C(Cn1nc(C(F)(F)F)c2c(-c3ccccc3)c3ccccc3nc21)N1CCCCC1,-2.963474123974886
CCc1c(CNC23CCC(CCc4c(F)cnc5ccc(OC)nc45)(CC2)OC3)nc2c(c1C)OCC(=O)N2,-5.0
COc1ccc(C2SCC(=O)N2NC(=O)c2cc(OC)ccc2Br)c(OC)c1,-3.643856189774725
COC(=O)NCC1CN(c2ccc(-c3ccc4c(c3)CC3(C(=O)NC(=O)NC3=O)C3COCCN43)c(F)c2)C(=O)O1,-2.0
Cn1nnnc1SCC1=C(C(=O)[O-])N2C(=O)C(NC(=O)Cc3ccc(O)cc3)C2OC1,1.5563933485243853
Clc1ccc(N=c2ccn(CCCCCCCCCCn3ccc(=Nc4ccc(Cl)cc4)cc3)cc2)cc1,0.3219280948873623
CCn1cc(C=C2C(=O)OC(C)(C)OC2=O)c2ccccc21,-3.9068905956085187
CNC1CN(c2c(F)cc3c(=O)c(C(=O)O)cn(-c4ccc(F)cc4F)c3c2Cl)C1,6.058893689053568
N#Cc1ccc(Cn2cc(CN3c4ccccc4Sc4cc(C=NNC(=O)c5cccnc5)ccc43)nn2)cc1,-4.643856189774724
CSc1nc(NCCN(C)C)c2sc3nc(C(C)C)c4c(c3c2n1)CCC4,-3.0
CC(=O)NCC1CN(c2ccc3c(c2)CC2(C(=O)NC(=O)NC2=O)C2COCCN32)C(=O)O1,-5.0
CS(=O)(=O)NCCOc1cc(C#N)c2c(c1)CC(CNCCC1CN(c3ccc4c(n3)NC(=O)CO4)C(=O)O1)C2,4.058893689053568
COc1c(N2CC3CCCN(Cc4ccc(Cl)cc4)C3C2)c(F)cc2c(=O)c(C(=O)O)cn(C3CC3)c12,-1.2570106182060239
COc1ccc(C(CN2CCN(c3cc4c(cc3F)c(=O)c(C(=O)O)cn4C3CC3)CC2)=NNC(N)=O)cc1,-3.643856189774725
CCN(c1ccccc1OC)S(=O)(=O)c1ccc([N+](=O)[O-])cc1[N+](=O)[O-],-5.0
CC(C)=CCC1(C)C(=O)C2(CC3C(CCC3(C)O)C(C)(O)C2)C(=O)C(C(=O)C(C)C)=C1O,-5.0
CON=C(C(=O)NC1C(=O)N2C(C(=O)[O-])=C(C[n+]3ccc4nc(C)n(C)c4c3)CSC12)c1csc(N)n1,6.058893689053568
NCC1(COc2ccc3ncc(F)c(CCC45CCC(NCc6ccc7c(n6)NC(=O)CO7)(CC4)CO5)c3n2)CC1,-3.0
CCON=C1CN(c2nc3c(cc2F)c(=O)c(C(=O)O)cn3C2CC2F)CC1(C)CNC1CC1,-1.0
CC1(C)C(NC(=O)C(=NOC(C(=O)O)c2cc(=O)c(O)cn2O)c2csc(N)n2)C(=O)N1OS(=O)(=O)O,3.0
CCOC(=O)C(Cc1ccccc1)NC(=O)c1cn(CC)c2cc(C(F)(F)F)ccc2c1=O,-3.643856189774725
O=C(NN1C(=O)CSC1c1ccc(O)cc1)c1cc(-c2ccc(Cl)cc2)n[nH]1,5.878321443411748
C=Cn1cc(C(=O)O)c(=O)c2cc(F)c(-c3ccncc3)nc21,0.3584539709124763
CNCc1ccc(C2CC(SC3=C(C(=O)O)N4C(=O)C(C(C)O)C4C3C)CN2)cc1,5.321928094887363
CC12CC(C(O)(CO)CC1O)C1(C)CCCC21C,-1.0
Cc1ccc(-c2cc3c(cc2F)c(=O)c2c(=O)[nH]sc2n3C2CC2)c(C)n1,1.0
CCCCCCNC(=O)C[n+]1cccc(C(=O)N2CCN(c3cc4c(cc3F)c(=O)c(C(=O)O)cn4C3CC3)CC2)c1,-4.0
COc1c(N2CCN(C)CC2)c(F)cc2c(=O)c(C(=O)O)cn(C=CF)c12,5.321928094887363
CC(=O)c1sc(N=C2NC(=O)C(=C3C(=O)Nc4ccc(Cl)cc43)S2)nc1C,1.0291463456595165
CCOC(=O)c1cn(CC(O)Cn2c([N+](=O)[O-])cnc2C)c2c(F)cc(F)cc2c1=O,-2.0
NC1CCN2c3c(F)cc4c(=O)c(C(=O)O)cn(C5CC5)c4c3SCC12,5.058893689053568
CC(C)Cc1ccc(C(C)C(=O)c2ccc(OCc3cn(-c4ccc(Cl)cc4)nn3)cc2O)cc1,-3.584962500721156
Cc1ccc2nc(C)c(C(=O)NCCOc3ccc(Br)cc3)n2c1,-5.0
COc1ccc(Br)c(C(=O)NN=Cc2ccc(Cl)cc2)c1,-2.643856189774725
CCNC(=O)c1cc(-c2sc(-c3cccnc3)nc2N2CCCCC2)n[nH]1,-5.0
CCCCCCCCCCNC1=NC(C)(C)NC(NCc2ccc(OC)cc2)=N1,-4.643856189774724
CCCCCC#CC[n+]1ccn(CCCCCCC[Si](C)(C)C)c1,-4.643856189774724
NC(=O)c1cc2c(cn1)CCC2=O,-4.643856189774724
Cc1ccc(-c2nnc(-c3ccc4nc(-c5cnc6ccc(Br)cc6c5)c(Nc5ccc(F)cc5)n4c3)o2)cc1,-1.2809563138310562
CC(O)C1C(=O)N2C(C(=O)O)=C(SCc3cccnc3)C(C)C12,5.965784284662087
Cc1oc(-c2ccccc2)nc1CCCc1nc2cc(CC(Oc3ccc(OCc4ccccc4)cc3)C(=O)O)ccc2o1,-2.643856189774725
CC(C)(C)c1cc(C(=O)Nc2cc3ccccc3cc2C(=O)NCCNC(=N)N)cc(C(C)(C)C)c1,-4.0
CCOc1ccc(-c2cc3n(c2)C(=O)N(CCC(C)(C(=O)NO)S(C)(=O)=O)C3)c(Cl)c1,3.9885043611621707
CCNc1cc(F)cc2c1[nH]c1ncc(-c3cncc(Cc4n[nH]c(=O)o4)c3)c(-n3ccc(C(F)(F)F)n3)c12,4.158429362604483
CC(O)CN1CC2C(C#Cc3ccc(-c4cc(C(CN)n5ccnc5C(C)O)no4)cc3)C2C1,-0.0
O=c1c2cc(Br)ccc2nc(C=Cc2ccc([N+](=O)[O-])cc2)n1-c1cccc(O)c1,-4.0
O=C(O)c1cn(C2CC2)c2cc(N3CCN4CCC3CC4)c(F)cc2c1=O,5.643856189774724
Cc1ccccc1-c1nnc(Cn2c([N+](=O)[O-])cnc2C)o1,-0.6415460290875237
CC1CN(c2cc3c(cc2F)c(=O)c(C(=O)O)cn3C(C)(C)C)CC(C)N1,2.9434164716336326
O=C(O)c1cn(C2CC2)c2cc(N3CCN(Cc4cc5c(cc4[N+](=O)[O-])OCO5)CC3)c(F)cc2c1=O,3.0
Clc1ccc2nc(NCCCNCc3ccc(Cl)c(Cl)c3)sc2c1,-5.0
Fc1ccc(-c2cnc(-c3cnc4nc(-c5ccc(Br)cc5)c(Nc5ccccc5)n4c3)[nH]2)cc1,-0.2016338611696504
CCC(=O)N(O)CC1CN(c2ccc(N3CCN(C(C)=O)CC3)c(F)c2)C(=O)O1,-5.0
Cc1c(F)c(N2CCNCC2)cc2c1c(=O)c(C(=O)O)cn2-c1ccc(F)cc1F,4.321928094887363
O=C(Nc1ccc(S(=O)(=O)c2nc3ccccc3s2)c(Cl)c1)c1cc(Cl)cc(Cl)c1O,-3.0
CC1(CC(=O)Oc2ccccc2)C(C(=O)O)N2C(=O)CC2S1(=O)=O,-4.0
O=C1CSC(N2N=C(c3ccccc3F)CC2c2cc3cc(F)ccc3nc2Cl)=N1,-4.643856189774724
CCCON=C1CCN(c2nc3c(cc2F)c(=O)c(C(=O)O)cn3C2CC2)CC1NC,-3.0
CCn1cc(C(=O)O)c(=O)c2cc(F)c(-n3cnc(Br)c3)c(F)c21,-0.6415460290875237
Cc1ccc(-n2nnc(C3=NN(C(=S)NC(=O)c4ccccc4)C(c4ccc(N5CCCCC5)cc4)C3)c2C)cc1,-3.0443941193584534
CNc1cc(F)cc2c1[nH]c1nc(CNC(=O)c3cocn3)nc(N3CCC(NC)C3)c12,-4.0
CON=C1C2=C(CCN(c3c(N)cc4c(=O)c(C(=O)O)cn(C5CC5)c4c3C)C2)SCC1C,-3.0
CCOC(=O)Cc1ccccc1OC(=O)Cc1ccc(F)cc1,-4.643856189774724
O=C(O)c1cn(C2CC2)c2c(Cl)c(N3CCC(NCC(O)(Cn4cncn4)c4ccc(F)cc4)C3)c(F)cc2c1=O,-0.0
CCOC(=O)c1cn(CCN2CCOCC2)c2cc(F)c(F)cc2c1=O,-1.0
O=c1c(C(NCc2cccc(C(F)(F)F)c2)c2ccccc2)csc2ccccc12,-5.0
O=C(Nc1ccccc1)N(Cc1cc(Br)ccc1O)c1ccccc1Br,-3.643856189774725
CN1CCN(CCCCCOC(=O)c2c3c(n4cc(Br)ccc24)C(=O)c2ncccc2C3=O)CC1,-1.0
O=C(NCc1cn(Cc2ccc(F)cc2)nn1)c1cccnc1,-3.643856189774725
CCCCCC1=CC(=Cc2[nH]c(-c3ccc[nH]3)cc2OC)N=C1C,-0.0
CC(=NNC1=NCCN1)c1cnn(-c2ccc(C#CC(C)(C)O)cc2)c1C,-4.0
COc1c(N2CC3CCCN(C)C3C2)c(F)cc2c(=O)c(C(=O)O)cn(-c3ccc(O)cc3)c12,1.3219280948873622
CC(=O)NC1CCN(c2c(F)cc3c(=O)c(C(=O)O)c4scc5n4c3c2OC5)C1,-0.6415460290875237
O=C1CSC(c2cc3ccccc3nc2S)N1c1ccc(Cl)cc1,-4.643856189774724
CNCC1CN(c2c(F)cc3c(=O)c(C(=O)O)cn(C4CC4)c3c2F)CCO1,4.321928094887363
Cc1ncc(CO)c2cc(C(=O)Nc3ccccc3)c(=Nc3ccccc3)oc12,-4.643856189774724
Cc1cc(=O)oc2cc(N=C3SC(=Cc4ccccc4F)C(=O)N3CCO)ccc12,-4.0
CCNc1cc(F)cc2c1[nH]c1ncc(-c3cncc(C#N)c3)c(-n3cc(C(=O)OCC)c(C(F)(F)F)n3)c12,-1.0
Cc1ccc(Nc2cc(=O)n(CCCCO)c(=O)[nH]2)cc1I,-4.321928094887363
Oc1ccccc1-c1nnc(-c2cc(Br)c(Br)[nH]2)o1,-1.6438561897747246
N#Cc1ccc2ccc(=O)n(CCN3CCC(NCc4ccc5c(c4)NC(=O)CS5(=O)=O)CC3)c2c1,-4.0
CC1C(=O)C(C)C(c2ccc(Cl)cc2)N(C(=O)CN2CCOCC2)C1c1ccc(Cl)cc1,-4.643856189774724
COC(=O)CSc1c(-c2ccc([N+](=O)[O-])cc2)nc2ccccc2c1-c1ccccc1,-2.643856189774725
CC(C)=CCCC(C)=CCCC(C)=CCCC(C)=CCn1cnc2nc[nH]c(=NOCc3ccccc3)c21,-5.0
CON=C1CCN(c2c(F)cc3c(=O)c(C(=O)O)cn(C4CC4)c3c2OC)CC1N,4.058893689053568
Cc1nn(C(=O)c2ccccc2)c2c1nnc1cc(Cl)c(F)cc12,-4.643856189774724
CN(C)c1c2c(c(O)c3cc(CN4CCCC4)ccc13)C(=O)C1=C(O)C3(O)C(=O)C(C(N)=O)=C(O)C(N(C)C)C3CC1C2,-1.0
NCCN1CCN(c2cc3c(cc2N)c(=O)c(C(=O)O)cn3C2CC2)CC1,1.0
O=c1cc(COc2cccc(O)c2)c2c(ccc3ccccc32)o1,-4.643856189774724
CCn1cc(C(=O)O)c(=O)c2cc(C)c(N3CCNCC3)cc21,1.3584539709124763
CC1Sc2c(C(=O)O)c(=O)c3cc(F)c(N4CCOCC4)cc3n21,3.321928094887362
NC1CCN(c2c(Cl)c3c(c(=O)c(C(=O)O)cn3C3CC3)c3[nH]cnc23)C1,5.321928094887363
CCOC(=O)C1=C(C)N=C2Sc3ccccc3N2C1c1ccc(OC)cc1,-2.643856189774725
CON=C(C(=O)NC1C(=O)N2C(C(=O)[O-])=C(C[n+]3cccc4ncccc43)CSC12)c1csc(N)n1,4.058893689053568
CC1=CC2CN(C(=O)N2OC(C)(F)C(=O)O)C1C(N)=O,-5.0
O=C(Cn1c2ccccc2c2nc3ccccc3nc21)N1N=C(c2cc3ccccc3o2)CC1c1ccccc1[N+](=O)[O-],-2.4594316186372973
COc1ccc2nccc(-n3cc4c(n3)CCN(C(=O)c3ccc5c(c3)NC(=O)CS5)CC4)c2n1,-1.0
COC1CN(c2nc(C(=O)NCCN3CCOCC3)c(C(=O)O)s2)CCC1NC(=O)c1[nH]c(C)c(Cl)c1Cl,2.0
CCCCC(CN(O)C=O)C(=O)N1CCCC1c1nnc(CCC)s1,-4.0
COCC(O)CN1CC2C(C#Cc3ccc(-c4cc(Cn5ccnc5C(C)O)on4)cc3)C2C1,1.0
CCS(=O)(=O)C1=C(C(=O)O)N2C(=O)C(NC(=O)C(=NOC)c3csc(N)n3)C2CC1,4.058893689053568
CC1COc2c(N3CCN(C)CC3)c(F)cc3c(=O)c(-c4nn(CCC(=O)c5ccccc5)c(=S)o4)cn1c23,-0.0
CCN(CC)[c+]1sc2c(s1)C(c1ccc(Cl)cc1)Oc1ccc(Br)cc1-2,-1.9634741239748859
O=C(C=Cc1c(Cl)cccc1Cl)c1ccc[nH]1,-3.963474123974886
CCCc1ccc(C)c(Oc2ccc(Cl)cc2NC(=O)c2cc(Cl)cc(Br)c2O)c1,-3.0
O=C(Cn1ncc2cc([N+](=O)[O-])ccc21)NN=Cc1ccccc1Br,-4.169925001442312
CCSc1ccc(OCc2nnc3sc(-c4ccc(C)cc4)nn23)cc1,-2.643856189774725
CNC(C)C1CCN(c2c(F)cc3c(=O)c(C(=O)O)cn(C4CC4)c3c2C(F)(F)F)C1,2.321928094887362
N#Cc1ccc2ccc(=O)n(CCCNC3CCC4C(C3)OC(=O)N4c3ccc4c(n3)NC(=O)CO4)c2c1,5.965784284662087
Cc1c(CNC(C)c2ccccc2)cc(-c2ccc(Cl)cc2)n1-c1ccc(Cl)cc1,-4.0
Fc1ccc(CCN2COc3c(cc(Br)c4cccnc34)C2)cc1,-4.643856189774724
O=C(C=Cc1ccccc1Br)c1ccc(-n2cccc2)cc1,-4.643856189774724
O=C1COc2ccc(CNC34CCC(CCc5c(F)cnc6ccc(OCC7CC(O)C(O)C7)nc56)(CC3)OC4)nc2N1,-3.0
COCCNC(=S)NCC1CN(c2ccc(-c3nnc4ncccn34)cc2)C(=O)O1,-4.0
C=CCn1cc(C=C(C(C)=O)n2cc([N+](=O)[O-])nc2C)c2ccccc21,-5.0
CCOC(=O)c1cc2c(cc1C(=O)NC1CCc3nn(-c4ccnc5ccc(OC)cc45)cc3C1)NC(=O)CS2,-4.0
CCCCC(CN(O)C=O)C(=O)N1CCCC1c1nnc(-c2ccc(C)cc2)s1,-4.0
Cc1ccc(C2=NOC(C#N)CC2)cc1C,-4.643856189774724
CC(=O)NC1=NN(C(C)=O)C2(S1)C1CCCC2C(c2ccc(F)cc2)NC1c1ccc(F)cc1,-3.643856189774725
CN(C)Cc1cc2cc3c(cc2n1C)COCc1c-3[nH]c(=O)c(C(=O)O)c1O,0.3584539709124763
CCCCCCCCN(Cc1cccc2ccccc12)C(=O)C(N)CCCCN,-2.321928094887362
Cc1c(NCc2nnc(-c3ccccc3Cl)o2)c(=O)n(-c2ccccc2)n1C,-2.0
CS(=O)(=O)c1ccc(OCc2nnc3sc(-c4cccc(Cl)c4)nn23)cc1,-3.643856189774725
O=c1[nH]sc2c1c(=O)c1cc(F)c(-c3ccc(CO)cc3)cc1n2C1CC1,4.058893689053568
Cn1cc(-c2ncc(CNC34CCC(CCc5c(F)cnc6ccc(=O)n(CCO)c56)(CC3)OC4)s2)cn1,-5.0
Cc1cc(C(=O)NCCNC(=N)N)ccc1NS(=O)(=O)c1cc(C(C)(C)C)cc(C(C)(C)C)c1,-5.0
Cc1cccc(OCCNC(=O)c2c(C)nc3ccc(C)cn23)c1,-5.0
CSc1ccc(Cc2nnc3sc(-c4ccc(-c5ccccc5C(F)(F)F)o4)nn23)cc1,-3.643856189774725
CC(O)C1C(=O)N2C(C(=O)O)=C(SC3CC(C(=O)N4CCC(NC(=O)CNC(=N)N)C4)N(C)C3)C(C)C12,5.058893689053568
O=C(Nc1cc(Br)ccc1C(=O)O)c1cccc(Oc2ccccc2)c1,-1.584962500721156
CC(C)(C)OC(=O)NCCCCCCn1[se]c2ccccc2c1=O,-2.0
Cc1ccc(C(C)C)cc1OC(=O)C1CSCN1C(=O)C(F)(F)F,-2.321928094887362
CNCC1=CCC(N)C(OC2C(N)CC(N)C(O)C2OC2OC(CO)C(OC3OC(CN)C(O)C(O)C3N)C2O)O1,-3.0
CN(C)CC(=O)Nc1cc(F)c2c(c1O)C(=O)C1=C(O)C3(O)C(=O)C(C(N)=O)=C(O)C(N(C)C)C3CC1C2,3.0
COc1ccc2ncc(F)c(C(CC34CCC(NCc5ccc6c(n5)NC(=O)CO6)(CC3)CO4)C(=O)O)c2n1,-5.0
CCN(CC)CC1CN(CC(=O)Nc2cc(C)nc3ccc(OC)cc23)C(=O)O1,1.3219280948873622
CC(=NNC(=N)N)c1cnn(-c2ccc(C#CC3CC3)cc2)c1C,-3.0
CNC1C(O)C(OC2C(N)CC(N)C(OC3OC(C(C)N)=CCC3N)C2O)OCC1(C)O,2.0
Cc1cc(-c2cc3c(cc2F)c(=O)c(C(=O)O)cn3C2CC2)ccn1,5.058893689053568
CC(=O)Nc1cc(C(=O)Nc2cc(C(=O)Nc3nc(C(=O)NCCCN(C)C)c(CCC(C)C)s3)n(C)c2)n(C)c1,-5.0
O=c1c2ccccc2[se]n1CCCn1ccnc1,-4.0
CC(=O)c1cc2cc([N+](=O)[O-])ccc2n(N=Cc2cccc([N+](=O)[O-])c2)c1=O,-0.6780719051126377
O=C(O)c1cn(CCO)c2cc(N3CCNCC3)c(F)cc2c1=O,1.3584539709124763
NC1CCN(c2c(F)c(O)c3c(=O)c(C(=O)O)cn(C4CC4)c3c2F)C1,6.265344566520995
COc1cc(O)c(-c2cc(O)c(Cl)c3cc4c(c(O)c23)C(=O)c2c(O)cc(O)cc2C4(C)C)c(C)c1Cl,-1.6461626571578936
CCCCCCCCCCCCCC(=O)NC(CCCCN)CN1CC(=O)N(C2CCCCC2)C1=O,-3.643856189774725
COc1ccccc1NC(=O)CSC1=CC(=O)c2ccccc2C1=O,-2.643856189774725
CCCCCCCCOC(=O)c1ccncc1,-3.584962500721156
CC(=O)NCC1CN(c2ccc(-c3ccnc(N)c3)c(F)c2)C(=O)O1,-3.0
CCCCCCCCCCCOC(=O)CC(C[N+](C)(C)C)OC(=O)CC(C)C,-4.643856189774724
CCOC(=O)ONC(=O)CC(c1ccccc1)c1ccccc1,-0.0
CCCCCCCCCCNC(=N)NCCCCN(C)C,3.0
O=C(Nc1ccc(Cl)c(C(=O)c2ccc(Cl)cc2)c1)c1cc(Cl)ccc1O,-3.0
Cc1ccc(-c2nnc(COc3cc(=O)oc4ccccc34)[nH]2)cc1,-3.643856189774725
COc1c2c(c(O)c3cc(CN4CC(F)C4)ccc13)C(=O)C1=C(O)C3(O)C(=O)C(C(N)=O)=C(O)C(N(C)C)C3CC1C2,-1.0
O=C(NCCc1c[nH]c2ccccc12)Nc1cc(Cl)c(Br)c(Cl)c1,3.0
CN1CCN(c2c(F)cc3c(=O)c(C(=O)O)cn4c3c2OCN4C)CC1,6.965784284662087
CC(O)C1C(=O)N2C(C(=O)O)=C(SC(=S)N3CCCC3)C(C)C12,-2.643856189774725
CCCCCCCCCCCCn1c(CCCCCC)cnc1N,-1.0
CC1COc2c(NC(=O)C3CCC(COc4ccccc4)CC3)c(F)cc3c(=O)c(C(=O)O)cn1c23,-3.0
O=C(O)CCCOc1ccc2ncc(F)c(CCC34CCC(NCc5ccc6c(n5)NC(=O)CO6)(CC3)CO4)c2n1,-4.0
O=C(c1cccnc1Cl)N1CCN(c2ccc(N3CC(Cn4ccnn4)OC3=O)cc2F)CC1,-3.0
COc1ccc(C2=NN(C(=O)COc3ccc(Cl)cc3Cl)C(O)(c3cc(F)c(Cl)cc3Cl)C2)cc1,-3.643856189774725
CCc1ccsc1-c1ccc(O)c(O)c1,-2.321928094887362
CCNCC1CCN(c2cc3c(c(C)c2F)c(=O)c(C(=O)O)cn3-c2ccc(F)cc2F)C1,1.3219280948873622
CC(=NNC(=N)N)c1cnn(-c2ccc(C#Cc3ccccc3)cc2)c1C,-1.0
Sc1nnc(COc2cccc3c2c2ccccc2n3Cc2nnc(S)o2)o1,-5.0
NCCNC(=O)C(CN)(Cc1ccccc1C(F)(F)F)Cc1ccccc1C(F)(F)F,-5.0
Nc1nc(C(=NOCc2cc(=O)c(O)cn2O)C(=O)NC2C(=O)N3C(C(=O)O)=C(Cl)CSC23)cs1,3.0
CC1(O)CN(c2c(F)cc3c(=O)c(C(=O)O)cn(C4CC4)c3c2F)C1,1.0
Nn1c(Sc2ccc(C(Cl)(Cl)Cl)cc2)nnc1-c1ccccc1,-2.321928094887362
CC(O)C1C(=O)N2C(C(=O)O)=C(SC3CNC(C(=O)NCCC(=O)NCCO)C3)C(C)C12,4.351074440546879
CC1(CO)CC1C#CC#Cc1ccc2c(=O)n(CCC(C)(C(=O)NO)S(C)(=O)=O)cnc2c1,3.9885043611621707
CN(CCO)CC1CN(c2ccc(-n3cc(-c4ccccn4)cn3)c(F)c2)C(=O)O1,-5.0
CCOC(=O)CSC1=C(NC(C)C)C(=O)c2ccccc2C1=O,-4.643856189774724
COC(=O)c1nnn(CC(=O)Nc2c(C(C)C)ccc3c2CCC2C(C)(C(=O)OC)CCCC32C)c1C(=O)OC,-4.643856189774724
CCOC(=O)C[n+]1c(I)c(I)n(C)c1C,-4.643856189774724
CC(C)C(ON=C(C(=O)NC1C(=O)N(OS(=O)(=O)O)C1(C)C)c1nc(N)sc1Cl)c1cc(=O)c(O)cn1O,4.058893689053568
CC(O)C1C(=O)N2C(C(=O)[O-])=C3C(CCCC3N(C)C(=O)NCCO)C12,3.0588936890535687
COc1ccc(-c2nn(-c3ccccc3)cc2C=NNC(=O)c2cccc(-n3cc(-c4ccccc4)nn3)c2)cc1OC,-1.0
Cc1ccc(-c2cc3c(cc2F)c(=O)c(C(=O)O)cn3C2CC2)c(C)n1,1.0
O=C(Sc1nnc(-c2ccccc2OCc2cn(-c3ccccc3)nn2)n1Cc1ccccc1)c1ccccc1,-3.321928094887362
COc1c(N2CCNCC2)c(F)cc2c(=O)c(C(=O)O)cn(C3CC3)c12,5.321928094887363
O=c1c2ccccc2nc(C=Cc2ccc(Cl)cc2)n1-c1cccc(O)c1,-4.0
CC(O)C1C(=O)N2C(C(=O)O)=C(CN(C)CCC(N)=O)SC12,1.0
COc1cc(-c2nnc(-c3c(-c4ccccc4)nn(-c4ccccc4)c3C)o2)cc(OC)c1OC,-4.321928094887363
CC([O-])C1C(=O)N2C(C(=O)[O-])=C(CSC(=S)N3CC[N+](C)(C)CC3)SC12,-1.0
C[S+]([O-])C1CCC2CN1C(=O)N2OC(F)C(=O)[O-],-4.0
CC1=CCC(c2cccs2)OC1=O,-3.584962500721156
Fc1cc2c(c3ncccc13)OCN(Cc1ccc(Cl)cc1)C2,-2.643856189774725
Cc1c(N2CCCCC2)c(F)cc2c(=O)n(N)c(=O)n(C3CC3)c12,2.0
CCOC(=O)C1(C)Oc2ccc(CNC34CCC(CCc5c(F)cnc6ccc(OC)nc56)(CC3)OC4)nc2NC1=O,-3.0
Cc1c2ccccc2nc2c1c(C(F)(F)F)nn2CC(=O)NC1CCCCC1,-2.963474123974886
Oc1ccc(-c2ccc(F)cc2F)cc1-c1nnc(Nc2ccccc2)s1,-4.965784284662087
NC(C(=O)NC1C(=O)N2C(C(=O)O)=C(C3CC3)OCC12)c1ccc(O)cc1,-2.0
CC(O)C1C(=O)N2C(C(=O)O)=C(c3cn4cnc(C(=O)c5ccncc5)c4s3)C(C)C12,-1.0
CC1C(NC(=O)C(=NOCc2cn(C)nn2)c2csc(N)n2)C(=O)N1S(=O)(=O)O,-2.0
CC1CN=C(c2ccc3cc(-c4ccc(-c5cc6ccc(C7=NCC(C)CN7)cc6o5)cn4)[nH]c3c2)NC1,1.8889686876112561
O=C(O)c1nccn1CCc1ccc(-c2cccs2)cc1,2.0
CCn1cc(C(=O)OCC2=C(C(=O)O)N3C(=O)C(NC(=O)Cc4cccs4)C3SC2)c(=O)c2cc3c(cc21)OCO3,-0.0
O=C(Nc1ccc(NS(=O)(=O)c2ccc(Cl)cc2)cc1Cl)c1cc(Cl)ccc1O,-3.0
CC(C)(C)NC(=O)NCCc1c[nH]c2ccccc12,-3.0
COc1ccc2c3c1OC1CC(OP(=O)(OP(=O)(O)O)N(CCCl)CCCl)C=CC31CCN(C)C2,1.2515387669959646
O=C1COc2cc(Br)ccc2N1Cc1ccccc1,-5.0
COc1nc2c(CCC34CCC(NCc5ccc6c(n5)NC(=O)CO6)(CC3)CO4)c(F)cnc2cc1F,-2.0
CCCCCCCCn1cc(COc2ccc(C(=O)C(C)c3ccc(CC(C)C)cc3)c(O)c2)nn1,-3.584962500721156
COc1ccc(-c2cnc3c(c2)CN(CCC(C)(C(=O)NO)S(C)(=O)=O)C3=O)c(F)c1,-5.0
OCCN1CCN(c2nc(Nc3ccc(F)cc3)nc(Nc3ccc(F)cc3)n2)CC1,-5.0
O=c1c2ccccc2nc(-c2ccc(Cl)cc2)n1Cc1ccccc1,-4.649615459063409
COc1ccc(COCC2C(O)CCC3(C)c4cccc(OC)c4CCC23)cc1,-4.643856189774724
CCCCC(CC(=O)NO)S(=O)(=O)C1CCCCC1,-3.0
N#CC(=Cc1c[nH]c2cc(Br)ccc12)S(=O)(=O)c1ccc(N)cc1,-5.0
CC1(C)C2CC=C(C3CC(=O)c4c(O)cc(O)cc4O3)C1C2,-1.6461626571578936
CC(C)CCOc1ccccc1-c1ccccc1OCc1cn(C(CCCCN)C(=O)NCC2CCCCC2)nn1,-5.0
COc1ncc2ccc(=O)n(CCN3CCC(NCc4cc5c(cn4)OCCO5)CC3)c2n1,-1.0
COc1ccc2[nH]c3c(=O)c4ccccc4c(=O)c=3sc2c1,-4.643856189774724
CCc1c(-c2ccc(N(C)C)c(C)c2)[nH]c(=O)c(C(=O)O)c1O,-0.6780719051126377
C=CCC[n+]1ccc(SCC(=O)OC2CC(C)(C=C)C(O)C(C)C34CCC(=O)C3C2(C)C(C)CC4)cc1,2.0
O=c1c(Cc2ccc(Cl)cc2Cl)nnc2scc(-c3ccc([N+](=O)[O-])cc3)n12,-3.643856189774725
O=C(NNS(=O)(=O)c1ccc(Cl)cc1)c1cccnc1Nc1ccc(F)cc1,-4.169925001442312
CCn1cc(C(=O)O)c(=O)c2cc3c(cc21)CCO3,2.321928094887362
CC1COc2c(N3CCN(C)CC3)c(F)cc3c(=O)c(C(=O)NN=Cc4ccccc4)cn1c23,-0.0
CCNC(=O)Nc1nc2cc(-c3cccnc3)cc(C(=O)NCC)n2n1,-3.0
COc1c(Br)c(OC)c(C(C)=O)c2c1C=CC(C)(C)O2,-1.0908534304511135
COc1ccc(CN2CCN(c3cc4c(cc3F)c(=O)c(C(=O)O)cn4C3CC3)CC2)c(Cl)c1OC,-0.0
COc1ccc2nccc(CCN3CCC(NCc4ccc(Cl)cn4)CC3)c2n1,-3.0
CNc1cc(F)cc2cc(C(=O)Nc3ccc(C(=O)O)cc3CN(C)C3CCCCC3)c(=O)[nH]c12,5.058893689053568
CCOC1CN(CCCCn2c(=O)cc(Nc3ccc(C)c(CC)c3)[nH]c2=O)CCO1,-4.321928094887363
O=c1c2ccccc2nc2n1-c1ccc(Br)cc1C2=NN=C1C=C(O)CCC1,-3.643856189774725
NCCC(O)C(=O)NC1CC(N)C(OC2OC(CN)CCC2N)C(O)C1C1OC(CO)C(O)C(N)C1O,1.3584539709124763
CC1Cn2cc(-c3nc4c(cc3F)C(=O)C(C(=O)O)CN4c3ccc(F)cc3F)cc2CN1,-4.0
O=C(O)c1ccc(CN2C(=O)SC(=Cc3ccc(F)cc3)C2=O)cc1,-2.0
O=[N+]([O-])c1ccc(S(=O)(=O)n2ncc3cc([N+](=O)[O-])ccc32)cc1,3.356975041986563
O=C(O)c1ccc(CN2C(=O)SC(=Cc3ccccc3)C2=O)cc1,-2.0
Cc1ncc([N+](=O)[O-])n1Cc1nnc(-c2ccc(F)cc2)o1,-3.643856189774725
CC(=O)Nc1ccc(S(=O)(=O)C(C#N)=Cc2cn(CCO)c3ccccc23)cc1,-0.0
COc1ccc2ncc(C(F)F)c(CCC34CCC(NCc5ccc6c(n5)NC(=O)CO6)(CC3)CO4)c2n1,-2.0
N#CC(=Cc1ccc(Cl)c(Cl)c1)CNC(=O)Nc1ccc(Cl)cc1Cl,-2.643856189774725
Cc1cccc(Cn2c(-c3cccc(NS(C)(=O)=O)c3)nc3ccccc32)c1,-4.0
Cc1ccccc1C1C(C#N)=C(N)OC(c2c[nH]c3ccccc23)=C1C#N,-4.700439718141092
Cc1ccnc2c([N+](=O)[O-])cc(Cc3cnc(N)nc3N)cc12,-3.321928094887362
C#CCCCCCc1cn(CCOc2ccc(-c3nc4ccc(N5CCN(C)CC5)cc4[nH]3)cc2)nn1,-4.0
COc1ccc(C2SCC(=O)N2NC(=O)c2cc(-c3ccc(Cl)cc3)n[nH]2)cc1OC,2.321928094887362
CC1=CC(=O)C(C)(O)C(=O)C1=CNc1ccc(C)cc1,-2.761285273361619
COc1c(N2CC3CC2CN3)c(F)cc2c(=O)c(C(=O)O)cn(-c3ccc(O)cc3)c12,4.321928094887363
CC1CN(c2c(F)cc3c(=O)c(C(=O)O)cn(C4CC4)c3c2F)CCN1O,3.321928094887362
C=CCc1cccc(Oc2ccc(C(=O)CC)cc2)c1OCCCC[N+](C)(C)CC(=O)NCCCCCC,-5.0
CCn1cc(-c2nc(N=Cc3ccc(Cl)cc3Cl)n[nH]2)c(=O)c2ccc(C)nc21,5.011587974275212
CC(C)(C)n1cc(C(=O)O)c(=O)c2cc(F)c(N3CCC(CN)C3)nc21,1.0
O=C1NC(=NO)C(c2ccc(O)c([N+](=O)[O-])c2)=C1c1ccccc1,-1.584962500721156
O=[N+]([O-])c1ccc(-c2nnc(-c3ccc4nc(-c5ccc(Br)cc5)c(Nc5ccccc5)n4c3)o2)cc1,-2.881664619320345
COc1cc2nc(SCc3cc(OC)c(OC)c(OC)c3)n(-c3ccc(Cl)cc3)c(=O)c2cc1OC,-3.0
COc1ccc2cc(C=C3SC(=S)N(CCC(=O)O)C3=O)c(Cl)nc2c1,-4.906890595608519
CCn1cc(C(=O)O)c(=O)c2cc(F)c(N3CCN(C=O)CC3)cc21,1.3584539709124763
OC(CNCCc1c[nH]c2cc(F)ccc12)Cn1c2ccc(Br)cc2c2cc(Br)ccc21,-3.0
Nc1ncc2cc(-c3ccccc3-c3cccnc3)c(N)nc2n1,1.0
Cc1c(N2CC(F)C(C3CC3N)C2)c(F)c(N)c2c(=O)c(C(=O)O)cn(C3CC3F)c12,8.380821783940931
C#CCNc1nc(NCCC2CCN(Cc3ccccc3)CC2)c(C#N)c(-c2ccccc2)c1C#N,-5.0
CCn1cc(C(=O)O)c(=O)c2cc(F)c(N3CCN(CN4C(=O)C(=O)c5cc(C)ccc54)C(C)C3)c(F)c21,2.0
CN1CCN(c2cc3c(cc2F)c(=O)c(C(=O)O)cn3-c2ccc(OP(=O)(O)O)cc2)CC1,2.321928094887362
N#Cc1ccc2ccc(=O)n(CCN3CCC(NCc4ccc5c(n4)NC(=O)CO5)C(O)C3)c2c1,1.0
CC1Sc2c(C(=O)O)c(=O)c3cc(F)c(N4CCSCC4)cc3n21,2.321928094887362
CC(C)(O)C#CC#Cc1cc2c(s1)C(=O)N(CCC(C)(C(=O)NO)S(C)(=O)=O)C2,1.0
Clc1ccc(CN(CCBr)CCBr)c(Cl)c1,-1.0
O=c1[nH]sc2c1c(=O)c1cc(F)c(-c3cccc(F)c3)cc1n2C1CC1,3.0
Cc1ccc(-n2nc(C)n(-c3nnc(-c4ccccc4)s3)c2=O)cc1,-3.963474123974886
CSc1nccc(Sc2nnc(-c3cc(C(F)(F)F)cc(C(F)(F)F)c3)[nH]2)n1,-0.6780719051126377
Cc1cccc(-c2n[nH]c(=S)n2N=Cc2ccc(C=C3SC(=S)NC3=O)cc2)c1,-5.0
O=C1NN=C2C=C(c3cccs3)CC(c3cccc([N+](=O)[O-])c3)C12,-1.3219280948873624
CCCCCn1cc(C=C(C#N)S(=O)(=O)c2ccc(NC(C)=O)cc2)c2ccccc21,-4.0
Nc1cc2c(=O)c(C(=O)O)cn(C3CC3)c2cc1N1CCCC1,2.0
O=C(O)c1nccn1Cc1ccccc1,-3.0
NCC1CCC(N)C(OC2C(N)CC(N)C(OC3OC(CO)C(O)C(N)C3O)C2O)O1,2.9434164716336326
O=CN1C(c2ccccc2)CC(=O)C(Cc2ccccc2)C1c1ccccc1,-4.643856189774724
O=C(Cc1ccccc1)c1nnc(-c2cc(Br)c(Br)[nH]2)o1,-1.6438561897747246
NC1CCN2c3c(F)cc4c(=O)c(C(=O)O)cn(C5CC5)c4c3CNCC12,4.058893689053568
CC(C)(C)n1cc(C(=O)O)c(=O)c2cc(F)c(N3CC4CCC3CN4)nc21,2.9434164716336326
O=C1COc2ccc(N3CC(CCCNC4Cc5cccc(Cl)c5C4)OC3=O)nc2N1,2.0
CC(C)(C)c1cc(O)c(CN2CCCCC2)c2c1oc1c3ccc(O)cc3oc(=O)c12,-4.643856189774724
COc1ccc(CCN2CN=C(SCc3ccc(Cl)c(Cl)c3)NC2)cc1OC,-3.0
CCOC(=O)C(=CNc1ccc(Br)cc1)c1ccc(OCc2ccccc2)cc1,-0.6415460290875237
CCC1(C)CCCC2(C)C1CCC1(C)C2CC(OC(=O)CCC(C)C)C2(C)C(C(=O)O)=CCC12,-3.0
O=c1c(OC2OC(CO)C(O)C(O)C2O)c(-c2ccc(O)c(O)c2)oc2cc(O)cc(O)c12,-4.0
COc1ccc2cc3[n+](cc2c1OCc1nc2ccccc2n1Cc1ccc(Cl)cc1)CCc1cc2c(cc1-3)OCO2,-1.0
CN(C(=O)C(N)CCCN)C(CCc1ccccc1)CCc1ccccc1,-5.0
CCCCCCCCCCOc1ccc(CNC(CO)(CO)CO)cc1,-5.0
CC(C)N1CC(C#CC#Cc2cc3n(c2)C(=O)N(CCC(C)(C(=O)NO)S(C)(=O)=O)C3)C1,2.0
C=C1COC2(CN(c3ncc(C(=O)O)s3)CCC2NC(=O)c2[nH]c(C)c(Cl)c2Cl)OC1,1.0
N=c1c(Cc2ccc(Cl)c(Cl)c2)c[nH]c(=O)n1-c1ccc(Cl)c(Cl)c1,-4.643856189774724
Nc1nc(N)c2cc(S(=O)(=O)c3cccc4ccccc34)ccc2n1,-4.643856189774724
O=C(NN=Cc1cnc[nH]1)c1cnc2c(C(F)(F)F)cccc2c1O,2.321928094887362
N=C(N)c1ccc2[nH]c(-c3ccc(OCc4cn(Cc5ccccc5)nn4)cc3)nc2c1,-4.0
CC(C)(CC(=O)NCCn1[se]c2ccccc2c1=O)C(F)(F)F,-3.0
Nc1c(-c2nc3ccccc3s2)c(-c2ccc(Cl)cc2)nc2nc(NN=Cc3cccc(Cl)c3)[nH]c(=O)c12,-4.643856189774724
O=C1Nc2ccc(Cl)cc2C1=NN1C(=O)C(Cl)C1c1ccc(O)cc1,-3.228049047884462
Cc1ccc(N=Nc2sc(N)nc2-c2ccc(NC(=O)c3ccccc3)cc2)cc1,3.0
CC(C)c1ccc(C2CC(c3ccc(O)cc3)=NN2C(=O)c2cccnc2)cc1,-1.7004397181410922
Fc1ccc(-c2cnc(-c3ccc4nc(-c5ccc(Br)cc5)c(Nc5ccccc5)n4c3)[nH]2)cc1,-0.41142624572646497
O=C1CC(C2CCCC2)Oc2cc(O)cc(O)c21,-2.643856189774725
C=CC(C)(C=Cc1ccc(OCCCCNC(=N)N)cc1)CCC=C(C)C,-4.643856189774724
COC(=O)CCCC1C2CCCN3CCCC(CN1C(=O)c1cc4ccc(Cl)cc4n1Cc1ccc(OC)cc1)C23,0.3677317845004871
O=[N+]([O-])c1ccc2nc(-c3ccc(Br)cc3)oc2c1,-4.643856189774724
Cc1snnc1C=CC1=C(C(=O)O)N2C(=O)C(NC(=O)C(=NO)c3csc(N)n3)C2SC1,2.321928094887362
CC(CCc1ccccc1)NC(=O)Nc1cccc(C(F)(F)F)c1F,-2.643856189774725
CCCCNCCOc1cc(O)c2c(=O)cc(-c3ccc4c(c3)OCCO4)oc2c1,-4.643856189774724
CCCCCCCC1CC(=O)c2c(OCOC)cc(OCOC)cc2O1,-3.643856189774725
C=CCC=Nn1c(S)nnc1-c1ccncc1,-3.350497247084133
C#CCOCCCCCCOc1ccc(-c2nc3ccc(-c4nc5ccc(N6CCN(C)CC6)cc5[nH]4)cc3[nH]2)cc1,-3.0
O=C(O)CCN1C(=O)C(=Cc2cc3ccccc3nc2Cl)SC1=S,-4.906890595608519
NC1CCN(c2c(F)cc3c(=O)c(C(=O)O)cn(C4CC4)c3c2F)CC1,4.321928094887363
CC1OC(OC2C(N)CC(N)C(OC3OC(CN)C(O)C(O)C3N)C2O)C(O)C(N)C1OCC(O)CN,-2.0
CC(=O)NCC1CC(c2cc(F)c(N3CCNCC3)c(F)c2)=NO1,-4.0
CCN(CCO)C(=S)SC1=C(C(=O)O)N2C(=O)C(C(C)O)C2C1C,-2.643856189774725
CC(=NNC(=N)N)c1cnn(-c2ccc(C#CC3(O)CCCCC3)cc2)c1C,-2.0
CNc1cc(F)cc2c(NCCN)c(C(=O)Nc3ccc(C(=O)O)cc3)c(=O)[nH]c12,-2.0
NC(=NO)c1ccc(-c2ccc(N3CC(CNC(=O)C(F)(F)F)OC3=O)cc2F)cc1,-1.0
COC(=O)N1CCC(Oc2cccc(C(CC#N)Nc3nc4nc(C)cc(N5CCN(C)CC5)c4[nH]3)c2)CC1,-2.0
COc1ccc(-c2nc3sc(C)nn3c2C=NNc2nc(-c3ccc([N+](=O)[O-])cc3)cs2)cc1,-4.643856189774724
Oc1c(-c2nnc(S)n2-c2ccccc2)cnc2c(C(F)(F)F)cccc12,-2.643856189774725
Cc1c(F)c(N2CCNC(C)C2)cc2c1c(=O)c(C(=O)O)cn2C1CC1,6.265344566520995
CCCCC(CN(O)C=O)C(=O)N1CCCC1c1nnc(-c2ccc(C#N)cc2F)s1,-3.0
COc1ccc2nc(C)cc(-n3cc(CNS(=O)(=O)c4ccc(F)cc4)nn3)c2c1,-1.6415460290875237
CN(C)C(=O)Cn1c(=O)ccc2ncc(F)c(CCC34CCC(NCc5ccc6c(n5)NC(=O)CO6)(CC3)CO4)c21,-5.0
CC(O)C1C(=O)N2C(C(=O)O)=C(SC3CNC(C=Cc4cc(CO)no4)C3)C(C)C12,5.321928094887363
CCCCCCCCN(CCCCCCCC)C(=S)[S-],-2.0
CC1CN(c2cc3c(cc2F)c(=O)c(C(=O)O)cn3-c2ccccc2F)CC(C)N1,1.3219280948873622
CCCCC(CN(O)C=O)C(=O)N1CC2(CC2)CC1C(=O)Nc1ccc(F)c[n+]1[O-],-0.0
CN(C)c1ccc(C2CN(c3c(F)cc4c(=O)c(C(=O)O)cn(C5CC5)c4c3F)CC2N)cc1,2.321928094887362
CCC1CCNC(C(=O)NC(C(C)Cl)C2OC(SC)C(O)C(O)C2O)C1,-4.643856189774724
NCCCC(=O)NC1CC(N)C(OC2OC(CN)CCC2N)C(O)C1C1OC(CO)C(O)C(N)C1O,-3.643856189774725
CCCCNc1nc(SCCCC)nc2ccccc12,-1.0
CCc1[nH]c2nc(Sc3cnc4nccnc4c3)nc(N3CC4C(C3)C4(N)C(N)=O)c2c1Cl,2.0
CCCCCCOC1OC(CN)C(N)C(OCc2ccc3ccccc3c2)C1N,-4.0
CC(CO)C1CCC2C3C(N)CC4CC(NCCCNCCCCN)CCC4(C)C3CCC12C,-5.0
CC(=Nc1ccc(S(N)(=O)=O)cc1)C1=C(O)C(N)C2Cc3c(c(O)c4c(O)c(C)ccc4c3C)C(=O)C2(O)C1=O,-2.6322682154995127
C=CC(C)(C=Cc1ccc(OCCCC[N+](C)(CC)CC)cc1)CCC=C(C)C,-3.643856189774725
CC(O)C1C(=O)N2C(C(=O)[O-])=C(CSC(=S)N(C)Cc3ccccc3)SC12,-0.0
COC1=C(C(=O)[O-])N2C(=O)C(C(C)O)C2C1C,1.0
CCOC(=O)C1=C(C)OC(N)=C(C#N)C1c1ccc(Cl)cc1,-5.0
CCn1cc(C(=O)O)c(=O)c2cc(F)c(N3CCN(C(=O)C(C#N)=Cc4cn(CCO)c5ccccc45)CC3)cc21,2.0
Cc1c(CN(C)C(=O)C=Cc2cnc3c(c2)CCC(N2CCCC2)C(=O)N3)oc2ccccc12,-2.0
CC(C)=CCCC(C)=CCn1cc(CC(=O)NCCN(CCCNC(=N)N)CCCNC(=N)N)c2ccccc21,-4.643856189774724
CN(C)C1CN(c2cc3c(cc2F)c(=O)c(C(=O)O)cn3C2CC2)C1,4.058893689053568
CCc1ccc(C(Nc2cc(F)c(F)c(F)c2)C2CCCCC2=O)cc1,-3.643856189774725
FC(F)(F)c1cc(NN=CC2CCCCC2)c2cccc(C(F)(F)F)c2n1,-2.643856189774725
O=[N+]([O-])c1ccc(C2=Nn3c(nnc3-c3ccc([N+](=O)[O-])o3)SC2)cc1,-4.643856189774724
CCn1cc(C(=O)O)c(=O)c2cc(F)c(N3CC(N)C3C)c(Cl)c21,4.058893689053568
N#Cc1ccc(Nc2nc(Oc3ncnc4ccccc34)nc(N3CCN(c4ccc(F)cc4)CC3)n2)cc1C(F)(F)F,-4.643856189774724
N#CCc1cc2c(cc1F)c(=O)c(C(=O)O)cn2Cc1ccc(Cl)c(Cl)c1,-1.0
CC(C)CCOc1ccccc1-c1ccccc1OCc1cn(C(CCCNC(=N)N)C(=O)NCc2ccccc2)nn1,-5.0
CCn1c2cc(N3CCN(C)CC3)c(F)cc2n2c(=O)nc(N)cc12,-5.0
CCCc1ccc(N2CC(CC(C)(C(=O)NO)S(C)(=O)=O)OC2=O)cc1,-2.0
CCON=C(C(=O)NC1C(=O)N2C(C(=O)O)=CCOC12)c1csc(N)n1,3.321928094887362
COc1ccc(C(=O)C=Cc2ccc(C=NNC(=N)N)cc2)cc1,-4.0
O=C1CSC(N2NC(=O)CC3(CC4c5ccccc5C3c3ccccc34)C2=O)=N1,-3.643856189774725
COc1cc(C=Nn2cnnc2)c2c(c1OCc1ccc(F)cc1)CN1CCc3cc4c(cc3C1C2)OCO4,-4.0
Cc1ccccc1OCc1nnc(-c2cc(F)c(Cl)cc2Cl)o1,-2.643856189774725
COc1ccc2nc(C)cc(NC(=O)CN3CC(CN4CCCCC4)OC3=O)c2c1,-3.643856189774725
O=C1NC(=S)SC1=Cc1ccc2ccccc2c1,-3.0
CCCOc1ccc(C=Cc2cc(-c3ccc(C(C)(C)C)cc3)[n+](C)cc2-c2ccccc2)cc1,-2.0
Cn1nnnc1SCC(O)CN1C(=O)C(=O)c2ccccc21,-4.0
N=C(N)NCCc1ccc(OCc2ccccc2)cc1,-5.0
N#CC(=Cc1cn(Cc2cccc(Cl)c2)c2ccccc12)S(=O)(=O)c1ccc(N)cc1,-5.0
COC1CN(c2nc(-c3cn(C)cn3)c(C(=O)O)s2)CCC1NC(=O)c1[nH]c(C)c(Cl)c1Cl,4.058893689053568
O=c1cc(CO)oc(C2C=C(c3ccccc3)Oc3ccccc32)c1O,-2.963474123974886
Clc1ccc(-c2nnc(-c3ccc(-n4cccc4)cc3)o2)cc1,-2.0
C#CCN1CCN(N=Cc2ccc(C#Cc3ccc(C(=O)NC(C(=O)NO)C(C)O)cc3)cc2)CC1,5.058893689053568
Nc1nc(-c2ccc(NC(=O)c3ccccc3)cc2)c(N=Nc2ccc([N+](=O)[O-])cc2)s1,4.0
O=C(COC(Cn1nncc1-c1ccccc1)c1ccc(C#Cc2ccccc2)cc1)NO,-3.0
CNn1cc(C(=O)O)c(=O)c2cc(F)c(N3CCCCC3)cc21,-1.9634741239748859
CON=C(C(=O)NC1C(=O)N2C(C(=O)[O-])=C(C[n+]3ccc4scc(C(=O)O)c4c3)CSC12)c1csc(N)n1,6.058893689053568
NC(=O)c1cc(-c2csc(NN=Cc3cc(Cl)cc(Cl)c3Cl)n2)ccc1O,-2.643856189774725
O=C1c2cccc3c(NN=Cc4nc5ccccc5[nH]4)ccc(c23)C(=O)N1C(CO)CO,-3.0
CCc1c(-c2ccc3c(c2)c(C)c(C)n3C)[nH]c(=O)c(C(=O)O)c1O,-3.643856189774725
Cc1ccc2c(c1)NC(=CC(=O)c1ccc(-c3ccccc3)cc1)C(=O)O2,-4.643856189774724
COc1ccc(C=CC(=O)c2ccc3ccccc3c2)c(OC)c1OC,-3.963474123974886
CS(=O)(=O)c1ccc(Cc2nnc3n2N=C(c2cc(Cl)sc2Cl)CS3)cc1,-2.643856189774725
CCOC(=O)c1cn(-c2nccs2)c2nc(N3CCC(N)C3)c(F)cc2c1=O,-3.643856189774725
CC1CC(N)CN1c1nc2c(cc1F)c(=O)c(C(=O)O)cn2-c1ccc(F)cc1F,5.643856189774724
NC1CC(N)CN(c2nc(Nc3ccc(NC(=O)c4ccc5ccccc5c4)cc3)nc(N3CC(N)CC(N)C3)n2)C1,-0.0
CCn1cc(C(=O)O)c(=O)c2cc(F)c(N3CCN(c4nnc(SCc5ccccc5[N+](=O)[O-])s4)CC3)cc21,-4.0
CC(C)=CCCC(C)=CC(=O)N1CCN(c2cc3c(cc2F)c(=O)c(C(=O)O)cn3C2CC2)CC1,-3.0
CCc1cc(Nc2cc(=O)n(CCCCO)c(=O)[nH]2)ccc1C,-4.321928094887363
Oc1cc(Br)ccc1Oc1cccc(F)n1,-0.0
NC1CCN(c2cc3c(cc2F)c(=O)c(C(=O)O)cn3-c2ccc(F)cc2F)CC1,3.321928094887362
O=C1CC(=O)N(c2ccc(Cl)c(Cl)c2)N1c1ccc(Cl)c(Cl)c1,-5.0
O=C(CSc1nc2ccccc2o1)NN=Cc1c[nH]nc1-c1ccc(-c2ccccc2)cc1,-4.643856189774724
COC(=O)N1CCC(CO)(Cc2cccc(C(CC#N)Nc3nc4nc(C)ccc4[nH]3)c2)CC1,-0.0
COc1ccc2ncc(F)c(C(O)C(O)C34CCC(NCc5ccc6c(n5)NC(=O)CO6)(CC3)CO4)c2n1,-4.0
Cc1nn(CC(=O)NCc2ccco2)c2nc3ccccc3c(C)c12,-2.963474123974886
COc1cc(Cc2cnc(N)nc2N)cc2c1NC(C)(C)CC2C,-4.906890595608519
Cc1ccc(C)c(C=C2SC(=O)N(CCC(=O)Nc3ccccc3O)C2=O)c1,-2.643856189774725
CC(=O)N1N=C(c2ccc(Cl)c(Cl)c2)CC1c1ccc(Cl)cc1,-4.643856189774724
CC(C)c1csc(-c2nnc(S(=O)(=O)Cc3ccc(Cl)cc3)n2N=Cc2c(F)cccc2F)n1,-3.0
CC(=O)NCc1cccc(-n2c(C=Cc3ccc(C#N)cc3)nc3ccccc3c2=O)c1,-4.0
CCOC(=O)c1cn(CC)c2cc(N)c(F)cc2c1=O,-5.0
COc1ccc(S(=O)(=O)N2CCCC3CN(c4c(F)cc5c(=O)c(C(=O)O)cn(C6CC6)c5c4OC)CC32)cc1,-1.2750070474998698
CS(=O)(=O)Nc1cccc(-c2nc3ccccc3n2Cc2ccc(Cl)cc2)c1,-3.0
Brc1ccc(C=NNc2nc(-c3ccccc3)cs2)cc1,-3.643856189774725
O=c1oc2ccccc2c2c1C(c1ccccc1)c1c(Nc3ccc([N+](=O)[O-])cc3)ncnc1O2,-4.963474123974886
CCCCCCCCCC(O)C(N)CO,-2.963474123974886
CCn1cc(-c2csc(N)n2)c(=O)c2cc(C)ccc21,-2.232660756790275
Cn1c(C=C2SC(=Nc3nccs3)NC2=O)ccc1[N+](=O)[O-],-3.643856189774725
Cc1ccc(-c2csc(N3N=C(c4ccccc4)CC3c3c(F)cccc3F)n2)cc1,-3.0
CCCCCCCCn1cc(C(=O)OCC)c(=O)c2cc(F)c([C-](C#N)C(=O)OCC)cc21,2.0
N=C(c1ccc2cc(-c3ccc(-c4cc5ccc(C(=N)N6CCOCC6)cc5[nH]4)cc3)[nH]c2c1)N1CCOCC1,-2.0
N#Cc1c(Cl)c(Cl)c(Cl)c(C#N)c1Cl,1.0
CCn1cc(C(=O)O)c(=O)c2cc(F)c(N3CCSCC3)cc21,2.0
O=c1[nH]sc2c1c(=O)c1cc(F)c(-c3cncc4ccccc34)cc1n2C1CC1,1.0588936890535685
CCOP(=O)(OCC)C(Nc1ncc(-c2cc3ccccc3oc2=O)s1)c1cc2cccc(C)c2[nH]c1=O,2.0
NCc1cccc(NCc2ccnc(-c3ccc(C(=O)O)c(O)c3)c2)c1,-2.0
COc1ccc2nc(C)cc(NC(=O)CN3CC(CN4CCN(C)CC4)OC3=O)c2c1,1.3219280948873622
O=[N+]([O-])c1ccc(N2C(O)CC(c3ccccc3)N2C(c2ccccc2)N2CCOCC2)c([N+](=O)[O-])c1,-3.0
CC(C)(N)C1CCN(c2nc3c(cc2F)c(=O)c(C(=O)O)cn3-c2ccc(F)cc2F)C1,2.321928094887362
COc1c(N2CCN(Cc3oc(CO)cc(=O)c3O)C(C)C2)c(F)cc2c(=O)c(C(=O)O)cn(C3CC3)c12,1.3584539709124763
CCc1[nH]c2nc(Sc3ccc4cccnc4c3)nc(N3CC4C(N)C4C3)c2c1Cl,-0.0
CCCCC(CN(O)C=O)C(=O)N1CC2(CC2)CC1C(=O)Nc1nccc(-c2cccnc2)n1,-1.0
CCn1cc(C(=O)O)c(=O)c2cc(F)c(N(C)C)cc21,1.3584539709124763
Cn1nnnc1SCC1=C(C(=O)[O-])N2C(=O)C(NC(=O)C[S+]([O-])CC(F)(F)F)C2SC1,0.3219280948873623
Cn1cncc1C(=O)C1=NCCc2c1[nH]c1ccccc21,3.321928094887362
N#CC(=Cc1cnc(NCc2ccccc2)nc1)c1nc2ccccc2[nH]1,-4.169925001442312
O=C(Nc1cc([N+](=O)[O-])ccc1O)c1ccccc1,-3.963474123974886
[N-]=[N+]=NCc1cccc(B(O)O)c1,5.058893689053568
COc1ccc(C2C(Cl)C(=O)N2NC(=O)c2cc(-c3ccc(Cl)cc3)n[nH]2)cc1,4.058893689053568
CCOC(=O)C1=C(C)OC(N)=C(C#N)C12C(=O)Nc1ccc(S(=O)(=O)N3CCOCC3)cc12,-4.965784284662087
C=C(C#N)C(O)c1ccccc1OC,-4.584962500721156
CC1CN(CC2CC(SC3=C(C(=O)O)C4C(=O)C(C(C)O)C4C3C)CN2)S(=O)(=O)N1,2.3364276645824775
N#Cc1ccc(NC(c2ccccc2Cl)C2CCCCC2=O)cc1,-0.6897464384935557
COc1ccc2cc1Oc1cc(ccc1OC)CCC(NCC=C(C)CCC=C(C)C)CCCC2,-2.643856189774725
O=C(C=Cc1ccccc1)c1ccco1,-3.321928094887362
C=CCn1c(-c2cccs2)nn(CN2CCOCC2)c1=S,-2.643856189774725
COC1=C(N)C(=O)c2nc(-c3nc(C(=O)O)c(C)c(-c4ccc(OC)c(OC)c4O)c3N)ccc2C1=O,-2.643856189774725
COC(=O)Cc1cc(O)cc2oc(-c3cc(OC)cc(OC)c3)cc(=O)c12,-2.0
Nc1nc(C(=NOCCF)C(=O)NC2C(=O)N3C(C(=O)[O-])=C(SC4=NCCS4)CCC23)cs1,3.0
COc1cc(C)c(-c2cc(OC)c(Cl)c3c2C(=O)C2(O)C(=O)c4c(O)cc(O)c(Cl)c4C(C)(C)C2C3)c(OC)c1,-0.6415460290875237
CCc1ccc(Oc2ccc(S(C)(=O)=O)cc2F)c(O)c1,-0.0
CCCCOC(=O)c1ccc(OC)c(OC)c1,-4.247927513443585
Cc1ccc(NC2=Nn3c(nnc3-c3cc(F)c(Cl)cc3Cl)SC2)cc1,-2.643856189774725
NC1CC(N)CN(c2nc(Nc3ccc(Br)cc3)nc(N3CC(N)CC(N)C3)n2)C1,-2.0
CC1CCNC1c1cc(O)c2c(c1C(F)(F)F)CC1CC3C(N(C)C)C(O)=C(C(N)=O)C(=O)C3(O)C(O)=C1C2=O,6.002310160687201
COC(=O)C1(C)CCCC2(C)c3ccc(C(C)C)cc3-c3[nH]c4ccc(F)cc4c3C12,-3.963474123974886
Cc1ccc(N=C(Cc2ccc(F)cc2)c2ccc(O)cc2O)cc1,-4.643856189774724
CCN(CC)c1ccc2cc(-c3nc4sc(S(N)(=O)=O)nn4c3CN3CCCCC3)c(=O)oc2c1,-4.965784284662087
O=C(NCC(OCc1ccc(C#Cc2ccc(CN3CCOCC3)cc2)cc1)C(=O)NO)c1c[nH]c2ccccc12,5.011587974275212
C=CC1(C)CCC2=C(CCC3(O)C2(C)CCC(O)C3(C)C(=O)O)C1O,-3.0
CCn1cc(C(=O)O)c(=O)c2cc(F)c(N3CCC(N)CC3)nc21,2.321928094887362
Cc1ccc(OCc2nnc(-c3cc(F)c(Cl)cc3Cl)o2)cc1,-2.643856189774725
CC(NNc1ccccc1)(c1cccnc1)P(=O)(Oc1ccccc1)Oc1ccccc1,-3.321928094887362
CCOC(=O)COc1nc(C)nc2c(-c3ccc(Cl)cc3)n[nH]c12,-4.906890595608519
Cn1c([N+](=O)[O-])cnc1C(=O)NC1CCCCC1,-5.0
C=CCC(Nc1ccc(Cl)cc1F)c1c(F)cccc1F,-0.6897464384935557
Fc1cccc(F)c1C1CC(c2ccccc2)=NN1c1nc(-c2ccc(Br)cc2)cs1,-4.965784284662087
CN1CCN(c2c(F)cc3c(=O)c(C(=O)O)c4scc5n4c3c2N(Cc2ccccc2)C5)CC1,-3.643856189774725
CC1(CNC2CC2)CN(c2nc3c(cc2F)c(=O)c(C(=O)O)cn3C2CC2F)CC1=NOCc1ccccc1,-2.0
Cc1ncc([N+](=O)[O-])n1CC(C)OC(=O)C=Cc1cccc(F)c1,-1.6461626571578936
CSc1ccc(Cc2nn(CN3CCN(C)CC3)c(=S)o2)cc1,-3.643856189774725
CC1C(N)CN1c1c(F)cc2c(=O)c(C(=O)O)cn(-c3ccc(F)cc3F)c2c1Cl,5.058893689053568
CC(C)CNc1nccc(NCCCNC2CCCc3c2[nH]c2ccc(C(F)(F)F)cc32)n1,-0.6415460290875237
CC(C)=CCCC(C)=CCCC(C)=CCCC(C)=CC[n+]1cn(C)c2nc[nH]c(=NOC(C)(C)C)c21,-5.0
CNc1cc(F)cc2c1[nH]c1nc(CNC(=O)c3ocnc3C)nc(N3CCC(N(C)C)C3)c12,-1.0
CNCC(Cl)=C1CCN(c2c(F)cc3c(=O)c(C(=O)O)cn(C4CC4)c3c2OC)CC1,1.0
CN1CCC2(CCN(c3c(F)cc4c(=O)c(C(=O)O)cn(C5CC5)c4c3F)C2)C1,4.321928094887363
CON=C1CN(c2nc3c(cc2F)c(=O)c(C(=O)O)cn3C2CC2)CCC1NC1CC1,-4.0
CC(O)C1C(=O)N2C(C(=O)O)=C(SC3CNC(C(=O)Nc4cccc(C(=O)O)c4)C3)C(C)C12,8.965784284662087
Cc1oc(-c2ccc(F)cc2F)nc1N1N=C(c2ccc(-c3ccco3)cc2)CC1N1CCc2ccccc2C1,-0.6433944534798923
Cc1cc(C#N)nc(N2CCN(S(=O)(=O)c3ccc(NC(=O)c4ccccc4N(C)S(C)(=O)=O)cc3)CC2)n1,3.0
O=C(NCc1cn(Cc2ccc(C(F)(F)F)cc2)nn1)c1cccnc1,-2.643856189774725
Cc1ccc(Cn2c(-c3cccc(NS(=O)(=O)c4cccc(N)c4)c3)nc3ccccc32)cc1,-1.0
COc1ccc2nc(C)cc(-n3cc(CNC(=O)c4ccccc4Cl)nn3)c2c1,-1.6415460290875237
CNC(=O)c1cccnc1SCC1CC(SC2=C(C(=O)O)N3C(=O)C(C(C)O)C3C2C)CN1,4.351074440546879
CCCCCCCCCc1ccccc1C(=O)NS(=O)(=O)c1ccccc1F,2.0
COc1c(N2CC(CN)C(C(F)(F)F)C2)c(F)cc2c(=O)c(C(=O)O)cn(C3CC3)c12,5.321928094887363
Cc1cn(C2C=CC(COC(=O)CN3CCN(c4cc5c(cc4F)c(=O)c(C(=O)O)cn5C4CC4)CC3)O2)c(=O)[nH]c1=O,1.7369655941662063
CC(=NNC(N)=O)c1ccc(Nc2nc(-c3ccc(C)cc3)cs2)cc1,-5.0
Nc1nc(C(=NOCC(=O)O)C(=O)NC2C(=O)N3C2[S+]([O-])CC2CC(=O)OC23C(=O)O)ns1,-0.0
NCC1CCN(c2nc3c(cc2F)c(=O)c(C(=O)O)cn3-c2ccc(F)cc2F)C1,4.321928094887363
CC(C)(C)c1cc(C(C)(C)C)cc(S(=O)(=O)Nc2cccc(C(=O)NCCNC(=N)N)c2)c1,-5.0
O=C(O)c1cn(CC(O)Cn2cnc([N+](=O)[O-])c2)c2cc(Cl)c(F)cc2c1=O,-5.0
CC1(C)SC2C(n3cc(-c4ccccn4)nn3)C(=O)N2C1C(=O)O,-3.0
Cc1c(N2CCCCC2)c(F)cc2c(=O)c(C(=O)O)cn(C3CC3)c12,5.965784284662087
Cc1ccc(C=C2CCC3(C2=O)C(c2ccc(C)cc2)C(c2ccccc2)=NN3c2ccccc2)cc1,0.7369655941662062
CC(=O)NC(CS)C(=O)Oc1cc(C(C)C)ccc1C,-3.321928094887362
Cn1cc[n+](CC2=C(C(=O)[O-])N3C(=O)C(NC(=O)C(=NO)c4csc(N)n4)C3CC2)c1,5.058893689053568
CC1CC(N)CN1c1nc2c(cc1F)c(=O)c(C(=O)O)cn2C(CF)(CF)CF,1.0
CCn1cc(C(=O)O)c(=O)c2cc(F)c(N3CC(=NOC)C(CN)C3)c(F)c21,3.9885043611621707
CNC1CCN(c2nc3c(cc2F)c(=O)c(C(=O)O)cn3C2CC2)CC1=NOCc1ccccc1,-3.0
O=c1oc2ccccc2cc1-c1csc(NN=Cc2c[nH]nc2-c2ccc(Cl)cc2Cl)n1,-0.6897464384935557
Nc1nc(N)c2cc(Sc3cccc(-c4ccccc4)c3)ccc2n1,-3.321928094887362
CCNCC1CCN(c2c(F)c(N)c3c(=O)c(C(=O)O)cn(CC)c3c2F)C1,2.321928094887362
CN(C)C1(C)CN(c2c(F)cc3c(=O)c(C(=O)O)cn(C4CC4)c3c2F)C1,3.0588936890535687
CN(C)S(=O)(=O)NCC1CN(c2ccc(-n3cc(-c4ccccn4)cn3)c(F)c2)C(=O)O1,-5.0
CC1(C)SC2C(n3cc(C(O)c4ccccc4)nn3)C(=O)N2C1C(=O)O,-3.0
CCn1cc(C(=O)O)c(=O)c2cc(F)c(N3CCC(N)C3)c(F)c21,4.321928094887363
CC(=O)c1sc(SC2=C(C(=O)[O-])N3C(=O)C(NC(=O)C(=NOCCF)c4csc(N)n4)C3CC2)nc1C,-0.0
CCON=C1CN(c2c(F)cc3c(=O)c(C(=O)O)cn(C4CC4F)c3c2Cl)CC1CN,1.0
CC(C)NC(=O)Nc1cc(-c2ccc(Cl)c(Cl)c2)sc1C(=O)O,-3.9068905956085187
Clc1ccc(-n2cc(COc3ccc(-c4nc5cc(C6=NCCN6)ccc5[nH]4)cc3)nn2)cc1,-3.0
CC(O)C1C(=O)N2C(C(=O)O)=C(SC3CNC(CSc4nnnn4CC(=O)N(C)C)C3)C(C)C12,5.321928094887363
Cc1cc(NC(=O)c2cccc(Cl)c2)c2cc(NC(=O)Nc3ccc(Cl)cc3)ccc2n1,-0.6415460290875237
COc1cccc2cc(C(=O)c3cn(-c4ccc(Cl)cc4)nn3)c(=O)oc12,-2.643856189774725
CON=C(C(=O)NC1CN(OCC(=O)[O-])C1=O)c1csc(N)n1,-2.0
COc1cc(CON=C2CN(c3nc4c(cc3F)c(=O)c(C(=O)O)cn4C3CC3)CC2CN)cc(OC)c1OC,1.0
O=c1ccc2ccc(O)c(O)c2o1,-5.0
O=C(NN=Cc1ccc(O)cc1)c1n[nH]c2c1Cc1cc(F)ccc1-2,-1.9634741239748859
CCc1cc(O)c(Oc2ccc(C(=O)NC)cc2F)cc1F,-3.0
CN1CC2CC1CN2c1cc2c(cc1F)c(=O)c(C(=O)O)cn2-c1ccc(F)cc1,2.321928094887362
COc1ccc(C(=O)OCc2ccccc2)cc1OC,-4.169925001442312
Cc1ccc(-c2nn(-c3ccccc3)cc2C2CC(c3ccccc3)=NN2C(=O)c2ccncc2)cc1,-3.643856189774725
CC(C)NCc1cc2cc3c(cc2n1C)CCCc1c-3[nH]c(=O)c(C(=O)O)c1O,2.0
CCCCCCCCCNCC(OC1OC(CN)C(O)C1O)C1OC(n2ccc(=O)[nH]c2=O)C(O)C1O,-1.3219280948873624
CN(C)C1=NC(c2ccc3cc(OCc4ccc(Cl)cc4Cl)ccc3c2)N=C(N)N1,1.0
O=C(c1ccc(F)cc1)N1CCN(c2ccc(N3CC(Cn4ccnn4)OC3=O)cc2F)CC1,-3.0
CC1CCCCCCCCCC(OC(=O)CCC(=O)O)C(=O)C=CC(=O)O1,-5.0
O=c1[nH]nnn1-c1ccccc1,-0.6257380619086478
CC1C(NC(=O)C(=NOCCN)c2nsc(N)n2)C(=O)N1S(=O)(=O)O,-4.0
CCNCC1CN(c2cc3c(cc2F)c(=O)c(C(=O)O)cn3C2CC2)C1C,3.0588936890535687
O=C(C=Cc1ccc([N+](=O)[O-])cc1)c1ccc(-c2ccc(N3CC(CO)OC3=O)cc2)cc1,-1.6438561897747246
CC(C)CCCC(C)CCNCCNC12CC3CC(CC(C3)C1)C2,-4.965784284662087
CC(C)CCOc1ccccc1-c1ccccc1OCc1cn(C(CCCCN)C(=O)NC2CCCCC2)nn1,-5.0
CCc1c(-c2ccc(N(CC)CC)cc2)[nH]c(=O)c(C(=O)O)c1O,2.0588936890535687
Fc1ccc(C=NNc2nc(-c3ccccc3)cs2)cc1,-3.643856189774725
Cc1ccc(CSc2nnc(CSc3nc4nc(C)cc(C)n4n3)s2)cc1,-3.643856189774725
Nc1ccc(S(=O)(=O)Cc2nc3ccccc3n2Cc2cccc(Cl)c2)cc1,-5.0
C=CCN1CCN(c2cc3c(cc2F)c(=O)c(C(=O)O)cn3C2CC2)CC1,5.058893689053568
CC(=NNC(=N)N)c1sc(-c2ccc(N3CCCC(C)C3)cc2)nc1C,-3.0
CC(=O)C1(c2ccccc2)CCN(Cc2oc(CCl)cc(=O)c2O)CC1,-3.0
CN1CCN(c2cc3ncnc(Sc4nnc(-c5cccnc5)o4)c3cc2NC(=S)NC2CCCCC2)CC1,-4.643856189774724
Cc1nc[nH]c1C=NNc1cc(C(F)(F)F)nc2c(C(F)(F)F)cccc12,-2.643856189774725
CNc1cc(F)cc2cc(C(=O)Nc3ccc(CO)cc3CN(C)C3CCCCC3)c(=O)[nH]c12,4.058893689053568
CN1CCN(c2cc3c(cc2N)c(=O)c(C(=O)O)cn3C(C)(C)C)CC1,4.058893689053568
O=C(NNC(=O)c1cc([N+](=O)[O-])c[nH]1)Nc1ccc(Cl)cc1,-1.6438561897747246
COc1ccc2nc(C)cc(-n3cc(CNC(=O)c4ccc(C(F)(F)F)cc4)nn3)c2c1,1.3219280948873622
Oc1cc(C(F)=C(F)F)ccc1Oc1cccc(F)n1,-4.0
O=[N+]([O-])c1ccc(N2C(O)CC(c3ccccc3)N2C(c2cncs2)N2CCOCC2)c([N+](=O)[O-])c1,-1.0
Cc1cc(C)c2c(n1)NC(c1ccco1)NC2=O,-4.643856189774724
Cc1c(C(=O)NN=Cc2ccc(O)cc2)nnn1-c1cc(C(F)(F)F)nc2c(C(F)(F)F)cccc12,-2.643856189774725
NS(=O)(=O)c1ccc(NC(=S)NC(=O)c2ccc(Cl)cc2[N+](=O)[O-])cc1,2.6803820657998387
Cc1cc(N2CCN(C)CC2)c2[nH]c(NC(CC#N)c3cccc(Cl)c3)nc2n1,-1.0
CC(=O)OCC1C(NC(=O)C(=NOC(c2cc(=O)c(O)cn2O)C(C)C)c2csc(N)n2)C(=O)N1S(=O)(=O)O,2.0
NC1CCN2c3c(F)cc4c(=O)c(C(=O)O)cn(C5CC5)c4c3C=CCC12,8.828280760912152
CN1CCN(c2c(F)cc3c(=O)c(C(=O)O)c4n5c3c2N(C)CC5CS4)CC1,0.3584539709124763
CNC(=O)Cn1c(=O)ccc2ncc(F)c(CCC34CCC(NCc5ccc6c(n5)NC(=O)CO6)(CC3)CO4)c21,-5.0
C[n+]1nn(Cc2ccccn2)c2c1C(=O)c1ccccc1C2=O,-4.0
CCOC(=O)c1sc(N=C2NC(=O)C(=C3C(=O)Nc4ccc(F)cc43)S2)nc1C,-0.963474123974886
O=C(NN=Cc1cn(-c2ccccc2)nc1-c1ccc(Br)cc1)c1cccc(-n2cc(-c3ccccc3)nn2)c1,-1.0
COc1ccc(C(N)=O)cc1OC,-4.321928094887363
CCNCc1cc2cc3c(cc2n1C)NCCc1c-3[nH]c(=O)c(C(=O)O)c1O,-1.9634741239748859
CCN(CC)C(=S)[S-],-0.0
CC1(CCCNC(=O)c2ccc3c(c2)OCCCO3)N=N1,-3.643856189774725
COc1c(N2CCC(C(C)NCCF)C2)c(F)cc2c(=O)c3c(=O)[nH]sc3n(C3CC3)c12,4.058893689053568
O=C(O)c1cn(CCF)c2c(F)c(N3CCN(CC(O)Cn4cc([N+](=O)[O-])nc4Cl)CC3)c(F)cc2c1=O,-5.0
CC(C)(C)OC(=O)N1CCC(c2cn(CC3CCC4CN3C(=O)N4OS(=O)(=O)[O-])nn2)CC1,5.058893689053568
CON=C(C(=O)NC1C(=O)N2C(C(=O)[O-])=C(C[n+]3ccc4[nH]c(-c5ccccc5)nc4c3)CSC12)c1csc(N)n1,4.058893689053568
O=C1CNC(=O)N1CC1CN(c2ccc(-n3cc(-c4ccccn4)cn3)c(F)c2)C(=O)O1,-5.0
CC1C(NC(=O)C(=NOCc2ccc(C(=O)NN=Cc3ncc[nH]3)cc2)c2csc(N)n2)C(=O)N1S(=O)(=O)O,4.058893689053568
CC(O)C(NC(=O)N1CCN(c2ccc(C#Cc3ccc(O)cc3)cc2)CC1)C(=O)NO,3.321928094887362
CCn1cc(C(=O)O)c(=O)c2cc(F)c(N3CCN(Cc4oc(CO)cc(=O)c4O)CC3)nc21,-0.6415460290875237
O=C(NCCn1[se]c2ccccc2c1=O)c1cccs1,-3.0
O=C1OC2(CCNC2)CN1c1ccc(N2CCOCC2)c(F)c1,0.8520421186128986
O=CN(O)CCCc1ccc(C#Cc2ccc(CN3CCOCC3)cc2)cc1,-5.0
CCC(N)c1ccc(C2CC(SC3=C(C(=O)O)N4C(=O)C(C(C)O)C4C3C)CN2)cc1,3.321928094887362
Oc1c(Br)cc(Br)cc1CNc1ccc(Br)cc1,-4.643856189774724
CCn1cc(C(=O)O)c(=O)c2cc(F)c(N3CCN(Cc4cnc(C)c(O)c4CO)C(C)C3)c(F)c21,-1.0
Fc1ccc2nc(-c3ccc4nc(-c5ccc(Oc6ccccc6)cc5)c(Nc5ccccc5)n4c3)[nH]c2c1,-3.4208865749755315
Cc1n(Cc2ccccc2)c2ccccc2[n+]1Cc1ccc(Cl)c(Cl)c1,-2.321928094887362
NCC1OC(OC2C(NC(=O)OCc3ccccc3)CC(N)C(O)C2OC2OC(CO)C(O)C2O)C2NC2C1O,-0.0
NCc1cccc(C2CN(c3nc4c(cc3F)c(=O)c(C(=O)O)cn4C3CC3)CC2CN)c1,-1.632268215499513
CCOC(=S)SCC1=C(C(=O)[O-])N2C(=O)C(Nc3cc[n+](Cc4ccccc4)cc3)C2SC1,-0.0
Cc1nc(SC2=C(C(=O)O)N3C(=O)C(C(C)O)C3C2C)sc1C,-1.6461626571578936
CCCS(=O)(=O)N1C=Cc2cc(CC)sc2B1O,-1.3219280948873624
COc1ccccc1NS(=O)(=O)c1ccc([N+](=O)[O-])cc1[N+](=O)[O-],-5.0
O=C1CSC(c2ccc(F)cc2)N1c1ccccc1,-4.906890595608519
COC(=O)C12CCC(C)C(C)C1C1=CCC3C4(C)Cc5c([nH]c6ccccc56)C(C)(C)C4CCC3(C)C1(C)CC2,-4.963474123974886
COc1ccc(-c2n[nH]cc2C=Nn2c(-c3ccccc3)nn(CN3CCN(C)CC3)c2=S)cc1,-2.584962500721156
COc1ccc(CN2CCc3c(sc(NC(=O)c4cc(OCCN)ccc4Cl)c3C#N)C2)cc1,-5.0
CN(C)C1C(O)=C(C(N)=O)C(=O)C2(O)C(O)=C3C(=O)c4c(O)c(NC(=O)c5cccnc5)cc(F)c4CC3CC12,-5.0
C=CCN1C(=O)C(=Cc2ccc(-c3ccccc3)o2)SC1=S,-1.6461626571578936
CC1=C(C(=O)OC(c2ccccc2)c2ccccc2)N2C(=O)C(NC3=NC4CC4N3)C2SC1,1.0
Cc1cccc(NC(=O)CCc2nc3ccccc3n2C)c1C,-5.0
CC1COc2c(N3CCC(O)CC3)c(F)cc3c(=O)c(C(=O)O)cn1c23,3.0
CCOc1ccc(NN=C(C#N)C(=O)Nc2ccc(S(=O)(=O)Nc3onc(C)c3C)cc2)cc1,-4.965784284662087
COc1ccc2nccc(-n3cc4c(n3)CCC(NC(=O)c3cc5c(cc3OC)SCC(=O)N5)C4)c2n1,-4.0
C=CC1(C)CC(OC(=O)CSc2nc(OC(=O)C(C)(C)CC)cs2)C2(C)C(C)CCC3(CCC(=O)C32)C(C)C1O,-5.0
Cc1cc(=O)oc2cc(OCC(O)Cn3cnnn3)ccc12,-3.0
NCC1OB(O)c2c1ccc1c2OCO1,-0.0
COc1ccc2c(c1)c(-c1ccccc1)cc(=O)n2Cc1nnc(S)n1N,-3.0
CC(O)C1CC(O)CN1c1nc2c(cc1F)c(=O)c(C(=O)O)cn2C1CC1,-3.0
O=c1cc(CCl)oc(CN2CCN(Cc3ccc(C(F)(F)F)cc3)CC2)c1O,-3.0
C=CCn1c(S)nnc1-c1ccccc1O,-4.0
Cc1cccc(O)c1C(=O)OC1C(NC(=O)c2cccc(O)c2)CC(OC(N)=O)C(O)C1O,-5.0
N#CC1=C(N)OC(c2c[nH]c3ccccc23)=C(C#N)C1c1cccc(Br)c1,-4.916476644437717
CCCCC(CN(O)C=O)C(=O)N1CC=CC1C(=O)Nc1cccc(Br)c1,-4.0
COC(=O)c1ccsc1NC(=O)NC(C(=O)NC1C(=O)N2C1SC(C)(C)C2C(=O)O)c1ccc(O)cc1,-3.321928094887362
COc1ccc(NC(=S)Nc2ccc(-c3nc(Oc4cccc(C)c4)c4ccccc4n3)cc2)cc1,-4.643856189774724
CCn1cc(-c2csc(N)n2)c(=O)c2cc(N3CCCC3)c(Cl)cc21,0.3219280948873623
O=C(O)c1cn(C2CC2)c2c(cc(F)c3nn(CN(N4CCOCC4)N4CCOCC4)c(=O)n32)c1=O,2.0
CCn1cc(C(=O)O)c(=O)c2cc(F)c(N3CC(N4CCOCC4)C3)nc21,-2.643856189774725
N#Cc1ccccc1-c1ccc(CNc2ccccc2[N+](=O)[O-])cc1,-4.832890014164741
Cc1ccc(NN=C2C(=O)N(CC(O)CSc3nc[nH]n3)c3ccccc32)cc1,-5.0
CC(NC(=O)C(C)n1[se]c2ccccc2c1=O)C(=O)O,-4.0
CN1CC2CC1CN2c1c(F)cc2c(=O)c(C(=O)O)cn(C3CC3)c2c1F,4.321928094887363
CON=C1CN(c2c(F)c(N)c3c(=O)c(C(=O)O)cn(C4CC4)c3c2F)CC1(C)CN,8.965784284662087
FC(F)(F)c1cccc2c(NC3CC3)c(-c3nnc(S)n3Cc3ccccc3)cnc12,-2.643856189774725
CCc1c(-c2ccc3c(c2)cc(C)n3C)[nH]c(=O)c(C(=O)O)c1O,5.058893689053568
CC1=C(C=CC(=O)C=Cc2cccnc2)C(C)(C)CCC1,-3.643856189774725
Brc1c(-c2ccccc2)nc2sc(Cc3noc4ccccc34)nn12,-1.584962500721156
COc1ccc(CON=C2CN(c3nc4c(cc3F)c(=O)c(C(=O)O)cn4C3CC3)CC2CN)c(Cl)c1OC,2.0
O=C(O)c1ccc(Nc2nc(Cl)nc(N3CCCCC3)n2)cc1,-4.643856189774724
CC(=O)OC(C)OC(=O)NCC1OCCC1SC1=C(C(=O)[O-])N2C(=O)C(C(C)O)C2C1C,4.058893689053568
CC(O)C1C(=O)N2C(C(=O)O)=C(SCCNC3=NCCCC3)CC12,-4.857980995127572
CN(C)C1C(O)=C(C(N)=O)C(=O)C2(O)C(O)=C3C(=O)c4c(O)c(NC(=O)CN5CCC(F)C5)cc(F)c4CC3CC12,-0.0
Cc1cc(=O)oc2cc(Oc3nc(Nc4ccc(N=Cc5ccc(O)cc5)cc4)nc(N(C)C)n3)ccc12,-4.643856189774724
CCC(=O)ON=C(C)N1N=C(c2ccccc2)CC1OC,-3.643856189774725
NCC1CN(c2cc3c(cc2F)c(=O)c(C(=O)O)cn3C2CC2)C1,3.0588936890535687
CCCCCCCOc1ccc2c(c1)CCc1nccn1-2,1.0
Cc1cc(C)cc(-c2nnc(Sc3cc(Cl)nc(Sc4ccccc4)n3)[nH]2)c1,-0.6780719051126377
COc1ccc(N2CCN(Cc3oc(CCl)cc(=O)c3O)CC2)cc1,-5.0
CN(C)CCn1[se]c2ccccc2c1=O,-4.0
Cc1noc(NS(=O)(=O)c2ccc(-n3c(S)c(C#N)c(-c4ccco4)c(C#N)c3=O)cc2)c1C,0.029146345659516508
COc1ccc(C2CC(c3ccc(Cl)cc3)=NN2C(C)=O)cc1,-4.643856189774724
c1ccc2[nH]c(CCSSCCc3nc4ccccc4[nH]3)nc2c1,-3.643856189774725
C=C(CCC(C)C1CC(O)C2C1(C)CCC1C3(C)CCC(O)C(O)C3C(O)CC12O)C(C)CO,-4.643856189774724
Cc1ccccc1C(=O)NNC(=O)c1ccc(-n2cccc2)cc1,-3.643856189774725
COC(=O)C(C)NC(=O)c1cc(=O)n(Cc2cn(C(NC(=O)c3ccccc3)C(=O)OC)nn2)c2ccccc12,-4.247927513443585
N#Cc1ccc(Cn2cc(CN3c4ccccc4Sc4cc(C=NNC(=O)c5ccccc5)ccc43)nn2)cc1,-4.643856189774724
O=C(COC(Cn1cc(-c2ccccc2)nn1)c1ccc(C#Cc2ccccc2)cc1)NO,2.0
COC(=O)C1(C)CCCC2(C)c3ccc(C(C)C)cc3-c3[nH]c4ccc(Cl)cc4c3C12,-3.963474123974886
FC(F)(F)c1cccc2c(NC3CCCCC3)c(-c3nnc(S)n3Cc3ccccc3)cnc12,-3.643856189774725
N#Cc1c(NC(=O)c2cc(OCCN)ccc2Cl)sc2c1CCN(Cc1ccccc1)C2,-4.0
Cc1[nH]c(C(=O)NC2CCN(c3ncc(C(=O)O)s3)CC2S(C)(=O)=O)c(Cl)c1Cl,-3.0
CC(C)Nc1nc(Cl)c2c(c1O)C(=O)C1=C(O)C3(O)C(=O)C(C(N)=O)=C(O)C(N(C)C)C3CC1C2,-5.0
NCC1OC(OC2C(N)CC(N)C(OC3OC(CO)C(O)C(N)C3O)C2OC2OC(CO)C(O)C2O)C(N)CC1O,-2.0
CC(=O)Nc1ccc(Oc2ccc(N3CC(CN=C(N)S)OC3=O)cc2F)cc1,-4.0
Nn1c(NCCCNc2ccnc3cc(Cl)ccc23)nn(CN2CCNCC2)c1=S,-2.643856189774725
CC(=CC1=C(C(=O)[O-])N2C(=O)C(C(C)O)C2C1C)C[n+]1ccccc1,3.321928094887362
CSc1ccc(Cc2nn(CN3CCN(C)CC3)c(=S)n2N=Cc2ccc(F)cc2)cc1,-4.643856189774724
COc1ccc2cc1Oc1cc(ccc1OC)CCC(NC1CCCc3ccccc31)CCCC2,-4.643856189774724
CC(C)=CCc1cc(O)c(O)c(CC=C(C)C)c1-c1oc2c(CC=C(C)C)c(O)cc(O)c2c(=O)c1O,-2.321928094887362
CC(C)=CCCC(C)=CCCC(C)=CCc1c(O)c(Cl)c(C)c(C(=O)O)c1O,-0.0
CC1CCC2(NC1)OC1CC3C4CCC5CC(NCC(N)Cc6ccccc6)CCC5(C)C4CCC3(C)C1C2C,-2.0
CC(O)C(NC(=O)c1ccc(C#CC#Cc2ccc(N)cc2)cc1)C(=O)NO,9.965784284662087
COc1cc(C=NNC(=O)c2cc(-c3ccc(Cl)cc3)n[nH]2)ccc1O,5.878321443411748
CN(C)c1cccc2c(O)c3c(cc12)CC1CC2C(N(C)C)C(O)=C(C(N)=O)C(=O)C2(O)C(O)=C1C3=O,-5.0
CNc1cc(F)cc2cc(C(=O)Nc3ccc(C(=O)O)cc3CNC3CCCCC3)c(=O)[nH]c12,1.0
CC1(C)SC2C(n3cc(-c4ccc(-c5ccncc5)cc4)nn3)C(=O)N2C1C(=O)O,-3.0
O=C(O)c1cn(C2CC2)c2cc(N3CCN(O)CC3)c(F)cc2c1=O,5.321928094887363
CC(C)=CCCC(C)=CCCC(C)=CCCC(C)=CC[n+]1cnc2c(ncn2C)c1N,-5.0
CCCCCCCCCC[P+](C)(C)Cc1ccc(CC)cc1,-3.643856189774725
C=CC1(C)CC(OC(=O)CSc2nc(N)cc(=O)n2C)C2(C)C(C)CCC3(CCC(=O)C32)C(C)C1O,-5.0
O=C1NC(=Nc2nccs2)SC1=Cc1ccc([N+](=O)[O-])o1,-0.6415460290875237
CCC(CN)=C1CN(c2nc(Oc3ccc4c(c3)C(=O)NC4)nc3[nH]c4c(NC)cc(F)cc4c23)C1,-3.0
CCn1c(=O)ccn(C2OC(Cn3cc(COC(=O)Cn4cnc5c4c(=O)n(C)c(=O)n5C)nn3)C(O)C2O)c1=O,3.0
CN(C)n1c(=O)cc2n(C3CC3)c3cc(N4CCNCC4)c(F)cc3n2c1=O,-0.0
NCCC(O)C(=O)NC1CC(N)C(OC2OC(CN)CCC2N)C(O)C1OC1OC(CO)CC(N)C1O,-1.0
COc1ccc2ncc(F)c(CCC34CCC(NCc5ccc6c(n5)NC(=O)CO6)(CC3)CO4)c2n1,-0.0
FC(F)(F)c1cccc2c(N3CCOCC3)c(-c3nnc(S)n3Cc3ccccc3)cnc12,-3.643856189774725
CC(=O)Nc1ccc(Sc2ccc(N3CC(CN=C(N)S)OC3=O)cc2F)cc1,-4.0
CCC(CC(=O)NC(=S)Nc1ccc(S(N)(=O)=O)cc1)c1ccccc1,-0.32192809488736235
O=C1N2CC(CCC2Cn2cc(CN3CCOCC3)nn2)N1OS(=O)(=O)[O-],5.058893689053568
CCn1cc(C(=O)NN2C(=O)C(=CC=Cc3ccccc3)SC2=S)c(=O)c2cc(F)ccc21,-0.0
O=C1C(Cl)C2(C(=O)Nc3c(Br)cc(Br)cc32)N1c1ccccc1[N+](=O)[O-],-2.643856189774725
CON=C1CN(c2c(F)cc3c(=O)c(C(=O)O)cn(C4CC4)c3c2Cl)CC1CN,5.965784284662087
CS(=O)(=O)CCCOc1ccc(C#Cc2ccc(N3CC(C(=O)NO)OC3=O)cc2)cc1,-2.643856189774725
Cc1ccc(C2=NOC(Cc3ccc4c(c3)OCO4)CC2)cc1,-4.643856189774724
CC(=O)NCC1CN(c2ccc(N3CCN(c4cc5c(cc4F)c(=O)c(C(=O)O)cn5C4CC4)CC3)c(F)c2)C(=O)O1,3.0
O=C1Nc2cc(Br)ccc2C1=C1Nc2ccccc2C1=NO,-1.0
CC(C)Cc1ccc(C(C)c2nn(CN3CCN(c4ccc(F)cc4)CC3)c(=S)o2)cc1,-2.643856189774725
COc1c(N2CCC(CN)C2)c(F)cc2c(=O)n(N)c(=O)n(C3CC3)c12,0.5145731728297583
CC(CCN1Cc2cc(C#CC#CC3CNC3)cn2C1=O)(C(=O)NO)S(C)(=O)=O,-3.0
CC(C)N(Cc1ncn(C)n1)Cc1ncn(C)n1,-2.807354922057604
COc1ccc(C=NNC(=O)c2cc(Cl)c[nH]2)cc1OC,-3.643856189774725
CCCCC(CN(O)C=O)C(=O)N1CCCC1c1nnc(-c2ccc([N+](=O)[O-])cc2F)s1,-3.0
COc1ccc2ncc(F)c(CC(N)C3CCC(NCc4ccc5c(n4)NC(=O)CO5)CO3)c2n1,6.965784284662087
O=C1NCC(c2c[nH]c3cc(Br)ccc23)N=C1c1c[nH]c2ccccc12,-4.643856189774724
Cc1[nH]c(C(=O)Nc2nc3c(OCc4cccs4)cc(C(=O)O)cc3s2)c(Cl)c1Cl,-3.0
CC1OC(OC(=O)c2cccc3nc4c(C(=O)OC5OC(C)C(O)C(O)C5O)cccc4nc23)C(O)C(O)C1O,-4.643856189774724
CCCCCCC=CCCCCCC(O)CC(=O)NC(C)C(=O)OC,-4.0
Nc1nc(C(=NOCCF)C(=O)NC2C(=O)N3C(C(=O)[O-])=C(Sc4nc5cnccc5s4)CCC23)cs1,4.058893689053568
c1ccc(-c2nc3sc4ccccc4n3c2COCCCCCn2cncn2)cc1,-4.0
CSc1ccc(Cc2nnc3sc(-c4ccc(Br)cc4)nn23)cc1,-4.643856189774724
O=[N+]([O-])c1ccccc1-c1nnc(-c2ccc(-n3cccc3)cc2)o1,-2.0
Cn1nnnc1SCC1=C(C(=O)O)N2C(=O)C(NC(=O)Cc3csc(N)n3)C2OC1,3.321928094887362
NCC1CCCN(c2c(F)cc3c(=O)c(C(=O)O)cn(C4CC4)c3c2Cl)C1,4.321928094887363
O=C(C=Cc1ccc(O)c(O)c1)OC1CC(O)(C(=O)O)CC(O)C1O,-5.0
CCc1cc(C(=O)O)c(=O)n2ccc(N3CCC(N)C3)cc12,-1.632268215499513
CNCC1CCN(c2cc3c(cc2F)c(=O)c(C(=O)O)cn3C2CCC2)C1,0.3219280948873623
Cc1ccccc1Sc1ccc2nc(N)nc(N)c2c1,2.0
CC1CSC2=C(CN(c3cc4c(cc3F)c(=O)c(C(=O)O)cn4C3CC3)CC2)C1=NO,-5.0
CSCCC(N)C(=O)NC(C)P(=O)(O)O,2.0
CCCCCCCNC1=NC(C)(C)NC(NCc2ccc(C)cc2)=N1,-4.643856189774724
CC(=O)N1N=C(c2ccc(Br)cc2)CC1c1ccccc1,-3.643856189774725
CCNC1NN=C(Cc2csc3nc(-c4ccc(Br)cc4)cn23)S1,-5.0
CCOC(=O)c1cnn(-c2ccccc2)c1NC(=O)c1cc2cc(Br)ccc2oc1=O,-4.0
CCCCCCCCN1CCN(c2c(F)cc3c(=O)c(C(=O)O)cn(C4CC4)c3c2OC)CC1,-1.0
COc1ccc(C2=NN(C(C)=O)C(c3ccc(C)cc3)C2)cc1,-2.643856189774725
CC(C)=CCCC(C)CC1CC(=O)c2ccc(O)cc2O1,-0.6415460290875237
CCn1cc(C(=O)O)c(=O)c2cc(F)c(N3CCN(C4SCC(=O)N4c4nc5ccc([N+](=O)[O-])cc5s4)CC3)cc21,-1.0
CCN(CC)CCN(C)S(=O)(=O)c1ccc2nc(N)nc(N)c2c1,-4.643856189774724
CC(=O)N1N=C(c2ccc(-n3cccc3)cc2)CC1c1ccccc1Cl,-4.643856189774724
CCOC(=O)c1cn([CH-]c2ccc(Cl)c(Cl)c2)c2cc(C(C#N)C(=O)OCC)c(F)cc2c1=O,2.0
COc1cc(-c2nnc(COc3cc(=O)oc4ccccc34)[nH]2)ccc1O,-2.643856189774725
CCON=C1CCN(c2c(F)cc3c(=O)c(C(=O)O)cn(C4CC4)c3c2F)CC1(C)CN,-1.0
N#CC(=Cc1cn(CC2CCCCC2)c2ccccc12)S(=O)(=O)c1ccc(N)cc1,-1.0
CCn1c(Cn2cc(F)c(=O)[nH]c2=O)nc2ccccc21,-3.0
CC(O)C1C(=O)N2C(C(=O)O)=C(SC(=S)N3CCC(O)C3)C(C)C12,0.3584539709124763
COc1ccc(C(=O)CN2CCN(c3c(F)cc4c(=O)c(C(=O)O)cn5c4c3OCC5C)CC2)cc1,1.0
COc1ccc(-c2nnc(COc3cc(=O)oc4ccccc34)[nH]2)cc1OC,-4.643856189774724
COC(=O)C1CC1COc1ccc2ncc(F)c(CCC34CCC(NCc5ccc6c(n5)NC(=O)CO6)(CC3)CO4)c2n1,-4.0
O=c1cc(CCl)oc(CN2CCN(c3cccc(Cl)c3)CC2)c1O,-5.0
CC(C)(CO)Cn1c(NCc2ccccc2Cl)nc2nc(C(N)=O)ccc21,-0.6780719051126377
CN1CCN(c2c(F)cc3c(=O)c(C(=O)O)cn(-c4ccc(F)cc4F)c3c2F)CC1,1.3584539709124763
COc1ccc(C=NNC(=O)c2ccc(-c3ccc(Cl)cc3)nc2C)cc1,-0.963474123974886
N#Cc1cccc(-c2cc3c(cc2F)c(=O)c2c(=O)[nH]sc2n3C2CC2)c1,5.058893689053568
CC1CC(C(O)CC2CC(=O)NC(=O)C2)C(=O)C(C)C1O,-3.321928094887362
O=C(Nc1cc(C(F)(F)F)cc(C(F)(F)F)c1)Nc1ccc2[nH]ccc2c1,1.0
O=C1c2cccc3c(NN=Cc4ccccc4O)ccc(c23)C(=O)N1C(CO)CO,-5.0
COC1=C(C)C(=O)C2=C(C1=O)C(CO)N1C(C#N)C3CC4C(N3)C1C2N1CCOC41,2.0
[O-]c1cc2c3c(c1)c1cc4c(cc1c[n+]3CC2)OCO4,-4.643856189774724
CON=C1CN(c2nc3c(cc2F)c(=O)c(C(=O)O)cn3-c2nc(N)c(F)cc2F)CC1(C)CNC1CC1,-4.0
O=C(CC1CSC(N2N=C(c3ccccc3)CC2c2c(F)cccc2F)=N1)NN=Cc1c(F)cccc1F,-2.0
Cc1ccc(C2SCC(=O)N2c2ccc(F)cc2)cc1,-4.906890595608519
O=c1cnc2ccc(CNC34CCC(CC5(O)Cn6c(=O)ccc7ncc(F)c5c76)(CC3)OC4)nc2[nH]1,-5.0
Cc1ccc(C2=NOC(Cc3ccc4c(c3)OCO4)CC2)cc1C,-4.906890595608519
CC(C)(ON=C(C(=O)NC1C(=O)N(S(=O)(=O)O)C1Cn1ncnc1CN)c1csc(N)n1)C(=O)O,-1.0
O=c1ccc2ncc(F)c3c2n1CC3(O)CC12CCC(NCOc3cc(F)ccc3F)(CC1)CO2,-5.0
Clc1ccc(-c2nnc(Cn3cnc4ccccc43)o2)cc1,-5.0
Clc1ccc(CNC2CCCCC2NCc2ccc(Cl)cc2)cc1,6.965784284662087
COc1cccc(C=Cc2ccc(C(=O)Nc3cc(C(=O)Nc4cc(C(=O)NCCCN(C)C)n(C)c4)n(C)c3)cc2)c1,-5.0
CCCC(O)C(O)CC1OCc2c(OC)cccc21,-2.0
N#CCc1cc2c(cc1F)c(=O)c(C(=O)O)cn2CC1CCCC1,-5.0
Cc1ccc(C#N)cc1S(=O)(=O)NC1CCN(Cc2ccc(-c3ccccc3)cc2)C1,3.321928094887362
COc1c(F)c(OC)c2c(c1C(C)=O)OC(C)(C)C(OC)C2F,0.12029423371771177
CCOC(=O)c1cn(CC(O)Cn2cncn2)c2cc(C(F)(F)F)ccc2c1=O,-5.0
CCCCCCOc1ccccc1C1CC(=O)c2ccc(O)cc2O1,-0.6415460290875237
CC(CN=Cc1cc(Cl)ccc1O)N=Cc1cc(Cl)ccc1O,-2.292781749227846
O=C(O)c1cn(-c2ccc(F)cc2F)c2c(F)c(N3CCNCC3)c(F)cc2c1=O,4.321928094887363
Oc1ccc(Br)cc1CNc1ccc(Cl)cc1,-2.643856189774725
CNc1cc(F)cc2c1[nH]c1nc(Oc3cnc(C)nc3)nc(N3CC(=CC(C)N)C3)c12,4.058893689053568
Fc1ccc(N=c2ccn(CCCCCCCCn3ccc(=Nc4ccc(F)cc4)cc3)cc2)cc1,-2.963474123974886
CCOC(=O)C(=CNc1ccc(Cl)cc1Cl)c1ccc(OCc2ccccc2)cc1,-4.643856189774724
CC(O)C(NC1CCCc2cc(C#Cc3ccccc3)ccc21)C(=O)NO,-0.0
Nc1nc(C(=NO)C(=O)NC2C(=O)N3C(C(=O)O)=C(C=CCNS(=O)(=O)c4ccccc4)CSC23)c(Cl)s1,-5.0
O=c1n(CC#CCN2CCCCCC2)nc(-c2ccccc2)n1-c1ccccc1,-3.643856189774725
CCc1c(-c2ccc(N(C)C)cc2)[nH]c(=O)c(C(=O)O)c1OC,-3.643856189774725
CCNc1cc(F)cc2c1[nH]c1ncc(-c3cnc(NCC4(C(=O)O)CC4)nc3)c(-n3ccc(C(F)(F)F)n3)c12,5.965784284662087
CC1(COC(=O)Cc2ccc(O)c(O)c2)C(C(=O)O)N2C(=O)C(=Cc3cc(Br)ccn3)C2S1(=O)=O,-1.0
OC1(c2ccc(-c3ccccc3)cc2)C[N+](c2ccc(Br)cc2)=C2CCCCCN21,-5.0
Cc1ccc2nc(Cl)c(C3CC(c4ccccc4[N+](=O)[O-])=NN3C3=NC(=O)CS3)cc2c1,-4.643856189774724
O=C(Cc1ccccc1)NC1C(=O)N2C(C(=O)O)=C(C(=O)O)CC12,1.0588936890535685
O=C(Cc1ccccc1)NC1C(=O)N2C(C(=O)O)=C(C=CCNS(=O)(=O)c3ccccc3)CSC12,-5.0
Cn1c(C=[N+](C)[O-])cnc1[N+](=O)[O-],-3.321928094887362
CCn1cc(C(=O)O)c(=O)c2c(O)c(F)c(N3CC(C)NC(C)C3)c(F)c21,0.3219280948873623
Cc1cccc(OCc2ccccc2-c2nnc(-c3cc(C)cc(C)c3)o2)c1,-3.643856189774725
N#Cc1c(N)nnn1Cc1cc(=O)oc2c3c(ccc12)OCO3,2.321928094887362
CC(=O)NCCSC1=C(C(=O)O)N2C(=O)C(C(C)OS(=O)(=O)[O-])C2C1,2.321928094887362
CCCCCCCCCC1CC(=O)c2c(O)cc(O)cc2O1,-3.643856189774725
CC(O)C1C(=O)N2C(C(=O)O)=C(c3cn4cnc(C(=O)c5cncs5)c4s3)C(C)C12,-0.0
CCCCCCCCCCCCCCCC1CC(=O)NCCCN(C)CCCCN(C)CCCN1,-4.754887502163468
Nc1nc(C(=NOCCF)C(=O)NC2C(=O)N3C(C(=O)[O-])=C(Sc4nc5c(N)ncnc5s4)CCC23)cs1,2.0
O=C(NNS(=O)(=O)c1ccccc1)N1N=C(c2ccccc2)CC1c1ccc(Br)cc1,-4.643856189774724
COc1c(N2CC3CCCNC3C2)c(F)cc2c(=O)c(C(=O)Nc3ccc(-c4n[nH]c(=S)o4)cc3)cn(C3CC3)c12,2.0
CN1CCN(c2ccc3nc(-c4ccc(OCCCN)cc4)[nH]c3c2)CC1,-5.0
COC(=O)c1ccc(C2CN(c3nc4c(cc3F)c(=O)c(C(=O)O)cn4C3CC3)CC2N)cc1,1.3219280948873622
O=C(O)c1cn(C2(c3ccccc3)CC2)c2cc(N3CCNCC3)c(F)cc2c1=O,2.9434164716336326
C=Cn1cc(C(=O)O)c(=O)c2cc(F)c(N3CCC(N(C)C(C)=O)C3)nc21,-1.6461626571578936
O=C1OC(CO)CN1c1ccc(-c2ccc(F)c(O)c2)c(F)c1,-4.0
CCCCCNC(=O)C[N+](C)(C)CCCCCOc1cc(C)ccc1C(C)C,-5.0
Cc1nc(I)cn1C(CO)CS(=O)(=O)c1ccc(N)cc1,-5.0
O=C(O)CCN1C(=O)C(=Cc2cc3cc(Cl)ccc3nc2Cl)SC1=S,-4.906890595608519
CC1=C(C(=O)O)N2C(=O)C(NC(=O)C(N)c3ccc(O)cc3)C2CO1,-3.0
CCOC(O)=CC(C)=NN=C1c2ccccc2-n2c1nc1ccccc1c2=O,-3.643856189774725
CCCCCCCCON=C(CS(=O)(=O)c1ccc(NC(C)=O)cc1)c1nccs1,-4.0
CC1(C)SC2C(NC(=O)C(NC(=O)N3CCNC3=O)c3ccccc3)C(=O)N2C1C(=O)O,-2.643856189774725
CN(c1ccc(C(=O)NCCN)cc1)S(=O)(=O)c1cc(C(C)(C)C)cc(C(C)(C)C)c1,-4.0
O=C(Nc1cccnc1)c1ccc2c(c1)OCCCO2,-4.643856189774724
CCCCCCCCCCCCN1CCN(c2c(F)cc3c(=O)c(C(=O)O)cn(C4CC4)c3c2OC)CC1,-5.0
CC1CN(c2cc3c(cc2F)c(=O)c(C(=O)O)cn3-c2ccc(Cl)cc2Cl)CC(C)N1,-0.6780719051126377
CC(C)c1ccc(C=Cc2cc(-c3ccccc3)c[n+](C)c2-c2ccccc2)cc1,-4.0
O=C1c2cccnc2C(=O)c2c1c(C(=O)OCCCCCCN1CCOCC1)c1ccc(Br)cn21,-3.0
CC(=O)Nc1ccc(S(=O)(=O)CC(=NNC(=O)c2ccccn2)c2nccs2)cc1,-5.0
COc1cc2nc(SCc3cc(OC)c(OC)c(OC)c3)n(-c3ccccc3)c(=O)c2cc1OC,-3.0
COc1ccc2oc(=O)cc(C3CC(=O)Oc4[nH]nc(C)c43)c2c1,-2.643856189774725
CC(=O)Nc1cccc(OCc2cc(=O)oc3ccc4ccccc4c23)c1,-4.643856189774724
COC(=O)C(C)NC(=O)C1CCCN1C(=O)c1cc(-c2nc3ccc([N+](=O)[O-])cc3[nH]2)ccc1O,-3.643856189774725
CCC1C(=NOC(=O)OC(C)Cl)CC(c2ccccc2)N(C)C1c1ccccc1,-3.643856189774725
CCc1cc(C(=O)O)c(=O)n(C)c1-c1ccc(N(C)C)cc1,-0.6780719051126377
Cn1nnnc1SCC1=C(C(=O)O)N2C(=O)C(NC(=O)Cn3cccc3C=O)C2SC1,-3.643856189774725
O=C1COc2ccc(CNC34CCC(CC5Cn6c(=O)ccc7ncc(F)c5c76)(CC3)OC4)nc2N1,-0.0
COc1ccc2nccc(CCN3CCC(NCc4cc(F)c(Br)cc4F)CC3)c2n1,4.011587974275212
O=[N+]([O-])c1c[nH]c(-c2nnc(-c3cc([N+](=O)[O-])cc([N+](=O)[O-])c3O)o2)c1,-1.6438561897747246
O=C1c2nccnc2C(=O)N1c1ccc([N+](=O)[O-])cc1,-3.3923174227787602
N#CCCCSC1=NC(c2ccc(N)cc2)=CC(c2ccc(O)cc2)N1,-4.643856189774724
CN(Cc1ccc(Cl)c(Cl)c1)S(=O)(=O)c1ccc2nc(N)nc(N)c2c1,-4.643856189774724
CC(O)C1C(=O)N2C(C(=O)[O-])=C(COC(=O)c3ccc(O)c(O)c3)SC12,3.0588936890535687
O=Cc1cn(-c2ccccc2)nc1-c1ccccc1OCc1cn(Cc2ccc(C(=O)O)cc2)nn1,-2.4594316186372973
Cn1cccc1C=NNc1cc(C(F)(F)F)nc2c(C(F)(F)F)cccc12,-2.643856189774725
Oc1c(Br)cc(Br)cc1C=NNc1nc(-c2ccc(Cl)cc2)cs1,-4.643856189774724
O=C([O-])C1=CSC2C(=Cc3cc4n(n3)CCCC4)C(=O)N12,-1.0
COc1ccc2c(c1)CN(C1CC(c3ccc(Cl)cc3Cl)=NN1c1nc(-c3ccc(F)cc3F)oc1C)CC2,-0.6433944534798923
Cc1c(CNCCCCCCCCNC(=N)N)cc(-c2ccc(Cl)cc2)n1-c1ccc(Cl)cc1,-3.0
CC(C)C1OC(=CC(=O)Cc2ccc(-c3ccccc3)cc2)NC1=O,2.0
Cc1c2ccccc2nc2c1c(C(F)(F)F)nn2CC(=O)N1CCN(CCO)CC1,-2.963474123974886
CCOP(=O)(OCC)C(OC(C)=O)c1cc2ccccc2n2nnnc12,-3.321928094887362
CCc1ccc(CCOc2ccc(C3=NOC(c4ccccc4)C3)cc2)nc1,-4.807354922057604
CON=C(C(=O)NC1C(=O)N2C(C(=O)[O-])=C(C[n+]3ccc4sccc4c3)CSC12)c1csc(N)n1,6.965784284662087
Clc1ccc(-c2nn(-c3ccccc3)cc2-c2nc3ccccn3c2Cc2ccccc2)cc1,-0.0
CCN(CC)CCCC(C)n1[se]c2ccccc2c1=O,-3.0
O=C(O)c1cn(C2CC2)c2c(F)c(N3CCNCC3)c(F)cc2c1=O,8.333516069162574
Cc1cccc(NC(=O)CSc2nnc(-c3cc(F)c(Cl)cc3Cl)n2N)c1C,-3.643856189774725
Cc1ncsc1C1SCC(=O)N1c1ccc(Cl)cc1O,-3.9068905956085187
O=C(CSc1nc2ccccc2[nH]1)Nc1ccc(C(=O)C=Cc2ccccc2[N+](=O)[O-])cc1,-4.965784284662087
Cc1ccc(S(=O)(=O)NN)cc1,-5.0
Cc1nn(-c2ccc(Cl)cc2)c(=O)n1-c1nnc(-c2ccccc2)s1,-4.965784284662087
O=c1c(O)c(-c2ccc(O)c(O)c2)oc2cc(O)cc(O)c12,-0.0
NCC(O)COc1ccc2ncc(F)c(CCC34CCC(NCc5ccc6c(n5)NC(=O)CO6)(CC3)CO4)c2n1,-3.0
CS(=O)(=O)c1cc(C(N)=O)cc2nc(NCc3ccccc3Cl)n(CC3CCCCCC3O)c12,-0.6780719051126377
Cc1ncc([N+](=O)[O-])n1CCSc1nnc(-c2ccccc2[N+](=O)[O-])o1,-0.6415460290875237
O=C(O)CNC(=O)c1ccc(NC(=S)Nc2ccc(NC(=S)Nc3ccc(C(=O)NCC(=O)O)cc3)cc2)cc1,-4.643856189774724
CS(=O)(=O)c1ccc(OCc2nnc3sc(-c4ccccc4Cl)nn23)cc1,-3.643856189774725
Cc1cc(=O)oc2cc(OCC(O)Cn3cncn3)c(OCC(O)Cn3cncn3)cc12,-0.0
CSc1ccc(Cc2nnc3sc(-c4ccc(-c5cc(Cl)c(Cl)cc5Cl)o4)nn23)cc1,-4.643856189774724
CNc1cc(F)cc2c1[nH]c1nc(CNC(=O)c3cnco3)nc(N3CCC(NC)C3)c12,-2.0
O=c1c2cc(Br)cc(Br)c2nc(-c2ccccc2)n1N=Cc1cccc([N+](=O)[O-])c1,-4.307428525192248
CCCCCCCCCc1ccccc1C(=O)NS(=O)(=O)c1ccccc1Br,1.0
C=CCON=C(C(=O)NC1CN2CC(S(=O)(=O)CCC)=C(C(=O)O)N2C1=O)c1csc(N)n1,1.0
NC1CN(c2c(F)cc3c(=O)c(C(=O)O)cn(C4CC4)c3c2Cl)CC12CC2,7.380821783940931
N#Cc1ccc(C=C(C(=O)c2nccs2)n2cnc3cc(Cl)ccc3c2=O)cc1,-2.0
CCCc1ccsc1-c1ccc(O)c(O)c1,-2.0
O=C1CCCC2=C1C(c1cccc([N+](=O)[O-])c1)c1ccc3ccccc3c1N2,-4.963474123974886
CCc1cc(Cc2cnc(N)nc2N)cc(C)c1OC,-4.906890595608519
Nc1nc(N)c2c(ccc3c2ccn3Cc2ccc(Br)c3ccccc23)n1,-0.0
OC(CNCCOc1ccccc1C(F)(F)F)COc1ccc(C(F)(F)F)cc1,-4.0
CCc1ccc(C=Cc2nc3ccccc3c(=O)n2-c2cccc(O)c2)cc1,-4.0
Cc1ccccc1OCc1ccccc1-c1nn(CNc2cccc(C(F)(F)F)c2)c(=S)o1,-2.643856189774725
CCCCCCCn1c(-c2cc(-c3ccc(F)cc3)nc(N)n2)nc2ccccc21,-4.0
Cc1c(N2CCC(C(C)N)C2)c(F)cn2c(=O)c(C(=O)O)cc(C3CC3)c12,9.965784284662087
Nc1nc(N)c2c(ccc3c2ccn3Cc2ccc3sccc3c2)n1,2.0
CCCCC(CN(O)C=O)C(=O)N1CCCC1c1nnc(-c2ccc([N+](=O)[O-])cc2C(F)(F)F)s1,-4.0
COc1ccc(-c2nnc(-c3cccc(Br)c3C)o2)c(F)c1,-1.584962500721156
O=C(NO)C1CN(c2ccc(C#CC#CC3CC3)cc2F)C(=O)O1,2.0
Cc1cnc(N=CC=Cc2cnc([N+](=O)[O-])n2C)n1C,-4.321928094887363
CC(C)=CCc1c(O)cc2oc(-c3ccc(O)cc3O)c(CC=C(C)C)c(=O)c2c1O,-0.0
Cc1cccc(Oc2nc(-c3ccc(NC(=S)Nc4ccc(Cl)cc4)cc3)nc3ccccc23)c1,-4.643856189774724
CC(C)(C)c1cc(NC(=O)c2ccc(C(=O)NCCCN)cc2)cc(C(C)(C)C)c1,-3.0
CCCCCc1cc(OC)c2cc(Cc3cnc(N)nc3N)cc(OC)c2n1,-3.321928094887362
COc1c(N2CC(C)C(N)C2)c(F)cc2c(=O)c(C(=O)O)cn(-c3ccc(O)cc3)c12,4.321928094887363
CCNC1CC(N)C(OC2OC(CN)=C(Br)CC2N)C(O)C1OC1OCC(C)(O)C(NC)C1O,-0.0
CCOC(=O)ONC(=O)CCCc1ccccc1,1.0
COc1ccc(C2=NN(c3nc(-c4ccc([N+](=O)[O-])cc4)cs3)C(c3ccc(SC)cc3)C2)cc1,-4.643856189774724
COc1cc2c(c(O)c1C(C)=O)C(=O)CC(C)(C)O2,0.014499569695115089
O=C(NC(CO)C(O)c1ccc([N+](=O)[O-])cc1)C(Cl)Cl,8.002310160687202
CCN(CC)c1ccc2cc(-c3nc4sc(S(N)(=O)=O)nn4c3SC#N)c(=O)oc2c1,-4.965784284662087
CC1=C(C(=O)OC(c2ccccc2)c2ccccc2)N2C(=O)C(Nc3nc4ccccc4[nH]3)C2SC1,-3.0
COC(=O)c1c(O)cc2c(c1C)C(C=C(C)C)c1c(O)cc(C)cc1O2,-5.0
Cc1ccc(N2C(=O)c3ccccc3N3C2=NNC(=S)N3c2ccc(C)cc2)cc1,-4.643856189774724
CC(C)(ON=C(C(=O)NC1C(=O)N2C(C(=O)[O-])=C(C[N+]3(CCN)CCCC3)CSC12)c1csc(N)n1)C(=O)O,-4.0
CON=C(C(=O)NC1C(=O)N2C(C(=O)O)=CCOC12)c1ccco1,-2.643856189774725
O=C(Nc1ccccc1)N1CCC2C1C(=O)N2S(=O)(=O)[O-],-2.0
CCN(Cc1c2ccccc2c(Cl)c2ccccc12)C(=O)C(N)CCCCN,-4.643856189774724
CC(=O)c1sc(N=C2NC(=O)C(=C3C(=O)N(Cc4ccccc4)c4ccccc43)S2)nc1C,0.029146345659516508
Clc1ccc(OCc2ccccc2-c2nnc(SCc3ccccc3)o2)cc1,-4.643856189774724
O=C1CSSCC(=O)Nc2cccc(n2)NC(=O)CSSCC(=O)Nc2cccc(n2)N1,-4.643856189774724
COc1ccc2ncc(C)c(CCC34CCC(NCc5ccc6c(n5)NC(=O)CO6)(CC3)CO4)c2n1,-2.0
CCOc1ccccc1N1CCN(Cn2nc(Cc3ccc(SC)cc3)oc2=S)CC1,-3.643856189774725
COC1(NC(=O)CSCC#N)C(=O)N2C(C(=O)[O-])=C(CSc3nnnn3C)CSC21,0.3219280948873623
CON=C1CCN(c2c(F)cc3c(=O)c(C(=O)O)cn(CCF)c3c2F)CC1(C)N,-2.0
COc1ccccc1N1CCN(Cn2nc(C34CC5CC(CC(C5)C3)C4)n(N=Cc3ccccc3O)c2=S)CC1,-3.0
Cc1ccc(S(=O)(=O)NC(=S)Nc2nnc(CC(C)C)s2)cc1,-2.643856189774725
O=C(O)c1cc(-c2ccc(F)cc2F)c2nc(N3CCC(O)C3)c(F)cn2c1=O,4.321928094887363
Cc1cc(C)n2nc(SCc3nnc(SCc4cccc(Cl)c4)s3)nc2n1,-4.643856189774724
CC(C)CCCC(C)C1CCC2C3CC=C4CC(=NC(=S)NN)CCC4(C)C3CCC12C,-2.643856189774725
Cc1cccc2c(-c3ccccc3)cc(=O)n(Cc3nnc(S)n3N)c12,-3.0
COc1ccc(-n2cc(COc3ccc(-c4nc5cc(C(=N)NC(C)C)ccc5[nH]4)cc3)nn2)cc1,-3.0
COc1c(NC(=O)C2CCC(COc3c(C)cccc3C)CC2)c(F)cc2c(=O)c(C(=O)O)cn(C3CC3)c12,-5.0
C=CCC(Nc1ccc(F)cc1)c1cccc(OCC)c1,-1.6438561897747246
CCC1CN(c2nc3c(cc2F)c(=O)c(C(=O)O)cn3C(C)(C)C)CC1N,5.058893689053568
Oc1ccc(N2C(=Nc3ccc(I)cc3)CC2c2ccc(Cl)cc2Cl)cc1,-2.0
Cc1ccc(S(=O)(=O)n2cnc3ccccc32)cc1,0.3562361456626577
COc1ccc2nccc(-n3cc4c(n3)CCC(NC(=O)c3cc5c(cc3C)SCC(=O)N5)C4)c2c1,-3.0
CCCCc1ccc(NC(=O)Nc2ccc3cc[nH]c3c2)cc1,1.0
CNC1CC(N)C(O)C(OC2OC(CO)C(O)C3OC4(OC(C(N)CO)C(O)C(O)C4O)OC23)C1O,-1.0
COc1ccc(C=Nn2c(Cc3ccc(SC)cc3)nn(CN3CCN(C)CC3)c2=S)cc1,-4.643856189774724
CC(C)CC1NC(=O)C(C(=O)NC(C(=O)NC2C(=O)N3C2SC(C)(C)C3C(=O)O)c2ccccc2)=C1O,-2.643856189774725
Cc1ccc2c(-c3cc4cc(Br)ccc4oc3=O)coc2c1,-2.643856189774725
[N-]=[N+]=NCC1=C(C(=O)[O-])N2C(=O)C(Nc3cc[n+](Cc4ccccc4)cc3)C2SC1,2.0
CCn1c(-c2cccs2)n[nH]c1=S,-3.584962500721156
Oc1ccc(C(Cc2ccc(F)cc2)=Nc2ccc(Br)cc2)c(O)c1,-1.6438561897747246
CCn1cc(C(=O)O)c(=O)c2cc(F)c(N3CCN(C(=O)C(C#N)=Cc4cn(CC#N)c5ccccc45)CC3)cc21,-1.0
CCCCc1nc(Cl)c(C2NC(=O)NC(C)=C2C(=O)OCC)n1CCF,-5.0
CC(C)(N)C(NC1COCc2cc(C#Cc3ccc(Cn4ccnc4CO)cc3)ccc21)C(=O)NO,-2.0
CCOC(=O)C1(C(C)=O)C(c2ccc(N(C)C)cc2)N1c1ccc(N=Nc2cccc(C)c2)cc1,14.088338418827629
COc1ccc2oc(=O)cc(Cn3nnc(N)c3C#N)c2c1,2.321928094887362
CC(=O)Nc1ccc(S(=O)(=O)NNC(=O)c2cccnc2Nc2ccc(F)cc2)cc1,-4.321928094887363
c1cc2cc(-c3ccc(-c4cc5ccc(C6=NCCCN6)cc5[nH]4)cc3)[nH]c2cc1C1=NCCCN1,4.058893689053568
CC(CO)C1CCC2C3C(O)CC4CC(NCCCNCCCCN)CCC4(C)C3CCC12C,-4.643856189774724
c1cc2cc(-c3ccc(-c4cc5ccc(C6=NCCN6)cc5[nH]4)s3)[nH]c2cc1C1=NCCN1,1.6896598793878495
Nn1c(=S)[nH]c2c(-c3ccc(Cl)cc3)n[nH]c2c1=O,-4.321928094887363
N#Cc1ccc(Nc2nc(NCCN3CCOCC3)nc(NCCN3CCOCC3)n2)cn1,-4.643856189774724
O=C1N=C(Nc2ccccc2)SC1=C1C(=O)Nc2cc(Cl)ccc21,-0.0
CCCCCCCOc1ccc(-n2cc(C(=O)NCCNC(=N)N)nn2)cc1,-3.0
CCn1cc(C(=O)O)c(=O)c2cc(F)c(N3CCN(CC(=NN)c4ccc([N+](=O)[O-])cc4)CC3)cc21,-3.643856189774725
O=C(O)c1cn(C2CC2)c2c(C(F)(F)F)c(N3CCNCC3)c(F)cc2c1=O,4.321928094887363
O=C1NC(Cc2c[nH]c3ccccc23)C(=O)N2CCCC12,-4.321928094887363
C#CCN(c1ccccc1OC)S(=O)(=O)c1ccc([N+](=O)[O-])cc1[N+](=O)[O-],-5.0
COc1ccc(CC2(CN)CCCC3(C)c4ccc(C(C)C)cc4CCC23)cc1,-5.0
CC1CCCCC1=NNc1nc2ccccc2[nH]c1=O,-4.968090752045256
Cc1ccc(NC(C)(c2cccnc2)P(=O)(Oc2ccccc2)Oc2ccccc2)cc1,-3.321928094887362
CCOC(=O)c1c2c(n3cc(Br)ccc13)C(=O)c1nccnc1C2=O,-4.0
CON=C1CN(c2nc3c(cc2F)c(=O)c(C(=O)O)cn3C2CC2F)CC1CN,6.965784284662087
CCC(CC)c1cc[n+](CC2=C(C(=O)[O-])N3C(=O)C(NC(=O)C(=NOC)c4csc(N)n4)C3SC2)cc1,4.058893689053568
CON=C1CN(c2nc3c(cc2F)c(=O)c(C(=O)O)cn3C2CC2F)CC1(C)CNC1CC1,-0.0
CC(O)C1C(=O)N2C(C(=O)O)=C(SC3CNC(c4ccc(CN=C(N)N)cc4)C3)C(C)C12,6.380821783940931
Cc1c(N2CC(C)CC(C)C2)c(N)cc2c(=O)c(C(=O)O)cn(C3CC3)c12,5.058893689053568
O=C1CSc2ccc(C(=O)NC3CCc4nn(-c5cccc6cccnc56)cc4C3)cc2N1,-4.0
Cc1ccc(C(C)C)cc1Oc1ccc(Cl)cc1NC(=O)c1cc(Cl)ccc1O,-3.0
NCC1CN(c2c(F)cc3c(=O)c(C(=O)O)cn(C4CC4)c3c2F)CCCO1,1.3584539709124763
CN(C)C1C(O)=C(C(N)=O)C(=O)C2(O)C(O)=C3C(=O)c4c(O)cc(C5CCCN5C)c(Cl)c4CC3CC12,6.002310160687201
CCOC(=O)c1c2c(n3cc(Br)ccc13)C(=O)c1ncccc1C2=O,-4.0
NCCCOc1cc(OCCCN)cc(-c2ccc3ccc(-c4cc(OCCCN)cc(OCCCN)c4)cc3c2)c1,-4.643856189774724
O=C(NNS(=O)(=O)c1ccc(F)cc1)c1cccnc1Nc1ccc(Cl)cc1Cl,-3.9068905956085187
Cn1nnnc1SCC1=C(C(=O)[O-])N2C(=O)C(NC(=O)C(NC(=O)C3CC3C(=O)[O-])c3ccccc3)C2SC1,-2.655351828612554
CC(=O)Nc1cccc(OCc2cc(=O)oc3cc(C)ccc23)c1,-4.643856189774724
Brc1cccc2c1CCC(Cn1ccnc1)C2=NOCc1ccccc1,1.3547594873547346
Cn1nnnc1SCC1=C(C(=O)O)N2C(=O)C(NC(=O)C(O)c3ccccc3)C2CC1,-0.6415460290875237
Cc1ccc2cc(C=C3SC(=S)NC3=O)c(Cl)nc2c1,-4.906890595608519
COc1ccc(-c2csc3nnc(Cc4ccc(Cl)cc4Cl)c(=O)n23)cc1,-2.643856189774725
CCNCC1CCCN(c2c(F)cc3c(=O)c(C(=O)O)cn(C4CC4)c3c2OCC)C1,0.3219280948873623
O=C(O)c1cn(C2CC2)c2cc(N3CCN(C(=O)CCSc4nnnn4-c4ccccc4)CC3)c(F)cc2c1=O,-3.963474123974886
Cc1c(N2CC(N)C(C(F)(F)F)C2)c(F)cn2c(=O)c(C(=O)O)cc(C3CC3)c12,4.321928094887363
COCCN(C(=O)c1[nH]c(C)c(Cl)c1Cl)c1nc2ccc(C(=O)O)cc2s1,-2.0
CN(C)CCCCCOC(=O)c1c2c(n3cc(Br)ccc13)C(=O)c1ncccc1C2=O,-0.0
O=C(NC1CCCC1)c1ccc(-c2ccc(O)c(O)c2)o1,-4.247927513443585
CC(N)C(=O)NCC1CC(SC2=C(C(=O)O)N3C(=O)C(C(C)O)C3C2C)CO1,4.058893689053568
COc1cc(C=CC(=O)c2ccc(O)cc2)ccc1OCc1nnc(-c2ccccc2O)o1,-3.643856189774725
NCC1CN(c2nc3c(cc2F)c(=O)c(C(=O)O)cn3C2CC2)CC1=NOCF,6.965784284662087
COc1cc(-c2nc3nc(C)cc(C)c3c(=O)[nH]2)cc(OC)c1OC,-4.643856189774724
CC(COC(=O)NCCCNCCCCN)C1CCC2C3CCC4CC(O)CCC4(C)C3CCC12C,-4.643856189774724
CC1(N)CN(c2c(F)cc3c(=O)c(C(=O)O)cn(-c4cc(N)c(F)cc4CO)c3c2Cl)C1,6.965784284662087
CC(=O)OCC1OC([n+]2ccc(Cl)c([O-])n2)C(O)C1O,-4.643856189774724
O=c1c2nc([N+](=O)[O-])cn2ccn1Cc1cncc(-c2ccc(OC(F)(F)F)cc2)c1,-5.0
Cc1ncc([N+](=O)[O-])n1CC(O)Cn1cc(C(=O)O)c(=O)c2cc(F)ccc21,-3.0
O=C1c2ccccc2C(=O)N1CCCCOc1cc(C(F)(F)F)nc2ccc(F)cc12,-4.643856189774724
Cc1c(CN(C)C(=O)C=Cc2cnc3c(c2)NCC(N)C(=O)N3)oc2ccccc12,-2.0
CCCCCCCCCc1ccccc1C(=O)NS(=O)(=O)c1ccc(I)cc1,-0.0
CC(=CC(=O)NCC1CC2C3C=CC=C4C3C(=CN4C)CC2N(C)C1)c1ccc(Cl)cc1,-3.0565835283663674
COc1cc(S(=O)(=O)N2CCC(C)CC2)ccc1-n1cnc2c(=O)[nH]c(N)nc21,-4.0
CCn1c(-c2cccs2)nn(CN2CCC(C)CC2)c1=S,-1.6415460290875237
CCc1cnc(N2CCN(c3cc4c(cc3F)c(=O)c(C(=O)O)cn4C3CC3)CC2)nc1,-2.0
COC1(NC(=O)C(OC=O)c2ccccc2)C(=O)N2C(C(=O)O)=C(CSc3nnnn3C)COC21,4.321928094887363
C=C(C)C1CCC(C)=CC1c1c(OCCCCN2CCCC2)cc(CCCCC)cc1OCCCCN1CCCC1,-3.643856189774725
Cc1cc(C)cc(NC(=O)NNC(=O)c2cnc3c(C(F)(F)F)cccc3c2O)c1,-1.6415460290875237
C=C1CCOC2(C(O)C(C)(O)CO)NC(=O)C1(N(C)O)NC2=O,-5.0
NC1CCN(c2c(F)cc3c(=O)c(C(=O)O)cn(C4CC4)c3c2C(F)(F)F)CC1,2.321928094887362
CC(O)C1C(=O)N2C(C(=O)[O-])=C(C(O)C3CC3)C(C)C12,4.351074440546879
O=C1CCCC2=C1C(c1cn(-c3ccccc3)nn1)c1c(ccc3ccccc13)O2,-1.6415460290875237
CSc1ccc(-c2csc(NN=Cc3cc(Cl)cc(Cl)c3Cl)n2)cc1,-2.643856189774725
COc1ccc(-c2cc(-c3ccc(-n4cccc4)cc3)on2)cc1,-4.643856189774724
CCCCCC#CC[n+]1ccn(CCCCCCCCCCC)c1C,-1.6461626571578936
CCCCCCNC(=O)c1cc(OCc2ccccc2)c2ccccc2c1,-1.0
O=C(O)c1cn(C2CC2)c2c(F)c(N3CCSCC3)c(F)cc2c1=O,6.965784284662087
Cc1cc(=O)n2c3c(c4c(cc13)c(C(=O)O)cc(=O)n4C)OC2,-4.584962500721156
Cc1nnc(NN)n(N)c1=O,-4.643856189774724
Cc1cc(C)c2c(n1)NC(c1cccc(C)c1C)NC2=O,-3.643856189774725
O=C([O-])C1=CSC2C(=Cc3cn4c(n3)COCC4)C(=O)N12,-1.0
O=C(O)C(Cc1c[nH]c2ccccc12)N1C(=O)C(=Cc2cccc(OCc3ccccc3)c2)SC1=S,-3.0
Cc1cc2c3c(N)nc(N)nc3ccc2n1Cc1ccc(-c2ccccc2)cc1,-3.0
CCNCC1CN(c2c(F)cc3c(=O)c(C(=O)O)cn(C4CC4)c3c2F)C1,2.0
COc1ccc2cc3[n+](cc2c1OCCN(CCn1cncn1)Cc1cccc(F)c1)CCc1cc2c(cc1-3)OCO2,-3.0
COc1cc2c(ccc(=O)n2CCN2CCC(NCc3cc4c(cn3)OCCO4)CC2)cn1,-3.0
CC(N)COc1cc(F)c2c(c1)CC(CNCCC1CN(c3ccc4c(n3)NC(=O)CO4)C(=O)O1)C2,4.058893689053568
Fc1ccc(-n2c(S)nnc2CSc2nnc(-c3ccccc3)n2-c2ccccc2)cc1,-4.643856189774724
Cc1nc([N+](=O)[O-])cn1CCN(CCn1ccnc1)Cc1ccc(Cl)cc1Cl,-4.0
COc1ccc(C=C2SC(=O)N(Cc3ccc(-c4ccccc4-c4nnn[nH]4)cc3)C2=O)cc1,-2.944858445807539
CCn1cc(C(=O)O)c(=O)c2cc(F)c(N3CCN(c4nccc(C)n4)CC3)cc21,-0.0
CC(C)c1ccc(-c2cc(-c3ccc(-n4cccc4)cc3)on2)cc1,-3.643856189774725
CC1CC(C)CN(c2nc(-c3ccc(NCC(=O)Nc4ccc(C#N)cc4)cc3)nc(N3CC(C)CC(C)C3)n2)C1,-4.643856189774724
Cc1ccc2nc(S)n(Cc3ccccc3)c(=O)c2c1,-2.0
O=C(O)c1cn(C2CC2)c2nc(N3CCC(n4cc(CO)nn4)CC3)c(F)cc2c1=O,1.0
Cc1c(C(=O)OCC#CCN2CCN(c3ccc(Br)cc3C#N)CC2)sc2ncnc(N3CCCCC3)c12,5.356975041986563
CN1CCN(c2cc3c(c(=O)c(C(=O)O)cn3C3CC3)c3[nH]cnc23)CC1,5.321928094887363
O=C1c2cccc3c(Br)ccc(c23)C(=O)N1CCCn1c[n+](Cc2ccc([N+](=O)[O-])cc2)cn1,-4.0
c1ccc(-n2cc(COc3ccc(-c4nc5ccccc5s4)cc3)nn2)cc1,-2.9981955031532523
CC(=O)Nc1ccc(S(=O)(=O)C(=Cc2ccccc2Cl)C(=O)c2nccs2)cc1,-4.0
Clc1cccc2c1CCC(Cn1ccnc1)C2=NOCc1ccccc1,1.3547594873547346
Nc1nc(N)c2cc([S+]([O-])c3cccc(-c4ccccc4)c3)ccc2n1,-4.643856189774724
O=c1c2ccccc2nc(C=Cc2ccccc2)n1-c1cccc(O)c1,-4.0
COc1cc(O)c2c(c1CC=C(C)C)OC(c1c(CC=C(C)C)cc(OC)c(OC)c1CC=C(C)C)C(O)C2=O,-2.321928094887362
CC(C)=CCCC(C)=CCCC(C)=CCCC(C)=CCn1cnc2ncnc(Cl)c21,-5.0
C=CC[n+]1ccc(SCC(=O)OC2CC(C)(C=C)C(O)C(C)C34CCC(=O)C3C2(C)C(C)CC4)cc1,-0.0
COC(=O)c1cc2cc3c(c(O)c2c(=O)o1)OC1(CC3)CC2=C(O1)C(=O)c1c(O)c(OC)cc(OC)c1C2=O,-4.584962500721156
CC(=O)c1ccc2c(c1)N(C(=O)CN1C(=O)C=CC1=O)c1ccccc1S2,-4.321928094887363
Cc1c(N2CCC(NCCF)C2)c(F)cn2c(=O)c(C(=O)O)cc(C3CC3)c12,2.321928094887362
Cc1ccc(OCc2ccccc2-c2nnc(SCc3ccc(Cl)cc3Cl)o2)cc1,-2.643856189774725
CON=C1CCSC2=C1CN(c1c(N)cc3c(=O)c(C(=O)O)cn(C4CC4)c3c1C)CC2,-4.0
CC(=O)OCc1ccc(C=NNc2cc(C(F)(F)F)nc3c(C(F)(F)F)cccc23)o1,-2.643856189774725
CC(C)c1csc(-c2nnc3n2N=C(c2ccc(O)cc2)CS3)n1,-4.965784284662087
CNCC1OC(OC2C(N)CC(NC(=O)C(O)CCN)C(OC3OC(CO)C(O)C(N)C3O)C2O)C(O)C(O)C1O,-0.6415460290875237
O=C(O)C(Cc1c[nH]c2ccccc12)N1C(=O)C(=Cc2ccc(OCc3ccccc3)cc2)SC1=S,-3.0
CC(=O)NCC1CC(c2ccc(C3=CCN(C(=O)CO)CC3)cc2)=NO1,-4.0
Nc1ccn(CC(=O)NC2CCN(c3c(F)cc4c(=O)c(C(=O)O)cn(C5CC5)c4c3Cl)C2)n1,-4.0
Cc1c(N2CCC3=C(C2)C(=NO)CCS3)c(N)cc2c(=O)c(C(=O)O)cn(C3CC3)c12,1.0
CC1CC(C)C2C3Oc4ccc(cc4)CC4(O)CC(=C(O)C5C(C)C6OC6(C)C(C35)C2(C)C1)C(=O)N4,-4.321928094887363
Cc1cccc(NC(=O)CCNC(=O)CCc2nc3ccccc3n2C)c1C,-5.0
O=C(Cc1noc(C(Cl)(Cl)Cl)n1)NC1C(=O)N2C(C(=O)O)=CCSC12,-5.0
CC(=O)N1N=C(c2ccc(Cl)cc2)CC1c1ccc(F)cc1,-4.643856189774724
CC1(C)C(NC(=O)C(=NOC(c2cc(=O)c(O)cn2O)C2CC2)c2csc(N)n2)C(=O)N1OS(=O)(=O)O,4.058893689053568
CCNC(=O)Nc1nc2cc(-c3cccnc3)cc(-n3cccn3)n2n1,-2.0
N#CC(=CN)C(=O)Nc1nc2ccccc2s1,-4.643856189774724
CON=C1CN(c2nc3c(cc2F)c(=O)c(C(=O)O)cn3-c2nc(N)c(F)cc2F)C1CN,-1.0
CC(=O)c1c(CS(=O)(=O)CCO)nc2ccccc2[n+]1[O-],-4.643856189774724
Cc1nn(-c2ccccc2)c(Cl)c1C1C(C#N)=C(N)N(c2cccnc2)C2=C1C(=O)CCC2,-4.643856189774724
NCCCNCCOC1C(OC2C(O)C(N)CC(N)C2OC2OC(CO)C(O)C(O)C2N)OC(CO)C1O,-2.584962500721156
O=C(O)c1cnn(-c2ccc(Cl)cc2)c1NC(=O)c1cc2cc([N+](=O)[O-])ccc2oc1=O,-5.0
CN(C)c1cc(NC(=O)CN)c(O)c2c1CC1CC3C(N(C)C)C(=O)C(C(N)=O)=C(O)C3(O)C(=O)C1=C2O,-0.0
CON=C(C(=O)NC1C(=O)N2C(C(=O)[O-])=C(CN(C)c3sc(C)c(C)[n+]3C)CSC12)c1csc(N)n1,5.321928094887363
CCCCCCCCCCCCNC(=O)C(N)C(C)C,-0.7398481026993274
CC(=O)Nc1ccc(Sc2ccc(N3CC(CN=C(S)NC4CC4)OC3=O)cc2F)cc1,-4.0
COc1ccc(C2SCC(=O)N2N=C2C(=O)Nc3ccc(Cl)cc32)cc1,-4.22881869049588
Cc1cc2c(s1)C=NN(S(=O)(=O)c1ccccc1C)B2O,-4.643856189774724
CCNc1cc(F)cc2c1[nH]c1ncc(-c3cncc(C#N)c3)c(-n3cc(CO)c(C(F)(F)F)n3)c12,-2.0
C=CC1(C)CC(OC(=O)CSC(C)(C)CNC(=O)OCC(C)C)C2(C)C(C)CCC3(CCC(=O)C32)C(C)C1O,-4.0
CN1CCN(c2cc3c(cc2F)c(=O)c(C(=O)O)cn3-c2ccc(F)cc2F)CC1,3.321928094887362
Fc1ccc2nc(-c3cnc4nc(-c5ccc(Br)cc5)c(Nc5ccccc5)n4c3)[nH]c2c1,-1.1953475983222193
O=C1COc2ccc(N3CC(CNCC4Cc5cccc(Cl)c5C4)OC3=O)nc2N1,1.0
CC(C)c1csc(-c2nnc(SCC(=O)NN=Cc3cccc([N+](=O)[O-])c3)n2-c2ccccc2)n1,-4.965784284662087
Cc1ccc(S(=O)(=O)NC(=S)Nc2nncs2)cc1,-0.6415460290875237
OC(Cn1cncn1)(Cn1c2ccc(Br)cc2c2cc(Br)ccc21)c1ccc(Cl)c(Cl)c1,-5.0
Nn1c(SCC(=O)c2c([O-])on[n+]2-c2ccccc2)nnc(Cc2ccc(Br)cc2)c1=O,2.0
CC(=NN1CCN(C)CC1)C1=C(O)C(N)C2Cc3c(c(O)c4c(O)c(C)ccc4c3C)C(=O)C2(O)C1=O,-2.6322682154995127
CC(C)CNc1nccc(NCCCNC2CCCc3c2[nH]c2ccc(Br)cc32)n1,1.3584539709124763
Cc1ccc2c(c1)cc(C=CC(=O)c1cccs1)c1nnnn12,-2.643856189774725
O=c1cc(Oc2nc(Nc3ccccc3)nc(N3CCN(c4ccccn4)CC3)n2)c2ccccc2o1,-4.643856189774724
CNCCc1c(C(=O)Nc2ccc(C(=O)O)cc2)c(=O)[nH]c2c(NC)cc(F)cc12,-3.0
CC(C)(C)c1ccc(-c2cccc(CNC(=N)N)c2)cc1,-1.0
O=c1c2ccccc2nc2n1-c1ccc(Br)cc1C2=NN=C1C=C(O)c2ccccc21,-1.6438561897747246
Cc1ccnc(N2CCN(c3cc4c(cc3F)c(=O)c(C(=O)O)cn4C3CC3)CC2)n1,-3.0
CCNCC1CCN(c2cc3c(cc2F)c(=O)c(C(=O)O)cn3C(C)(C)C)C1,2.0
O=C(O)c1cn(-c2ccc(F)cc2F)c2c(F)c(N3CC4CC3CN4)c(F)cc2c1=O,4.321928094887363
Oc1ccc(-c2nnc(-c3cc(Br)c(Br)[nH]3)o2)cc1,-3.643856189774725
CCn1cc(C(=O)O)c(=O)c2cc(F)c(N3CCNCC3)cc21,9.965784284662087
COc1ccc2nc(C)cc(-n3cc(CN4CCC(N5CCOCC5)CC4)nn3)c2c1,-3.643856189774725
Cc1nc(-c2ccccc2)oc1-c1csc(Cc2ccc(Cl)cc2)n1,-4.19377174339668
Nc1nc(C(=NOCc2cc(=O)c(O)cn2O)C(=O)NC2C(=O)N3C(C(=O)O)=CCSC23)cs1,4.058893689053568
O=C1CNC(=O)C1=C(NC1CCCCC1)c1cccc2ccccc12,-5.0
CN1CCN(c2nc(Nc3ccc(C#N)nc3)nc(N3CCN(C)CC3)n2)CC1,-3.643856189774725
O=c1cc(COc2cccc(OCc3cc(=O)oc4ccc5ccccc5c34)c2)c2c(ccc3ccccc32)o1,-4.643856189774724
CC(=O)Nc1ccc(S(=O)(=O)Cc2nnc(SCC3CC3)o2)cc1,-3.0
O=c1[nH]sc2c1c(=O)c1cc(F)c(-c3cccc4cnccc34)cc1n2C1CC1,4.035046947099201
CC(=O)OCC1=C(C(=O)OC(c2ccccc2)c2ccccc2)N2C(=O)C(Nc3nc4cc(CC#N)ccc4[nH]3)C2SC1,5.058893689053568
CC(=CCCC(C)=CCCC(C)=CCCC=CCO)CO,-3.643856189774725
N=C(N)NN=Cc1cn(-c2ccc([N+](=O)[O-])cc2[N+](=O)[O-])nc1-c1ccccc1Cl,-2.0
COc1c(N2CCC(N)C2)c(F)cc2c(=O)n(N)c(=O)n(C3CC3)c12,1.0
CCCN1CCN(c2cc3c(cc2F)c(=O)c(C(=O)O)cn3CC)CC1,-2.0
O=C1N=C(C2C(=O)c3ccccc3C2=O)CC(c2ccccc2[N+](=O)[O-])N1,-4.963474123974886
Nc1ccc(S(=O)(=O)Cc2nc3ccccc3n2Cc2ccc(Cl)cc2Cl)cc1,-4.0
NC1C=C(c2nc3c(cc2F)c(=O)c(C(=O)O)cn3-c2ccc(F)cc2F)CC1,5.321928094887363
CNc1cc(F)cc2c(NCC3CCNCC3)c(C(=O)Nc3ccc(C(=O)O)cc3)c(=O)[nH]c12,1.0
Cc1nn(C(=O)COc2ccccc2)c2c1nnc1cc(Cl)c(F)cc12,-4.643856189774724
CC(SC1=CC(=O)c2ccccc2C1=O)C(=O)Nc1ccccc1,-2.643856189774725
CC(C)CCOc1cc(C(=O)Nc2ccccc2C(F)(F)F)cc2ccccc12,-1.0
CNc1cc(F)cc2c(NCC3(N)CCC3)c(C(=O)Nc3ccc(C(=O)O)cc3)c(=O)[nH]c12,2.0
CN(C)c1c2c(c(O)c3cc(CN4CCC4)ccc13)C(=O)C1=C(O)C3(O)C(=O)C(C(N)=O)=C(O)C(N(C)C)C3CC1C2,-1.0
Cc1cc(Nc2ccc3nc(C)sc3c2)n2nc(NC(C)c3cccc(Cl)c3)nc2n1,-0.0
CCn1cc(C(=O)O)c(=O)c2cc(F)c(N3CCC(N)C3)cc21,3.321928094887362
O=C1c2cccc3c(NN=Cc4csc5ccccc45)ccc(c23)C(=O)N1C(CO)CO,-5.0
CCn1cc(C(=O)O)c(=O)c2c3c(ccc21)OCOC3,-2.643856189774725
CCOC(=O)c1c(C)nnn1Cc1cc(=O)oc2ccc(OC)cc12,2.321928094887362
CCCn1c(-c2ccc(Cl)cc2Cl)nc2cc(C(=O)NN=Cc3ccc(C)cc3)ccc21,-3.643856189774725
COc1ccc2ncc(F)c(CCN3CCC(C(=O)Cc4ccc5c(c4)OCC(=O)N5)CC3)c2n1,-1.0
Cc1cc(OCc2cn(Cc3ccc(Cl)cc3)nn2)cc2oc(=O)ccc12,-1.0
CC(=O)Nc1ccc(S(=O)(=O)N2N=Cc3sc(Br)cc3B2O)cc1,-4.643856189774724
CC(CC1CN(c2ccc(-c3ccccc3)cc2)C(=O)O1)(C(=O)NO)S(C)(=O)=O,2.0
CN1Cc2csc3c(C(=O)O)c(=O)c4cc(F)c(N5CCOC(CO)C5)c1c4n23,3.321928094887362
N=C(N)SCc1ccccc1Cl,-4.0
CC1(N)CN(c2c(F)cc3c(=O)c(C(=O)O)cn(C4CC4)c3c2F)C1,4.058893689053568
CC(C)=CCCC(C)=CCn1cc(CC(=O)NC(CCCNC(=N)N)C(N)=O)c2ccccc21,-4.643856189774724
Cc1cc(-c2cc3c(cc2F)c(=O)c(C(=O)O)cn3C2CC2)cc(C)n1,5.058893689053568
CCCCCCCCCCCCNC(=N)NCCCCN,3.0
O=c1oc2ccccc2cc1-c1ccc(-c2nc3sc(Cc4noc5ccccc45)nn3c2Br)cc1,-1.3219280948873624
CCOC(=O)c1cn(CC(=O)N2CCCCC2)c2cc(F)c(F)cc2c1=O,-4.0
CCCCCCCCCCCCCCCCn1nnc(-c2n[nH]c(=S)n2N)c1-c1n[nH]c(=S)n1N,-0.0
NC(CCC(=O)n1c(-c2cc(F)ccc2F)nc2ccccc2c1=O)C(=O)O,-4.906890595608519
CC(C)COC(=O)ONC(=O)CCC1CCCCC1,3.9885043611621707
CC(=O)Nc1ccc(S(=O)(=O)C(=Cc2ccc([N+](=O)[O-])cc2)C(=O)c2nccs2)cc1,-5.0
O=c1c(C(NCc2ccccc2)c2ccccc2)csc2ccc(Cl)cc12,-4.0
C=CC1(C)CC(OC(=O)CSC2=NC(C)=C(C(=O)OCC)C(C)N2)C2(C)C(C)CCC3(CCC(=O)C32)C(C)C1O,-4.0
CCNC(=O)c1ccc(OC)c(OC)c1,-4.321928094887363
Cc1ccc2c(c1)C(=NNc1nc3ccccc3[nH]c1=O)C(=O)N2,-4.968090752045256
Cc1c(F)c(N2CCNCC2)c(Cl)c2c1c(=O)c(C(=O)O)cn2C1CC1,5.321928094887363
CC(C)=CCN1CCCc2cc(OCCCCN(C)C)ccc21,-4.643856189774724
O=C(C(=Cc1ccccc1)n1cncn1)c1ccc(F)cc1N1CCOCC1,-4.0
CCOC(=O)C1(C)C(C)NC(=S)N(C)C1c1ccc(O)cc1,-5.0
CS(=O)(=O)c1nc2cc(OCc3ccc(Cl)cc3)ccc2s1,-4.321928094887363
COc1c(C(C)C)ccc2c1CCC1C(=O)C(=C(SC)SC)CCC21CO,-1.632268215499513
O=C(CSc1nnc(-c2cccc([N+](=O)[O-])c2)o1)Nc1ccc(C(=O)C=Cc2ccc([N+](=O)[O-])cc2)cc1,-4.965784284662087
Cc1[nH]c(C(=O)Nc2nc3c(OC(C)c4ccccc4)cc(C(=O)O)cc3s2)c(Cl)c1Cl,3.0
CON=C(C(=O)NC1C(=O)N(OCC(=O)[O-])C1C)c1csc(N)n1,2.0
CC(C)C(=O)c1c(O)cc(O)c2c1OC1(C)CCC(O)C(C)(C)C1C2,-0.0
O=c1c2cc([N+](=O)[O-])ccc2n(C(O)C=Cc2ccccc2)c(=S)n1Cc1ccccc1,-2.0
O=C1OC(=Cc2ccc(O)c(Br)c2)C(c2ccc(O)c(Br)c2)=C1C(=O)c1ccco1,-0.963474123974886
O=C1C(Cl)C2(C(=O)Nc3ccccc32)N1c1ccccc1,-4.643856189774724
Cc1ccc(N(Cc2ccc(Cl)cc2)Cc2nc3ccccc3[nH]2)cc1,-5.0
CC1CCCC(O)C=CC2OC2CC(O)CC=CC=CC(O)CC=CC=CC(=O)O1,-4.0
Cc1cc(C)n2nc(SCc3nnc(SCc4cccc(F)c4)s3)nc2n1,-3.643856189774725
CC(=O)OCC1=C(C(=O)OC(c2ccccc2)c2ccccc2)N2C(=O)C(Nc3nc4cc(CN)ccc4[nH]3)C2SC1,4.058893689053568
CCOC(=O)C[n+]1ccc(NC2C(=O)N3C(C(=O)[O-])=C(CSc4nnnn4C)CSC23)cc1,-1.0
CCn1cc(C(=O)O)c(=O)c2c(C)c(F)c(N3CCC(N)C3)cc21,2.321928094887362
Cc1cn(C2CC(N=[N+]=[N-])C(CO)O2)c(=O)[nH]c1=O,-3.321928094887362
CC(C)NCc1cc2cc3c(cc2n1C)NCCc1c-3[nH]c(=O)c(C(=O)O)c1O,-1.9634741239748859
CC(C)=CCc1c(OC(C)C)cc(C=Cc2ccc(C(F)(F)F)cc2)c(C(=O)O)c1O,-5.0
CC(C)(C)c1nc(NC(=O)NCc2ccc(Cl)c(Cl)c2)sc1C#N,-1.0
CCNc1cc(F)cc2c1[nH]c1ncc(-c3cnc(NC4CCNC4)nc3)c(-n3ccc(C(F)(F)F)n3)c12,2.0
Cc1cc(=O)oc2cc(Oc3nc(Nc4ccccc4)nc(N4CCN(c5ncccn5)CC4)n3)ccc12,-4.643856189774724
CC(O)C1C(=O)N2C(C(=O)O)=C(CN3CC(OC(N)=O)CC3C(N)=O)SC12,2.0
C#CC[n+]1ccc(SCC(=O)OC2CC(C)(C=C)C(O)C(C)C34CCC(=O)C3C2(C)C(C)CC4)cc1,1.0
Cc1ccc(-c2nnc(-c3cc([N+](=O)[O-])c[nH]3)o2)s1,-2.643856189774725
COC(=O)c1ncn(CN(CCCO)Cn2cnc(C(=O)OC)n2)n1,-2.807354922057604
CC1CN(c2c(F)c(N)c3c(=O)c(C(=O)O)cn(C4CC4)c3c2F)CC(C)[N+]12CN1C(=N2)C(C(=O)O)=Cc2ccccc21,-2.0
CCCc1cc(Cc2cnc(N)nc2N)cc(CCC)c1O,-3.321928094887362
COc1cnc2cccc(C(O)C(O)C3CCC(NCc4ccc5c(n4)NC(=O)CS5)CO3)c2n1,8.965784284662087
O=C(NNC(=S)Nc1ccc(Cl)cc1)c1cc([N+](=O)[O-])c[nH]1,-0.6415460290875237
CCCN(CCc1ccccc1)C(=O)Nc1cc(-c2ccc(Cl)c(Cl)c2)sc1C(=O)O,-4.643856189774724
O=C(Nc1ccc(C2NCCc3c2[nH]c2ccccc32)cc1)c1cccc(C(F)(F)F)c1,-3.0
COc1cc(C(=O)C=Cc2cccc(O)c2O)c(O)c2c1OC(C)(CCC=C(C)C)C=C2,-5.0
COC(=O)NN=Cc1c(O)ccc2ccc(=O)oc12,-0.0
CNC1CN(c2c(F)cc3c(=O)c(C(=O)O)cn(C4CC4)c3c2Cl)C1,6.058893689053568
CC(C)C(ON=C(C(=O)NC1C(=O)N(S(=O)(=O)O)C1COC(N)=O)c1csc(N)n1)c1cc(=O)c(O)cn1O,3.0
CCn1cc(C(=O)O)c(=O)c2c(N)c(F)c(N3CCNCC3)c(F)c21,3.321928094887362
CC1=C(C(=O)OC(c2ccccc2)c2ccccc2)N2C(=O)C(NC3=NC(c4ccc(C#N)cc4)CN3)C2SC1,-1.0
Oc1cccc(CCn2c(-c3cccc(-c4ccccc4)c3)n[nH]c2=S)c1O,-5.0
Nc1c(F)c(N2CC3CCC4CC4(N)C3C2)c(F)c2c1c(=O)c(C(=O)O)cn2C1CC1F,8.380821783940931
CCn1cc(C(=O)O)c(=O)c2cc(F)c(N3CCC(=NOC)C(C)(N)C3)c(F)c21,-1.0
CC(C)(C)c1ccc(NC(=O)CCN)c(-c2ccc(-c3cc(C(C)(C)C)ccc3NC(=O)CCN)nc2)c1,-3.643856189774725
NCC1=CCC(N)C(OC2C(N)CC(N)C(O)C2OC2OC(CO)C(OC3OC(CN)C(O)C(O)C3N)C2O)O1,1.0
C=C1CCOC2(C(O)C(C)(O)CO)NC(=O)C1(NC)NC2=O,-5.0
C=Cc1ccccc1-c1nc(N2N=C(c3ccc(Cl)cc3Cl)CC2N2CCc3ccc(OC)cc3C2)c(C)o1,-1.6438561897747246
O=C1c2cccc(O)c2C(=O)c2c(O)cc(CO)cc21,-2.0
COc1cc(Cc2cnc(N)nc2N)c2c(c1OC)OC(C1CC1)C=C2,-0.0
CC(=O)OCC1=C(C(=O)OC(c2ccccc2)c2ccccc2)N2C(=O)C(Nc3nc4cc(C(=O)O)ccc4[nH]3)C2SC1,2.0
Cc1c(Br)cccc1N1CC(c2nc3ccccc3[nH]2)CC1=O,-5.0
CCc1c(-c2ccc(N3CC4CC4(N)C3)cc2)[nH]c(=O)c(C(=O)O)c1O,4.643856189774724
COc1ccc2ccc(=O)n(CC(N)C3CCC(NCc4ccc5c(n4)NC(=O)CO5)CO3)c2n1,3.0
CCn1cc(C(=O)O)c(=O)c2cc(F)c(N3CCN(C(=O)c4ccccc4)CC3)cc21,-1.6461626571578936
O=C(Cn1ccnn1)NC1CCN(c2c(F)cc3c(=O)c(C(=O)O)cn(C4CC4)c3c2Cl)C1,-4.0
CC(O)C1C(=O)N2C(C(=O)O)=C(SCCN)CC12,3.321928094887362
CCN(CC)c1ccc2cc(C(=O)Nc3c(C(=O)O)cnn3-c3ccc(F)cc3)c(=O)oc2c1,-5.0
CCn1cc(C(=O)O)c(=O)c2cc(F)c(N3CCN(CC(=NOC)c4ccc(Cl)cc4Cl)CC3)nc21,-3.643856189774725
CON=C(C(=O)NC1CN(N=CC(=O)O)C1=O)c1csc(N)n1,-1.0
CCN1CCN(c2cc3c(cc2F)c(=O)c(C(=O)O)cn3C2CCC2)CC1,0.3219280948873623
CCCCCCCC[N+](C)(C)CC(=O)Nc1ccc(C(=O)C=Cc2cccc(F)c2F)cc1,-1.0
COCCNCc1ccc2cc3c(c(O)c2c1)C(=O)C1=C(O)C2(O)C(=O)C(C(N)=O)=C(O)C(N(C)C)C2CC1C3,-0.0
O=C(c1ccc(NC(=O)c2cc(Br)cc(Br)c2O)c(Cl)c1)c1cccs1,-3.0
CCOC(=O)CSC1=C(Cl)C(=O)c2ccccc2C1=O,-3.643856189774725
O=C(NN=Cc1ccco1)c1cc(Cl)c(Cl)[nH]1,-1.6438561897747246
CCC(=O)NC1=NN(C(=O)CC)C2(S1)C1CCCC2C(c2ccc(F)cc2)NC1c1ccc(F)cc1,-3.643856189774725
CN1CCN(c2cc3c(cc2F)n2c(=O)[nH]c(=O)cc2n3C2CC2)CC1,2.0
CCCCCCNC(=O)Cn1nc(C(F)(F)F)c2c(C)c3ccccc3nc21,-2.963474123974886
O=C1OC(CNC(=S)Nc2cccc(C(F)(F)F)c2)CN1c1ccc(N2CC3(COC3)C2)c(F)c1,-1.269033146455237
COc1ccc2c(c1)N(CCN1CCC(NCc3ccc4c(n3)NC(=O)CO4)CC1)C(=O)OC2,1.0
CCn1cc(C(=O)O)c(=O)c2cc(F)c(N3CCCC3)cc21,1.3584539709124763
CC(O)C1C(=O)N2C(C(=O)[O-])=C(SC3CCOC3CN)C(C)C12,4.058893689053568
CNC(C)C1CCN(c2c(F)cc3c(=O)c(C(=O)O)cn(C4CC4)c3c2OC)C1,4.321928094887363
CC(C)=CCCC(C)C1CCC2(C)CC3C(C)=CC(=O)C3C(C=O)=CCC12,-5.0
CC1(C)SC2C(NC(=O)Cc3ccccc3)C(=O)N2C1C(=O)[O-],0.3584539709124763
N=C(N)NN=Cc1cn(-c2ccc([N+](=O)[O-])cc2[N+](=O)[O-])nc1-c1ccc(Br)cc1,-1.0
Cc1ccc2nc(NC(=O)CN3CCN(c4cc5c(cc4F)c(=O)c(C(=O)O)cn5C4CC4)CC3)sc2c1,-2.584962500721156
Nc1cc(SC2=C(C(=O)O)N3C(=O)C(NC(=O)C(=NO)c4nc(N)sc4Cl)C3SC2)nc(N)n1,2.0
Cc1ccc(C)n1-c1ccccc1NC(=S)Nc1cccc(Br)c1,2.321928094887362
O=C(C=Cc1cnc2ccccc2n1)c1cccc(Br)c1,-2.321928094887362
C=CC1(C)CC(OC(=O)CSc2nc(OC(=O)C3CCC3)cs2)C2(C)C(C)CCC3(CCC(=O)C32)C(C)C1O,-5.0
CC(=O)c1cc2ccccc2n(N=Cc2ccccc2[N+](=O)[O-])c1=O,-0.6780719051126377
Cc1ccccc1N1C(=O)C(Cl)C12C(=O)Nc1c(Br)cc(Br)cc12,-2.643856189774725
O=C(NN=Cc1ccccc1O)c1cc(-c2ccc(Cl)cc2)n[nH]1,6.058893689053568
OC1(c2ccc(-c3ccccc3)cc2)C[N+](c2ccccc2)=C2CCCCCN21,-5.0
Cc1ccc(C(=O)C=Cc2ccc(C=C3SC(=O)NC3=O)cc2)cc1,-5.0
CC(O)C1C(=O)N2C(C(=O)O)=C(COC(N)=O)SC12,1.0
Nc1nc(C(=NOCCF)C(=O)NC2C(=O)N3C(C(=O)[O-])=C(Sc4nc5ccccc5[nH]4)CCC23)cs1,3.0
CCON=C1CCN(c2c(F)cc3c(=O)c(C(=O)O)cn(CCF)c3c2F)CC1(C)N,-3.0
COCC(Oc1cc(C(=O)O)cc2sc(NC(=O)c3[nH]c(C)c(Cl)c3Cl)nc12)c1ccccc1,3.0
CC1NCCn2cc(-c3c(F)cc4c(c3OC(F)F)N(C3CC3)CC(C(=O)O)C4=O)cc21,-0.0
O=C(O)c1cn(-c2ccc(F)cc2)c2c(F)c(N3CCNCC3)c(F)cc2c1=O,3.321928094887362
CCn1cc(C(=O)O)c(=O)c2cc(F)c(N3CCC(N)C3)c(Cl)c21,4.321928094887363
Nc1ccc(NC(=O)c2ccc(Br)cc2)c(O)c1,-2.963474123974886
Cc1ccc(C=NNC(=O)Cn2ncc3cc([N+](=O)[O-])ccc32)cc1,-4.954196310386875
Cc1ncc([N+](=O)[O-])n1CC(O)Cn1cc(C(=O)O)c(=O)c2cc(F)cc(F)c21,-2.0
O=C(CN1CCN(c2cc3c(cc2F)c(=O)c(C(=O)O)cn3C2CC2)CC1)c1ccccc1Cl,3.3510744405468786
O=C(O)C(Cc1c[nH]c2ccccc12)N1C(=O)C(=Cc2ccc3cc(OCc4ccccc4)ccc3c2)SC1=S,-3.0
COc1ccc(Cn2cnc3c(-c4ccco4)ccnc32)cc1,-4.0
CC(=O)NCC1CN(c2ccc(OC3CCN(c4nc5c(cc4F)c(=O)c(C(=O)O)cn5C4CC4)CC3)c(F)c2)C(=O)O1,2.0
CC(=O)NCC1CC(c2ccc(N3CCCC3)c(F)c2)=NO1,-4.0
COc1ccc2nc(C)cc(-n3cc(CN4CCN(C(=O)C5CCC5)CC4)nn3)c2c1,-0.6780719051126377
CCn1cc(C(=O)O)c(=O)c2cc(F)c(N3CCN(Cc4cnc(C)c5c4COCO5)C(C)C3)c(F)c21,-4.0
COc1ccc(Cn2cnc3cc4c(cc32)CCC4)cc1C,-3.643856189774725
COc1cc(NS(=O)(=O)c2ccc(NC(=S)Nc3nc4cc(C)c(C)cc4s3)cc2)nc(OC)n1,0.029146345659516508
Clc1ccc(-c2n[nH]cc2C=NNc2nc3cc(Cl)cc(Cl)c3o2)c(Cl)c1,-3.643856189774725
CCn1cc(C(=O)O)c(=O)c2cc(F)c(N3CC(C)NC(C)C3)c(F)c21,2.321928094887362
O=C(O)C(=O)C=Cc1cn(-c2ccccc2)nc1-c1ccccc1,-4.965784284662087
Cc1ccc(S(=O)(=O)Nc2nccs2)cc1,2.3562361456626575
O=C1COc2ccc(C(=O)NC34CCC(CC5(O)Cn6c(=O)ccc7ncc(F)c5c76)(CC3)OC4)nc2N1,-5.0
COCC(C)n1cc(C(=O)O)c(=O)c2cc(F)c(N3CCC(=NOC)C(C)(N)C3)cc21,2.0
CSc1ccc(C=Nn2c(Cc3ccc(SC)cc3)nn(CN3CCOCC3)c2=S)cc1,-4.643856189774724
CC(c1ccc2c(ccc3ccccc32)c1)N(O)C(=O)c1ccccc1-c1ccccc1C(=O)O,-1.0
COc1ccc2nccc(CCN3CCC(NCc4ccc(Cl)c(F)c4)CC3)c2n1,4.011587974275212
COc1cc(C=Cc2nnc(-c3cc([N+](=O)[O-])cn3C)o2)ccc1O,-1.6438561897747246
Cc1[nH]c(C(=O)Nc2nc3c(OC(C)C(C)C)cc(C(=O)O)cc3s2)c(Cl)c1Cl,3.0
Cn1cncc1C(=O)c1nccc2c1[nH]c1ccccc12,3.321928094887362
NC1=NC(c2cn(-c3ccc([N+](=O)[O-])cc3)nc2-c2ccc(Cl)cc2Cl)N=C(NCCc2ccccc2)N1,-0.0
O=C(Nc1ccccc1C(=O)O)c1ccc(-c2ccccc2)cc1,-3.700439718141092
CCCCC(CN(O)C=O)C(=O)N1CCCC1c1nnc(C)s1,-4.0
Clc1ccc(CN2CCN(Cc3c[nH]c4ccc(Br)cc34)CC2)c(Cl)c1,-4.0
CC1OC(OC2C(O)C(NC(=O)C(O)CCN)CC(N)C2OC2OC(CN)C(O)C(O)C2N)C(O)C(O)C1N,-1.0
CC(=O)Nc1ccc(S(=O)(=O)Cc2nnc(SCc3ccc(Cl)cc3Cl)o2)cc1,-4.0
CC1C(=O)C(C)C(c2ccc(Cl)cc2)N(C(=O)CN2CCN(C)CC2)C1c1ccc(Cl)cc1,-3.643856189774725
O=C1c2cccnc2C(=O)c2c1c(C(=O)OCCCN1CCOCC1)c1ccc(Br)cn21,-4.0
O=C1CSc2c(Cl)cccc2N1C1CCCCC1,-5.0
Sc1nncn1NCc1cccc(Br)c1,-5.0
O=C(Sc1nnc(-c2ccccc2OCc2cn(-c3ccc(Cl)cc3)nn2)n1Cc1ccccc1)c1ccccc1,-2.608809242675524
NCCCCCOc1ccc2ncc(F)c(CCC34CCC(NCc5ccc6c(n5)NC(=O)CO6)(CC3)CO4)c2n1,-2.0
Nc1ncc(COCc2cn(-c3nc4c(cc3F)c(=O)c(C(=O)O)cn4C3CC3)nn2)c(N)n1,1.0
CC(=O)NC1=NN(C(C)=O)C2(S1)C1CCCC2C(c2cccc(F)c2)NC1c1cccc(F)c1,-2.643856189774725
CC(NCCOc1ccccc1)=C1C(=O)N2C(C(C)(C)C)OCC2(C)C1=O,-5.0
CC1=C(Cc2c(C)cccc2O)C(=O)C(C)(O)C(O)C1,-0.6415460290875237
COc1c(F)c(N2CCN(C)CC2)c(F)c2c1c(=O)c(C(=O)O)cn2C1CC1,2.321928094887362
COc1ccc([N+]2=C3CCCCCN3C(O)(c3ccc(-c4ccccc4)cc3)C2)c(OC)c1,-5.0
CCn1cc(C(=O)O)c(=O)c2cc(F)c(N3CCC(NC=O)C3)nc21,0.3584539709124763
Cc1ccc(-n2nc(C)c(C=NNC(=O)Cn3c([N+](=O)[O-])cnc3C)c2Oc2ccccc2)cc1,-1.6415460290875237
Cc1ccc(N2COc3ccc(C)cc3C2)cc1,-4.643856189774724
COc1cc(Cn2ccnc2C)c2cc3[n+](cc2c1O)CCc1cc2c(cc1-3)OCO2,-5.0
CC(CCN1Cc2cc(C#CC#CC3CC3C(O)CO)cn2C1=O)(C(=O)NO)S(C)(=O)=O,2.0
CC(=CC(=O)c1ccccc1)CC1OCC(CC2OC2C(C)C(C)O)C(O)C1O,2.321928094887362
CC(=O)N1N=C(Cn2c([N+](=O)[O-])cnc2C)OC1c1ccc([N+](=O)[O-])cc1,2.0
CCNC(=O)Nc1cc2c(-c3ccc(C#N)cc3)ccc(C)c2cn1,-5.0
CNC(=N)c1ccc2cc(-c3ccc(Oc4ccc(-c5cc6ccc(C(=N)NC)cc6[nH]5)c(C(F)(F)F)c4)cc3)[nH]c2c1,-2.0
Cn1cc([N+](=O)[O-])cc1C(=O)NNC(=O)Nc1ccc([N+](=O)[O-])cc1,-0.6415460290875237
CC(C)(C)c1ccc(OC(Cc2ccc3oc(CCc4ccccc4)nc3c2)C(=O)O)cc1,-1.6415460290875237
Cc1c(-c2ccc(-c3cc4ccc(C5=NCCCN5)cc4o3)cc2)[nH]c2cc(C3=NCCCN3)ccc12,1.6896598793878495
CCC1C(=NOC(=O)Oc2ccccc2)CC(c2ccccc2)N(C)C1c1ccccc1,-4.643856189774724
O=C(NNC(=S)Nc1ccc([N+](=O)[O-])cc1)c1cc([N+](=O)[O-])c[nH]1,-0.6415460290875237
CCCc1cc(Cc2cnc(N)nc2N)cc(CCC)c1OC,-4.906890595608519
O=c1c(O)c(-c2ccccc2)oc2cc(O)cc(O)c12,2.0
CCCCCCOC(=O)c1ccc(OC)c(OC)c1,-4.0
CC(C)C(ON=C(C(=O)NC1C(=O)N(OS(=O)(=O)O)C1(C)C)c1csc(N)n1)c1cc(=O)c(O)cn1O,5.058893689053568
Cn1cc([N+](=O)[O-])cc1-c1nnc(-c2ccccc2OC(F)(F)F)o1,-1.6438561897747246
Fc1cc2c(c3ncccc13)OCN(Cc1cccc(Cl)c1)C2,-2.643856189774725
CCCCCCN=c1ccn(CCCCCCCCn2ccc(=NCCCCCC)cc2)cc1,-1.0
Cc1ccccc1NC(=S)Nc1ccc2ncnc(Sc3nnc(-c4cccnc4)o3)c2c1,-4.643856189774724
CCOC(=O)C1COC2=C(C(=O)N3c4ccccc4C4C=CC=C2C43)C1c1ccc(OC)cc1,-2.643856189774725
Cc1[nH]c(C(=O)Nc2nc3c(OC(CN4CCOCC4)c4ccccc4)cc(C(=O)O)cc3s2)c(Cl)c1Cl,3.0
CCCCC(CN(O)C=O)C(=O)N1CCCC1c1nnc(-c2ccc(OC)cc2)s1,-4.0
O=c1n(CO)nnn1-c1ccccc1,-0.8155754288625726
CCOC(=O)c1cn(CC(O)Cn2cncn2)c2ccc(C)cc2c1=O,-2.0
CC(=O)NC1CC(C)N(c2nc3c(-c4ccc(F)cc4F)cc(C(=O)O)c(=O)n3cc2F)C1,1.3584539709124763
CCCCCCCCCCn1c(CCCCCC)cnc1N,-0.0
CCCCc1nc(Cl)c(C2CC(c3ccc(Cl)cc3)=NN2c2nc(-c3ccc(Cl)cc3)cs2)[nH]1,-4.643856189774724
Cc1c(N2CCC(F)C2)c(F)cn2c(=O)c(C(=O)O)cc(C3CC3)c12,3.321928094887362
COC(=O)c1ccc(CN2CCc3c(sc(NC(=O)c4cc(OCCNC(=N)N)ccc4Cl)c3C#N)C2)cc1,-3.0
CN(C)C1C(O)=C(C(N)=O)C(=O)C2(O)C(O)=C3C(=O)c4c(O)c(NC(=O)C5CCCN5C)cc(F)c4CC3CC12,2.0
CC1COc2c(N3CCN(CC(=NO)c4ccc(F)cc4)CC3)c(F)cc3c(=O)c(C(=O)O)cn1c23,-1.0
CC1(C)C(C(=O)O)N2C(=O)C(CS)C2S1(=O)=O,-3.0
CC(O)C(NC(=O)c1ccc(C#Cc2ccc(CN3CCOCC3)cc2)cc1)C(=O)NO,6.643856189774724
CSc1ccc(Cc2nn(CN3CCOCC3)c(=S)n2N=Cc2ccc(Cl)cc2)cc1,-4.643856189774724
COc1ccc(C(=O)N2CCOCC2)cc1OC,-4.087462841250339
O=C1CN(c2cc3c(cc2F)c(=O)c(C(=O)O)cn3-c2ccc(F)cc2)CCN1,1.3584539709124763
CC(=NNc1nc2ccccc2[nH]c1=O)c1cc2cc(Cl)ccc2oc1=O,-2.963474123974886
Cc1c(N2CCC3CNCC32)c(F)cn2c(=O)c(C(=O)O)cc(C3CC3)c12,9.965784284662087
CCc1c(-c2ccc(N3CCCC3)cc2)[nH]c(=O)c(C(=O)O)c1O,5.058893689053568
NC1CCN(c2cc3c(cc2F)c(=O)c(C(=O)O)cn3C2CC2)CC1,1.3219280948873622
COc1ccc2nc(NCCCNCc3ccc(Cl)c(Cl)c3)oc2c1,-5.0
CC(C)(ON=C(C(=O)NC1CN2CC(S(C)(=O)=O)=C(C(=O)O)N2C1=O)c1csc(N)n1)C(=O)O,5.058893689053568
CC(C)CCCC(C)C1CCC2C3CC=C4CC(=NNc5nc6nc7ccccc7nc6o5)CCC4(C)C3CCC12C,1.3584539709124763
CCCCCCCCCCCCCC[N+]12CCC(CC1)C(O)C2,-1.9634741239748859
O=C(NNS(=O)(=O)c1ccc(Cl)cc1Cl)c1cccnc1Nc1ccc(Cl)cc1,-4.321928094887363
CCn1cc(C(=O)O)c(=O)c2cc(F)c(-n3ccnc3)cc21,-0.6415460290875237
Cc1nn(CC(=O)NC2CCCCC2)c2nc3ccccc3c(C)c12,-2.963474123974886
CCN(CC)c1cc(NC(C)=O)c(O)c2c1CC1CC3C(N(C)C)C(=O)C(C(N)=O)=C(O)C3(O)C(=O)C1=C2O,-5.0
O=C(Nc1ccc(C(F)(F)F)cn1)c1ccc2c(c1)OCCCO2,-1.6461626571578936
C#CCCCCOc1ccc(-c2nc3ccc(-c4nc5ccc(N6CCN(C)CC6)cc5[nH]4)cc3[nH]2)cc1,-3.0
COC(=O)N1CCC(Oc2cccc(C(CC#N)Nc3nc4nc(C)ccc4[nH]3)c2)CC1,2.0
Fc1cc2c(c3ncccc13)OCN(CCc1ccc(Br)cc1)C2,-2.643856189774725
O=C(NN=Cc1ccc(Cl)cc1)c1n[nH]c2c1Cc1ccccc1-2,-2.963474123974886
CN(C)C1(C#CC#Cc2cc3n(c2)C(=O)N(CCC(C)(C(=O)NO)S(C)(=O)=O)C3)CC1,2.0
O=C(O)c1cn(C2CC2)c2c(cc(F)c3nn(CN(N4CCCCC4)N4CCCCC4)c(=O)n32)c1=O,-0.0
CNC1CN(c2nc3c(cc2F)c(=O)c(C(=O)O)cn3C2CC2)C1,5.058893689053568
CCc1cc(Cc2cnc(N)nc2N)cc(CC)c1CC,-0.0
CCNC1CC(N)C(OC2OC(CN)=C(Cl)CC2N)C(O)C1OC1OCC(C)(O)C(NC)C1O,-1.0
CC1COc2c(N3CCC(O)C3)c(F)cc3c(=O)c(C(=O)[O-])cn1c23,4.0
Cc1nn(-c2ccccc2)c(Oc2ccccc2)c1C=NNC(=O)Cn1c([N+](=O)[O-])cnc1C,-1.6415460290875237
CNCC1OC(OC2C(N)CC(N)C(OC3OC(CO)C(O)C(NC)C3O)C2O)C(N)C(O)C1O,-4.0
CCCCC(CN(O)C=O)C(=O)N1CC2(CC2)CC1C(=O)Nc1ncc(C)s1,3.0
O=C(Nc1ccccc1C(=O)O)c1ccc(-c2ccccc2)c(Oc2ccccc2)c1,-0.48542682717024166
O=C(O)c1cn(-c2ccc(F)cc2)c2cc(N3CCN4CCCC3C4)c(F)cc2c1=O,3.321928094887362
C#Cc1ccc(C=Cc2nc3ccccc3c(=O)n2-c2cccc(C(=O)O)c2)cc1,-4.0
CC1C2OC2C(=O)C2(C)CCC3C4C(C)(CCC4(C)C(=O)O)CC132,-5.0
CNCC1CCN(c2cc3c(cc2F)c(=O)c(C(=O)O)cn3C(C)C)C1,-1.632268215499513
CCON=C1CCN(c2c(F)cc3c(=O)c(C(=O)O)cn(C4CC4)c3c2C(C)=O)CC1(C)N,1.0
CCn1cc(C(=O)O)c(=O)c2cc(F)c(N3CCN(C(=O)C(C#N)=Cc4cn(CC5CCCC5)c5ccccc45)CC3)cc21,-0.0
O=C(C=Cc1ccco1)c1cc(Cl)c(Cl)[nH]1,-1.6438561897747246
O=C1NC(=O)C(c2ccc(O)c([N+](=O)[O-])c2)=C1c1ccc(O)cc1,-4.643856189774724
CCCCCn1cc(C=C(C#N)C(=O)N2CCN(c3cc4c(cc3F)c(=O)c(C(=O)O)cn4CC)CC2)c2ccccc21,-1.0
Nn1c(SCC(=O)Nc2c(Cl)cccc2Cl)nnc1-c1cc(F)c(Cl)cc1Cl,-3.643856189774725
CS(=O)(=O)Nc1cccc(-c2nc3ccccc3n2Cc2cccc(Cl)c2)c1,-4.0
Cc1c(N2CCC(C3(N)CC3)C2)c(F)cc2c(=O)n(N)c(=O)n(C3CC3)c12,5.058893689053568
CCCCC(=O)OC1CC2C3(C)CCCC(C)(CC)C3CCC2(C)C2CC=C(C(=O)O)C12C,-5.0
COc1cc2ccc1Oc1cc(ccc1OC)CCCCC(NCCc1ccc(F)cc1)CC2,-4.643856189774724
Cc1ncnn1CC1C(NC(=O)C(=NOC(C)(C)C(=O)O)c2csc(N)n2)C(=O)N1S(=O)(=O)O,-1.0
Cn1c(=O)c2ncn(Cc3cc(=O)oc4ccc(Cl)cc34)c2n(C)c1=O,-4.968090752045256
CC(C)Cc1ccc(C(C)C(=O)c2ccc(OCc3cn(C4CCCCC4)nn3)cc2O)cc1,-3.584962500721156
COc1ccc(S(=O)(=O)c2ccc3nc(N)nc(N)c3c2)cc1,-1.3219280948873624
N=C(N)c1ccc(-c2ccc(-c3cccs3)o2)cc1,-3.9068905956085187
Fc1cc2c(c3ncccc13)OCN(Cc1ccc(C(F)(F)F)cc1)C2,-3.643856189774725
O=C(Nc1ccccc1C(=O)O)c1cccc(Oc2ccccc2)c1,-3.169925001442312
CCCCCCCC[N+](C)(C)CC(=O)Nc1ccc(C(=O)C=Cc2ccccc2F)cc1,-0.0
NC1CCN(c2c(F)cc3c(=O)n(N)c(=O)n(C4CC4)c3c2Cl)C1,2.9434164716336326
Fc1cc2nc(NCCCNCc3ccc(Cl)c(Cl)c3)oc2cc1F,-5.0
CCC1OC(=O)C(C)CC(C)C(OC2OC(C)CC(N(C)C)C2O)C(C)(OC)CC(C)C(=O)C(C)=CC1(C)O,0.3584539709124763
CCC(C)C(=O)c1c(O)cc2c3c1OC1(C)CCC(C3C1)C(C)(C)O2,-0.0
Nc1nc(C(=NOC2(C(=O)O)CC2)C(=O)NC2C(=O)N3C2SCC2CC(=O)OC23C(=O)O)cs1,3.0
COC(=O)CSc1c(-c2cccc(Cl)c2)nc2ccccc2c1-c1ccccc1,-3.643856189774725
N=C(N)NCC(Oc1noc2ccc(-c3ccccc3Cl)cc12)c1ccccc1,2.0
N#CC(C(=O)N1NC(=O)C2C3c4ccccc4C(c4ccccc43)C2C1=O)=C1SCCCN1c1ccccc1,-3.643856189774725
Cc1ccc(-c2nnc(-c3cc([N+](=O)[O-])cn3C)o2)s1,-2.643856189774725
CC1(CN)CN(c2c(F)cc3c(=O)c(C(=O)O)cn(C4CC4)c3c2F)C1,1.0
CCCCCSc1nnn(CCCCC(=S)C(S)([Si](C)(C)C)[Si](C)(C)C)n1,-1.9671686075326276
CCNC(=O)Nc1cc2c(-c3cncnc3)ccc(C)c2cn1,-5.0
Cc1ccc(C=C2SC(=O)N(CCn3c([N+](=O)[O-])cnc3C)C2=O)cc1,-4.965784284662087
FC(F)(F)c1cc(Cl)ccc1N=NNc1ccc(Cl)cc1C(F)(F)F,-1.0
CC(=O)NCC1CN(c2ccc(C3=NOC(C#N)C3)c(F)c2)C(=O)O1,-4.0
COc1cc(C=C2SC(=S)N(C(Cc3c[nH]c4ccccc34)C(=O)O)C2=O)ccc1OCc1ccccc1,-4.0
N#CC1=C(N)Oc2ccc(Sc3nc4ccccc4s3)cc2C1c1ccc([N+](=O)[O-])cc1,-2.0
CC(=O)NC1C(CN)OC(OC2C(N)CC(N)C(OC3OC(CO)C(O)C(N)C3O)C2O)C(N)C1O,-1.0
N#CC1=C(N)Oc2c(c(=O)oc3ccccc23)C1c1cc(=O)oc2c1ccc1ccccc12,-2.643856189774725
CCC(ON=C(C(=O)NC1C(=O)N(OS(=O)(=O)O)C1(C)C)c1csc(N)n1)c1cc(=O)c(O)cn1O,2.0
N#CC1=C(N)Oc2ccc(Sc3nc4ccccc4s3)cc2C1c1cccs1,-1.0
O=C(O)c1cn2c3c(c(N4CCNCC4)c(F)cc3c1=O)OCC21CC1,1.3219280948873622
c1cc2cc(-c3ccc(-c4cc5ccc(C6=NCCCN6)cc5s4)cc3)[nH]c2cc1C1=NCCCN1,1.6896598793878495
COc1ccc2nccc(-n3cc4c(n3)CCC(NC(=O)c3cc5c(cc3F)SCC(=O)N5)C4)c2c1,-2.0
O=[N+]([O-])c1ccc2[nH]cc(CN3CCN(Cc4ccc(C(F)(F)F)cc4N4CCCC4)CC3)c2c1,-5.0
COc1ccc(-c2n[nH]c(N3C(=O)CSC3c3ccc(OC)cc3)n2)cc1,-2.584962500721156
Cn1c(C2CC(=O)N(c3cccc(F)c3F)C2)nc2ccccc21,-5.0
O=C1CSC(c2ccccc2)N1c1ccc(F)cc1,-4.906890595608519
COc1ccc(C2=NN(C(C)=O)C(c3ccc(OC)cc3)C2)cc1,-1.6438561897747246
Cc1ccc(C=NNc2nc(-c3ccccc3)cs2)cc1,-4.643856189774724
O=C(O)c1cn(C(CF)(CF)CF)c2nc(N3CC4CC3CN4)c(F)cc2c1=O,2.0
C#CC#CC#CC#CC1(O)CCCCC1,-4.643856189774724
Cc1c(N2CCCC(CO)C2)ccc2c(=O)c(C(=O)O)cn(C3CC3)c12,3.0
COc1ccc(Oc2ccc(NC(=Nc3ccc(Cl)cc3)NCCNc3ccnc4cc(Cl)ccc34)cc2)cc1,-2.643856189774725
CNC1=NC(=O)C(C(C)c2c[nH]c3c(F)cccc23)O1,-4.0
O=c1ccc2ncc(F)c(CCC34CCC(NCc5cnc(-c6cccnc6)s5)(CC3)CO4)c2n1CCO,-4.0
O=C(O)c1cn(C2CC2)c2cc(N3CCN(Cc4nc5ccccc5c(=O)[nH]4)CC3)c(F)cc2c1=O,2.0
N#Cc1ccc(C=Cc2nc3ccccc3c(=O)n2-c2cccc(C(=O)NCCC(=O)O)c2)cc1,-4.0
Fc1ccc(Cn2cc(CN3c4ccccc4Sc4ccccc43)nn2)cc1,-3.643856189774725
Nn1c(S)nnc1Cn1c(=O)cc(-c2ccccc2)c2cc(Cl)ccc21,-3.0
O=C(O)c1cn(C2CC2)c2cc(N3CCN(c4nnc(SCc5cccc([N+](=O)[O-])c5)s4)CC3)c(F)cc2c1=O,-1.0
COc1ccc2nc(C)cc(-n3cc(CN4CCN(C(=O)c5ccc(F)cc5)CC4)nn3)c2c1,0.3219280948873623
O=C(Nc1cc(F)ccc1C(=O)O)c1ccc(-c2ccccc2)c(Oc2ccccc2)c1,-4.643856189774724
O=C(Cc1cccs1)NC(Cn1cc(C(=O)O)nn1)B(O)O,3.0
CC(C)C(N)C(=O)NC(CCl)C(=O)O,-0.6415460290875237
CCCCCCCCCNC1=NC(C)(C)NC(NCc2ccccc2)=N1,-3.643856189774725
CCCn1c(=O)c(F)cn(Cc2nc3ccccc3n2CCC)c1=O,-4.0
CNc1cc(F)cc2c1[nH]c1nc(Oc3cnc(C)nc3)nc(N3CC(=CCN)C3)c12,1.0
Cc1ccc2cc(C3CC(c4ccccc4)=NN3C(N)=S)c3nnnn3c2c1,-1.6438561897747246
CN(C)C1(C)CN(c2cc3c(cc2F)c(=O)c(C(=O)O)cn3C2CC2)C1,2.0
COC(=O)Cc1ccccc1OC(=O)c1ccccc1Cl,-4.643856189774724
O=c1c2nc([N+](=O)[O-])cn2ccn1Cc1cccc(OC(F)(F)F)c1,-5.0
O=C1C(Cl)C(c2ccccc2)N1N=CCCn1nnc2ccccc21,-0.0
Clc1ccc(C2CC(c3cccs3)=NN2c2nc(-c3ccccc3)cs2)c(Cl)c1,-3.2883585621936606
NS(=O)(=O)c1ccc(NC(=S)NC(=O)Cc2ccccc2)cc1,1.6757654377294686
CCON=C(C(=O)NC1C(=O)N2C(C(=O)O)=C(Sc3cc(N)nc(N)n3)CSC12)c1csc(N)n1,2.9434164716336326
Cn1c(C=O)cnc1[N+](=O)[O-],-3.321928094887362
Clc1ccc(CN(CCn2ccnc2)CCn2ccnc2)c(Cl)c1,-4.0
CC(C)c1ccc(C=Cc2cc(-c3ccc(C(C)(C)C)cc3)[n+](C)cc2-c2ccccc2)cc1,-1.0
COc1ccc2ncc(F)c(CC(=O)C34CCC(NCc5ccc6c(n5)NC(=O)CO6)(CC3)CO4)c2n1,-4.0
CON=C(C(=O)NC1C(=O)N2C(C(=O)[O-])=C(C[n+]3ccc4ccoc4c3)CSC12)c1csc(N)n1,6.058893689053568
O=C1c2c(Cl)cccc2NC2(C(=O)Nc3ccccc32)N1Nc1ccccc1,-5.0
CCN(CC)S(=O)(=O)c1ccc2nc(N)nc(N)c2c1Cl,-4.643856189774724
Cc1c(C(=O)NN=Cc2ccccc2O)nnn1-c1cc(C(F)(F)F)nc2c(C(F)(F)F)cccc12,-2.643856189774725
CN(Cc1cc2ccccc2n1C)C(=O)C=Cc1cnc2c(c1)NCCC(=O)N2,-0.0
CC(C)CCn1cc(NC(=O)c2cc(NC(=O)c3cc(NC(=N)N)cn3C)cn2C)cc1C(=O)NCCCN(C)C,-5.0
CON=CC1(Cc2cccc(C(CC#N)Nc3nc4nc(C)ccc4[nH]3)c2)CCN(C(=O)OC)CC1,2.0
CCCCCCCCOc1cc(O)c2c(c1)OC(c1ccc(OC)c(O)c1)CC2=O,-4.643856189774724
NC1CCN(c2c(F)cn3c(=O)c(C(=O)O)cc(C4CC4)c3c2Cl)C1,4.321928094887363
CCCNCCOc1cc(O)c2c(=O)cc(-c3ccccc3)oc2c1,-4.643856189774724
CCNC(C)C1CCN(c2cc3c(cc2F)c(=O)c(C(=O)O)cn3C2CC2)C1,2.321928094887362
COc1ccc2c3c1OC1CC(OP(=O)(SCCN)N(CCCl)CCCl)C=CC31CCN(C)C2,1.8365012677171204
CCc1cc(O)c(Oc2cccnc2N)cc1F,2.0
COc1ccc(C=NNC(=O)c2nnn(-c3cc(C(F)(F)F)nc4c(C(F)(F)F)cccc34)c2C)c(OC)c1OC,-2.643856189774725
CCc1cc(Nc2cc(=O)n(CCCCN3CCN(Cc4ccccc4)CC3)c(=O)[nH]2)ccc1C,-4.321928094887363
CN(C)C1C(O)=C(C(N)=O)C(=O)C2(O)C(O)=C3C(=O)c4c(cc5c(CN6CCC6)cccc5c4O)CC3CC12,-3.0
CC(O)C(C)(NC(=O)c1ccc(C#CC#Cc2ccc(N)cc2)cc1)C(=O)NO,2.0588936890535687
CC1CNC(c2ccc3cc(-c4ccc(-c5cc6ccc(C7=NC(C)CN7)cc6o5)cc4)[nH]c3c2)=N1,0.6665762662748083
CCn1cc(-c2csc(N)n2)c(=O)c2cc(F)c(N3CCOCC3)cc21,-2.584962500721156
O=C1OC(CN=C(S)OCCO)CN1c1ccc(-n2nnc3ccccc32)c(F)c1,-4.0
COC1=C(C)C(=O)C2=C(C1=O)C(CO)N1C(C#N)C3CC4C(C1C2N1CCOC41)N3C,3.0
CC([O-])C1C(=O)N2C(C(=O)[O-])=C(C=CCSc3cc[n+](C)cc3)C(C)C12,2.321928094887362
Nc1nc(-c2nc3ccccc3[nH]2)cc(-c2ccc(Cl)cc2Cl)n1,-4.0
O=C([O-])C1=C(CO)SC2CC(=O)N12,-4.0
O=C1c2cccnc2C(=O)c2c1c(C(=O)OCCN1CCOCC1)c1ccc(Br)cn21,-5.0
COc1ccc2c(c1)CN(C1CC(c3ccccc3F)=NN1c1nc(-c3ccc(F)cc3F)oc1C)CC2,-2.643856189774725
CC(=O)OCC1=C(C(=O)OC(C)(C)C)N2C(=O)C(Nc3nc4ccc[nH]c-4n3)C2SC1,1.0
Cn1c(=O)c2c(ncn2CC(=O)OCc2cn(CC3OC(n4ccc(=O)[nH]c4=O)C4OC(C)(C)OC34)nn2)n(C)c1=O,6.321928094887363
CC(O)C(NC(=O)N1CCN(c2ccc(C#Cc3cccnc3)cc2)CC1)C(=O)NO,-3.643856189774725
COc1ccc(-c2cc(-c3ccc(Nc4cc(=O)oc5ccccc45)cc3)nc(N)n2)cc1,-4.643856189774724
O=C(NN=Cc1ccc(O)c([N+](=O)[O-])c1)c1ccc2c(c1)OCCCO2,-2.643856189774725
Cc1cc(=O)oc2cc(OCC(=O)NNS(=O)(=O)c3ccc(F)cc3)ccc12,-4.590961241342599
NC(=O)NNc1nc(Nc2ccc([N+](=O)[O-])cc2)nc(N2CCN(C(=S)Nc3ccnc4cc(Cl)ccc34)CC2)n1,-3.643856189774725
CNc1cc(F)cc2c1[nH]c1nc(Oc3cnc(C)nc3)nc(N3CC(=C(F)CN)C3)c12,4.058893689053568
CC(O)C1C(=O)N2C(C(=O)O)=C(C3CCCO3)SC12,2.0
CC1C(N)CN1c1cc2c(cc1F)c(=O)c(C(=O)O)cn2-c1ccc(F)cc1,3.0588936890535687
N#Cc1cnc2ccc(=O)n(CCCNC3CCC4C(C3)OC(=O)N4c3ccc4c(n3)NC(=O)CO4)c2c1,6.058893689053568
COc1ccc(-n2cc(COc3ccc(-c4nc5cc(C(=N)N)ccc5[nH]4)cc3)nn2)cc1,-4.0
CC(CCN1Cc2cc(C#CC#CC3(O)COC3)ccc2C1=O)(C(=O)NO)S(C)(=O)=O,-4.0
Cc1c(N2CCC(C)CC2)c(N)cc2c(=O)c(C(=O)O)cn(C3CC3)c12,5.058893689053568
O=C(NCCc1c[nH]c2ccccc12)Nc1ccccc1Cl,-3.0
O=C(C=Cc1ccc(Cl)cc1)c1nc2ccccc2[nH]1,-3.0
Cc1ccc(C=Nc2ccc(NC(=S)Nc3ccccc3)cc2)cc1,-3.643856189774725
O=C(O)CC(=O)Nc1ccc2nc(NC(=O)c3cc(Br)c(Br)[nH]3)sc2c1,-4.0
COc1ccc(C=NNc2ccc3c4c(cccc24)C(=O)N(C(CO)CO)C3=O)cc1,-4.0
Cc1ccc(C(=O)c2cn(-c3ccccc3)nc2-c2ccc([N+](=O)[O-])s2)cc1,2.0
CCOP(=O)(OCC)C(OC(C)=O)c1cc2ccc(C)cc2n2nnnc12,-3.9068905956085187
CC(=O)Nc1ccc(S(=O)(=O)C(C#N)=Cc2cn(Cc3cccc(Cl)c3)c3ccccc23)cc1,-2.0
CC(C)CCCC(C)C1CCC2C3CC=C4CC(NCCCCN)CCC4(C)C3CCC12C,-2.643856189774725
O=C(Nc1cc(Cl)ccc1Oc1ccccc1)c1cc(Br)cc(Br)c1O,-3.0
Nc1cc2c(=O)c(C(=O)O)cn(C3CC3)c2cc1N1CCc2ccccc2C1,-5.0
O=C(Cn1nc(C(F)(F)F)c2c(-c3ccccc3)c3ccccc3nc21)NCCN1CCNCC1,-2.963474123974886
CNC(C(=O)NCC=CCn1cnc2cc(Cl)c(Cl)cc2c1=O)C(C)O,-4.0
CON=CC1(C)C(C(=O)[O-])N2C(=O)C(CO)C2S1(=O)=O,-3.0
O=[N+]([O-])c1ccc2[nH]c(C=Cc3ccc4c(c3)OCO4)nc2c1,-4.965784284662087
CC1CN(c2c(F)cc3c(=O)c(C(=O)O)c4scc5n4c3c2N(C)C5)CCO1,3.321928094887362
O=c1c2nc([N+](=O)[O-])cn2ccn1Cc1ccc(OC(F)(F)F)cc1,-5.0
O=C(O)c1cn(C2CC2)c2nc(N3CCN(CC(O)Cn4cc([N+](=O)[O-])nc4Cl)CC3)c(F)cc2c1=O,-4.0
O=c1c2cc(O)ccc2nc(C=Cc2ccc(F)cc2)n1-c1cccc(O)c1,-4.0
CCCN(CCC)CCn1c2c(c3ccccc31)C1C(C)(C(=O)OC)CCCC1(C)c1ccc(C(C)C)cc1-2,-4.963474123974886
Cc1cc(=O)n(C)c2c3c4c(cc12)c(C)cc(=O)n4C(CN)CO3,1.0
CC1Sc2c(C(=O)O)c(=O)c3cc(F)c(N4CCNCC4)cc3n21,7.965784284662087
c1ccc(-c2cc(-c3ccc(-n4cccc4)cc3)on2)cc1,-4.643856189774724
O=C(O)c1c2n(c3cc(N4CCNCC4)c(Cl)cc3c1=O)CS2,1.3584539709124763
Cc1c(CN)c2cc(F)c(N3CC4CC4(N)C3)c(C)c2n(C2CC2)c1=O,3.0
CCOC(=O)C1=C(C)N=C2Sc3ccccc3N2C1c1ccccc1O,-3.643856189774725
Cc1nc2scc(-c3ccco3)c2c(=O)n1N=Cc1ccc(F)cc1F,-2.321928094887362
CC(O)C1C(=O)N2C(C(=O)O)=C(SC3CNC(c4cc(CO)on4)C3)C(C)C12,5.321928094887363
N#Cc1c(-c2ccc(F)cc2)[nH]c(=S)n2nnnc12,-5.0
O=C(OCc1ccccc1)N1CCC2C1C(=O)N2S(=O)(=O)[O-],-4.0
O=C1COc2ccc(CNC34CCC(CCc5c(F)cnc6ccc(O)nc56)(CC3)OC4)nc2N1,-2.0
CC(CNC(=O)c1ccccc1O)N=Cc1cc(Cl)ccc1O,-3.643856189774725
CCCCc1nc(Cl)c(C2NC(=O)NC(C)=C2C(=O)OCC)n1Cc1ccccc1Cl,-5.0
CC(=NNC(=N)N)c1sc(-c2ccc(OCCCCn3ccnc3)cc2)nc1C,-5.0
Cc1[nH]c(C(=O)NC2CCN(c3ncc(C(=O)O)s3)CC2CO)c(Cl)c1Cl,-0.0
CC(=O)c1ccc2c(c1)[n+]([O-])c(C(N)=O)c(C)[n+]2[O-],1.3584539709124763
CCn1cc(C(=O)NC(C(=O)O)C(C)C)c(=O)c2ccc(C(F)(F)F)cc21,-3.643856189774725
Cc1c(N2CCN(C)CC2)c(N)cc2c(=O)c(C(=O)O)cn(-c3ccc(F)cc3)c12,-0.0
O=C(O)c1cn(-c2ccc(F)cc2)c2cc(N3CCNC(CF)C3)c(F)cc2c1=O,2.0
COc1ccc(-c2csc(N3N=C(c4ccc(Br)cc4)CC3c3ccco3)n2)cc1,-2.643856189774725
O=C(c1cccnc1)N1N=C(c2ccc(O)cc2)CC1c1ccc(OCc2ccccc2)cc1,-4.643856189774724
COc1ccc(C(=O)C=Cc2ccc(OCc3nnc(-c4ccccc4)o3)c(OC)c2)cc1,-3.643856189774725
COc1ccc(C=CC(=O)c2c(O)cc(OC)c(OC)c2OC)cc1OC,-3.321928094887362
O=C(CN1C(=O)SC(=Cc2sc(Cl)nc2Cl)C1=O)c1ccc(F)cc1,-2.643856189774725
O=c1cc(-c2ccccc2)oc2cc(OCCN3CCNCC3)cc(O)c12,-3.643856189774725
Clc1ccc(OCc2nnc(-c3sc4ccccc4c3Cl)o2)c(Cl)c1,-2.584962500721156
NC1CCCN(c2c(F)cc3c(=O)c(C(=O)O)cn(C4CC4)c3c2C(F)(F)F)C1,3.321928094887362
COc1ccc2c(C3NNC(=O)N3)cc(=O)oc2c1,-0.6780719051126377
CCOC(=O)C1C(=NO)CC(C(C)(C)C)NC1C(C)(C)C,-4.0
N#CC[S+]([O-])C1CCC2CN1C(=O)N2OC(F)C(=O)[O-],-5.0
Fc1cc2c(c3ncccc13)OCN(CCc1ccc(Cl)cc1)C2,-2.643856189774725
COc1ccc2nc(C)cc(-n3cc(CNC(C)=O)nn3)c2c1,3.321928094887362
CCCCC(CN(O)C=O)C(=O)NC(c1nc(C(=O)N(CC)CC)co1)C(C)C,-3.643856189774725
Cc1cn(CC2CN(c3ccc(N4CCN(C(=O)C(F)(F)F)CC4)c(F)c3)C(=O)O2)nn1,-3.0
Cc1[nH]n(-c2ccccc2)c(=O)c1C(c1coc2ccccc2c1=O)c1c(C)[nH]n(-c2ccccc2)c1=O,-4.643856189774724
O=C(NCCc1c[nH]c2ccccc12)NCc1ccccc1,-2.0
O=C(C=Cc1cccc(F)c1)c1ccc(-c2ccc(N3CC(CO)OC3=O)cc2)cc1,-1.6438561897747246
CCn1cc(C(=O)O)c(=O)c2cc(C#N)c(N3CCCC3)nc21,-3.643856189774725
O=C(Nc1cc(Br)cc(Br)c1)Nc1ccc2cc[nH]c2c1,-0.0
CC1=NN2C(C1)c1ccccc1CC2(C)C,-1.6438561897747246
Cc1ccc(NC(=O)NCCc2c[nH]c3ccccc23)cc1,-2.0
Cc1ccc2c(c1)cc(C1CC(c3ccccn3)=NN1C(N)=S)c1nnnn12,-1.6438561897747246
O=C(NN1C(=O)C(=Cc2ccccc2)SC1c1cccc(F)c1)c1ccc(-c2ccccc2)cc1,-2.643856189774725
Fc1ccc(NC(=S)Nc2ccc3ncnc(Sc4nnc(-c5cccnc5)o4)c3c2)cc1,-3.643856189774725
CCCCN(CCCC)C(=O)C[N+](C)(C)CCCCCOc1cc(C(C)C)ccc1C,-4.0
CN(C)c1cc(NC(=O)CNC2CCCC2)c(O)c2c1CC1CC3C(N(C)C)C(=O)C(C(N)=O)=C(O)C3(O)C(=O)C1=C2O,2.0
CCCCCCc1ccc(-c2cn(CC)c(N)n2)cc1,10.994930630321603
O=C(O)c1cccc(Cn2c(-c3ccccc3)n[nH]c2=S)c1,-5.0
NCC1CCCN(c2cc3c(cc2F)c(=O)c(C(=O)O)cn3C2CC2)C1,1.3219280948873622
Cc1c(N=Cc2ccco2)c(=Nc2ccccc2)n(-c2ccccc2)n1C,-4.0
CCn1cc(C(=O)O)c(=O)c2cc(F)c(N3CC(C)NC(C)C3)c(Cl)c21,-0.6780719051126377
Cc1ccc(-c2cc(-c3cc4cc(Br)ccc4o3)nc(S)n2)s1,-2.111031312388744
CC(C)CNc1nccc(NCc2ccc(-c3ccc(F)cc3)s2)n1,-5.0
CON=C(C(=O)NC1C(=O)N2C(C(=O)[O-])=C([n+]3cccc4c3CCC4)CCC12)c1csc(N)n1,4.058893689053568
CN(C)C1=NC(c2cn(-c3ccc([N+](=O)[O-])cc3[N+](=O)[O-])nc2-c2ccccc2)N=C(N)N1,-5.0
O=C(Nc1cc(Cl)ccc1Cl)c1cc(Br)cc(Br)c1O,-3.0
CCN1CCN(c2cc3c(cc2F)c(=O)c(C(=O)O)cn3-c2ccc(F)cc2F)CC1,1.3219280948873622
CSCC(ON=C(C(=O)NC1C(=O)N(OS(=O)(=O)O)C1(C)C)c1csc(N)n1)c1cc(=O)c(O)cn1O,5.058893689053568
CN(C)c1ccc(C2SCC(=O)N2NC(=O)Cn2ncc3cc([N+](=O)[O-])ccc32)cc1,-4.459431618637297
Cc1cccc2nc(NN=Cc3ccc(F)cc3F)sc12,-4.584962500721156
Fc1ccc(C2=NN(c3nc(-c4ccccc4)cs3)C(c3ccco3)C2)cc1,-2.643856189774725
COC1=C(C(=O)O)C(C)C23OC24c2cc(O)c5c(c2NC3C#CC=CC#CC14)C(=O)c1c(O)ccc(O)c1C5=O,1.6757654377294686
Cc1ccc(-c2nnc(-n3c(C=Cc4ccccc4)nc4ccccc4c3=O)s2)cc1,-3.29130885982897
COCC1CC(N)CN1c1nc2c(cc1F)c(=O)c(C(=O)O)cn2-c1ccc(F)cc1F,2.321928094887362
O=[N+]([O-])c1cn(CCCOCc2c(-c3ccccc3)nc3sc4ccccc4n23)cn1,-2.0
COCC(C)NC(=O)c1nc(N2CCC(NC(=O)c3[nH]c(C)c(Cl)c3Cl)C(OC)C2)sc1C(=O)O,0.08926733809708741
CCCCC(CN(O)C=O)C(=O)N1CC=CC1C(=O)Nc1ccc([N+](=O)[O-])cc1,-5.0
O=C(O)c1cn(C2CC2)c2cc(N3CCN(C4SCC(=O)N4c4nc5ccc(F)cc5s4)CC3)c(F)cc2c1=O,-0.0
CCCCCCCCn1c(-c2cc(-c3ccc(C)cc3)nc(N)n2)nc2ccccc21,-3.0
O=C(O)c1cn(C2CC2)c2nc(N3CCC(n4cc(C=NO)nn4)CC3)c(F)cc2c1=O,-1.0
COc1ccc(C=NNc2nc(-c3ccc(Cl)cc3)cs2)cc1,-4.643856189774724
C[n+]1c2ccccc2c(C=Cc2ccc(-c3ccccc3)cc2)c2ccccc21,-5.0
CCCCCCCCCCCCCC(=O)c1c(O)cc(O)c(C(CC(C)C)C2=C(O)C(C)(C)C(=O)C(C)(C)C2=O)c1O,-5.0
C=C(C#N)C(O)c1ccc([N+](=O)[O-])cc1,-4.087462841250339
CC(=O)c1cc(O)c(=O)c(O)cc1C,-5.0
Nc1nc(O)cc(SC2=C(C(=O)O)N3C(=O)C(NC(=O)C(=NO)c4csc(N)n4)C3SC2)n1,1.0
CCn1cc(C(=O)O)c(=O)c2cc(F)c(N3CC(N)C3C)c(F)c21,4.058893689053568
CCn1cc(C(=O)O)c(=O)c2ccc(N3CCN(C)CC3)nc21,-2.643856189774725
COc1ccc(Oc2ccccc2NC(=Nc2cccc(Cl)c2)NCCCNc2ccnc3cc(Cl)ccc23)cc1,-1.6415460290875237
CCOP(=O)(OCC)C(Nc1ccc2c(C)cc(=O)oc2c1)c1cccc(O)c1,-0.0
CCCCCC#CC[n+]1ccn(CCCCCCCCC)c1C,-3.643856189774725
O=C1Nc2ccc(Cl)cc2C1=NCCNc1ccnc2cc(Cl)ccc12,-5.0
CCSc1ccc(OCc2nnc3sc(-c4ccccc4N)nn23)cc1,-4.643856189774724
CCOP(=O)(OCC)C(Nc1cc2ccccc2oc1=O)c1cccc(O)c1,-5.0
O=[N+]([O-])c1c[nH]c(-c2nnc(-c3cccs3)o2)c1,-0.6415460290875237
NCCCOc1c(Br)cc(CC(=NO)C(=O)NCCC(=O)O)cc1Br,-5.0
Oc1cc(Cn2ccnc2)ccc1Oc1cccc(F)n1,-5.0
CCCCCCCC[N+](C)(C)CC(=O)Nc1ccc(C(=O)C=Cc2cccs2)cc1,-1.0
Nc1nc(COC(=O)c2ccco2)cs1,-2.643856189774725
CC(=NNC(=N)N)c1sc(-c2ccc(C#CCCN3CCCCC3C)cc2)nc1C,-5.0
COc1ccc(NC(=O)c2nn(-c3ccccc3)c(-c3ccccc3)c2C(=NO)c2ccccc2)cc1,-1.5260688116675876
Nc1ncc(-c2cn(Cc3ccc([N+](=O)[O-])cc3)c3c(F)cc(F)cc3c2=O)s1,-5.0
CC(C)(C)c1ccc(CC2(Cc3ccc(C(C)(C)C)cc3)C(=O)N(CCCCN)C(=O)N(CCCCN)C2=O)cc1,-2.0
CCCCCCCCCCn1cc(C=NNc2ccc3c4c(cccc24)C(=O)N(C(CO)CO)C3=O)c2ccccc21,-5.0
CCN(Cc1ccccc1)C(=O)Nc1cc(-c2ccc(Cl)cc2)sc1C(=O)O,-3.4594316186372973
CCCCCNC(=O)NNc1cc(C(F)(F)F)nc2c(C(F)(F)F)cccc12,-3.643856189774725
COc1cccc(C(=O)NC(C=Cc2ccccc2)c2cc(Cl)c3cccnc3c2O)c1,-5.0
CCCc1n(CCc2c[nH]c3ccccc23)c(C)c(C)[n+]1CCc1c[nH]c2ccccc12,1.6757654377294686
Cc1ccc(Cn2c(-c3cccc(C(=N)N)c3)nc3ccccc32)cc1,-5.0
CCOC(=O)C1=C(C)OC(N)=C(C(=O)OCC)C12C(=O)Nc1ccc(S(=O)(=O)N3CCOCC3)cc12,-4.965784284662087
CC1CCC2(C)CCC3(C(=O)O)C(=CCC4C5(C)C(O)CC(O)C(C)(C)C5CCC43C)C2C1C,-4.0
O=C(NCC12CC3CC(CC(C3)C1)C2)Nc1ccc(F)c(F)c1F,-0.6780719051126377
Clc1cc(Cl)c(Cl)c(-c2nnc3sc(COc4ccccc4)nn23)c1,-2.643856189774725
CC(O)C1C(=O)N2C(C(=O)O)=C(SC3CNC(C=Cc4ccns4)C3)C(C)C12,5.321928094887363
O=c1oc2cc(O)ccc2c2oc3ccc(O)c(CN4CCCCC4)c3c12,-4.643856189774724
COCC(=CC1CCCN1)C1=C(C(=O)O)N2C(=O)C(C(C)O)C2C1,0.3584539709124763
CCOC(=O)c1sc(N=C2NC(=O)C(=C3C(=O)N(Cc4ccccc4)c4ccccc43)S2)nc1C,0.029146345659516508
CCCCn1c(-c2cc(-c3ccc(F)cc3)nc(N)n2)nc2ccccc21,-3.0
Cc1ccc(C(C)C)cc1OC(=O)c1ccccc1,-3.548436624696042
COc1ccc(C(=O)Oc2ccccc2)cc1OC,-4.0
Nc1cc2c(=O)c(C(=O)O)cn(C3CC3)c2cc1Cl,-1.0
COc1c(N2CCC(CN)CC2)c(F)cc2c(=O)c(C(=O)O)cn(C3CC3)c12,3.321928094887362
O=C1C(Cl)C(c2cc3ccccc3nc2S)N1c1ccc(F)cc1,-3.643856189774725
CCOC(=O)C1=C(C)NC(=S)NC1c1cc(=O)oc2ccc(C)cc12,-0.6780719051126377
COc1c(O)cc2cc(C)oc(=O)c2c1O,-4.0
CCc1[nH]c2nc(Sc3cnc4nccnc4c3)nc(N3CC(NC(=O)c4cnccn4)C3)c2c1Cl,-2.0
CCc1ccccc1-c1cc2nc(N)nc(N)c2cc1C,-3.0
COc1ccc(C2SCC(=O)N2c2ccccc2)cc1,-4.906890595608519
CN(C)c1ccc(C=Cc2cc(N3CCCC3)[n+](C)c3ccccc23)cc1,-4.0
COc1ccc(C(c2oc(CO)cc(=O)c2O)c2c[nH]c3ccc(Cl)cc23)cc1,-2.2265085298086795
CC1Cn2cc(C(=O)O)c(=O)c3cc(F)c(N4CCN(c5ccccn5)CC4)c(c32)S1,3.0588936890535687
COc1ccc(C(=O)NN)cc1OC,-4.523561956057013
OC(CNCCNc1ccc(C(F)(F)F)cn1)CSCc1ccc(C(F)(F)F)cc1,-5.0
c1cc2cc(-c3ccc(-c4cc5ccc(C6=NCCCN6)cc5o4)s3)[nH]c2cc1C1=NCCCN1,1.6896598793878495
CCC(C)CC(C)C=CCCC(O)C(Cc1ccc(O)cc1)NC,-4.0
NC1CCN2c3c(F)cc4c(=O)c(C(=O)O)cn(C5CC5)c4c3C=CC12,-0.0
COc1ccc(C(=O)N2CCCC3CN(c4c(F)cc5c(=O)c(C(=O)O)cn(C6CC6)c5c4OC)CC32)cc1,-0.29865831556451516
NCC1CN(c2nc3c(cc2F)c(=O)c(C(=O)O)cn3C2CC2F)CC1=NOCc1ccc2c(c1)OCO2,6.965784284662087
CC1(O)CC(=O)c2c(cc(O)c3c2C(=O)c2cccc(O)c2C3=O)C1,-4.0
Cc1cc(-c2nc3c(cc2F)c(=O)c(C(=O)O)cn3C2CC2)cc(C)n1,3.0
C=CC(C)(C=Cc1ccc(OCCCCN2CCN(CCCN(C)C)CC2)cc1)CCC=C(C)C,-1.6438561897747246
CCCCCCCCCOc1ccc(CNC(CO)(CO)CO)cc1,-4.0
NCC1CCN(c2c(Cl)cc3c(=O)n(N)c(=O)n(C4CC4)c3c2Cl)C1,1.0
O=C1CSC(=S)N1Cc1nnc(-c2cccc(Br)c2)o1,-4.0
COc1ccc2c(c1)Cc1c(C(=O)NN=Cc3ccc(O)c(OC)c3)n[nH]c1-2,-1.9634741239748859
CC(C)(C)n1cc(C(=O)O)c(=O)c2cc(F)c(N3CCNCC3)nc21,6.058893689053568
CC(=O)NCC1CC(c2ccc(-n3ccnc3)c(F)c2)=NO1,-4.0
O=C(NO)C(CO)OCc1ccc(C#Cc2ccc(CN3CCOCC3)cc2)cc1,-0.0
COC(=O)c1c(OC)cc2c(c1C)C(C=C(C)C)C1=C(O2)C(=O)C(C)=CC1=O,-5.0
CCSc1ccc(OCc2nnc3n2N=C(NC(=O)c2ccccc2O)CS3)cc1,-2.643856189774725
O=C(CSc1nnc(-c2cccc([N+](=O)[O-])c2)o1)Nc1ccc(C(=O)C=Cc2ccc(O)cc2)cc1,-4.965784284662087
NCCCC(N)CNC(CCc1ccccc1)CCc1ccccc1,-3.0
Cc1cccc(NC(=O)c2nc3ccccc3n2C)c1C,-5.0
COc1ccc(Br)c(C(=O)NN=Cc2ccccc2Cl)c1,-2.643856189774725
CCCc1ccc(C2=CCOB2O)cc1,-4.392317422778761
COc1cccc(Nc2cc(C)nc3ccc4c[nH]nc4c23)c1,2.0
CCCCC(CC(=O)NO)[S+]([O-])c1cccc(OC)c1,-2.0
COc1ccc(N2CCN(c3nc(Nc4ccc(C#N)c(C(F)(F)F)c4)nc(Oc4ncnc5ccccc45)n3)CC2)cc1,-2.643856189774725
CC(=O)OC1CCC2(C)C(=CC(=NNC(=S)NC3CCCCC3)C3C2CCC2(C)C(C(C)CCCC(C)C)CCC32)C1,-5.0
O=C(c1ccc(Cl)cc1)c1cc(NC(=O)c2cc(Cl)cc(Br)c2O)c(Cl)cc1Cl,-3.0
CCCCCCCCOC1C(CO)OC(OC2C(N)CC(N)C(OC3OC(CN)C(O)C(O)C3N)C2O)C(O)C1N,-5.0
COc1c(C)c(O)c2c(=O)cc(-c3ccc(O)cc3)oc2c1C,-5.0
CNC1=NC(=O)C(C(C)c2c[nH]c3ccc(Br)cc23)O1,-2.0
CCc1ccc(Nc2nn3c(-c4ccc([N+](=O)[O-])o4)nnc3s2)cc1,-4.643856189774724
NCCNCCNCCNC(CCCC1CCCCC1)CCCC1CCCCC1,-3.321928094887362
Fc1ccc(CCN2COc3c(cc(F)c4cccnc34)C2)cc1,-3.643856189774725
CC(C)C1C(=NO)CC(c2ccco2)N(C=O)C1c1ccco1,-4.643856189774724
COc1ccccc1COc1ccc2cc(C=C3SC(=S)N(C(Cc4c[nH]c5ccccc45)C(=O)O)C3=O)ccc2c1,-4.0
CON=C(C(=O)NC1C(=O)N2C(C(=O)[O-])=C(C[N+]3(C)CCCC3)CSC12)c1csc(N)n1,8.965784284662087
O=C1CCN(c2nc3c(cc2F)c(=O)c(C(=O)O)cn3-c2ccc(F)cc2F)CC1,1.3584539709124763
C#CCN(C)Cc1cc2cc(OCCCCC3CCN(Cc4ccccc4)CC3)ccc2n1C,-5.0
Cc1c(CN(C)C(=O)C=Cc2cnc3c(c2)CC2(CCN(C)CC2)C(=O)N3)oc2ccccc12,2.0
C#CCn1cc(-c2cnc(N)s2)c(=O)c2cc(F)cc(F)c21,-4.0
N#Cc1ccc2ccc(=O)n(CCN3CCC(NCc4ccc5c(c4)NC(=O)CO5)CC3)c2c1,2.0
COc1ccc2c(c1)c1c(C)c3c[n+](C)ccc3c(C)c1n2C,-0.0
CCCCCCN(CCCCCC)C(=O)C[N+](C)(C)CCCOc1cc(C(C)C)ccc1C,-2.0
CCc1ccc(Cc2cnc(N)nc2N)cc1,-3.321928094887362
Clc1ccccc1-c1nnc2c(Cc3ccccc3)nc3ccccc3n12,-4.643856189774724
CC=CC=CC(=O)NC(CC(=O)NC(C(=O)C1C(=O)N(C)C(=O)C1C)C(C)C)c1ccccc1,-4.0
Cc1cccc2c1CC1Sc3nnc(C(C)C)n3N=C21,-5.0
O=C(NNC(=O)c1ccc(-n2cccc2)cc1)c1ccc(O)cc1,-3.643856189774725
O=c1c2ccccc2[se]n1CCC1CCOCC1,-3.0
O=[N+]([O-])c1c(C(O)c2cc(Cl)cc(Cl)c2O)[nH]c(Cl)c1Cl,-5.0
O=c1c2cc(F)c(N3CC4CCCNC4C3)cc2n(C2CC2)c(=O)n1O,-0.0
Clc1ccc(CSC2=NCN(CCc3ccccc3)CN2)cc1,-3.0
C#CCOCCCCCCCCOc1ccc(-c2nc3ccc(-c4nc5ccc(N6CCN(C)CC6)cc5[nH]4)cc3[nH]2)cc1,-1.0
CCCCCCC1CC(=O)c2c(OCOC)cc(OCOC)cc2O1,-2.643856189774725
CCn1cc(C(=O)O)c(=O)c2cc(F)c(N3CCN(CNc4nc5ccccc5[nH]4)CC3)cc21,-0.0
C[n+]1cc(-c2ccccc2)c(C=Cc2ccc(N3CCCC3)cc2)cc1-c1ccc(C(C)(C)C)cc1,-3.0
O=C(CC(Sc1ccccc1)c1ccco1)c1ccccc1O,-3.9653225483672547
CC(O)C(NC1CCc2cc(C#Cc3ccc(CN4CCN(CCO)CC4)cc3)ccc21)C(=O)NO,-1.0
O=C(O)c1cn(C2CC2)c2nc(N3CC4CC3CS4(=O)=O)c(F)cc2c1=O,3.0
COC1=C(C(=O)O)N2C(=O)C(NC(=O)Cc3csc(N)n3)C2SC1,-3.0
CCCCCCCCCCN(CC1CN(c2ccc(N3CCOCC3)c(F)c2)C(=O)O1)C(=O)C(N)CCCCN,-5.0
O=C1COc2ccc(N3CC(CCNC4Cc5cccc(Cl)c5C4)OC3=O)nc2N1,-1.0
Cc1[nH]c(C(=O)NC2CCN(c3ncc(C(=O)O)s3)CC2C)c(Cl)c1Cl,1.0
Nc1nc(N)c2cc(S(=O)(=O)N3CCc4ccccc4C3)ccc2n1,-4.643856189774724
CC(C)Cc1ccc(C(C)c2nn(CN3CCN(c4cccc(Cl)c4)CC3)c(=S)o2)cc1,-4.643856189774724
O=C(O)c1cn(C2CC2)c2c(cc(F)c3nc[nH]c32)c1=O,-1.584962500721156
C=CCc1ccc(OCCN)c(-c2ccc(OCCN)c(CC=C)c2)c1,-4.0
O=c1[nH]c(=S)[nH]c2nc3ccccc3cc12,-4.963474123974886
CC(O)C1C(=O)N2C(C(=O)[O-])=C(C[n+]3ccc(C(N)=O)cc3)C(C)C12,1.3219280948873622
CS(=O)(=O)Nc1cccc(-c2nc3ccccc3n2Cc2ccccc2)c1,-4.0
CCNc1cc(F)cc2c1[nH]c1ncc(-c3cnc(N4CCOCC4)nc3)c(-n3ccc(C(F)(F)F)n3)c12,5.965784284662087
CCn1cc(C(=O)O)c(=O)c2c3sc(=O)n(C)c3ccc21,3.321928094887362
COc1ccc2c(c1)N(CCN1CCC(NCc3cc4c(cn3)OCCO4)CC1)C(=O)CO2,-0.0
CCCCCCCCCCCCCC(=O)OCCC[N+](C)(C)Cc1cnc(C)c2c1COC(C)(C)O2,-4.0
Oc1ccc(-c2sccc2CCBr)cc1O,-2.321928094887362
CC(O)C(NC(=O)N1CCN(c2ccc(C#Cc3ccc(CN4CCOCC4)cc3)cc2)CC1)C(=O)NO,-0.6415460290875237
CON=C1CCSC2=C1CN(c1cc3c(cc1F)c(=O)c(C(=O)O)cn3C1CC1)CC2,-5.0
O=C(O)c1cn(C2CC2)c2c(F)c(N3CC(Sc4nc5ccccc5s4)C3)c(F)cc2c1=O,-3.0
CON=C1CN(c2nc3c(cc2F)c(=O)c(C(=O)O)cn3C2CC2)CC1N,6.965784284662087
NCCCNCCCNC(CCCC1CCCCC1)CCCC1CCCCC1,-3.0
Cc1n[nH]cc1C=Nn1c(-c2ccccc2)nn(CN2CCN(C)CC2)c1=S,-2.584962500721156
CON=C(CN1CCN(c2cc3c(cc2F)c(=O)c(C(=O)O)cn3C2CC2)CC1)c1ccccc1Cl,5.321928094887363
CSc1ccc(C2CC(c3ccccc3)=NN2C(=O)NNS(=O)(=O)c2ccccc2)cc1,-4.643856189774724
CC1=C(C=CC(=O)C=Cc2ccccc2C)C(C)(C)CCC1,-4.930737337562887
Cc1ccc(-c2nn[se]c2C(c2ccccc2)C2CCCc3[se]nnc32)cc1,-4.643856189774724
C=CC1(C)CC(OC(=O)CSc2cc[n+](CCCCCC(=O)O)cc2)C2(C)C(C)CCC3(CCC(=O)C32)C(C)C1O,-5.0
CCCCOCC=C(C)CC1OCC(CC2OC2C(C)C(C)O)C(O)C1O,-3.643856189774725
CCOC(=O)C(CC12CCC(NCc3ccc4c(n3)NC(=O)CO4)(CC1)CO2)c1c(F)cnc2ccc(OC)nc12,-5.0
Cc1ncc([N+](=O)[O-])n1CC(C)OC(=O)C=Cc1cccc(Br)c1,-3.643856189774725
OC12C=C(c3nccc4c3[nH]c3ccccc34)C3CCN(CCCCC=CCC1)CC31CC3C=CC4CCC[N+]43C21,3.965784284662087
Cc1ccc2c(c1)ncn2Cc1cc(O)c2c(c1)C(=O)c1cccc(O)c1C2=O,-5.0
O=c1cc(Oc2nc(Nc3ccccc3)nc(N3CCOCC3)n2)c2ccccc2o1,-4.643856189774724
Cc1c(F)c(N2CCNC(C)C2)cc2c1c(=O)c(C(=O)O)cn2-c1ccc(F)cc1F,3.321928094887362
CC(C)Cc1ccc(C(C)c2nn(CN3CCNCC3)c(=S)o2)cc1,-3.643856189774725
CC1COc2c(N3CCC(O)C3)c(F)cc3c(=O)c(C(=O)O)cn1c23,5.965784284662087
CC(CCN1Cc2cc(C#CC#CC3(CN)CC3)cn2C1=O)(C(=O)NO)S(C)(=O)=O,-3.0
COC(=O)C1CC(O)CN1c1nc2c(cc1F)c(=O)c(C(=O)O)cn2C1CC1,-3.0
CN1CCc2c([nH]c3ccccc23)C1c1ccc(NC(=O)c2ccc(F)cc2)cc1,-4.0
CCN1CCN(C(=O)c2ccc3c(c2)OCCCO3)CC1,-4.643856189774724
COc1ccc(Br)c(C(=O)NN2C(=O)CSC2c2cccc3cc(OC)ccc23)c1,-2.643856189774725
N#Cc1ccc(Nc2nc(N3CCCCC3)nc(N3CCCCC3)n2)cn1,-4.643856189774724
Oc1ccc(C(Cc2ccc(Cl)cc2)=Nc2ccc(Br)cc2)cc1O,-3.643856189774725
CCOC(=O)C1=C(C)NC(=O)NC1c1cc(=O)oc2ccc(Cl)cc12,-4.643856189774724
CC(C)(C)OC(=O)NCCCn1[se]c2ccccc2c1=O,-3.0
O=C1COc2ccc(CNC34CCC(CCc5c(F)cnc6ccc(=O)n(CC=NO)c56)(CC3)OC4)nc2N1,-2.0
Cc1cccc2c1CCC(Cn1cncn1)C2=NOCc1cccc(Cl)c1,-2.643856189774725
CCOC(=O)C12COC(C(C)(C)C)N1C(=O)C(=C(C)NCCOc1ccccc1)C2=O,-5.0
COc1ccc2ncc(=O)n(CCN3CCC(NCc4cc5c(cn4)OCCO5)CC3)c2n1,2.0
C#CCCC1(CCNC(=O)c2ccc3c(c2)OCCCO3)N=N1,-2.643856189774725
Nc1c(F)c(N2CC(N)C2)c(F)c2c1c(=O)c(C(=O)O)cn2-c1ccc(F)cc1F,6.058893689053568
CCOC(=O)c1cn(C2CC2)c2cc([C-](C#N)C(=O)OCC)c(F)cc2c1=O,-4.0
Cc1c(N2CC(C3(N)CC3)C(F)(F)C2)c(F)c(N)c2c(=O)c(C(=O)O)cn(C3CC3F)c12,8.380821783940931
CCn1cc(C(=O)O)c(=O)c2cc(F)c(N3CCOCC3)cc21,2.321928094887362
NC(=O)c1cc(C2=Nn3c(nnc3-c3cc(Cl)cc(Cl)c3Cl)SC2)ccc1O,-2.643856189774725
CCCCCCCCCCCn1n[n+](C)c2c1C(=O)c1ccccc1C2=O,-5.0
Nc1ccc(C(=O)NNC(=O)c2ccc(-n3cccc3)cc2)cc1,-3.643856189774725
CCCCc1nc(Cl)c(C2NC(=O)NC(C)=C2C(=O)OCC)n1S(=O)(=O)c1cccc(Br)c1,-5.0
N#Cc1ccccc1NCCNCC(O)COc1ccc(C(F)(F)F)cc1,-4.0
Cn1cc([N+](=O)[O-])cc1C(=O)NNC(=O)NC1CCCC1,-0.6415460290875237
COc1ccc(C2=Nn3c(nnc3-c3cc(Cl)cc(Cl)c3Cl)SC2)cc1,-2.643856189774725
Cc1ccc(C2N=C(N3N=C(c4ccccc4)CC3c3c(F)cccc3F)S2)cc1,-3.0
CCC(NC)C1CCN(c2c(F)cc3c(=O)c4c(=O)[nH]sc4n(C4CC4)c3c2OC)C1,4.058893689053568
Cc1cccc2cc(C=C3SC(=S)N(CC(=O)O)C3=O)c(Cl)nc12,-4.906890595608519
CCCCCCCCn1c(CN2CCN(c3cc4c(cc3F)c(=O)c(C(=O)O)cn4C3CC3)CC2)nc2ccccc21,1.0
CNC(=O)COc1ccc2ncc(F)c(CCC34CCC(NCc5ccc6c(n5)NC(=O)CO6)(CC3)CO4)c2n1,-4.0
CON=C(C(=O)NC1C(=O)N2C(C(=O)O)=C(C[n+]3cccc(S(=O)(=O)[O-])c3)CSC12)c1csc(N)n1,4.058893689053568
CCn1cc(C(=O)O)c(=O)c2cc(F)c(N3CCOCC3)nc21,-1.6461626571578936
O=C(O)c1sc(-c2ccc(Cl)c(Cl)c2)cc1NC(=O)N(Cc1ccccc1)Cc1ccccc1,-4.643856189774724
Oc1cc(Br)c(Br)c(Br)c1Oc1cc(Br)cc(Br)c1O,-4.643856189774724
CCON=C1CCN(c2c(F)cc3c(=O)c(C(=O)O)cn(C4CC4)c3c2F)CC1(C)N,1.0
O=C1OC(CO)CN1c1ccc(-c2ccccc2)c(F)c1,-4.0
CC1SCC(=O)N1c1nnc2c3cc(Cl)ccc3nc-2s1,-4.906890595608519
CN1C=C2CC3C(CC(CNC(=O)OCc4ccccc4)CN3C)C3C=CC=C1C23,-3.0565835283663674
CC(O)C(NC(=O)c1ccc(C#Cc2ccc(C=NN3CCN(S(C)(=O)=O)CC3)cc2)cc1)C(=O)NO,1.0
CCOC(=O)c1cn(CC(O)Cn2c([N+](=O)[O-])cnc2C)c2c(F)cccc2c1=O,-4.0
CNc1cc(F)cc2c(NCC3CNC3)c(C(=O)Nc3ccc(C(=O)O)cc3)c(=O)[nH]c12,-4.0
CCn1cc(C(=O)O)c(=O)c2cc(F)c(N3CCN(CC4CO4)CC3)cc21,-1.0
N#Cc1ccc(Nc2nc(N3CCN(C(=O)c4ccccc4)CC3)nc(N3CCN(C(=O)c4ccccc4)CC3)n2)cn1,-4.643856189774724
COc1ccc(C2C(C#N)=C(N)Oc3[nH]c(=O)[nH]c(=O)c32)cc1,-4.643856189774724
CCCCON=C(C(=O)NC1CN2CC(S(C)(=O)=O)=C(C(=O)O)N2C1=O)c1csc(N)n1,2.0
O=Cc1nc(-c2cc(Cl)cc(Cl)c2)c(-c2cc(Cl)cc(Cl)c2)[nH]1,-5.0
COc1ccc(C=NNC(=O)c2nnn(-c3cc(C(F)(F)F)nc4c(C(F)(F)F)cccc34)c2C)cc1,-2.643856189774725
Cc1ccc(C(=O)CN2CCN(c3c(F)cc4c(=O)c(C(=O)O)cn5c4c3OCC5C)CC2)cc1,1.0
COc1c(N2CC3CCCN(C(=O)c4ccc([N+](=O)[O-])cc4)C3C2)c(F)cc2c(=O)c(C(=O)O)cn(C3CC3)c12,-0.29865831556451516
CCn1cc(C(=O)O)c(=O)c2cc(F)c(N3CCN(CC(=NOCc4ccccc4)c4nccs4)CC3)cc21,1.0
N#Cc1ccc(Cn2cc(CNC(=O)c3cccnc3)nn2)cc1,-2.643856189774725
CCCc1csc(SC2=C(C(=O)O)N3C(=O)C(C(C)O)C3C2C)n1,-3.643856189774725
CCOC(=O)c1c(OC)cnc2c(CCC34CCC(NCc5ccc6c(n5)NC(=O)CO6)(CC3)CO4)ccnc12,-4.0
CC(=O)OCC1=C(C(=O)OC(c2ccccc2)c2ccccc2)N2C(=O)C(Nc3nc4cc(CO)ccc4[nH]3)C2SC1,4.058893689053568
O=C(NN=Cc1ccc(I)cc1)c1ccc2c(c1)OCCCO2,-4.643856189774724
CCn1cc(-c2nc(N=Cc3ccc(F)cc3)n[nH]2)c(=O)c2ccc(C)nc21,5.011587974275212
CC(O)C1C(=O)N2C(C(=O)O)=C(SC3CNC(c4ccc(CNCC(N)=O)cc4)C3)C(C)C12,5.321928094887363
Clc1ccc(CN(Cc2nnn[nH]2)c2ccccc2)cc1,-5.0
NCC1CN(c2c(F)c(N)c3c(=O)c(C(=O)O)cn(C4CC4)c3c2F)CC1c1ccc(N)cc1,3.321928094887362
CCOP(=O)(OCC)C(O)C1=C(N(C)C)C(=O)N(c2cccc(Cl)c2)C1=O,-4.321928094887363
NCc1cccc(NCc2cncc(-c3ccc(C(=O)O)c(O)c3)c2)c1,-2.0
Oc1cccc(C=Nn2c(S)nnc2-c2cnccn2)c1,-4.643856189774724
CN1CCN(c2ccc3nc(-c4ccc(OCc5cn(CCCCN=[N+]=[N-])nn5)cc4)[nH]c3c2)CC1,-4.0
O=C(CC(=O)c1ccc(OC2OC(CO)C(O)C(O)C2O)cc1O)c1cccc(Cl)c1,-4.321928094887363
CCC(O)C1C(=O)N2C(C(=O)[O-])=C(SC3CCNC3)SC12,2.321928094887362
CC(COS(=O)(=O)O)C1CCC2C3C(F)CC4CC(NCCCNCCCCN)CCC4(C)C3CCC12C,-4.643856189774724
CCCCC=CC=C(C)C(=O)c1c(O)cc(C(C)CCC=CNC(=O)OC)oc1=O,-1.0
CN(C)C1C(O)=C(C(N)=O)C(=O)C2(O)C(O)=C3C(=O)c4c(O)c(NC(=O)C5CCN5)cc(F)c4CC3CC12,2.0
CC1(C)OC2OC3COB(c4cccc([N+](=O)[O-])c4)OC3C2O1,-3.228818690495881
CN1C2CCC1CN(c1nc3c(cc1F)c(=O)c(C(=O)O)cn3C(C)(C)C)C2,1.0
CCCCCCCCCCCCCCCCn1nnc2c1C(=O)c1ccccc1C2=O,1.0
CCCCCCCC[n+]1ccn(CCCCn2cc[n+](CCCCCCCC)c2)c1,-5.0
CC(C)NC(=S)NCC1CN(c2ccc(-c3nnc4ncccn34)cc2)C(=O)O1,-4.0
O=C(O)C1CCCN1C(=O)C(CS)C(F)(F)F,4.058893689053568
CCn1cc(C(=O)O)c(=O)c2cc(F)c(N3CCN(CC(=NOCc4ccccc4)c4ccoc4)CC3)nc21,4.351074440546879
COc1ccc2[nH]cc(-c3nc4sc5cc(F)ccc5n4c3Nc3ccc(F)cc3)c2c1,-4.3008558712687615
Cc1c(C)c2c(c(C)c1O)CCC(C)(C(=O)NN=C1C(=O)N(C)c3ccccc31)O2,-3.643856189774725
C=CCOc1ccc(Cc2cnc(N)nc2N)cc1OC,-2.925999418556223
O=C(Nc1ccc(F)c(F)c1F)OC1C2CC3CC(C2)CC1C3,-3.643856189774725
COc1ccc(-n2nc(C)n(-c3nnc(C)s3)c2=O)cc1,-3.963474123974886
CC(C)C1OC(=CC(=O)Cc2ccc(OC(F)(F)F)cc2)NC1=O,4.058893689053568
CN1C=C2CC3C(CC(CNC(=O)CCc4ccc(Br)cc4)CN3C)C3C=CC=C1C23,-3.356143810225275
CCOC(=O)Cc1ccccc1OC(=O)Cc1cccc(Br)c1,-2.643856189774725
CCCCCCCC=NNc1cc(C(F)(F)F)nc2c(C(F)(F)F)cccc12,-2.643856189774725
O=C1C(Cl)C(c2cc3ccccc3nc2S)N1c1ccc(Cl)cc1,-4.643856189774724
CCN1CCC2(CCN(c3nc4c(cc3F)c(=O)c(C(=O)O)cn4CC)C2)C1,1.3219280948873622
NCC1OC(OC2C(N)CC(N)C(OC3OC(CO)C(O)C(N)C3O)C2O)C(N)C(O)C1O,-0.0
CCc1c(-c2ccc(N3CCC(N(C)C)C3)cc2)[nH]c(=O)c2c(=O)[nH]sc12,9.965784284662087
CCc1c(-c2ccc(N3CCC(CNC)C3)cc2)[nH]c(=O)c(C(=O)O)c1O,1.3584539709124763
CCN1C(NN=Cc2ccc([N+](=O)[O-])s2)=NS(=O)(=O)c2ccccc21,-4.22881869049588
Nc1ccc(S(=O)(=O)CC(CO)n2cnc(I)c2)cc1,-5.0
O=C(Nc1ccc(F)cc1)OCc1cn(Cc2ccc(Br)cc2)nn1,-1.6415460290875237
CCCC(=O)N1CC(=O)C(=C(CCCCc2ccccc2)NC2CC(C)(C)N(C)C(C)(C)C2)C1=O,-5.0
CCc1cc(Nc2cc(=O)n(CCCCN3CCC(O)(c4ccc(Cl)cc4)CC3)c(=O)[nH]2)ccc1C,-4.321928094887363
C=C(C)n1cc(C(=O)O)c(=O)c2cc(F)c(N3CCNCC3)nc21,2.9434164716336326
c1ccc2c(c1)nc(-c1ccc(-c3nc4ccccc4c4nc5ccccc5n34)s1)n1c3ccccc3nc21,-1.3219280948873624
CCOC(=O)c1c(C)nnn1Cc1cc(=O)oc2ccc3c(c12)OCO3,2.321928094887362
COC1CC(c2ccccc2)=NN1C(C)=NOC(=O)c1ccc(C(F)(F)F)cc1,-0.6433944534798923
COCCn1c(S)nnc1-c1cnc2c(C(F)(F)F)cccc2c1N1CCN(C2CCCCC2)CC1,-2.643856189774725
COc1ccc(C(=O)OC(C)(C)C)cc1OC,-4.321928094887363
O=C(c1cccnc1)N1N=C(c2ccc(O)cc2)CC1c1ccc([N+](=O)[O-])cc1,-2.700439718141092
Fc1cccc(C=Nn2c(S)nnc2-c2cnccn2)c1,-4.643856189774724
CCOC(=O)C1=C(C)N=c2sc(=Cc3ccc(SC)cc3)c(=O)n2C1c1ccc(SC)cc1,-4.643856189774724
COc1ccccc1NC(=O)Nc1c(-c2ccc(F)cc2)nc2ccccc2c1O,-2.643856189774725
CCC(C)C(=O)C1=C(O)C(C)(CC=C(C)C)C(=O)C2(CC3C(CCC3(C)O)C(C)(O)C2)C1=O,-5.0
CON=C1CN(c2cc3c(cc2F)c(=O)c(C(=O)O)cn3C2CC2)CC1CN,6.965784284662087
CCON=C(C(=O)NC1C(=O)N2C(C(=O)[O-])=C(C[n+]3cccc4c3ccn4CCCNC)CSC12)c1nsc(N)n1,2.0
CC(=CC(=O)NCC1CC2C3C=CC=C4C3C(=CN4C)CC2N(C)C1)c1ccc(S(C)(=O)=O)cc1,-4.0
O=c1c(Cc2ccc(Cl)cc2Cl)nnc2scc(-c3ccc(Br)cc3)n12,-2.643856189774725
CON=c1[nH]cnc2c1[n+](CC=C(C)CCC=C(C)CCC1CCCCC1)cn2C,-4.0
CCNc1cc(F)cc2c1[nH]c1ncc(-c3cncc(C#N)c3)c(-n3ccc(C(C)C)n3)c12,2.0
Cc1c2ccccc2nc2c1c(C(F)(F)F)nn2CC(=O)N1CCOCC1,-2.963474123974886
Cc1ccc2cc(C=CC(=O)c3ccccc3)c3nnnn3c2c1,-2.643856189774725
CCOC(=O)CSC1=C(Nc2ccccc2)C(=O)c2ccccc2C1=O,-2.643856189774725
Cc1ncc([N+](=O)[O-])n1CC(O)CN1CCN(c2cc3c(cc2F)c(=O)c(C(=O)O)cn3C2CC2)CC1,-4.0
CCn1cc(C(=O)O)c(=O)c2cc(F)c(NC(=O)C3CCC(COc4c(C)cccc4C)CC3)c(F)c21,-5.0
COc1ccc(C=CC(=O)c2ccccc2NC(=O)NS(=O)(=O)c2ccc(C)cc2)c(OC)c1,-5.0
Cc1cccc2sc3nc(C=C4C(=O)N5C(C(=O)[O-])=CSC45)cn3c12,4.058893689053568
CC(O)C1C(=O)N2C(C(=O)O)=C(SC3COCC3CN)C(C)C12,4.058893689053568
CCn1ccc2c3c(N)nc(N)nc3ccc21,2.0
COc1ccc(CSc2c(F)c(N3CCN(C)CC3)c(F)c3c2c(=O)c(C(=O)O)cn3C2CC2)cc1,-3.643856189774725
CCc1ccc(Oc2cccc(F)n2)c(O)c1,-2.0
COc1ccc(-c2nnc(-c3cc(C)on3)o2)c(F)c1,-2.584962500721156
O=C1NC(=S)SC1=Cc1cc2cc(F)ccc2nc1Cl,-4.906890595608519
CNn1cc(C(=O)O)c(=O)c2cc(F)c(N3CCCC3)cc21,-0.0
CCCCCCCCCCCCCC(=O)OCC[N+](C)(C)Cc1cnc(C)c2c1COC(CCC)O2,-4.0
N#Cc1c(NN=Cc2ccc(F)cc2)nc(=S)[nH]c1-c1ccc(F)cc1,-5.0
Cc1[nH]c(C(=O)Nc2nc3c(F)cc(C(=O)O)cc3s2)c(Cl)c1Cl,-4.0
O=C(O)c1cn(CC(O)Cn2cnc([N+](=O)[O-])c2)c2c(F)cc(F)cc2c1=O,-5.0
CCON=C1CN(c2nc3c(cc2F)c(=O)c(C(=O)O)cn3C2CC2F)C1CN,3.0
CN1CCN(c2cc3c(cc2Cl)c(=O)c(C(=O)O)c2n3CS2)CC1,2.321928094887362
O=C(NO)c1ccc(=O)n(-c2ccc(C#Cc3ccc(CN4CCOCC4)cc3)cc2)c1,-0.0
Nc1ccc(S(=O)(=O)N2N=Cc3cc(Br)ccc3B2O)cc1,-3.321928094887362
O=C(CC1SC(=O)NC1=O)Nc1nnc(-c2ccc(F)cc2)s1,-3.0
Nc1ncc(Cc2ccc3ncccc3c2)c(N)n1,-1.584962500721156
CC(Nc1ccc(Cl)cc1)(c1cccnc1)P(=O)(Oc1ccccc1)Oc1ccccc1,-3.321928094887362
CCCCCCCN=c1ccn(CCCCCn2ccc(=NCCCCCCC)cc2)cc1,-1.9634741239748859
O=c1n(CC#CCN2CCCCCCC2)nc(-c2ccccc2)n1-c1ccccc1,-2.643856189774725
CON=C(C(=O)NC1C(=O)N2C(C(=O)O)=C(CSc3nc(=O)c(O)nn3C)CSC12)c1csc(N)n1,6.643856189774724
O=C1c2cccc3c(Br)ccc(c23)C(=O)N1CCCCn1cc[n+](Cc2ccc(F)cc2F)c1,-3.0
O=C1c2cccc(O)c2C(=O)c2c(O)cc(Cn3cnc4ccccc43)cc21,-4.0
CC1OC(=O)c2c(O)cc(O)cc2C1Cl,-5.0
Cc1ccc2nc(Cl)cc(Oc3ccc4c(C)cc(=O)oc4c3)c2c1,-3.643856189774725
CC(C)CCOc1cc(C(=O)NCc2ccccc2)cc2ccccc12,-0.0
CON=C(C(=O)NC1C(=O)N2C(C(=O)[O-])=C(C[n+]3cc(C)c4ccccc4c3)CSC12)c1csc(N)n1,5.058893689053568
CON=C1CN(c2c(F)c(N)c3c(=O)c(C(=O)O)cn(C4CC4)c3c2F)CC1CN,6.965784284662087
Cc1nn(-c2ccccc2)c(-n2cncn2)c1C1CC(c2cccs2)=NN1C1=NC(=O)C(=Cc2cccs2)S1,-4.643856189774724
Cc1c(F)c(N2CC(N)C2C)nc2c1c(=O)c(C(=O)O)cn2C1CC1,3.0588936890535687
CCCCC(CN(O)C=O)C(=O)N1CCCC1c1nnc(-c2ccc(C(F)(F)F)cc2)s1,-4.0
CC(NCCOc1ccccc1)=C1C(=O)C2CCCC(=O)N2C1=O,-5.0
CC(C)CNCCOc1cc(O)c2c(=O)cc(-c3ccc4c(c3)OCCO4)oc2c1,-4.643856189774724
COc1c(N2CCC(CNCC(C)C)C2)c(F)cc2c(=O)c3c(=O)[nH]sc3n(C3CC3)c12,2.9434164716336326
FC(F)(F)c1cccc2c(N3CCN(C4CCCCC4)CC3)c(-c3nnc(S)n3-c3ccccc3)cnc12,-2.643856189774725
CCOC(=O)c1cn(CC(O)Cn2cncn2)c2ccc(F)cc2c1=O,-4.0
CCCn1c(C2CC(=O)N(c3cccc(Br)c3C)C2)nc2ccccc21,-5.0
O=C(OCc1cn(Cc2ccccc2F)nn1)c1cnccn1,-4.643856189774724
CN(C)c1ccc(C=Cc2cc(N3CCCCC3)c3ccccc3[n+]2C)cc1,-4.0
Cc1cc(N(C)C)nc2c(C)cc(Cc3cnc(N)nc3N)cc12,-3.321928094887362
Clc1cccc(-n2nc(C3CCNCC3)cc2C=Cc2ccc(OCc3ccc(Cl)c(Cl)c3)cc2)c1,-2.0
Clc1cc(Cl)c(Cl)c(-c2nnc3sc(-c4cccc5ncccc45)nn23)c1,-2.643856189774725
CON=C(C(=O)NC1C(=O)N2C(C(=O)[O-])=C(C[n+]3ccccc3)CSC12)c1csc(N)n1,5.058893689053568
COC(=O)CSc1c(-c2cccc(OC)c2)nc2ccccc2c1-c1ccccc1,-3.643856189774725
CCn1cc(C(=O)O)c(=O)c2cc(F)c(N3CCN(Cc4oc(CO)cc(=O)c4O)CC3)cc21,0.3584539709124763
CCOc1ccc2c(c1)cc(C(O)P(=O)(OCC)OCC)c1nnnn12,-3.9068905956085187
O=c1[nH]c2ccccc2nc1NN=C1CCCC1,-4.968090752045256
CCCCc1nc2sc3c(NCCN(C)C)nc(SC)nc3c2c2c1CCC2,-3.0
CC(N)C(=O)NC(C)C(=O)NCC1OCCC1SC1=C(C(=O)[O-])N2C(=O)C(C(C)O)C2C1C,4.058893689053568
NC1CN(c2cc3c(cc2F)c(=O)n(O)c(=O)n3C2CC2)C1,2.0
CCCn1c(-c2ccc(Cl)cc2Cl)nc2cc(C(=O)NN=Cc3cccc(Cl)c3Cl)ccc21,-3.643856189774725
COc1ccc(-[n+]2noc([O-])c2C(=O)CSc2nnc(Cc3ccccc3)c(=O)n2N)cc1,2.0
O=c1[nH]sc2c1c(=O)c1cc(F)c(-c3ccc(F)cc3)cc1n2C1CC1,2.0
COc1cc(OC)c(N2C(=O)c3nccnc3C2=O)c(OC)c1,-3.169925001442312
Oc1c2c(nn1-c1ccc(F)cc1)CCS2,-5.0
CC(C)CCCC(C)C1CCC2C3C(NCCCNCCCCN)C=C4CC(O)CCC4(C)C3CCC12C,-1.6415460290875237
COC1CN(c2nc(C)c(C(=O)O)s2)CCC1NC(=O)c1[nH]c(C)c(Cl)c1Cl,2.0
COC1(NC(=O)Cc2ccccc2)C(=O)N2C(C(=O)[O-])=C(CC#N)COC21,-3.643856189774725
O=C1N2CC(CCC2Cn2cc(-c3cccnc3)nn2)N1OS(=O)(=O)[O-],5.058893689053568
NC(=O)C[S+]([O-])C1CCC2CN1C(=O)N2OC(F)C(=O)[O-],-5.0
CC(=O)N1CCN(c2ccc(N3CC(CN(C(=O)OC4CC4)C(=O)C4CC4)OC3=O)cc2F)CC1,-5.0
CCCn1cc(C(=O)OCC)c(=O)c2cc(F)c([C-](C#N)C(=O)OCC)cc21,-2.0
CC1C(NC(=O)C(=NOCC(=O)N2CCCC2C(=O)O)c2csc(N)n2)C(=O)N1S(=O)(=O)O,3.0588936890535687
CCON=C(C(=O)NC1C(=O)N2C(C(=O)[O-])=C(C=CC[n+]3ccc(C([O-])=NC#N)cc3)CSC12)c1csc(N)n1,2.0
COc1cccc(N2CC(c3nc4ccccc4n3C)CC2=O)c1C,-5.0
CC(C)c1csc(-c2nnc(S(=O)(=O)Cc3ccc(Cl)cc3)o2)n1,-2.0
CN1C(NNC(=O)c2ccc(-c3cccc([N+](=O)[O-])c3)o2)=NS(=O)(=O)c2ccccc21,-4.22881869049588
O=C(O)c1cn(C2CC2F)c2cc(N3CCNCC3)c(F)cc2c1=O,4.321928094887363
Sc1nnc(CSc2nnc(-c3ccccc3)n2-c2ccccc2)n1-c1ccccc1,-4.643856189774724
Cc1cc(C)n(C(=O)c2[nH]nc(-c3ccc(Cl)cc3)c2N)n1,-4.321928094887363
COc1ccc2ncc(OC)c(CCC34CCC(NCc5ccc6c(n5)NC(=O)CO6)(CC3)CO4)c2n1,-4.0
Cn1nnnc1SCC1=C(C(=O)[O-])N2C(=O)C(NC(=O)C(NC(=O)C3CO3)c3ccccc3)C2SC1,-3.643856189774725
N#CCc1cc2c(cc1F)c(=O)c(C(=O)O)cn2Cc1ccc(C(F)(F)F)cc1,-3.0
O=C(O)c1ccc(NC(=O)c2nn(-c3ccccc3)c(-c3ccccc3)c2C(=O)c2ccccc2)cc1,-4.949534933017012
CCC(C)CC(C)C=CCCC(O)C(Cc1ccc(O)cc1)N(C)C,-5.0
COc1ccc(-c2ccn(CCC(C)(C(=O)NO)S(C)(=O)=O)c(=O)c2)c(F)c1,4.058893689053568
Fc1cc(-c2cc3ccc(C4=NCCCN4)cc3[nH]2)ccc1-c1cc2ccc(C3=NCCCN3)cc2o1,1.6896598793878495
N#CC1=C(C(=O)O)N2C(=O)C(NC(=O)Cc3ccccc3)CN2C1,-5.0
N#Cc1c(-c2ccc(F)cc2)c(C#N)c(=O)n(N=Cc2cn(-c3ccccc3)nc2-c2ccccc2)c1N,-3.643856189774725
CNC1CCN(c2nc3c(cc2F)c(=O)c(C(=O)O)cn3-c2ccc(F)cc2F)CC1=NOC,3.0
O=C(O)c1nccn1Cc1cc(Br)cc(Br)c1,1.0
Cc1ccc2c(c1)C(=NNC(=O)NN=C1C(=O)N(Cc3ccccc3)c3ccc(C)cc31)C(=O)N2Cc1ccccc1,-2.643856189774725
c1cn(CCCCCCCCCCn2ccc(=NC3CCCCC3)cc2)ccc1=NC1CCCCC1,-2.963474123974886
Cc1c(F)c(N2CC3CC2C(C)N3)nc2c1c(=O)c(C(=O)O)cn2C1CC1,7.965784284662087
O=C(O)c1cn(C2CC2c2ccccc2)c2cc(N3CCNCC3)c(F)cc2c1=O,-3.596935142387232
Cc1ncc(CN2CCN(c3cc4c(cc3F)c(=O)c(C(=O)O)cn4C3CC3)CC2)c2c1OCOC2,-1.0
Nc1nc(-c2cccc([N+](=O)[O-])c2)cc(-c2cccc3ccccc23)n1,-4.285402218862249
Cc1c(N2CCC(N(C)C)C2)c(F)cn2c(=O)c(C(=O)O)cc(C3CC3)c12,5.643856189774724
CN(Cc1cccc2ccccc12)c1cnc2nc(N)nc(N)c2n1,-4.643856189774724
OB(O)c1cccc(Cn2cc(-c3ccsc3)nn2)c1,5.058893689053568
NC1(c2ccccc2)CCN(c2c(F)cc3c(=O)c(C(=O)O)cn(C4CC4)c3c2F)C1,6.265344566520995
Brc1cccc(CNCCCNc2nc3ccccc3s2)c1,-5.0
NCc1ccc(-c2ccc(N3CC(CO)OC3=O)cc2F)cc1O,-3.0
O=C(NN=C1C(=O)N(Cc2ccccc2)c2ccccc21)NN=C1C(=O)N(Cc2ccccc2)c2ccccc21,-2.643856189774725
O=c1cc(NCCCNC2CCOc3c(Br)cc(Br)cc32)[nH]c2ccsc12,-5.0
COC(=O)c1cn(C2CCN(c3nc4c(cc3F)c(=O)c(C(=O)O)cn4C3CC3)CC2)nn1,-0.0
Cc1cccc(OCc2ccccc2-c2nnc(Cc3cccnc3Cl)o2)c1,-3.643856189774725
COc1ccc(CN2CCN(c3cc4c(cc3F)c(=O)c(C(=O)O)cn4C3CC3)CC2)cc1OC,1.0
CCc1[nH]c2nc(Sc3ccc4c(N)nc(C)nc4c3)nc(N3CCC(N)C3)c2c1Cl,-1.0
CCOC(=O)CSc1nc2cc(Cl)cc(Cl)c2o1,-2.643856189774725
CCCCCCCCC1CCC(=O)c2[nH]c(C)c(OC)c(=O)c21,-5.0
CC1C(=NN=Cc2ccco2)CC(c2ccccc2)NC1c1ccccc1,-4.643856189774724
COC(=O)CC1=C(C(=O)O)N2C(=O)C(NC(=O)C(N)c3ccccc3)C2SC1,-4.954196310386875
COc1ccc(C=Nn2c(-c3nc(C(C)C)cs3)nn(CN3CCN(C)CC3)c2=S)cc1,-4.965784284662087
Cc1ccc(-c2cc3c(cc2F)c(=O)c2c(=O)[nH]sc2n3C2CC2)cc1N,3.0
N=C(c1ccc2cc(-c3ccc(-c4cc5ccc(C(=N)N6CCCC6)cc5[nH]4)cc3)[nH]c2c1)N1CCCC1,-2.0
O=C(c1ccccc1)c1cn(-c2ccccc2)nc1-c1ccc([N+](=O)[O-])s1,2.0
O=C(Cc1ccncc1)NC1C(=O)N2C(C(=O)O)=C(Cc3cccnc3)CSC12,-4.643856189774724
COc1ccc2nc(C)cc(-n3cc(CNC(=O)c4ccccc4F)nn3)c2c1,1.3219280948873622
Oc1ccccc1Oc1ccccc1,-1.8875252707415875
COc1ccc(OC)c(CN2CCN(c3cc4c(cc3F)c(=O)c(C(=O)O)cn4C3CC3)CC2)c1,-0.0
CN1CN=C(SCc2ccc(Cl)cc2)NC1,-3.0
Nc1nc(N)c2nc(CN(C=O)c3ccc(Cl)c(Cl)c3)cnc2n1,-4.643856189774724
NC1CCN(c2cc3c(c(O)c2F)c(=O)c(C(=O)O)cn3C2CC2)C1,6.265344566520995
Cc1cc(NN2C(=O)CCC2=O)n2ncc(C#N)c2n1,-3.321928094887362
O=[N+]([O-])c1c[nH]c(-c2nnc(C3CCCNC3)o2)c1,-1.6438561897747246
CC1=CC2CN(C(=O)N2OC(F)C(=O)O)C1C(=O)NCCNS(N)(=O)=O,-1.0
O=C1c2cccc3cccc(c23)C(=O)N1c1ccc([N+](=O)[O-])cc1[N+](=O)[O-],-2.0
CC1(C)C2CC=C(C3CC(=O)c4ccc(O)cc4O3)C1C2,-2.643856189774725
O=C1CSc2cccc(Cl)c2N1Cc1ccccc1,-4.0
CCNc1cc(F)cc2c1[nH]c1ncc(-c3cncc(C#N)c3)c(-n3nc(C(F)(F)F)cc3CO)c12,-4.0
Nc1nc(C(=NO)C(=O)NC2C(=O)N3C(C(=O)O)=C(C=C4CN(c5ccccc5)C4=O)CSC23)cs1,-0.0
CC(=O)N1N=C(c2ccc(-n3cccc3)cc2)CC1c1ccc(C(C)C)cc1,-4.643856189774724
Cc1ccc(-c2ccc(C(=O)NC(C(=O)NO)C(C)(C)NS(C)(=O)=O)cc2)cc1,-0.0
O=C(O)CNC(=O)c1ccc(NC(=S)Nc2ccc(S(=O)(=O)Nc3ncccn3)cc2)cc1,-2.643856189774725
Cn1nnnc1SCC1=C(C(=O)O)N2C(=O)C(NC(=O)Cc3ccc(O)cc3)C2OC1,1.3584539709124763
NCC1CCCN(c2nc3c(cc2F)c(=O)c(C(=O)O)cn3C2CC2)C1,1.3219280948873622
COC1CN(c2nc(-c3cnccn3)c(C(=O)O)s2)CCC1NC(=O)c1[nH]c(C)c(Cl)c1Cl,1.0
Cc1ccc(C(C)C)cc1OCCCCC[N+](C)(C)CC(=O)N(CC(C)C)CC(C)C,-5.0
COc1ccc(NN=C2C(=O)N(CC(=O)n3[nH]c(N)cc3=O)N=C2C(F)(F)F)cc1,-3.933572638261024
N#Cc1c(NC(=O)c2cc(OCCNC(=N)N)ccc2Cl)sc2c1CCN(Cc1ccccc1)C2,-3.0
NNc1nc2ccccc2[nH]c1=O,-3.963474123974886
CC1CCCCCC=CC(O)CC(O)CC=CC=CC(OC2OC(CO)C(O)C(O)C2O)CC=CC=CC(=O)O1,4.058893689053568
C=Cc1c(CNC23CCC(CCc4c(F)cnc5ccc(OC)nc45)(CC2)OC3)nc2c(c1C)OCC(=O)N2,-5.0
Cn1c(CCC(=O)NCCNC(=O)Cc2ccccc2)nc2ccccc21,-5.0
Fc1cnc(-c2nn3c(-c4ccccc4Cl)nnc3s2)c(F)c1,2.6803820657998387
CCC(C)C(N)C(=O)NC1CN(c2c(F)cc3c(=O)c(C(=O)O)cn(C4CC4)c3c2OC)CCC1=NOC,-3.0
CC(O)C(NC(=O)N1CCN(c2ccc(C#Cc3ccc(C(F)(F)F)cc3)cc2)CC1)C(=O)NO,-0.6415460290875237
COc1ccc(C(=O)N(C)C)cc1OC,-3.9068905956085187
COc1ccc2nc(C)cc(-n3cc(CN4CCN(C(=O)c5ccccc5Cl)CC4)nn3)c2c1,-2.643856189774725
CCNC(C)C1CCN(c2nc3c(cc2F)c(=O)c(C(=O)O)cn3-c2ccc(F)cc2F)C1,1.3219280948873622
CC(C)(C)n1cc(C(=O)O)c(=O)c2cc(F)c(N3CC4CC3CN4)nc21,6.965784284662087
C=C1C(=O)CCC2(C)c3cccc(OC)c3CCC12,-2.655351828612554
COc1ccc2[nH]cc(C=C3C(=O)OC(C)(C)OC3=O)c2c1,-3.321928094887362
O=c1c2ccccc2nc(C=Cc2ccc3c(c2)OCO3)n1-c1cccc(O)c1,-4.0
Cc1nnc(SCC2=C(C(=O)[O-])N3C(=O)C(NC(=O)CS(C)(=O)=O)C3SC2)s1,-3.700439718141092
O=C(NNc1ccc(Cl)cc1)c1ccc2ccccc2n1,-4.0
Clc1ccc(OCc2ccccc2COc2ccc(Cl)c3cccnc23)c2ncccc12,-5.0
Cc1ccc(F)cc1NC(=O)NCCNc1ccnc2c(F)cc(F)cc12,-4.643856189774724
[N-]=[N+]=NC1C(CO)OC(OC2C(NC(=O)C(O)CCN)CC(N)C(OC3OC(CN)CCC3N)C2O)C(O)C1N,-1.0
CCCCCCCCCCn1cc(CC(=O)NCCN(CCN)CCN)c2ccccc21,-3.643856189774725
CC1(C)C(NC(=O)C(=NOC(c2ccccc2)c2cc(=O)c(O)cn2O)c2csc(N)n2)C(=O)N1OS(=O)(=O)O,5.058893689053568
COC(=O)NC=CCCC(C)c1cc(O)c(C(=O)NCC=C(C)CCC=C(C)C)c(=O)o1,-4.0
O=c1cc(NCC(O)CN2CCN(c3nccc4ncccc34)CC2)c2cc(F)ccc2o1,-1.0
Cc1ccc(-c2nc3sc(C)nn3c2C=NNc2nc(-c3ccc([N+](=O)[O-])cc3)cs2)cc1,-2.643856189774725
CCOC(=O)c1c(C)nnn1Cc1cc(=O)oc2cc(C)ccc12,2.321928094887362
Oc1ccc(Br)cc1CNc1ccc(Br)cc1,-4.643856189774724
CC1C=CC(=O)C2(C)CCC3C4C(C)(CCC4(CO)CO)CC132,-5.0
O=C1c2cccc3cccc(c23)C(=O)N1c1nc(-c2cc3ccccc3oc2=O)cs1,-4.22881869049588
O=c1[nH]sc2c1c(=O)c1cc(F)c(-c3ccc(C4CCCCN4)cc3)cc1n2C1CC1,2.0
CSCCC(N)C(=O)N(O)CC1OC(n2cnc3c(N)ncnc32)C(O)C1O,1.0
O=C1Nc2ccccc2C1(O)C1(OCc2ccc(Cl)cc2)C(=O)Nc2ccccc21,3.7563309190331373
CCn1cc(C(=O)O)c(=O)c2cc(F)c(N3CCN(CC(=O)Nc4nc5c(Cl)ccc(Cl)c5s4)CC3)cc21,-2.584962500721156
CC(=NNC(=N)N)c1sc(NN=Cc2ccc(-c3ccc(F)cc3)cc2)nc1C,-4.0
CC(=O)OCC1=C(C(=O)[O-])N2C(=O)C(Nc3cc[n+](Cc4ccccc4)cc3)C2SC1,1.0
COCCOC(=O)C12COC(C(C)(C)C)N1C(=O)C(=C(C)NCCOc1ccccc1)C2=O,-5.0
OCc1ccc2cc1OCC#CC=CC#CCO2,-3.0
CC(C)=CCc1c(OCCCCF)cc(C=Cc2ccc(C(F)(F)F)cc2)c(C(=O)O)c1O,-5.0
CC(C)CNc1nccc(NCc2ccc(-c3ccccc3)s2)n1,-3.0
CCOP1(=O)Nc2nnc(C)c(=O)n2NC1C,-2.643856189774725
COC1CC(=O)c2cc(C(N)=O)ncc21,-4.643856189774724
CC(C)N1C(NN=Cc2ccc([N+](=O)[O-])s2)=NS(=O)(=O)c2ccccc21,-4.22881869049588
CN(C)C1CCN(c2cc3c(cc2F)c(=O)c(C(=O)O)cn3-c2ccc(F)cc2)C1,1.3584539709124763
N#CC1=C(N)Oc2ccc(Sc3nc4ccccc4s3)cc2C1c1ccc(Cl)cc1,-5.0
O=C(Nc1ccccc1)N(Cc1cc(Br)cc(Br)c1O)c1ccccc1Cl,-2.643856189774725
CNC(=O)CCc1ccc(CNCc2cccc(NCc3ccc(-c4ccc(C(=O)O)c(O)c4)o3)c2)cc1,-3.0
O=C1CSC(N2N=C(c3ccc(Cl)c(Cl)c3)CC2c2ccco2)=N1,-3.643856189774725
CC(N)C1=C(C(=O)O)N2C(=O)C(C(C)O)C2S1,-3.5459683691052923
CCOc1ccc2nc(NS(=O)(=O)c3ccc(C)cc3)sc2c1,-1.632268215499513
O=[N+]([O-])c1ccc2nc(-c3ccc4nc(-c5ccc(Br)cc5)c(Nc5ccccc5)n4c3)[nH]c2c1,-3.5008020530571575
CC1(C)SC2C(NC(=O)C(N)c3ccc4c(c3)OCO4)C(=O)N2C1C(=O)O,-4.643856189774724
C[n+]1cc2c(c3ccccc31)Nc1cccc(O)c1S2,-3.807354922057604
CNC(=O)Cn1nc(C(F)(F)F)c2c(C)c3ccccc3nc21,-2.963474123974886
O=[N+]([O-])c1ccc2[nH]cc(CN3CCN(Cc4ccc(Cl)cc4Cl)CC3)c2c1,-5.0
CCCCCCCCCC(NC(C)CCCN(CC)CC)=C1C(=O)N2C(C(C)(C)C)OCC2(C(=O)OC)C1=O,-5.0
CON=C(CN1CCN(c2cc3c(cc2F)c(=O)c(C(=O)O)cn3C2CC2)CC1)c1ccc(Cl)cc1Cl,5.321928094887363
Cn1cc(C=C2C(=O)OC(C)(C)OC2=O)c2cc(Br)ccc21,-3.9068905956085187
O=[N+]([O-])c1cccc(-c2nnc(-c3ccc(-n4cccc4)cc3)o2)c1,-3.0
CCCCCCCNC(=O)CCNC(=O)C(O)C(C)(C)CN,-5.0
N#Cc1cccc(S(=O)(=O)NC2CCN(Cc3ccc(-c4ccccc4)cc3)C2)c1,3.321928094887362
CC(O)C1C(=O)N2C(C(=O)O)=C(SC(=S)N(C)c3ccccc3)C(C)C12,-4.643856189774724
O=[N+]([O-])c1c[nH]c(-c2nnc(C3(c4ccccc4)CC3)o2)c1,-0.6415460290875237
COc1cccc(OC)c1-c1cn(C2C(=O)N3C2SC(C)(C)C3C(=O)O)nn1,-3.0
CCn1cc(C(=O)O)c(=O)cc1-c1ccc(N(C)C)cc1,1.3584539709124763
Cn1nnnc1SCC1=C(C(=O)[O-])N2C(=O)C(Nc3cc[n+](COCC(Cl)(Cl)Cl)cc3)C2SC1,4.058893689053568
CC1(N)CN(c2c(F)c(N)c3c(=O)c(C(=O)O)cn(C4CC4)c3c2F)C1,6.058893689053568
CN1CCN(c2cc3c(cc2F)c(=O)c(C(=O)O)cn3C=CF)CC1,5.321928094887363
COc1ccc(CC(=O)Nc2ccc(-c3nc4ccccc4s3)cc2)cc1,6.965784284662087
COc1ccc(-c2nnc(NC(=O)CC3SC(=O)NC3=O)s2)cc1,-5.0
O=C(O)Cc1cc2c(cc1F)c(=O)c(C(=O)O)cn2C1CC1,1.0
CC1Cn2cc(C(=O)O)c(=O)c3cc(F)c(-n4ccnc4)c(c32)S1,3.0588936890535687
COCCn1c(S)nnc1-c1cnc2c(C(F)(F)F)cccc2c1N1CC(C)OC(C)C1,-2.643856189774725
O=C(O)c1cn(C2CC2)c2c(Cl)c(N3CCNCC3)c3nc[nH]c3c2c1=O,5.321928094887363
O=c1cc(CCl)oc(CN2CCN(c3ccccc3F)CC2)c1O,-4.0
CCOC(=O)C1=C(C)NC(=S)NC1c1ccc(NC(=S)Nc2ccccc2Cl)cc1,-3.321928094887362
Nc1nc(N)c2c(Cl)c([S+]([O-])c3ccccc3Cl)ccc2n1,-4.643856189774724
Cc1ccccc1-c1cc2nc(N)nc(N)c2cc1C,-3.0
COc1cc(Cc2c(C)nc(N)nc2N)cc(OC)c1OC,-4.906890595608519
Cc1ccccc1OCc1ccccc1-c1nnc(-c2cccc(Br)c2)o1,-4.643856189774724
Cc1c(N2CCC(C)(N)C2)c(F)cn2c(=O)c(C(=O)O)cc(C3CC3)c12,6.643856189774724
CCN(CC)[c+]1sc2c(s1)C(c1ccc(I)cc1)Oc1ccc(Cl)cc1-2,-0.963474123974886
CCCc1cc(Cc2cnc(N)nc2N)cc(OC)c1OC,-2.584962500721156
CCOc1ccccc1Nc1c2ccccc2[n+](C)c2c1[nH]c1ccccc12,-3.0
CC(CCN1Cc2cc(C#Cc3ccc(C4CC4CO)cc3)cn2C1=O)(C(=O)NO)S(C)(=O)=O,5.011587974275212
CCCCCCCC[n+]1cnn(CC(O)(Cn2c[n+](CCCCCCCC)cn2)c2ccc(F)cc2F)c1,-0.0
CC(O)C1C(=O)N2C(C(=O)O)=C(c3cn4cnc(C(=O)C5CCCN5)c4s3)C(C)C12,3.0
CC1C(N)CN1c1c(F)c(N)c2c(=O)c(C(=O)O)cn(C3CC3)c2c1F,6.058893689053568
Cc1ccc2nc(-c3ccc(N=c4oc5c(C)ncc(CO)c5cc4C(=O)Nc4ccccc4)cc3)sc2c1,-4.643856189774724
O=c1ccc2ncc(F)c3c2n1CC3(O)CC12CCC(NCc3cc4c(cn3)OCCS4)(CC1)CO2,-5.0
CCCCC(C)=CC=C(C)C(=O)c1c(O)cc(C(C)CCC=CNC(=O)OC)oc1=O,0.3219280948873623
CN(C)c1ccc(C=Cc2cc(C(C)(C)C)[o+]c(C(C)(C)C)c2)cc1,2.321928094887362
OB(O)c1ccc(Cn2cc(-c3ccccc3)nn2)cc1,5.058893689053568
NCc1cccc(NCc2cc(O)cc(-c3ccc(C(=O)O)c(O)c3)c2)c1,-2.0
CC1(C)CC(O)Oc2cc(O)c3c(=O)c4cccc(O)c4oc3c21,-5.0
CCn1cc(C(=O)O)c(=O)c2cc(F)c(N3CCN(C(C)=O)CC3)nc21,-1.6461626571578936
CN(C)C1C(O)=C(C(N)=O)C(=O)C2(O)C(O)=C3C(=O)c4c(O)c(NC(=O)CN5CCOCC5)cc(F)c4CC3CC12,-5.0
CN(C)C1=NC(c2cn(-c3ccc([N+](=O)[O-])cc3[N+](=O)[O-])nc2-c2ccc(F)cc2)N=C(N)N1,-5.0
NC(CCl)C(=O)NC(CCl)C(=O)O,-0.6415460290875237
COc1cccc(C(=O)CC(Sc2ccccc2)c2ccco2)c1,-4.965784284662087
CS(=O)(=O)Cc1nc2ccccc2[n+]([O-])c1C(N)=O,-0.6415460290875237
Cc1ccc(C2=NN(C3=NC(=O)CS3)C(c3ccccc3)C2)cc1,-3.643856189774725
[O-][n+]1ccc2c([nH]c3ccccc32)c1C1C2CCN3CCCCC=CCCC4(OC14)C1NCCCCCCCCC21C3,3.321928094887362
Nc1cc2c(=O)c(C(=O)O)cn(-c3ccc(F)cc3)c2cc1N1CCSCC1,5.058893689053568
Cc1cc(=O)oc2c(-c3nn(-c4ccccc4)cc3C=O)c(O)ccc12,-4.906890595608519
COC(=O)C1(C)CCCC2(C)c3ccc(C(C)C)c(NC(=O)Cn4cc(-c5ccc(-c6ccccc6)cc5)nn4)c3CCC12,-4.643856189774724
C#CCN(C)S(=O)(=O)c1ccc([N+](=O)[O-])cc1[N+](=O)[O-],-5.0
CCn1cc(C(=O)O)c(=O)c2cc(F)c(N3CCC(NC(=O)C(F)(F)F)C3)nc21,-0.6415460290875237
COc1ccc2ncc(F)c(CC(N)C34CCC(NCc5ccc6c(n5)NC(=O)CO6)(CC3)CO4)c2n1,-0.0
Cc1n[nH]c(O)c1C(NNC(N)=O)c1ccc(O)cc1,2.0
CCCCCN1CCCc2cc(OCCCCNC(=N)N)ccc21,-3.643856189774725
CC(=NNC(=N)N)c1ccc(Nc2nc(-c3ccccc3)cs2)cc1,-2.0
CN1CCc2c([nH]c3ccccc23)C1c1ccc(NC(=O)c2ccc(Br)cc2)cc1,-5.0
O=C1c2cccc3c(NN=Cc4ccc(O)c([N+](=O)[O-])c4)ccc(c23)C(=O)N1C(CO)CO,-5.0
Cn1c(=O)cc(OCc2nn(CN3CCN(c4ccc(C(F)(F)F)cc4)CC3)c(=S)s2)c2ccccc21,-4.643856189774724
Cc1c(-c2cc(F)c(N)cc2F)c(F)cc2c(CN)cc(=O)n(C3CC3)c12,5.058893689053568
Clc1ccc(Cn2cc(COCc3c(-c4ccccc4)nc4sc5ccccc5n34)nn2)c(Cl)c1,-4.0
Cc1ccc2c(c1)c(=O)c(C(=O)O)cn2CC(O)Cn1cnc([N+](=O)[O-])c1,-4.0
Cc1c(N)cccc1N1CC(c2nc3ccccc3n2C)CC1=O,-5.0
COc1ccc(Cn2c(=O)[nH]c3c(-c4ccco4)ncnc32)cc1,-5.0
COc1c(N2CCC(O)(CN)C2)c(F)cc2c(=O)c(C(=O)O)cn(C3CC3)c12,1.3584539709124763
CCn1cc(C(=O)O)c(=O)c2cc(F)c(N3CCN(CCc4nc5ccccc5[nH]4)CC3)cc21,-5.0
Cn1c(C2CC(=O)N(c3cccc(Br)c3Cl)C2)nc2ccccc21,-5.0
Cc1ccc(C2C(C#N)=C(N)OC3=C2CNc2c3cccc2[N+](=O)[O-])cc1,-4.672425341971495
NCCN(CCN)CCNC(=O)COc1ccc2sc(CNc3nncc(-c4c(Cl)cccc4Cl)n3)nc2c1,-2.0
CCOC(=O)C(=CNc1ccccc1Cl)c1ccc(OCc2ccccc2)cc1,-3.643856189774725
Sc1nnc(-c2cnccn2)n1N=Cc1ccccc1,-4.643856189774724
Nc1cccc(-c2cn(-c3cccc(C(c4ccc(Br)cc4)P(=O)(O)O)c3)nn2)c1,-0.0
COc1ccc(CON=C2CN(c3nc4c(cc3F)c(=O)c(C(=O)O)cn4C3CC3)CC2CN)cc1,4.058893689053568
CC1=C(C=CC(=O)C=Cc2ccccc2)C(C)(C)CCC1,-0.6415460290875237
COc1ccc2sc(CNc3nncc(-c4c(C)cccc4O)n3)nc2c1,-3.0
COc1c(N2CCN(CC(C)=O)C(C)C2)c(F)cc2c(=O)c(C(=O)O)cn(C3CC3)c12,-3.0
COc1ccc(-n2c(SCC(=O)Nc3ccc(OCc4ccc(F)cc4)cc3)nc(C)c2C(C)=O)cc1,-3.643856189774725
CCc1[nH]c2nc(Sc3cnc4nccnc4c3)nc(N3CC4CNCC4C3)c2c1Cl,-3.0
CCN(Cc1ccccc1)C(=O)Nc1cc(-c2cc(Cl)ccc2Cl)sc1C(=O)O,-3.169925001442312
Cc1cc(C)n2nc(SCc3nnc(SCc4ccccc4F)s3)nc2n1,-3.643856189774725
COc1ccc(OC)c(C=CC(=O)c2cc(Cl)c[nH]2)c1,-3.643856189774725
O=C(Cc1csc(Cl)n1)NC1C(=O)N2C(C(=O)O)=C(Cl)CSC12,-4.0
O=C(NN=Cc1ccc(O)cc1)c1cc(-c2ccc(Cl)cc2)n[nH]1,6.380821783940931
CC1CC(C)CN(c2nc(-c3ccc(NCC(=O)Nc4ccc(F)cc4)cc3)nc(N3CC(C)CC(C)C3)n2)C1,-4.643856189774724
COc1ccc(Cl)cc1-c1c(C(=O)O)[nH]c2c1CCc1ccccc1-2,1.0
CN(C)CC(=O)Nc1cc(F)c2c(c1)CC(CNCCC1CN(c3cnc4c(n3)NC(=O)CO4)C(=O)O1)C2,4.058893689053568
NCCNCCNCCNC(CCC1CCCCC1)CCC1CCCCC1,-4.321928094887363
Cc1cc(N=C2C(=O)Nc3ccc([N+](=O)[O-])cc32)ccc1N1C(=O)c2ccc(Cl)cc2C1=O,-3.321928094887362
O=C(Nc1cc(Cl)ccc1Oc1cccc2c(Br)cccc12)c1cc(Cl)cc(Br)c1O,-3.0
COc1ccc(-c2nc(C3CC(c4ccc(Cl)cc4)=NN3c3ccccc3)no2)cc1OC,-4.321928094887363
CC1CCC2(NC1)OC1CC3C4CCC5CC(NCC(N)Cc6c[nH]cn6)CCC5(C)C4CCC3(C)C1C2C,-5.0
CCCCCCCCCCn1cc(Cn2c(CC)nc3nc(C(F)(F)F)ccc3c2=O)nn1,-4.643856189774724
CC(C)(C)c1cc(C(=O)Nc2ccccc2C(=O)NCCNC(=N)N)cc(C(C)(C)C)c1,-3.0
CCC(=O)N1CCN(c2cc3c(cc2F)c(=O)c(C(=O)O)c2sc4ccccc4n23)CC1,-2.6322682154995127
O=C(Nc1cc(Cl)ccc1Cl)c1cc(Cl)cc(Cl)c1O,-3.0
COc1ccc(-c2nn(-c3ccccc3)cc2C2CC(=O)N(c3ccc(F)cc3)C3=C2C(=O)CC(C)(C)C3)cc1,2.0
CCCN(CCC)Cn1nc(-c2cccs2)n(-c2ccccc2)c1=S,-3.584962500721156
CC(O)C1C(=O)N2C(C(=O)O)=C(SC3CNC(C4CC[N+](C)(C)O4)C3)C(C)C12,3.3510744405468786
O=C(O)c1cn(C2CC2)c2cc(N3CCN(Cc4nc5ccc(Br)cc5[nH]4)CC3)c(F)cc2c1=O,-3.0
Cc1oc(-c2ccc(F)cc2F)nc1N1N=C(c2ccc(Cl)cc2Cl)CC1N1CCc2ccccc2C1,-0.6433944534798923
CC(O)C1C(=O)N2C(C(=O)[O-])=C(CSC(=S)N3CCOCC3)SC12,1.0
COc1ccc2nccc(-n3cc4c(n3)CCC(NCc3ccc5c(c3)OCO5)C4)c2n1,-5.0
COc1ccc(C2CN(c3nc4c(cc3F)c(=O)c(C(=O)O)cn4C3CC3)CC2N)cc1,3.321928094887362
O=C1COc2ccc(CNC34CCC(CCc5c(F)cnc6ccc(OCC7(O)COC7)nc56)(CC3)OC4)nc2N1,-4.0
Cc1oc(-c2ccccc2)nc1CCCc1nc2cc(CC(Oc3ccc(Cl)cc3Cl)C(=O)O)ccc2o1,-2.643856189774725
C[n+]1c(C=Cc2c[nH]c3ccccc23)cc(N2CCCC2)c2ccccc21,-5.0
COCCCCn1c(=O)cc(Nc2ccc(C)c(CC#N)c2)[nH]c1=O,-4.321928094887363
CCCNCCCOc1cc(O)c2c(=O)cc(-c3ccccc3)oc2c1,-3.643856189774725
COc1ccc(-n2cc(C(=O)c3ccc(C)cc3)c(-c3ccc([N+](=O)[O-])s3)n2)cc1,2.0
O=C(O)c1ccc(-n2[se]c3ccccc3c2=O)cc1,-2.0
O=C(O)c1c2n(c3cc(N4CCNCC4)c(F)cc3c1=O)CS2,3.321928094887362
Fc1ccc2nc(-c3cnc4nc(-c5ccc(Oc6ccccc6)cc5)c(Nc5ccccc5)n4c3)[nH]c2c1,-3.396433531250992
CNc1cc(F)cc2c1[nH]c1nc(Oc3cnc(C)nc3)nc(N3CC4C(N)CC4(C)C3)c12,4.058893689053568
O=C(NN=Cc1cc(F)ccc1O)c1cnc2c(C(F)(F)F)cccc2c1O,3.321928094887362
NC1CCN(c2c(F)cn3c(=O)c(C(=O)O)cc(C4CC4)c3c2F)C1,6.643856189774724
O=C(O)c1cn(-c2ccc(O)cc2)c2nc(N3CC4CCCNC4C3)c(F)cc2c1=O,4.321928094887363
CCCCC(=O)NCC1CN(c2ccc(-c3nnc4ncccn34)cc2)C(=O)O1,-4.0
Cc1cc(O)c2c(c1O)C(O)C1CC(O)CC(O)C1C2=O,-5.0
N#Cc1ccc(C=Cc2nc3ccccc3c(=O)n2-c2cccc(N)c2)cc1,-4.0
CC(C)Cc1ccc(Oc2cccc(F)n2)c(O)c1,-2.0
O=C(O)c1ccc(-c2ccc(Cl)s2)cc1O,-4.807354922057604
CC1(C)C(C(=O)O)N2C(=O)C(NC(=O)C(N)c3ccccc3)C2S1(=O)=O,-0.0
Oc1ccc(Cl)cc1C=NC1CCCC1,-2.035623909730721
CC(=O)OC1CC2(C)C(CCC3C4(C)CCC(=O)C(C)C4CCC32C)C1=C(CCC=C(C)C)C(=O)O,-4.643856189774724
CON=c1[nH]cnc2c1[n+](CC=C(C)CCCC(C)CCCC(C)CCCC(C)C)cn2C,-5.0
Cc1nn(CN2CCN(C)CC2)c(=S)n1N=Cc1c[nH]nc1-c1ccccc1,-3.643856189774725
O=C(Cc1ccccc1)NC1C(=O)N2C(C(=O)O)=C(C=CCNS(=O)(=O)c3csc(Cl)c3)CSC12,-5.0
CCN(CC)CCn1c(=N)n(CCCOc2ccc(Cl)cc2Cl)c2ccccc21,-3.4594316186372973
O=C1COc2ccc(CNC34CCC(CCc5c(F)cnc6ccc(OCC(CO)CO)nc56)(CC3)OC4)nc2N1,-4.0
O=c1c2ccccc2nc(C=Cc2ccncc2)n1-c1cccc(O)c1,-4.0
COc1ccc(C2CC(c3ccccc3)=NN2C(=O)NNS(=O)(=O)c2ccc(F)cc2F)cc1,-4.643856189774724
Cc1ccc2[nH]c3c(c2c1)CCc1c-3nc(N)c(C#N)c1-c1ccc(Br)cc1,-4.643856189774724
CCCCCCCn1c[n+](CCCCCCC)c2c1C1(C)CCC3C(CC=C4CC(O)CCC43C)C1C2,-2.0
O=C1c2cccc(O)c2C(=O)c2c(O)cc(CCl)cc21,-5.0
Cn1c(=O)c2ncn(Cc3cc(=O)oc4ccc(Br)cc34)c2n(C)c1=O,-4.968090752045256
CC(O)CCCC=CC=CC(O)CC(O)CC=CC=CC(O)CC=CC=CC(=O)O,-3.0
CC(=NNC(=N)N)c1sc(NN=Cc2ccccc2F)nc1C,-4.0
NS(=O)(=O)c1ccc(N2N=C(c3ccccc3)CC2c2cn(-c3ccccc3)nc2-c2ccc(F)cc2)cc1,-5.0
Cc1oc(-c2ccccc2F)nc1N1N=C(c2ccc(-c3ccco3)cc2)CC1N1CCc2ccccc2C1,-1.6438561897747246
CC(O)C1C(=O)N2C(C(=O)O)=C(SC3CNC(CCc4ccccc4)C3)C(C)C12,4.321928094887363
COc1cnc(N2CCN(c3cc4c(cc3F)c(=O)c(C(=O)O)cn4C3CC3)CC2)nc1,-2.0
CON=C(C(=O)NC1C(=O)N2C(C(=O)[O-])=C(C[n+]3cccc4cc[nH]c43)CSC12)c1csc(N)n1,3.0
CCCCCCCN1CCCc2cc(OCCCCBr)ccc21,-4.643856189774724
NC1CC(N)CN(c2nc(Nc3cccc(NC(=O)c4cccc(O)c4O)c3)nc(N3CC(N)CC(N)C3)n2)C1,-3.0
COc1ccc(OC)c(S(=O)(=O)Nc2ccc(-c3cc(Nc4cccc(C(F)(F)F)c4)ncn3)cc2)c1,-4.643856189774724
O=C1c2cccc3c(Br)ccc(c23)C(=O)N1CCCCCn1c[n+](Cc2ccc(F)cc2F)cn1,-3.0
CS(=O)(=O)c1ccc(-c2ccc(C(=O)Nc3ccccc3C(=O)O)cc2Oc2ccccc2)cc1,-2.4854268271702415
O=C(CNO)Cc1c[nH]c2ccc(Br)cc12,-2.584962500721156
O=C(Nc1cc(Cl)ccc1C(=O)O)c1ccc(-c2ccccc2)c(Oc2ccccc2)c1,-4.643856189774724
CN(C)c1cc(NC(=O)CNC(C)(C)C)c(O)c2c1CC1CC3C(N(C)C)C(O)=C(C(N)=O)C(=O)C3(O)C(O)=C1C2=O,5.965784284662087
Cc1ccc(CN(c2ccc(F)c(F)c2)S(=O)(=O)c2cccn3cnnc23)cc1,-5.0
O=c1c2c3c(sc2nnn1-c1ccc(Cl)cc1)CCCC3,-4.643856189774724
CCn1cc(C(=O)O)c(=O)c2cc([N+](=O)[O-])c(N3CCNCC3)nc21,-2.643856189774725
c1ccc2[nH]c(-c3nc4ccccc4s3)cc2c1,-1.6415460290875237
Oc1ccc(-c2ccc(Cl)s2)cc1O,-1.584962500721156
CN(C)c1cc(NC(=O)CO)c(O)c2c1CC1CC3C(N(C)C)C(=O)C(C(N)=O)=C(O)C3(O)C(=O)C1=C2O,-5.0
CN1CCN(c2cc3c(cc2F)c(=O)c(C(=O)O)cn3N(C)C)CC1,1.0
NC1CCN(c2c(F)cc3c(=O)c(C(=O)O)cn(C4CC4)c3c2C(F)(F)F)C1,5.321928094887363
O=[N+]([O-])c1c[nH]c(-c2nnc(-c3cc4cc(Cl)ccc4[nH]3)o2)c1,-0.6415460290875237
NC1CCCC2CN(c3cc4c(cc3F)c(=O)c(C(=O)O)cn4-c3ccc(O)cc3)CC12,4.321928094887363
CC(O)C(NC(=O)c1ccc(C#Cc2ccc(C=NN3CCN(C(=O)OC(C)(C)C)CC3)cc2)cc1)C(=O)NO,-0.0
CNCC1CCN(c2cc3c(cc2F)c(=O)c(C(=O)O)cn3C2CC2)C1,3.321928094887362
COc1ccc(-c2cn(CCC(C)(C(=O)NO)S(C)(=O)=O)c(=O)o2)c(F)c1,-3.0
O=c1c2ccccc2nc(Cc2ccccc2)n1-c1cccc(O)c1,-4.0
COC(=O)c1cc(C=CC2CC(SC3=C(C(=O)O)N4C(=O)C(C(C)O)C4C3C)CN2)on1,5.321928094887363
O=C1CSC(c2ccccc2)N1c1ccccc1,-4.906890595608519
CC(C)CCOc1ccccc1-c1ccccc1OCc1cn(C(CCCNC(=N)N)C(=O)NC2CC2)nn1,-5.0
CCc1cc(Nc2cc(=O)n(CCCCN3CCSCC3)c(=O)[nH]2)ccc1C,-4.321928094887363
CCn1cc(C(=O)NNC(=S)N=c2[nH]c3ccccc3[nH]c2=O)c(=O)c2ccc(C)nc21,-1.0
CCN(Cc1ccccc1)C(=O)Nc1cc(-c2ccc([N+](=O)[O-])cc2)sc1C(=O)O,-4.523561956057013
Cc1ccc2nc(Cl)c(C=C3SC(=S)NC3=O)cc2c1,-4.906890595608519
N#CC[n+]1ccc(SCC2=C(C(=O)O)N3C(=O)C(NC(=O)C(=NOC4CCCC4)c4csc(N)n4)C3CO2)cc1,1.3584539709124763
CC(C)(ON=C(C(=O)NC1C(=O)N2C(C(=O)O)=C(CSc3nccc(N)n3)CSC12)c1cnc(N)s1)C(=O)O,-0.0
CCn1cc(C(=O)O)c(=O)c2cc(Br)c(N3CCNCC3)cc21,1.3584539709124763
COc1cccc(C(=O)NC(=S)Nc2ccc(S(N)(=O)=O)cc2)c1OC,1.6757654377294686
Cc1ccc2oc(=O)c(C(=O)Nc3c(C(=O)O)cnn3-c3ccc(Cl)cc3)cc2c1,-3.0
COc1cc(-c2nnc(-c3c(-c4cc(OC)c(OC)c(OC)c4)nn(-c4ccccc4)c3C)o2)cc(OC)c1OC,-4.321928094887363
COc1ccc2c3c(n(C(=O)OC(C)(C)C)c2c1)C(C=C(C)C)N1C(=O)C2CCCN2C(=O)C1C3,-4.035623909730721
Cc1cc(C)n2nc(SCc3nnc(SCc4ccc(F)cc4)s3)nc2n1,-3.643856189774725
C[n+]1cccc2c1c1ccccc1n2CCCCCC1CCCCC1,-4.321928094887363
O=[N+]([O-])c1cn2ccnc(OCc3ccccc3OC(F)(F)F)c2n1,-5.0
O=C(CSC1=CC(=O)c2ccccc2C1=O)Nc1cccc2ccccc12,-3.643856189774725
CN(c1ccccc1C(=O)Nc1ccc(S(=O)(=O)N2CCN(c3cc(Cl)cc(Cl)c3)CC2)cc1)S(C)(=O)=O,-0.0
NCCCOc1ccc2ncc(F)c(CCC34CCC(NCc5ccc6c(n5)NC(=O)CO6)(CC3)CO4)c2n1,-1.0
CCC=Nn1c(S)nnc1-c1ccncc1,-3.350497247084133
Cc1nn(-c2ccc(Cl)cc2)c(Cl)c1C1C(C#N)=C(N)N(c2cccnc2)C2=C1C(=O)CC(C)(C)C2,-2.643856189774725
CCN1CCN(c2cc3c(cc2F)c(=O)c(C(=O)O)cn3C2CC2)CC1,8.380821783940931
CC(C)CC(=O)Nc1ccn(C2CCC(O)C(C)O2)c(=O)n1,-5.0
CCNCC1CCN(c2cc3c(c(N)c2F)c(=O)c(C(=O)O)cn3C2CC2)C1,3.321928094887362
COC(=O)c1nnn(CC2(C)C(C(=O)[O-])C3C(=O)CC3S2(=O)=O)c1C(=O)OC,-4.643856189774724
Cn1ccc2c(N3CC(c4nc5ccccc5n4C)CC3=O)cccc21,-5.0
COc1ccc2ncc(F)c(CCN3CCC(NCc4cc5c(cn4)OCCO5)CC3)c2n1,2.9434164716336326
Clc1ccc(CN(CCn2ccnc2)CCn2ccnc2)cc1Cl,-2.0
OB(O)c1cnn(-c2cc(Cl)ncn2)c1,-0.0
CCOC(=O)C(=CNc1ccccc1)c1ccc(OCc2ccccc2)cc1,-2.643856189774725
CCn1cc(C(=O)NN=c2[nH]c3ccccc3[nH]c2=O)c(=O)c2ccc(C)nc21,-1.0
N#Cc1ccc(C=Cc2nc3ccncc3c(=O)n2-c2cccc(C(N)=O)c2)cc1,-4.0
CCOC(=O)ONC(=O)CCC1CCCCC1,3.9885043611621707
Cc1c(N2CCc3ccccc3C2)c(N)cc2c(=O)c(C(=O)O)cn(C3CC3)c12,6.965784284662087
[C-]#CCn1cc(C(=O)OCC)c(=O)c2cc(F)c(C(C#N)C(=O)OCC)cc21,-3.0
Cc1ccc(-c2nn(-c3ccccc3)cc2C=NNC(=N)N)cc1,-1.0
Cn1cc(C(=O)O)c(=O)c2cc(F)c(CC#N)cc21,-0.0
CCCCCCc1cnc(N)n1Cc1ccccc1,-5.0
CCOC(=O)C1=C(N)Oc2c(c(=O)oc3ccccc23)C1c1cc(=O)oc2ccc(C)cc12,-0.6415460290875237
CC(C)c1csc(-c2nnc(S(=O)(=O)Cc3ccc(OC(F)(F)F)cc3)n2-c2ccccc2)n1,-1.0
CNc1cc(F)cc2c1[nH]c1nc(Oc3cnc(C)nc3)nc(N3CC4CCNC4C3)c12,4.058893689053568
O=C(NN1C(=O)C(Cl)C1c1ccc(O)cc1)c1cc(-c2ccc(Cl)cc2)n[nH]1,6.643856189774724
COC[n+]1ccc(NC2C(=O)N3C(C(=O)[O-])=C(CSc4nnnn4C)CSC23)cc1,3.0
O=C(O)c1nccn1CCc1cccc2ccccc12,2.0
O=C(O)C(Cc1c[nH]c2ccccc12)N1C(=O)C(=Cc2ccc3cc(OCc4ccc(F)cc4)ccc3c2)SC1=S,-1.0
CC(=O)Nc1ccc(S(=O)(=O)CC(CO)n2ccnc2C)cc1,-5.0
NC1CCCN(c2c(F)cc3c(=O)c(C(=O)O)cn(C4CC4)c3c2F)C1,5.058893689053568
COc1c(N2CCC(N)C2)c(F)cc2c(=O)c3c(=O)[nH]sc3n(C3CC3)c12,6.965784284662087
CCn1cc(C(C)=O)c(=O)c2cc(N3CCCC3)c(Cl)cc21,-4.738767836800192
Cn1cccc1C=C1SC(=O)N(Cc2ccc(C(=O)O)cc2)C1=O,-4.0
O=C1Nc2ccccc2C1(O)C1(OCc2ccc(Br)cc2)C(=O)Nc2ccccc21,4.878321443411748
CCON=C(C(=O)NC1C(=O)N2C(C(=O)O)=C(CNC(=O)c3ccc(O)c(O)c3)CSC12)c1csc(N)n1,6.965784284662087
CCN(CC)c1ccc2cc(-c3nc4sc(S(=O)(=O)N=CN(C)C)nn4c3C#N)c(=O)oc2c1,-4.0
O=C1c2cccc3c(NN=Cc4ccc(O)c(O)c4O)ccc(c23)C(=O)N1C(CO)CO,-4.0
CC1=CC2C=C(C)C(C)C3C(CC(C)C)NC(=O)C23OC(=O)C=CC(O)C(O)CC1,-4.643856189774724
CCCCCCCCCCN1CCN(c2c(F)cc3c(=O)c(C(=O)O)cn(C4CC4)c3c2OC)CC1,-5.0
CCCCCC[n+]1ccn(-c2ccc(C#Cc3ccc(-n4cc[n+](CCCCCC)c4)cc3)cc2)c1,-0.0
N=C(N)NN=Cc1cn(-c2ccc([N+](=O)[O-])cc2[N+](=O)[O-])nc1-c1ccc(F)cc1,-2.0
O=C(Cc1ccccc1Cl)N1CCC(c2ccc3c(c2)OCO3)C1,-4.643856189774724
COc1c(N2CCC(C(N)c3nccs3)C2)c(F)cc2c(=O)c3c(=O)[nH]sc3n(C3CC3)c12,2.9434164716336326
COc1cccc(OC)c1-c1nnc(-c2cc([N+](=O)[O-])c[nH]2)o1,-1.6438561897747246
Cc1ccc(N2C(=O)C(Cl)C23C(=O)Nc2c(Br)cc(Br)cc23)cc1,-3.643856189774725
COCCN1CCC(C)c2cc(Cc3cnc(N)nc3N)cc(OC)c21,-4.906890595608519
Brc1ccc2[nH]c(C=Cc3ccccc3)nc2c1,-4.010779838753243
CN1CCN(c2c(N)c(N)c3c(=O)c(C(=O)O)cn(C4CC4)c3c2F)CC1,5.058893689053568
COc1ccc2ccc(=O)n(CCNC3CCC4C(C3)OC(=O)N4c3ccc4c(n3)NC(=O)CO4)c2c1,5.058893689053568
COc1ccccc1N1CCN(C(=O)C=Cc2cc(OC)c3c(c2)OCO3)CC1,-4.321928094887363
COc1c(N2CCN(C)CC2)c(F)cc2c(=O)c(C(=O)O)cn(-c3ccc(O)cc3)c12,4.321928094887363
CC1CCN(C)C1c1cc(O)c2c(c1C(F)(F)F)CC1CC3C(N(C)C)C(O)=C(C(N)=O)C(=O)C3(O)C(O)=C1C2=O,4.0
COc1cc(C2CC(=O)c3c(cc(O)c(CC=C(C)CC=CC(C)(C)O)c3O)O2)ccc1O,-5.0
Cc1ccc(-n2cc(C(=O)O)c(=O)c3cc(F)c(N4CC(C)NC(C)C4)cc32)c(F)c1,0.3219280948873623
CC1OC(OC(=O)c2cccc3nc4c(C(=O)O)cccc4nc23)C(O)C(O)C1O,-4.643856189774724
COc1ncc(-c2cc3c(cc2F)c(=O)c2c(=O)[nH]sc2n3C2CC2)c(OC)n1,2.8365012677171206
CC1=Nn2c(nnc(C)c2=O)SP1(c1ccccc1)(c1ccccc1)c1ccccc1,-3.643856189774725
CC(=O)NCC[S+]([O-])C1CCC2CN1C(=O)N2OC(F)C(=O)[O-],-5.0
Cc1ccccc1-n1cc(Cn2c3ccccc3c(=O)c3ccccc32)nn1,-3.3362833878644325
NC1C=C(c2nc3c(cc2F)c(=O)c(C(=O)O)cn3C2CC2)CC1,4.321928094887363
CC(C)=CCCC(C)=CCCC(C)=CCCC(C)=CC[n+]1cn(CCC#N)c2nc[nH]c(=NOCc3ccccc3)c21,-5.0
OC1CCCN2C(CC1)CC13CN4CCCCC=CCCC(O)(C=C(c5nccc6c5[nH]c5ccccc56)C1CC4)C23,3.321928094887362
Cc1ccc(S(=O)(=O)N2N=Cc3cc(F)ccc3B2O)cc1,-4.643856189774724
O=C(CSc1nnc(-c2cc(Br)c(Br)[nH]2)o1)c1ccccc1,-1.6438561897747246
Cc1oc(-c2ccc(F)cc2F)nc1N1N=C(c2ccccc2)CC1N1CCc2ccccc2C1,-3.643856189774725
CCC(CC)=NNc1nc2ccccc2[nH]c1=O,-4.968090752045256
O=C(O)c1cn2c3c(c(Cl)c(F)cc3c1=O)SC(c1ccc(F)cc1)C2,3.0588936890535687
COc1nc2nc(N)nc(N)c2nc1C,-1.0
Cc1ccc(-c2ccc(Oc3cccc(F)n3)c(O)c2)cc1,-3.0
O=C(O)c1cn(C2CC2)c2cc(N3CCN(Cc4ccc(OCc5ccccc5)cc4)CC3)c(F)cc2c1=O,-0.0
NC1CC(N)C(OC2OC(CNC(=O)CO)C(O)C(O)C2N)C(O)C1O,-4.643856189774724
COC1CN(c2nc(-c3csc(N)n3)c(C(=O)O)s2)CCC1NC(=O)c1[nH]c(C)c(Cl)c1Cl,4.058893689053568
O=C(NN=Cc1ccc(Cl)cc1Cl)c1c[nH]c2cc(Cl)ccc2c1=O,1.0291463456595165
CCn1cc(C(=O)O)c(=O)c2c(N)c(F)c(N3CCNCC3)c(Cl)c21,2.321928094887362
COc1ccc2ncc(Cl)c(CCC34CCC(NCc5ccc6c(n5)NC(=O)CO6)(CC3)CO4)c2n1,-1.0
O=C(Nc1ccc(Oc2ccc3ccccc3c2Cl)c(Cl)c1)c1cc(Br)cc(Br)c1O,-3.0
O=C1CSC(c2ccc(Cl)cc2)N1c1ccccc1,-4.906890595608519
O=C(O)c1ccc(CN2C(=O)SC(=Cc3ccc(Br)cc3)C2=O)cc1,-2.0
O=C(O)c1cn(C2CC2F)c2nc(N3CC(=NOCc4ccccc4)C(CNC4CC4)C3)c(F)cc2c1=O,2.0
CCCCCCCC[N+](C)(C)CC(=O)Nc1ccc(C(=O)C=Cc2ccc(OC)cc2)cc1,-0.0
Cc1ccc(C(C)C)cc1OC(=O)CCCCC1CCSS1,-2.321928094887362
CON=C(C(=O)NC1C(=O)N2C(C(=O)[O-])=C([n+]3ccccc3)CCC12)c1csc(N)n1,4.058893689053568
Cc1ccc2c(c1)C(=Nc1nc3ccccc3[nH]1)C(=O)N2,-0.0
COc1c(N2CC3CCCN(Cc4ccc(F)cc4)C3C2)c(F)cc2c(=O)c(C(=O)O)cn(C3CC3)c12,-1.2570106182060239
COC1(NC(=O)Cc2csc(N)n2)C(=O)N2C(C(=O)O)=C(Cl)CSC21,-3.0
O=c1c2cc(F)c(N3CCCC3)cc2n(-c2ccc(F)cc2F)c(=O)n1O,-5.0
CNc1ccc([S+]([O-])N2CCN(c3c(F)c(C)c4c(=O)c(C(=O)O)cn(C5CC5)c4c3OC)CC2C)cc1C,0.15200309344504995
CCOC(=O)c1cn(Cc2ccc(F)cc2F)c2cc(C(C#N)C(=O)OCC)c(F)cc2c1=O,-4.0
O=C1COc2ccc(CNC34CCC(CCc5c(F)cnc6ccc(OCCO)nc56)(CC3)OC4)nc2N1,-2.0
COc1ccc(-c2ccc(C3=NOC(CNC(C)=O)C3)cc2)ccc1=O,-4.0
CC(=O)N1CCN(C(=S)SCC2=C(C(=O)[O-])N3C(=O)C(C(C)O)C3S2)CC1,-2.0
N#Cc1ccc(-c2ccc(-c3ccco3)o2)cc1,-1.3219280948873624
CC1=C(C=CC(=O)C=Cc2ccc(Cl)cc2)C(C)(C)CCC1,-1.6415460290875237
CCOc1ccc(NN=C2C(=O)N(CC(=O)n3[nH]c(N)cc3=O)N=C2C(F)(F)F)cc1,-4.7398481026993275
O=C(O)c1cn(C2CC2)c2cc(N3CCCCC3)c(F)cc2c1=O,3.0
O=C(NN1C(=O)CSC1c1ccc(Cl)cc1)c1cc(-c2ccc(Cl)cc2)n[nH]1,5.50635266602479
O=[N+]([O-])c1ccc(OCc2nc3cc(Br)ccc3n2S(=O)(=O)c2ccccc2[N+](=O)[O-])cc1,-5.0
CCc1c(-c2ccc(N3CCC(N(C)C)CC3)cc2)[nH]c(=O)c2c(=O)[nH]sc12,1.0
COC(=O)CC(O)CC(O)CC(O)C=CC=CCCCC(C)O,-4.0
O=C(Nc1cc(-c2ccccc2)ccc1C(=O)O)c1cccc(Oc2ccccc2)c1,-3.0
CCn1cc(C(C)=O)c(=O)c2cc(N3CCCCC3)c(Cl)cc21,-3.733354340613827
CC(C)C(C)C=CC(C)C1CCC2C3=CC(=O)C4(O)CC(O)CCC4(C)C3(O)CCC21C,-3.321928094887362
Cc1ccc2c(C)c3c(c(O)c2c1O)C(=O)C1(O)C(=O)C(C(N)=O)=C(O)C(NC(=O)CN2CCN(C)CC2)C1C3,-5.0
O=C1C(Cl)C(c2ccc(OCc3cc(=O)oc4c3ccc3ccccc34)cc2)N1c1ccc(Br)cc1,-3.0
CC(CCN1Cc2cc(C#Cc3ccc(OCCO)cc3)cn2C1=O)(C(=O)NO)S(C)(=O)=O,3.0
Cn1nnnc1Sc1c(F)cc2c(=O)c(C(=O)O)cn(C3CC3)c2c1F,-0.0
Brc1cc(-c2nnc(C=Cc3ccccc3)o2)[nH]c1Br,-3.643856189774725
Clc1ccc(NCc2nc3ccccc3[nH]2)cc1,-5.0
CC(N)C1CCN(c2cc3c(cc2F)c(=O)n(O)c(=O)n3C2CC2)C1,3.0588936890535687
O=C(Nc1ccccc1)N(Cc1cc(Br)cc(Br)c1O)c1ccc(Br)cc1,-3.643856189774725
CSc1ccc(Cc2nnc3sc(-c4ccc(F)cc4)nn23)cc1,-3.643856189774725
N#Cc1c(NN=Cc2ccc(Br)cc2)nc(=S)[nH]c1-c1ccc(F)cc1,-5.0
CC1(N)CN(c2c(F)cc3c(=O)c(C(=O)O)cn(-c4ccc(F)cc4)c3c2F)C1,2.0
Cc1ccc2c(c1)C=C(c1nnn(Cc3cn(Cc4ccccc4)nn3)n1)CO2,-2.700439718141092
CCCCCCCN(C)C(=O)CCNC(=O)C(O)C(C)(C)CO,-5.0
CN1C(NNC(=O)c2ccc([N+](=O)[O-])o2)=NS(=O)(=O)c2cc(Cl)ccc21,-4.22881869049588
O=C1CNC(=S)N1N=C1CC(c2ccc(F)cc2)NC(c2ccc(F)cc2)C1,-3.643856189774725
CN(Cc1ccccc1)C(=O)Nc1cc(-c2ccc(Cl)c(Cl)c2)sc1C(=O)O,-2.321928094887362
Cc1ccc(C(=O)C=Cc2ccc(C=NNC(=N)N)cc2)c(C)c1,-3.0
COC1=CC(=O)CC(C)C12Oc1c(Cl)c(OC)cc(OC)c1C2=O,-3.321928094887362
Cc1c(N2CCC(C(C)(C)N)C2)c(F)cc2c(=O)n(N)c(=O)n(C3CC3)c12,2.0
COc1c(C)n(OC)c2c(c1=O)C(CCCCCc1ccccc1)CCC2,-5.0
NS(=O)(=O)c1ccc(NC(=S)NC(=O)c2ccc([N+](=O)[O-])cc2)cc1,1.6757654377294686
CC1COc2c(N3CCN(C)CC3)ccc3c(=O)c(C(=O)O)cn1c23,-3.0
N#Cc1c(-c2ccc(O)cc2O)cc(-c2ccc(Nc3cc(=O)oc4ccccc34)cc2)nc1N,-3.643856189774725
O=C(O)c1ccc(NN=C2C(=O)N(CC(O)CSc3nc[nH]n3)c3ccccc32)cc1,-3.0
CC(N)C(=O)NCC1OCCC1SC1=C(C(=O)O)N2C(=O)C(C(C)O)C2C1C,4.058893689053568
Clc1ccc(CN2COc3c(cc(Cl)c4cccnc34)C2)cc1,-2.643856189774725
O=C(NNC(=O)c1cnc2c(C(F)(F)F)cccc2c1O)Nc1cccc(Cl)c1,-1.6415460290875237
FC(F)(F)c1cc(-c2csc(NN=C(Cn3nnc4ccccc43)c3ccc(Cl)cc3)n2)cc(C(F)(F)F)c1,-5.0
CSc1nc(-c2cc(Cl)cc(Cl)c2)c(-c2cc(Cl)cc(Cl)c2)[nH]1,-5.0
CCCCCn1cc(C(=O)O)c(=O)c2cc(F)c(CC#N)cc21,2.0
Nc1ccc(S(=O)(=O)Nc2nccc(-n3ccc4cc([N+](=O)[O-])ccc43)n2)cc1,-3.0
Cc1ccccc1NC(=S)NNC(=O)c1cc([N+](=O)[O-])cn1C,1.3584539709124763
Cc1ccc(C=Cc2nc3ccccc3c(=O)n2-c2cccc(O)c2)cc1,-4.0
NC(=O)Cn1c(=O)ccc2ncc(F)c(CCC34CCC(NCc5ccc6c(n5)NC(=O)CO6)(CC3)CO4)c21,-5.0
CCn1cc(C(=O)O)c(=O)c2cc(F)c(N3CC(C)(N)C3)nc21,2.0
CCCNC(=O)C[n+]1cccc(C(=O)N2CCN(c3cc4c(cc3F)c(=O)c(C(=O)O)cn4C3CC3)CC2)c1,-4.0
c1cc2cc(CCCc3cc4ccc(C5=NCCCN5)cc4[nH]3)[nH]c2cc1C1=NCCCN1,-0.32192809488736235
CCCCCCCCCCC(=O)N1CCN(c2ccc(N3CC(Cn4ccnn4)OC3=O)cc2F)CC1,-3.0
CC(=O)C1=C(c2ccccc2)OC(N)=C(C#N)C12C(=O)Nc1ccc(S(=O)(=O)N3CCOCC3)cc12,-2.643856189774725
CSc1ccc(Cc2nn3c(Cc4ccc(SC)cc4)nnc3s2)cc1,-3.643856189774725
COc1ccc2ncc(F)c(CC(F)C34CCC(NCc5ccc6c(n5)NC(=O)CO6)(CC3)CO4)c2n1,-3.0
CNC1CCN(c2c(F)cc3c(=O)c(C(=O)O)cn(C4CC4)c3c2OC)CC1=NOC,3.0
Nn1c(SCC(=O)c2c([O-])on[n+]2-c2ccccc2)nnc(Cc2ccc([N+](=O)[O-])cc2)c1=O,2.0
N#Cc1c(-c2ccccc2)nc(SCc2ccc(F)cc2)[nH]c1=O,-3.0
CCCCCCCCCCCC(=O)NC(CCCCN)CN1CC(=O)N(C2CCCCC2)C1=O,-2.643856189774725
CCOC(=O)C1(C)C(C)NC(=S)N(C)C1c1ccccc1,-4.0
O=C1CSC(c2cc3ccccc3nc2S)N1c1ccc(F)cc1,-3.643856189774725
CCOC(=O)c1cn(CC(O)Cn2cnc([N+](=O)[O-])c2)c2c(Cl)cc(Cl)cc2c1=O,-4.0
N#CCc1cc2c(cc1F)c(=O)c(C(=O)O)cn2CCN1CCOCC1,-2.0
CC(C)(C)OC(=O)NC(Cc1ccccc1)C(=O)Oc1ccc2c(=O)c3ccccc3oc2c1,-4.459431618637297
Cc1cc2ncn(C(C)c3ccc(Cl)c(Cl)c3)c2cc1C,-2.655351828612554
COc1ccc2nc3[nH]c(=O)[nH]c(=O)c3cc2c1,-2.963474123974886
Fc1ccc(CN(CCBr)CCBr)c(F)c1,-0.0
CC(C)CCCC(C)C1CCC2C3C(=O)CC4CC(NCCn5ccnc5)CCC4(C)C3CCC12C,-5.0
CNc1cc(F)cc2c1[nH]c1nc(Oc3cnc(C)nc3)nc(N3CC(=C(CO)C(C)C)C3)c12,3.0
CCn1cc(C(=O)O)c(=O)c2cc(F)c(N3CCCCC3)nc21,-2.643856189774725
CC(=O)OCC1OC(NC(=S)Nc2nc(-c3ccc(C)cc3)cs2)C(OC(C)=O)C(OC(C)=O)C1OC(C)=O,-2.643856189774725
Cn1nnnc1SC1=C(C(=O)[O-])N2C(=O)C(NC(=O)C(=NOCCF)c3csc(N)n3)C2CC1,4.058893689053568
CS(=O)(=O)NCC1CN(c2ccc(-c3ccc4c(c3)CC3(C(=O)NC(=O)NC3=O)C3COCCN43)c(F)c2)C(=O)O1,-5.0
CNCC1CCN(c2c(F)cc3c(=O)c(C(=O)O)cn4c3c2OCC4C)C1,2.321928094887362
Cc1cc(C)n(-c2nc(=S)[nH]c(-c3ccc(F)cc3)c2C#N)n1,-5.0
O=C(O)c1cn(C2CC2)c2cc(N3CCc4sc(Br)cc4C3)c(F)cc2c1=O,-0.0
C=CCON=C(CS(=O)(=O)c1ccc(NC(C)=O)cc1)c1nccs1,-4.0
O=C(Nc1ccc(C2NCCc3c2[nH]c2ccccc32)cc1)c1ccc([N+](=O)[O-])cc1,-3.0
C=C(C)C(=O)CCC(C)C1CCC2C3C(O)CC4CC(NCCCNCCCCN)CCC4(C)C3CCC12C,-4.0
CCCCc1ccc(C(c2cccc(-n3cc(-c4cccc(N)c4)nn3)c2)P(=O)(O)O)cc1,-0.0
Clc1ccc(-c2csc(NN=Cc3ccc(Br)cc3)n2)cc1Cl,-3.643856189774725
C=CC1(C)CC(OC(=O)CSC(C)(C)CNC(=O)c2ccccc2C)C2(C)C(C)CCC3(CCC(=O)C32)C(C)C1O,-1.0
NC1=NC(c2cn(-c3ccc([N+](=O)[O-])cc3[N+](=O)[O-])nc2-c2ccc(Cl)cc2Cl)N=C(N2CCOCC2)N1,-3.0
Cc1c(F)c(N2C3CNC(C3)C2C)nc2c1c(=O)c(C(=O)O)cn2C1CC1,5.965784284662087
CCON=C(CS(=O)(=O)c1ccc(N)cc1)c1nccs1,-4.0
C=CC1(C)CC(OC(=O)CSc2nnc(N)s2)C2(C)C(C)CCC3(CCC(=O)C32)C(C)C1O,-3.0
CN1CCN(CCOc2cc(O)c3c(=O)cc(-c4ccccc4)oc3c2)CC1,-3.643856189774725
COc1ccc(S(=O)(=O)NCCn2[se]c3ccccc3c2=O)cc1,-3.0
CC(O)C1C(=O)N2C(C(=O)O)=C(SC3CNC(CN4CCCNS4(=O)=O)C3)C(C)C12,4.351074440546879
O=C(Nc1ccc(F)cc1F)N1CCOCC1,-2.070389327891398
COP(=O)(NCCn1[se]c2ccccc2c1=O)OC,-3.0
Cc1ccc(-c2cc(-c3nc4ccccc4[nH]3)nc(N)n2)cc1,-0.0
O=C1CNc2nc(CNC34CCC(CCc5c(Cl)cnc6ccc(=O)n(CCO)c56)(CC3)OC4)ccc2O1,-1.0
CC(C)NC(=O)NCC1CN(c2ccc(-c3nnc4ncccn34)cc2)C(=O)O1,-4.0
CN(C)c1ccc(-c2cc3c(cc2F)c(=O)c2c(=O)[nH]sc2n3C2CC2)cc1,1.0
CN(C)C1C(O)=C(C(N)=O)C(=O)C2(O)C(O)=C3C(=O)c4c(O)c(NC(=O)CN5CCC(O)C5)cc(F)c4CC3CC12,-2.0
CC(O)C1C(=O)N2C(C(=O)O)=C(SC3CNC(C(=O)NCCC(=O)O)C3)C(C)C12,4.351074440546879
Nc1cc(-n2cc(C(=O)O)c(=O)c3cc(F)c(N4CC(N)C4)c(Cl)c32)c(F)cc1F,-0.0
COc1ccc(C2CC3(CC(c4ccc(OC)cc4)N2C(C)=O)SC(NC(C)=O)=NN3C(C)=O)cc1,-4.643856189774724
O=C(O)c1cn(C2CC2)c2cc(N3CCN(Cn4nc(-c5ccccn5)oc4=S)CC3)c(F)cc2c1=O,5.011587974275212
O=c1c2nc([N+](=O)[O-])cn2ccn1Cc1ccc(F)cc1F,-5.0
CCCCCCCCCCOc1ccc2[nH]cc(CCN)c2c1,11.965784284662087
COc1cc(OC)cc(C2CC(c3ccc(Cl)cc3)=NN2C(C)=O)c1,-3.643856189774725
CCCCCC#CC[n+]1ccn(CCCCCC[Si](C)(C)C)c1C,-3.643856189774725
COc1ccc2nccc(-n3cc4c(n3)CCC(NCc3ccc5c(c3)NC(=O)CS5)C4)c2c1,-1.0
O=C(Cn1cccn1)NC1CCN(c2c(F)cc3c(=O)c(C(=O)O)cn(C4CC4)c3c2Cl)C1,-4.0
NC1CN(c2c(F)cc3c(=O)c(C(=O)O)cn(C4CC4)c3c2F)C1,5.058893689053568
O=C(NCc1cn(Cc2ccc(F)c(Cl)c2)nn1)c1ccc([N+](=O)[O-])o1,-4.22881869049588
CC(=O)N(O)CCON=C(C(=O)NC1C(=O)N(OS(=O)(=O)O)C1(C)C)c1csc(N)n1,-2.0
CSCCC1C(=O)C(=C(CC23CC4CC(CC(C4)C2)C3)NCC(C)(C)CN(C)C)C(=O)N1C(C)=O,-5.0
Cc1cc(=O)oc2cc(OCC(O)Cn3cnnn3)cc(OCC(O)Cn3cnnn3)c12,-5.0
CCCNS(=O)(=O)NCC(=NOC)C1CC(SC2=C(C(=O)O)N3C(=O)C(C(C)O)C3C2C)CN1,3.3510744405468786
Cc1cc2nnc(-c3ccc(Cl)cc3Cl)n2c(C)n1,-0.0
COC(=O)C1=C2c3ccccc3S(=O)(=O)N2CC1,-3.9068905956085187
CCON=C1CN(c2c(F)cc3c(=O)c(C(=O)O)cn(C4CC4)c3c2F)CCC1NC,-3.0
NC1CC(CF)N(c2nc3c(cc2F)c(=O)c(C(=O)O)cn3-c2ccc(F)cc2F)C1,3.321928094887362
CCOP(=O)(OCC)C(O)c1cc2cccc(OC)c2n2nnnc12,-3.9068905956085187
CC(=O)N1N=C(c2ccccc2F)CC1c1ccc(C)cc1,-4.643856189774724
CCNc1cc(F)cc2c1[nH]c1ncc(-c3cnc(C4(C(=O)O)CC4)nc3)c(-n3ccc(C(F)(F)F)n3)c12,5.965784284662087
COc1ccc(N2CCN(Cc3cn(-c4cc(C)nc5ccc(OC)cc45)nn3)CC2)cc1,-2.643856189774725
COc1ccc(O)c(-c2n[nH]c(=S)n2C2CC2c2ccccc2)c1,-5.0
C=CCc1cc(Cc2cnc(N)nc2N)cc(CC=C)c1O,-4.392317422778761
NC1CN(c2cc3c(cc2F)c(=O)c(C(=O)O)cn3-c2ccc(O)cc2)CC12CC2,4.321928094887363
CCCCCCCCCCCC(=O)OCC[N+](C)(C)Cc1cnc(C)c2c1COC(C)(C)O2,-4.0
CCCCCC=CCCC(O)CCCCCCCC(=O)Nc1ccccc1O,-4.643856189774724
C#Cc1ccc(NC(=O)C(N)CC(C)C)cc1,-3.321928094887362
N#CCc1cc2c(cc1F)c(=O)c(C(=O)O)cn2Cc1c(F)cccc1F,-1.0
CC(=O)N1CCc2cc(Nc3cc(C)nc4nc(NC(CC#N)c5cccc(Cl)c5)nn34)ccc21,4.058893689053568
Cc1[nH]c(C(=O)Nc2nc3c(N4CCOC(C(F)(F)F)C4)cc(C(=O)O)cc3s2)c(Cl)c1Cl,-4.0
COC(=O)C1(C)CCCC2(C)c3ccc(C(C)C)cc3-c3c(c4ccccc4n3CCn3c([N+](=O)[O-])cnc3C)C12,-2.963474123974886
Nc1c(F)c(N2CCc3sccc3C2)c(F)c2c1c(=O)c(C(=O)O)cn2C1CC1,2.0
CCn1cc(C(=O)O)c(=O)c2cc(F)c(CC#N)cc21,-1.0
Cc1c(F)c(N2CCC(N)C2)nc2c1c(=O)c(C(=O)O)cn2-c1ccc(F)cc1F,8.965784284662087
CCc1c(-c2cccc(N3CCC(NCNC)C3)c2)[nH]c(=O)c2c(=O)[nH]sc12,-3.0
CC(=O)NCC1CN(c2ccc(-c3ccc(CN)c(O)c3)c(F)c2)C(=O)O1,-3.0
Cc1ccc(-n2nnc(C3=NNC(c4ccc(C#N)cc4)C3)c2C)cc1,-3.0443941193584534
Cn1cc(CN2CCN(Cc3ccc(Cl)cc3Cl)CC2)c2cc(C#N)ccc21,-5.0
CCn1cc(C(=O)O)c(=O)c2cc(F)c(N3CCN(CN4N=C(C)CC4=O)CC3)cc21,-0.0
Cn1c(=O)c2c(ncn2Cc2cn(CC3OC(n4ccc(=O)[nH]c4=O)C4OC(C)(C)OC34)nn2)n(C)c1=O,3.0
O=[N+]([O-])c1ccc(N=C(Cc2ccc(F)cc2)c2ccc(O)cc2O)cc1,-2.643856189774725
CC(=O)N1N=C(c2ccc(Cl)cc2)CC1c1ccccc1,-4.643856189774724
O=C(Nc1ccc(F)cc1)C(=O)c1ccc2c(c1)c1ccccc1n2Cc1ccc(Cl)cc1,-3.0
COc1ccc(C=CC(=O)c2ccc(-n3cccc3)cc2)cc1OC,-3.643856189774725
Sc1nc(-c2cc3cc(Br)ccc3o2)cc(-c2cccs2)n1,-2.111031312388744
NC(=O)c1ccc(NC(=O)N2CCC3C2C(=O)N3S(=O)(=O)[O-])cc1,-4.0
CC1COc2cc(N3CCC(C(C)(C)N)C3)cc3c(=O)c(C(=O)O)cn1c23,3.9885043611621707
CCCCCCn1c(C(=O)C=Cc2ccc(F)cc2)nc2ccccc21,-5.0
CSc1ccc(Cc2nnc3sc(-c4ccc([N+](=O)[O-])cc4)nn23)cc1,-3.643856189774725
Nc1nc(-c2ccc(NC(=O)c3ccccc3)cc2)c(N=Nc2ccc(Cl)cc2)s1,2.0
OCCN1CCN(c2nc(Nc3ccc(F)c(F)c3)nc(Nc3ccc(F)c(F)c3)n2)CC1,-4.0
CNC1(C)CN(c2cc3c(cc2F)c(=O)c2c(=O)[nH]sc2n3C2CC2)C1,5.058893689053568
O=C(NO)C(Cc1ccc2ccccc2c1)NS(=O)(=O)c1ccc2ccccc2c1,-0.0
COc1cc(C=CC(=O)N2CCN(c3ccccc3)CC2)cc2c1OCO2,-4.643856189774724
Cc1cc(O)c2c3c(ncc2c1)C(=O)c1c(O)cccc1C3=O,-5.0
CC(=O)N(C1=NN(C(C)=O)C(c2cc3cccc(Cl)c3nc2Cl)S1)c1ccccc1C,-5.0
Cc1c(N2CCNCC2)c(F)cc2c(=O)n(N)c(=O)n(C3CC3)c12,-0.0
O=c1cc(CCl)oc(CN2CCN(c3cccc(C(F)(F)F)c3)CC2)c1O,-4.0
CC(C)c1csc(-c2nnc(S(=O)(=O)Cc3cc(Cl)ccc3F)o2)n1,-3.0
Cc1c(N2CC3(C)CC3(N)C2)c(F)cc2c(CN)cc(=O)n(C3CC3)c12,5.058893689053568
CC(C)c1ccc(C=Cc2cc(-c3ccc4ccccc4c3)[n+](C)cc2-c2ccccc2)cc1,-3.0
CN(C)C(=N)c1ccc2cc(-c3cncc(-c4cc5ccc(C(=N)N(C)C)cc5[nH]4)c3)[nH]c2c1,-0.0
O=C(O)c1cn(C2CC2)c2cc(N3CCN(Cc4nc5ccc(Cl)cc5[nH]4)CC3)c(F)cc2c1=O,1.0
CN1CCN(CCCOc2cc(O)c3c(=O)cc(-c4ccccc4)oc3c2)CC1,-2.643856189774725
CSc1nccc(Sc2nnc(-c3cc(C)cc(C)c3)[nH]2)n1,-0.6780719051126377
Cn1c(C2CC(=O)N(CCc3ccccc3)C2)nc2ccccc21,-5.0
O=C1COc2ccc(CNC3CCN(CCN4C(=O)COc5ccc(F)cc54)CC3)nc2N1,2.0
COc1ccc(Cn2ccc3c(-c4ccco4)nc(Cl)cc32)cc1,-4.0
Cc1ncc([N+](=O)[O-])n1CCOC(=O)c1ccccc1OCc1ccc(Br)cc1,-3.643856189774725
CC1CN(c2cc3c(cc2F)c(=O)c(C(=O)O)cn3-c2ccccc2)CC(C)N1,1.3219280948873622
O=c1ccc2ncc(F)c3c2n1CC3(O)CC12CCC(NCc3ccc4c(n3)NCCN4)(CC1)CO2,-5.0
Cc1cc(=O)oc2cc(N=C3SCC(=O)N3CCO)ccc12,-1.0
Cc1cc(=O)oc2cc(OCC(O)Cn3nnnc3C)cc(OCC(O)Cn3nnnc3C)c12,-5.0
CNC1(C)CN(c2nc3c(cc2F)c(=O)c(C(=O)O)cn3C2CC2)C1,5.058893689053568
C[n+]1c(C=Cc2cc3ccccc3[nH]2)cc(NCCN2CCCCC2)c2ccccc21,-5.0
Cn1nnnc1SCC1=C(C(=O)OC(C)(C)C)N2C(=O)C(NC3=NCCN3)C2SC1,-0.0
CCOC(=O)c1cn2c3c(c(F)c(F)cc3c1=O)OCC2C,-4.0
Nc1c(-c2ccc(Cl)cc2)n[nH]c1C(=O)NN=Cc1ccc(Cl)cc1,-3.9068905956085187
Nn1c(SCC(=O)c2cc3ccccc3oc2=O)nc2sc3c(c2c1=O)CCCC3,-3.643856189774725
C#CC1C(NC(=O)C(=NOC)c2csc(N)n2)C(=O)N1S(=O)(=O)[O-],3.321928094887362
Oc1ccc(-c2nnc(Cn3cnc4ccccc43)o2)cc1,-5.0
Cc1ccc2oc(=O)cc(C(CC(=O)O)c3c(C)n[nH]c3O)c2c1,-3.643856189774725
CCn1cc(C(=O)O)c(=O)c2cc(F)c(N3CCN(C(=O)CN4C(=O)SC(=Cc5ccccc5)C4=O)CC3)cc21,1.0
O=C(O)c1cc(C2CC2)c2cc(N3CCNCC3)c(F)cn2c1=O,6.643856189774724
COC(c1ccccc1)C(C#N)CN(Cc1ccccc1)C(=O)Nc1ccc(Cl)c(Cl)c1,-1.6415460290875237
CC(C)(O)c1ccc(C#Cc2cc3n(c2)C(=O)N(CCC(C)(C(=O)NO)S(C)(=O)=O)C3)cc1,3.0588936890535687
O=C(C=Cc1cnc2ccccc2n1)c1ccc2ccccc2c1,-4.643856189774724
O=[N+]([O-])c1cn2c(n1)OCC(OCc1ccc(OC(F)(F)F)cc1)C2,-5.0
COC(=O)N1CCC(O)(Cc2cccc(C(CC#N)Nc3nc4nc(C)ccc4[nH]3)c2)CC1,-1.0
NCC1CC(OC2C(N)CC(N)C(OC3OC(CO)C(O)C(O)C3O)C2O)C(N)CC1O,-5.0
O=[N+]([O-])c1ccc(-c2nnc(-c3cc(Br)c(Br)[nH]3)o2)cc1,-0.6415460290875237
COc1ccc2nc(Cl)c(C=C3SC(=S)N(CC(=O)O)C3=O)cc2c1,-4.906890595608519
CC(N)C(=O)N1CCN(c2cc3c(cc2F)c(=O)c(C(=O)N2CCOCC2)cn3C2CC2)CC1,1.3219280948873622
CCNC(=O)N(C)C1CCCC2C1=C(C(=O)[O-])N1C(=O)C(C(C)O)C21,2.0
CCOC(=O)N1CCN(S(=O)(=O)c2ccc3nc(N)nc(N)c3c2)CC1,-4.643856189774724
CCCCCCCCCCCCN(Cc1cccc2ccccc12)C(=O)C(N)CCCCN,-1.632268215499513
CC(=O)N1N=C(c2ccc(Cl)c(Cl)c2)CC1c1ccccc1,-3.643856189774725
N#CC(C#N)=Cc1cccc([N+](=O)[O-])c1,-5.0
Cc1ccc(C(=O)NCC(C)N=Cc2c(O)ccc3ccccc23)c(O)c1,-3.643856189774725
CC(=O)NCC1CN(c2ccc(C3=NOC(CN4CCN(C(C)=O)CC4)C3)c(F)c2)C(=O)O1,-4.0
O=C(c1ccc(Cl)cc1)c1ccc(NC(=O)c2cc(Br)cc(Br)c2O)cc1Cl,-3.0
CC(O)C1C(=O)N2C(C(=O)O)=C(SC3CNC(CSc4nnnn4CCO)C3)C(C)C12,5.321928094887363
CC(C)c1csc(C(=O)NN=Cc2ccc(O)cc2)n1,-4.965784284662087
Nc1nc(C(=NOCCF)C(=O)NC2C(=O)N3C(C(=O)O)=C(C=C4CCN(CC(F)(F)F)C4=O)CSC23)cs1,1.0
CCn1cc(C(=O)O)c(=O)c2cc(F)c(N3CCCC3)c(Cl)c21,-4.0
CSc1ccc(OCc2nnc3sc(Cc4ccccc4)nn23)cc1,-2.643856189774725
COc1c(N2CC(C)NC(C)C2)c(F)cc2c(=O)c(C(=O)O)cn(-c3ccc(O)cc3)c12,4.321928094887363
Cc1ncc([N+](=O)[O-])n1CC(=O)NN=Cc1cccc(Cl)c1,-4.643856189774724
Cc1c(N2CC3OCCC3(CN)C2)c(F)cn2c(=O)c(C(=O)O)cc(C3CC3)c12,2.321928094887362
O=C(NNc1ccc(Cl)cc1)c1ccccc1,-4.0
COC1(NC(=O)CSCC(N)C(=O)O)C(=O)N2C(C(=O)O)=C(CSc3nnnn3C)CSC21,3.0
NCC1(O)CCN(c2nc3nc(N)ncc3cc2-c2c(Cl)cccc2Cl)C1,2.0
CCn1cc(C(=O)O)c(=O)c2c(C)c(F)c(N3CCC(N)C3)c(F)c21,4.321928094887363
N#Cc1ccc(C=NNc2ccc3c4c(cccc24)C(=O)N(C(CO)CO)C3=O)cc1,-4.0
COc1cc2oc(=O)ccc2cc1CC=C(C)C,-0.0
CN(Cc1ccc2cc3c(c(O)c2c1)C(=O)C1=C(O)C2(O)C(=O)C(C(N)=O)=C(O)C(N(C)C)C2CC1C3)c1ccccc1,-5.0
C[n+]1c2ccccc2c(Nc2ccc(F)cc2F)c2oc3ccccc3c21,-3.584962500721156
CC(C)OC(=O)N(CC1CN(c2ccc(N3CCOCC3)c(F)c2)C(=O)O1)C(=O)C(C)C,-5.0
CC(=CC(=O)NCC1CC2C3C=CC=C4C3C(=CN4C)CC2N(C)C1)c1ccccc1,-2.356143810225275
COc1ccc2ncc(F)c(CC(OC)C34CCC(NCc5ccc6c(n5)NC(=O)CO6)(CC3)CO4)c2n1,-4.0
C=CC1(C)CC(OC(=O)Cn2cc(CN(CC)CC)nn2)C2(C)C(C)CCC3(CCC(=O)C32)C(C)C1O,-2.0
CN(C)C1C(O)=C(C(N)=O)C(=O)C2(O)C(O)=C3C(=O)c4c(c(F)c5ccc(CN6CCCC6)cc5c4O)CC3CC12,-0.0
CCNC(=O)Nc1cc2c(-c3ccnc(C)c3)ccc(CNC(=O)OC)c2cn1,-0.0
O=C(COc1ccc(Cl)cc1Cl)N1N=C(c2ccc(Cl)cc2)CC1(O)c1cc(F)c(Cl)cc1Cl,-4.643856189774724
CC(N)C1CCN(c2ccc3c(=O)c(C(=O)O)cn4c3c2OCC4C)C1,3.9885043611621707
CC(C)(C)c1cc(-n2cc(CCCN)nn2)cc(C(C)(C)C)c1,-4.0
CSc1ccc(OCc2nnc3sc(-c4ccccc4)nn23)cc1,-2.643856189774725
Cc1ccc(S(=O)(=O)NCCn2[se]c3ccccc3c2=O)cc1,-3.0
O=C(CC(c1ccccc1)c1ccccc1)NOC(=O)OCc1ccccc1,1.0
Cn1cc(C=Cc2cc(C3CCNCC3)nn2-c2cccc(Cl)c2)c2cc(Cl)ccc21,-2.0
Cc1ccc(C(C)C)cc1OC(=O)C1CSC(=O)N1,-3.321928094887362
COc1ccc2nc(C)cc(NC(=O)CN3CC(CN4CCOCC4)OC3=O)c2c1,3.321928094887362
CC(=O)c1cccc(-c2cc3c(cc2F)c(=O)c2c(=O)[nH]sc2n3C2CC2)c1,3.0
CCOC(=O)c1csc(SC2=C(C(=O)[O-])N3C(=O)C(NC(=O)C(=NOCCF)c4csc(N)n4)C3CC2)n1,1.0
COc1ccc2nc(C)cc(-n3cc(CN(C)CCN(C)C)nn3)c2c1,-2.643856189774725
CCON=C1CN(c2c(F)cc3c(=O)c(C(=O)O)cn(CC)c3c2F)CC1C(N)=NO,-4.0
CN(CCC(N)CC(=O)NC1C=CC(n2ccc(N)nc2=O)OC1C(N)=O)C(=N)N,-3.643856189774725
CCON=C1CCN(c2c(F)cc3c(=O)c(C(=O)O)cn(C4CC4)c3c2OC)CC1CN,-2.0
Nc1nc(-n2cc(C(=O)O)c(=O)c3cc(F)c(C4CC(O)C4)c(Cl)c32)c(F)cc1F,3.0588936890535687
CC(=O)Oc1cc(C(C)C)ccc1C,-3.548436624696042
CC(C(=O)NC1C(=O)N2C(C(=O)[O-])=C(CSc3nnnn3C)CSC12)S(C)(=O)=O,-2.6322682154995127
CC(O)C1C(=O)N2C(C(=O)[O-])=C(SC(=S)N3CC[N+](C)(Cc4ccccc4)CC3)C(C)C12,-0.6415460290875237
CCNc1cc(F)cc2c1[nH]c1ncc(-c3cncc(Cc4ncco4)c3)c(-n3ccc(C(F)(F)F)n3)c12,4.158429362604483
CCn1cc(C=C(C#N)S(=O)(=O)c2ccc(N)cc2)c2ccccc21,-3.0
CCON=C1CN(c2nc3c(cc2F)c(=O)c(C(=O)O)cn3C2CC2F)CC1(C)N,-0.0
CCNc1nc(Cl)c2c(c1O)C(=O)C1=C(O)C3(O)C(=O)C(C(N)=O)=C(O)C(N(C)C)C3CC1C2,1.0
CCCC#Cc1ccc(-n2ncc(C(C)=NNC(=N)N)c2C)cc1,-2.0
Cc1ccc(-n2cc(C(=O)O)c(=O)c3cc(F)c(N4CC(C)NC(C)C4)cc32)cc1,0.3219280948873623
OC(Cn1c[n+](Cc2cccc(Cl)c2)cn1)(Cn1c[n+](Cc2cccc(Cl)c2)cn1)c1ccc(F)cc1F,-5.0
CNc1cc(F)cc2cc(C(=O)Nc3ccc(C(=O)NS(=O)(=O)N(C)C)cc3)c(=O)[nH]c12,6.058893689053568
CCc1[nH]c2nc(Sc3cnc4c(c3)c(=O)ncn4C)nc(N3CC4C(N)C4C3)c2c1Cl,-1.0
OB(O)c1cccc(Cn2cc(-c3cccs3)nn2)c1,5.058893689053568
CCOc1ccc(-c2cccnc2)cc1-c1ccc2c(N)nc(N)nc2c1,-4.0
Nc1ccccc1-c1cn(-c2cccc(CP(=O)(O)O)c2)nn1,-0.0
CC(=NOC(=O)c1ccco1)N1N=C(c2ccc(Cl)cc2Cl)CC1c1ccccc1F,-0.6433944534798923
CN1CCN(c2nc3c(cc2N)c(=O)c(C(=O)O)cn3C2CC2)CC1,5.058893689053568
COc1ccc2cc3[n+](cc2c1OC)CCc1cc2c(cc1-3)OCO2,-2.321928094887362
Fc1cc(-c2cc(-c3nnc(COc4ccc(Cl)cc4Cl)o3)c3ccccc3n2)c(Cl)cc1Cl,-2.643856189774725
COc1cccc(NS(=O)(=O)c2ccc([N+](=O)[O-])cc2[N+](=O)[O-])c1,-5.0
CC(C)(C)OC(=O)N1CCCC2C1C(=O)N2S(=O)(=O)[O-],-4.0
Cc1c(N2CC3CC3(N)C2)c(F)cc2c(CN)c(F)c(=O)n(C3CC3)c12,5.058893689053568
O=c1oc2ccc(Br)cc2cc1-c1coc2c1ccc1ccccc12,-2.643856189774725
CC(O)C(NCCF)C(=O)NCC=CCn1cnc2cc(Cl)c(Cl)cc2c1=O,-5.0
CCOC(=O)OCOC(=O)C1=C(SC2CCOC2CNC(=O)OCOC(=O)C(C)C)C(C)C2C(C(C)O)C(=O)N12,4.058893689053568
CCCCn1cc([N+](=O)[O-])nc1C,-4.169925001442312
CC(O)C1C(=O)N2C(C(=O)[O-])=C3C(CCCC3N(C)C(N)=O)C12,3.0588936890535687
Fc1ccc(Nc2c(-c3c[nH]c4ccc(Br)cc34)nc3ccc(-c4nnc(-c5ccc(F)cc5)o4)cn23)cc1,3.1844245711374275
CCn1cc(C(=O)OC)c(=O)c2cc(F)c(N3CCN(C=Nc4nc5ccccc5[nH]4)CC3)cc21,-5.0
O=C(CN1CCOCC1)Nc1nc(-c2ccccc2[N+](=O)[O-])cc(-c2cc3cc(Cl)ccc3nc2Cl)n1,-3.643856189774725
C[n+]1c(C=Cc2c[nH]c3ccccc23)cc(N2CCCCC2)c2ccccc21,-3.0
O=C(C=Cc1ccc2ccc(C(F)(F)F)cc2n1)c1cccnc1,-5.0
CON=C1CCN(c2nc3c(cc2F)c(=O)c(C(=O)O)cn3-c2ccc(F)cc2F)CC1(C)N,-3.0
O=c1ccsn1-c1cccc(F)c1,-3.643856189774725
CCc1c(-c2ccc(N(C)C)cc2F)[nH]c(=O)c(C(=O)O)c1O,2.321928094887362
CC(COS(=O)(=O)O)C1CCC2C3C(N)CC4CC(NCCCNCCCCN)CCC4(C)C3CCC12C,-4.643856189774724
CCCCCCCC[N+](C)(C)CC(=O)Nc1ccc(C(=O)C=Cc2ccccc2)cc1,-1.0
COc1cc(C=NNC(=O)CC2CSC(N3N=C(c4ccccc4)CC3c3c(F)cccc3F)=N2)cc(OC)c1OC,-4.0
CCc1cc(Cc2cnc(N)nc2N)cc(CC)c1O,-1.584962500721156
Cc1c(Cc2ccncc2)c(Cl)nc2nc(N)c(C(N)=O)cc12,2.0
O=C(O)C1CN(C2CC2)c2c(ccc(-c3cc4n(c3)CCNC4)c2OC(F)F)C1=O,-0.0
CCc1c(-c2ccc(N3CCC(N(C)C)C3)cc2)[nH]c(=O)c(C(=O)O)c1O,2.395928676331139
O=c1c2ncnn2c2cc(F)c(-c3ccncc3)cc2n1C1CC1,3.0
Cc1[nH]c(C(=O)Nc2nc3c(OCc4ncccn4)cc(C(=O)O)cc3s2)c(Cl)c1Cl,2.0
O=C(COc1ccc(Cl)cc1)N1N=C(c2ccc(Cl)cc2)CC1(O)c1cc(F)c(Cl)cc1Cl,-3.643856189774725
COc1c(N2CCC(N)C2)c(F)cc2c(=O)c(C(=O)O)cn(C3CC3)c12,6.265344566520995
Cc1c(N2CCC(CN)(CF)C2)c(F)cn2c(=O)c(C(=O)O)cc(C3CC3)c12,4.321928094887363
CS(=O)(=O)C1=C(C(=O)O)N2C(=O)C(NC(=O)C(=NOCCF)c3csc(N)n3)CN2C1,6.058893689053568
CCn1cc(C(=O)O)c(=O)c2cc(N)c(N3CCN(C)CC3)nc21,-0.6415460290875237
O=CN(O)CCn1nnc2cc(C#Cc3ccc(CN4CCOCC4)cc3)ccc21,-2.0
CC(=Cc1ccc(OC2OC(C(C)O)C(O)C2O)c(O)c1)C(=O)NC1C(O)C(O)C2OCOC2C1O,-4.321928094887363
O=c1c2cc(F)c(N3CCCC3)cc2n(Cc2ccccc2)c(=O)n1O,-4.0
CCn1cc(C(=O)O)c(=O)c2cc(F)c(-c3ccc(C)o3)cc21,-3.643856189774725
COCCn1c(S)nnc1-c1cnc2c(C(F)(F)F)cccc2c1O,-2.643856189774725
CCn1cc(-c2nc(NC(=O)c3ccc(OC)cc3)n[nH]2)c(=O)c2ccc(C)nc21,5.011587974275212
NS(=O)(=O)c1ccc(NC(=S)NC(=O)c2ccc(Cl)cc2Cl)cc1,1.6757654377294686
N=C(N)c1ccc(NC(=O)CCC(=O)Nc2ccc(C(=N)N)cc2)cc1,-2.0
CCN(Cc1ccccc1)C(=O)Nc1cc(-c2ccc(OC)cc2)sc1C(=O)O,-3.9068905956085187
Cc1ncc([N+](=O)[O-])n1CCN(CCBr)Cc1ccc(F)cc1F,-5.0
NCC1CC(OC2C(N)CC(N)C(OC3OC(CO)C(O)C(O)C3N)C2O)C(N)CC1O,-3.0
CSc1ccc(OCc2nnc3sc(-c4ccccc4Cl)nn23)cc1,-4.643856189774724
COc1ccc2cc3[n+](cc2c1OCCN(CCn1cncn1)Cc1cc(F)ccc1F)CCc1cc2c(cc1-3)OCO2,-1.0
CCNC1CCN(c2nc3c(cc2F)c(=O)c(C(=O)O)cn3CC)C1,0.3584539709124763
O=C1CCCCC1C(Nc1ccc(F)cc1F)c1ccc(F)cc1,-0.6897464384935557
Clc1cccc(CON=C2c3cccc(Cl)c3CCC2Cn2cncn2)c1,-2.643856189774725
O=C(O)c1c(=O)c2cc(F)c(N3CCSCC3)c3c2n2c(csc12)CO3,1.3584539709124763
O=[N+]([O-])c1ccc(N=C(Cc2ccc(Cl)cc2)c2ccc(O)c(O)c2)cc1,-4.643856189774724
CCNC(=O)Nc1cc(-c2nc(C(F)(F)F)cs2)c(-c2nc3cccc(C(=O)O)c3s2)cn1,0.3219280948873623
Clc1cccc(CN2COc3c(cc(Cl)c4cccnc34)C2)c1,-3.643856189774725
CON=C1CCN(c2c(F)cc3c(=O)c(C(=O)O)cn(C4CC4)c3c2F)CC1(C)CN,1.0
CC(=O)OCC1=C(C(=O)OC(c2ccccc2)c2ccccc2)N2C(=O)C(Nc3nc4ccccc4[nH]3)C2SC1,5.058893689053568
O=C([O-])C1=CSC2C(=Cc3cn4c(n3)sc3cc(Cl)ccc34)C(=O)N12,4.058893689053568
CCn1cc(-c2nc(N=Cc3ccc(Br)cc3)n[nH]2)c(=O)c2ccc(C)nc21,5.011587974275212
COc1ccc2ncc(F)c(CCC34CCC(N(C)C(=O)c5ccc6c(n5)NC(=O)CO6)(CC3)CO4)c2n1,-2.0
Cc1ncc([N+](=O)[O-])n1CCOC(=O)c1ccccc1OCc1ccc(Cl)c(Cl)c1,-1.6461626571578936
Cc1ccc(C(=O)C=Cc2ccc(C3N=C(N)NC(N(C)C)=N3)cc2)cc1,-5.0
CCCCC(CN(O)C=O)C(=O)N1CCCC1c1nnc(-c2ccc(C(F)(F)F)cc2F)s1,-4.0
COc1c(N2CCN(CC(C)=NNc3ccccc3)C(C)C2)c(F)cc2c(=O)c(C(=O)O)cn(C3CC3)c12,2.0
CC1CC(N(C)C)C(O)C(OC2C(N)CC(N)C(OC3CC(CN)C(O)CC3N)C2O)O1,-4.0
CN1CCN(c2c(F)cc3c(=O)c(C(=O)O)cn(N4CC4c4ccc(F)cc4)c3c2F)CC1,-3.643856189774725
CN(C)c1ccc(Sc2ccc3nc(N)nc(N)c3c2)cc1,-0.5849625007211562
CC1CN(c2cc3c(cc2F)c(=O)c(C(=O)O)cn3C2CC2)CC(C)N1,5.321928094887363
CC(C)c1ccc(-c2nc(CN3CCN(c4ccnc5cc(-c6cccnc6)ccc45)CC3)no2)cc1,-5.0
CCNc1cc(F)cc2c1[nH]c1ncc(-c3cncc(CC(=O)O)c3)c(-n3ccc(C(F)(F)F)n3)c12,2.0
CC(CCN1Cc2cc(C#CC#CC3(CO)CC3)sc2C1=O)(C(=O)NO)S(C)(=O)=O,-0.0
O=c1ccc2ncc(F)c3c2n1CC3(O)CC12CCC(NCc3cc4c(cn3)S(=O)(=O)CCO4)(CC1)CO2,-5.0
COc1ccc(Br)c(C(=O)NN=Cc2ccc(F)cc2)c1,-3.643856189774725
COc1ccc(S(=O)(=O)NCc2cn(-c3cc(C)nc4ccc(OC)cc34)nn2)cc1,-1.6415460290875237
CCCCCCCNC(=O)C[N+](C)(C)CCCOc1cc(C(C)C)ccc1C,-3.0
Cn1cnc(CNCc2ncn(C)n2)n1,-2.807354922057604
O=C(O)c1cn(C2CC2)c2nc(N3CCNCC3)c(F)cc2c1=O,5.965784284662087
N#CSc1c(-c2ccc([N+](=O)[O-])cc2)nc2sc(Cc3noc4ccccc34)nn12,-2.0
OC(CNCCNc1ccccc1C(F)(F)F)COc1ccc(C(F)(F)F)cc1,-4.0
COC(=O)CSc1c(-c2ccccc2)nc2ccccc2c1-c1ccccc1,-4.643856189774724
O=c1cc(OCc2cn(Cc3ccc([N+](=O)[O-])cc3)nn2)c2ccccc2o1,-1.0
CN(c1ccc(C(=O)NCCNC(=N)N)cc1)S(=O)(=O)c1cc(C(C)(C)C)cc(C(C)(C)C)c1,-5.0
C#CCNc1nc(NCCCC2CCN(Cc3ccccc3)CC2)c(C#N)c(-c2ccccc2)c1C#N,-5.0
NC1CCN(c2ccc3c(=O)c(C(=O)O)cn(C4CC4)c3c2)C1,6.965784284662087
COc1ccc(OC)c(C=NN=c2scc(C3=CC(=O)C=CC3=O)n2-c2ccc(C)cc2)c1,-4.643856189774724
c1ccc(Cn2cc(COc3ccc(-c4nc5cc(C6=NCCN6)ccc5[nH]4)cc3)nn2)cc1,-3.0
O=C(O)c1cn(C2CC2)c2c([N+](=O)[O-])c(-c3ccccc3)c(F)cc2c1=O,-1.584962500721156
CCn1cc(C(=O)O)c(=O)c2c(N)c(F)c(N3CCC(N)C3)c(F)c21,3.321928094887362
COc1ccc(C=CC(=O)NCC2CC3C4C=CC=C5C4C(=CN5C)CC3N(C)C2)cc1,-4.0
CCc1c(F)c(N2CCNC(C)C2)cc2c1c(=O)c(C(=O)O)cn2C1CC1,1.3219280948873622
O=c1c2ccccc2[se]n1Cc1cccc(N2CCCCC2)c1,-4.0
CC(O)C1C(=O)N2C(C(=O)O)=C(SC3CCOC3CNC(=O)CN)C(C)C12,4.058893689053568
Cc1c(N2CCC(NC3CC3)C2)c(F)cn2c(=O)c(C(=O)O)cc(C3CC3)c12,2.321928094887362
CCNc1cc(F)cc2c1[nH]c1ncc(-c3cnc(C(C)(C)O)nc3)c(-n3ccc(C(F)(F)F)n3)c12,2.0
CCNC(=O)Nc1cc(-c2nc(C(F)(F)F)cs2)c(-c2cncc(C(N)=NO)c2)cn1,2.473931188332412
Fc1ccc(Nc2c(-c3c[nH]c4ccc(Br)cc34)nc3ccc(-c4nc5ccc(F)cc5[nH]4)cn23)cc1,-0.16349873228287956
Cc1ccc2oc(=O)cc(Cn3cnc4c(=O)n(C)c(=O)n(C)c43)c2c1,-1.9634741239748859
Nc1nc(N)c2c(ccc3c2ccn3Cc2ccc(B(O)O)c3ccccc23)n1,-0.0
CCOC(=O)c1sc(NC(=O)CN2CCC(Cc3ccccc3)CC2)nc1-c1ccccc1,-4.857980995127572
CN1C=C2CC3C(CC(CNC(=O)C4CC4c4ccccc4)CN3C)C3C=CC=C1C23,-3.356143810225275
O=C1NC(Cc2ccc(O)cc2)C(=O)N2CCCC12,-4.321928094887363
Clc1cccc(-n2nc(C3CCNCC3)cc2-c2ccc3ccccc3c2)c1,-2.0
N#Cc1c(-c2ccc(F)cc2)cc(-c2ccc(Nc3cc(=O)oc4ccccc34)cc2)nc1N,-1.6415460290875237
CC(O)C1C(=O)N2C(C(=O)[O-])=C(SC3COC(CN=CN)C3)C(C)C12,4.058893689053568
COc1ccccc1Nc1c2ccccc2[n+](C)c2c1oc1ccccc12,-3.584962500721156
NC(=O)c1cn(C2CCN(c3nc4c(cc3F)c(=O)c(C(=O)O)cn4C3CC3)CC2)nn1,-2.0
CC1CCCC(C)N1CC#CCn1nc(-c2ccccc2)n(-c2ccccc2)c1=O,-3.643856189774725
O=C(O)c1cn(C2CC2)c2cc(N3CCN(Cc4nc5ccccc5n4Cc4cccc(Cl)c4)CC3)c(F)cc2c1=O,1.0
CC(C)(ON=C(C(=O)NC1C(=O)N(S(=O)(=O)O)C1CN1CCCCC1=O)c1csc(N)n1)C(=O)O,-2.0
N#CCN(Cc1ccccc1)Cc1cc([N+](=O)[O-])c2cccnc2c1O,14.024677973715656
CS(=O)(=O)c1nc(-c2cc(Cl)cc(Cl)c2)c(-c2cc(Cl)cc(Cl)c2)[nH]1,-2.0
Cc1c(F)c(N2CC3CC2C(C)N3)nc2c1c(=O)c(C(=O)O)cn2C(C)(C)C,5.058893689053568
CCNCC1CN(c2c(F)cc3c(=O)c(C(=O)O)cn(C4CC4)c3c2F)C1C,2.0
C[n+]1c2ccccc2c(Nc2cccc(F)c2)c2oc3ccccc3c21,-4.0
O=C1COc2ccc(CNC34CCC(CCc5ccnc6cc(F)cnc56)(CC3)OC4)nc2N1,-5.0
Nc1nc(C(=NO)C(=O)NC2C(=O)N3C(C(=O)O)=C(C=C4CCN(C5CCNC5)C4=O)CSC23)ns1,6.058893689053568
CN(C)C1C(O)=C(C(N)=O)C(=O)C2(O)C(O)=C3C(=O)c4c(O)cc(C5CCCN5C)c(C(F)(F)F)c4CC3CC12,5.002310160687201
O=C(CSc1ccc2ccccc2c1)NC1C(=O)N2C(C(=O)O)=C(C=CCNS(=O)(=O)c3ccccc3)CSC12,-5.0
Cc1[nH]c(C(=O)NC2CCN(c3ncc(C(=O)O)s3)CC2N=[N+]=[N-])c(Cl)c1Cl,3.9885043611621707
Cc1nnc(SCC2=C(C(=O)O)N3C(=O)C(NC(=O)Cn4cnnn4)C3SC2)s1,1.3584539709124763
O=C(O)c1ccc(-n2c(=O)c3ccccc3c3ccccc3c2=O)cc1,-2.070389327891398
CCOC(=O)c1cnc(NC(=O)CN2CCC(Cc3ccccc3)CC2)s1,-4.857980995127572
CCOC(=O)C1=C(C)NC(=S)NC1c1ccc(NC(=S)Nc2cccc(C(F)(F)F)c2)cc1,-4.321928094887363
O=c1cc(Oc2nc(Nc3ccccc3)nc(N3CCN(c4cccc(Cl)c4)CC3)n2)c2ccccc2o1,-4.643856189774724
NC(=O)CCC(N)C(=O)NC(CCl)C(=O)O,-0.6415460290875237
COc1ccc2c(c1)N(CCN1CCC(NCc3ccc4c(n3)NC(=O)CO4)CC1)C(=O)CO2,2.0
OC(Cn1cncn1)(Cn1c2ccc(Br)cc2c2cc(Br)ccc21)c1ccc(F)cc1,-4.0
CNC1CCN(c2c(F)cc3c(=O)c(C(=O)O)cn(C4CC4)c3c2F)CC1=NOC,5.058893689053568
COc1ccc(-c2nnc(-c3cccc(C#N)c3)o2)c(F)c1,-2.584962500721156
CCN(Cc1ccccc1)C(=O)Nc1cc(-c2cccc(Cl)c2)sc1C(=O)O,-3.169925001442312
O=C(Nc1cc(Cl)cc(C(=O)c2ccc(Cl)cc2)c1Cl)c1cc(Br)cc(Br)c1O,-3.0
CCCCCn1cc(C(=O)OCC)c(=O)c2cc(F)c(F)cc21,-4.0
O=C(O)c1cn(C2CC2)c2cc(N3CCN(C(=O)C[n+]4ccc(-c5ccccc5)cc4)CC3)c(F)cc2c1=O,-4.0
CC(=O)N1N=C(c2ccc(-n3cccc3)cc2)CC1c1ccc(C)cc1,-3.643856189774725
Cc1n[nH]cc1C=Nn1c(C)nn(CN2CCN(C)CC2)c1=S,-2.584962500721156
O=C(NN=Cc1ccc(Cl)cc1)c1ccc(-c2nc3ccccc3[nH]2)cc1,-4.643856189774724
Cc1c(N2CC=CCC2)c(N)cc2c(=O)c(C(=O)O)cn(C3CC3)c12,-0.0
COc1ccc2ncc(=O)n(CCN3CCC(NCc4cc5c(cn4)OCCO5)C(F)C3)c2c1,-3.0
CC(=NN1CCN(CCO)CC1)C1=C(O)C(N)C2Cc3c(c(O)c4c(O)c(C)ccc4c3C)C(=O)C2(O)C1=O,-2.6322682154995127
CCCCCCCCCN(CCCOc1ccccc1)C(=O)C(N)CCCCN,-3.0
Cc1cc(-c2c(F)cc3c(=O)c(C(=O)O)cn(C4CC4)c3c2F)cc(C)n1,4.058893689053568
Cc1cc(C)c(NC2=Nn3c(nnc3-c3cc(F)c(Cl)cc3Cl)SC2)c(C)c1,-3.643856189774725
Cc1c(F)c(N2CCC(N)C2)nc2c1c(=O)c(C(=O)O)cn2C(C)F,9.965784284662087
COc1c(C(C)C)ccc2c1C(O)C=C1C3=C(CCC12C)C(=O)OC3,-1.632268215499513
CCCCCCCCCCCCNCC(OC1OC(CN)C(O)C1O)C1CC(O)C(n2ccc(=O)[nH]c2=O)O1,-1.3219280948873624
COc1ccc(NN=C(C#N)C(=O)Nc2ccc(S(=O)(=O)Nc3onc(C)c3C)cc2)cc1,-4.965784284662087
CNn1c(=O)cc2n(C3CC3)c3cc(N4CCNCC4)c(F)cc3n2c1=O,1.0
COc1ccc(-n2cc(Cn3cc(C(=O)N4CCCCC4)c(=O)c4cc(F)c(N5CCCCC5)cc43)nn2)cc1,-4.22881869049588
CON=C(C(=O)NC1C(=O)N2C(C(=O)O)=C(CSc3cc[n+](C)cc3)OCC12)c1csc(N)n1,5.321928094887363
COc1cccc(C(=O)N2CCN(c3ccc(N4CC(Cn5ccnn5)OC4=O)cc3F)CC2)c1,-3.0
Cc1ccc(OCc2ccccc2-c2nnc(-c3ccccc3F)o2)cc1,-2.643856189774725
Brc1cc(-c2nnc(-c3ccccc3)o2)[nH]c1Br,-3.643856189774725
CCCn1cc(C(=O)OCC)c(=O)c2cc(F)c(F)cc21,-5.0
Cc1nc(-c2ccccc2)sc1-c1nnc(S)n1N=Cc1cccc(Cl)c1Cl,-0.963474123974886
COC(=O)Cc1cc(O)cc2oc(-c3ccc(OC)cc3)cc(=O)c12,-4.169925001442312
CCCCCCCCCC=CCCCc1ccc(O)c(O)c1,-2.321928094887362
O=C(O)c1ccccc1C=Nn1c(-c2ccc(-c3ccccc3)cc2)n[nH]c1=S,-3.0
CCn1cc(C(=O)O)c(=O)c2cc(F)c(N3CCN(CC(=NO)c4ccoc4)CC3)cc21,4.351074440546879
CCCOc1ccc(C=NNCc2ccc(C(F)(F)F)cc2)c(O)c1,-5.0
COC(=O)C12COC(C(C)(C)C)N1C(=O)C(=C(CCCOc1ccccc1)NCCN1CCCCC1)C2=O,-5.0
O=C(O)c1cnn(-c2ccc(Cl)cc2)c1NC(=O)c1cc2cc(Cl)ccc2oc1=O,2.0
Nc1cccc(C(=O)C=Cc2cnc3ccccc3n2)c1,-4.643856189774724
COc1ccc(NC(=O)c2csc(-c3c[nH]c4ccc(Br)cc34)n2)cc1,-3.643856189774725
CCCCCCCCCN1CCN(c2c(F)cc3c(=O)c(C(=O)O)cn(C4CC4)c3c2OC)CC1,-3.0
CCCCCCCCCCCCCC(=O)NN1C(=O)CSC1c1ccc(O)cc1,1.5145731728297582
COc1ccc(-n2cc(C3C4=C(CC(C)(C)CC4=O)Oc4ccc5ccccc5c43)nn2)cc1,-3.643856189774725
N#CSc1c(-c2ccc(Cl)cc2)nc2sc(Cc3noc4ccccc34)nn12,-1.0
Cc1ccc(C)n1-c1ccccc1NC(=S)Nc1ccc(F)cc1,0.3219280948873623
CC(C)(C)C(=O)OCC1C(O)CCC2(C)c3ccccc3CCC12,-4.643856189774724
CCOc1ccc2[nH]ccc2c1-c1cc2nc(N)nc(N)c2cc1C,-3.0
CCOC(=O)C(=CNc1cc(F)cc(F)c1)c1ccc(Cl)cc1,-3.7548875021634687
CN1C2CCC1CN(c1c(F)cc3c(=O)c(C(=O)O)cn(C4CC4)c3c1F)C2,2.321928094887362
Cc1[nH]c(C(=O)NC2CCN(c3ncc(C(=O)O)s3)CC23OCCCO3)c(Cl)c1Cl,-0.0
CSc1ccc(C2=Nn3c(nnc3-c3cc(Cl)cc(Cl)c3Cl)SC2)cc1,-2.643856189774725
CCn1c(S)nnc1CN1CCN(c2cc3c(cc2F)c(=O)c(C(=O)O)cn3CC)CC1,2.0588936890535687
CCN(CC)C(=O)Nc1ccccc1F,-4.643856189774724
CCCCC(CN(O)C=O)C(=O)N1CCCC1c1nnc(Cc2cccs2)s1,-4.0
CC(=O)NCC1CN(c2ccc(OC3CCN(c4nc5c(cc4F)c(=O)c(C(=O)O)cn5C4CC4)C3)c(F)c2)C(=O)O1,4.058893689053568
O=c1[nH]c2c(c(=O)[nH]1)C(c1ccc(Br)cc1)c1c(-c3ccccc3)nn(-c3ccc([N+](=O)[O-])cc3)c1N2,-2.0
CCCc1ccc(CNCC2CCCC(CNCc3ccc(CCC)cc3)C2)cc1,5.965784284662087
CSC1CN(c2ncc(C(=O)O)s2)CCC1NC(=O)c1[nH]c(C)c(Cl)c1Cl,2.0
O=C1c2cccc3cccc(c23)C(=O)N1c1nc(-c2cc3cc(Cl)cc(Cl)c3oc2=O)cs1,-4.22881869049588
CCCCCCCCNC1=NC(C)(C)NC(NCCc2ccccc2)=N1,-4.643856189774724
CON=C(C(=O)NC1C(=O)N2C(C(=O)O)=C(C=CCNS(=O)(=O)c3cccnc3)CSC12)c1csc(N)n1,-0.0
C=C(C(=O)OCC)C(O)c1ccc(Cl)cc1,-3.9068905956085187
CCc1cc(Nc2cc(=O)n(CCCCI)c(=O)[nH]2)ccc1C,-4.321928094887363
COc1ccc(C2N=C(N3N=C(c4ccccc4)CC3c3c(F)cccc3F)S2)cc1,-4.0
O=C1Nc2cc(Br)ccc2C1=C1Nc2c(Br)cccc2C1=NO,-0.0
CC(O)C1C(=O)N2C(C(=O)O)=C(Sc3nc(-c4ccc(CN)cc4)cs3)C(C)C12,-0.6415460290875237
CCNc1cc(F)cc2c1[nH]c1ncc(-c3cncc(C#N)c3)c(-n3ccc(C)n3)c12,2.0
O=C1CSC(c2cc3ccccc3nc2S)N1c1cccc([N+](=O)[O-])c1,-2.643856189774725
C=C(C(=O)O)C(CCCCCC)C(=O)O,-3.321928094887362
O=C(O)C(Cc1c[nH]c2ccccc12)N1C(=O)C(=Cc2ccc3cc(OCc4ccccc4Cl)ccc3c2)SC1=S,-2.0
CC(C)c1csc(-c2nnc3n2NC(c2ccc(F)cc2F)S3)n1,-4.0
CC(=O)NCC1CN(c2ccc(Oc3cccc(NC(C)=O)c3)c(F)c2)C(=O)O1,-4.0
Nc1ccc(S(=O)(=O)NC(=O)c2ccccc2)cc1,-5.0
CCON=C1CCN(c2c(F)cc3c(=O)c(C(=O)O)cn(CCF)c3c2F)CC1(C)CN,-4.0
COc1ccc2ccc(=O)n(CC(O)C3CCC(NCc4cc5c(nn4)OCCO5)CO3)c2n1,-3.0
CNCC1CCC(N)C(OC2C(N)CC(NC(=O)C(O)CCN)C(OC3OC(CO)C(O)C(NC)C3O)C2O)O1,-0.0
O=c1n(CC#CCN2CCCCCCC2)nc(-c2ccccc2)n1-c1cccc2ccccc12,-4.643856189774724
FC(F)(F)c1cc(NN=Cc2ccc3nonc3c2)c2cccc(C(F)(F)F)c2n1,-2.643856189774725
O=c1ccc2ncc(F)c3c2n1CC3(O)CC12CCC(NCc3cc4c(nn3)OCCO4)(CC1)CO2,-5.0
NC(=O)c1cc2cc(C3CC3)c(C(F)(F)F)nc2nc1N,3.0
CCCNCc1ccc2cc3c(c(O)c2c1)C(=O)C1=C(O)C2(O)C(=O)C(C(N)=O)=C(O)C(N(C)C)C2CC1C3,-0.0
Fc1ccc(COc2cccc3c2c2ccccc2n3Cc2nnc(S)o2)c(F)c1,-4.0
COc1ccc(N(Cc2cc(Br)ccc2O)C(=O)Nc2ccccc2)cc1,-4.643856189774724
Clc1ccc(OCc2ccccc2-c2nnc(-c3ccc(Cl)cc3)o2)cc1,-4.643856189774724
CN1C=C2CC3C(CC(CNC(=O)c4cc5ccccc5[nH]4)CN3C)C3C=CC=C1C23,-2.356143810225275
CON=C(C(=O)NC1C(=O)N2C(C(=O)[O-])=C([n+]3cc(C)ccc3C)CCC12)c1csc(N)n1,3.0
CC(CNC(=O)c1ccccc1O)N=Cc1cc(Br)cc(Br)c1O,-4.643856189774724
CCCCCCCCn1c(CCCCNC(=O)OCc2ccccc2)cnc1N,-3.0
COc1ccc(C=NNC(=O)c2ccc(-c3nc4ccccc4[nH]3)cc2)cc1,-4.643856189774724
CSC=CC(=O)Nc1ccn(C2CCC(OC3OC(C)C(N(C)C)C(O)C3O)C(C)O2)c(=O)n1,-5.0
Nc1c(-c2ccc(Cl)cc2)n[nH]c1C(=O)N1NC(=O)CC1=O,-4.321928094887363
CCN(CC)c1ccc2cc(-c3nc4sc(S(N)(=O)=O)nn4c3CN3CCCC3)c(=O)oc2c1,-3.0
CC(=O)N1N=C(c2ccccc2)CC1c1ccc(Cl)cc1,-4.643856189774724
COc1ccc2nc(C)cc(-n3cc(CN4CCN(C)CC4)nn3)c2c1,-2.643856189774725
Cn1nc(O)c(=O)nc1SCCON=C(C(=O)NC1C(=O)N(OS(=O)(=O)O)C1(C)C)c1csc(N)n1,-0.0
CCOC(=O)C12COC(C(C)(C)C)N1C(=O)C(=C(C)NCCCN1CCOCC1)C2=O,-5.0
CCCCC(CN(O)C=O)C(=O)N1CCCC1c1nnc(-c2ccc(F)cc2[N+](=O)[O-])s1,-4.0
COCCCCn1c(=O)cc(Nc2ccc(C)c(C(C)O)c2)[nH]c1=O,-4.321928094887363
CCc1c(-c2ccc(N(C)C)cc2C)[nH]c(=O)c(C(=O)O)c1O,-2.655351828612554
N#CCn1c(=O)ccc2ncc(F)c(CCC34CCC(NCc5ccc6c(n5)NC(=O)CO6)(CC3)CO4)c21,-0.0
COc1ccc2nccc(C(O)CC3CCC(NCc4ccc5c(n4)NC(=O)CS5)CO3)c2n1,9.965784284662087
C=CC1(C)CC(OC(=O)Cn2cc(COCc3ccccc3)nn2)C2(C)C(C)CCC3(CCC(=O)C32)C(C)C1O,-5.0
Cc1ncc([N+](=O)[O-])n1Cc1nnc(-c2ccc(Br)cc2)o1,-4.643856189774724
Cc1ccc(S(=O)(=O)N2N=Cc3cc(Cl)ccc3B2O)cc1,-4.643856189774724
O=C(COc1ccc(Cl)cc1Cl)N1N=C(c2ccccc2)CC1(O)c1cc(F)c(Cl)cc1Cl,-3.643856189774725
Cc1c(N2CC3CCNC3C2)c(F)cn2c(=O)c(C(=O)O)cc(C3CC3)c12,6.643856189774724
CC(O)C1C(=O)N2C(C(=O)[O-])=C(SC3COC(CN)C3)C(C)C12,4.058893689053568
COc1ccc(-c2n[nH]c(N3C(=O)CSC3c3ccc(Cl)cc3)n2)cc1,-4.0
O=C1CSc2ccc(CNC34CCC(CC5(O)Cn6c(=O)ccc7ncc(F)c5c76)(CC3)OC4)nc2N1,-2.0
COc1ccc(S(=O)(=O)Nc2cccc(-c3nc4ccccc4n3Cc3ccc(C)cc3)c2)cc1OC,-2.0
O=C1CC(=O)N(c2ccc(Cl)cc2)N1c1ccc(Cl)cc1,-4.0
C#CCn1cc(C=NNc2ccc3c4c(cccc24)C(=O)N(C(CO)CO)C3=O)c2ccccc21,-4.0
COc1ccc(-c2nn[se]c2C(c2ccccc2)C2CCCc3[se]nnc32)cc1,-4.643856189774724
CC(=O)Nc1ccc(S(=O)(=O)Cc2nnc(SCCO)o2)cc1,-5.0
CCc1nc(N)nc(N)c1C#CCc1cc(-c2ccc(C(=O)O)cc2)ccc1OC,6.673002535434241
N#Cc1ccc2ccnc(N3CCN(CCCNc4cc(=O)oc5ccccc45)CC3)c2c1,-1.0
NCC(=O)NCCOc1ccc2sc(CNc3nncc(-c4c(Cl)cccc4Cl)n3)nc2c1,-2.0
O=C1c2ccccc2C(=O)c2c1n[nH]c2C(=O)NCCO,-4.643856189774724
CC(C)(C)c1cc(C(=O)Nc2ccc(C(=O)NCCN)cc2)cc(C(C)(C)C)c1,-3.0
O=c1ccc2ncc(F)c(CCC34CCC(NCc5cnc(-c6ccncc6)s5)(CC3)CO4)c2n1CCO,-5.0
CCCCCCCCCCCC(=O)OCCC[N+](C)(C)Cc1cnc(C)c2c1COC(CCC)O2,-2.0
O=C(O)c1cn(C2CC2)c2cc(N3CCN(Cc4oc(CO)cc(=O)c4O)CC3)c(F)cc2c1=O,0.3584539709124763
Nc1nc(N)c2c(ccc3c2ccn3Cc2nc3ccccc3s2)n1,5.058893689053568
Cc1ccc(SC2CN(c3c(F)cc4c(=O)c(C(=O)O)cn(C5CC5)c4c3F)C2)cc1,-5.0
COC1OC(C)(c2ccc(-c3ccccc3)cc2)C(=O)CC1N1CCOCC1,-1.6780719051126378
CC1(C)SC2C(N=CN3CCCCCC3)C(=O)N2C1C(=O)O,7.965784284662087
COc1ccc2c(c1)Cc1c(C(=O)NN=Cc3c(F)cc(F)cc3F)n[nH]c1-2,-1.9634741239748859
CNCc1ccc2cc3c(c(O)c2c1)C(=O)C1=C(O)C2(O)C(=O)C(C(N)=O)=C(O)C(N(C)C)C2CC1C3,-0.0
O=C(O)c1cn(C2CC2)c2nc(N3CC(=NOCc4ccccc4)C(CNC4CC4)C3)c(F)cc2c1=O,-2.0
O=C(NCc1ccco1)c1cc(OCc2ccccc2)c2ccccc2c1,-1.0
CC1=NN(C(=O)c2sc3ccccc3c2Cl)C(=O)C1=NNc1ccc(C)cc1[N+](=O)[O-],-2.584962500721156
COc1ccc2nccc(C(O)C(O)C3CCC(NCc4cc5c(cn4)OCCO5)CO3)c2n1,6.965784284662087
C=CCn1cc(C=C(C#N)C(=O)N2CCN(c3cc4c(cc3F)c(=O)c(C(=O)O)cn4CC)CC2)c2ccccc21,-0.0
c1cc2cc(-c3ccc(-c4cn5ccc(C6=NCCN6)cc5n4)cc3)[nH]c2cc1C1=NCCN1,1.6896598793878495
C=CCOC1CN(c2ncc(C(=O)O)s2)CCC1NC(=O)c1[nH]c(C)c(Cl)c1Cl,2.9434164716336326
Cc1ccc(-c2ccc(C(c3cccc(-n4cc(-c5cccc(N)c5)nn4)c3)P(=O)(O)O)cc2)cc1,-1.0
COc1ccc2nc(C)cc(NC(=O)CN3CC(CN(C)C)OC3=O)c2c1,2.321928094887362
Nc1cccc(-n2c(C=Cc3ccc(F)cc3)nc3ccccc3c2=O)c1,-4.0
CN1CCN(c2c(F)cc3c(=O)c(C(=O)O)cn(N4CC4c4ccccc4)c3c2F)CC1,-4.643856189774724
COC(Cn1nnc2cc(C#Cc3ccc(CN4CCOCC4)cc3)ccc21)N(O)C=O,2.0
CCc1ccc(-c2csc(NC(=S)NC3OC(COC(C)=O)C(OC(C)=O)C(OC(C)=O)C3OC(C)=O)n2)cc1,-3.643856189774725
CCCCC(=O)NC(=S)Nc1nc2cc(Br)ccc2s1,-4.643856189774724
O=C(O)c1cn(C2CC2)c2nc(N3CC4CC3CS4)c(F)cc2c1=O,3.0
C=CC1(C)CC(OC(=O)CSC2CCC(N)CC2O)C2(C)C(C)CCC3(CCC(=O)C32)C(C)C1O,-3.0
CC(O)C1C(=O)N2C(C(=O)[O-])=C(CSC(=S)N(C)c3ccccc3)SC12,-0.0
CN(Cc1ccccc1)CC1CN(c2c(F)cc3c(=O)c(C(=O)O)cn(C4CC4)c3c2F)CCO1,-0.6415460290875237
CN1CCN(c2cc3c(cc2F)c(=O)c(C(=O)O)cn3C(F)(F)F)CC1,4.321928094887363
CC(=O)NCC1CN(c2c(F)cc3c(=O)c(C(=O)O)cn(C4CC4)c3c2F)CCO1,-0.6415460290875237
CC(C)CCCC(C)C1CCC2C3C(NCCn4ccnc4)CC4CC(NCCn5ccnc5)CCC4(C)C3CCC12C,-5.0
O=[N+]([O-])c1ccc(-c2csc(Nc3nc(Nc4ccc(F)c(Cl)c4)nc(Nc4ccc(F)c(Cl)c4)n3)n2)cc1,-3.643856189774725
O=C(NCC(OCc1ccc(C#Cc2ccc(CN3CCOCC3)cc2)cc1)C(=O)NO)c1cnc2ccccc2c1,-4.0
O=c1cc(-c2ccc3c(c2)OCCO3)oc2cc(OCCNC3CCCCC3)cc(O)c12,-4.643856189774724
Nc1ccc2nc(SC3=C(C(=O)[O-])N4C(=O)C(NC(=O)C(=NOCCF)c5csc(N)n5)C4CC3)sc2c1,2.0
CCOC(=O)c1c(-c2ccccc2)nn(-c2ccccc2)c1Cn1cnc2cc([N+](=O)[O-])ccc21,-4.643856189774724
Nc1nc(C(=NOCCF)C(=O)NC2C(=O)N3C(C(=O)[O-])=C(Sc4ccncc4)CCC23)cs1,4.058893689053568
CCCCCCn1c(CN2CCN(c3cc4c(cc3F)c(=O)c(C(=O)O)cn4C3CC3)CC2)nc2ccccc21,-4.0
Cc1cccc(N2CCC(c3nc4ccccc4n3C)CC2)c1C,-5.0
O=C1c2cccc3c(Br)ccc(c23)C(=O)N1CCCn1c[n+](Cc2ccc(Cl)c(Cl)c2)cn1,-4.0
CCn1cc(C(=O)O)c(=O)c2ccc3c(c21)OCO3,-2.643856189774725
CC(C)c1ccc(C=Cc2nc3ccccc3c(=O)n2-c2cccc(O)c2)cc1,-4.0
COc1ccc(Cn2cnc3cc4c(cc32)CCCC4)cc1OC,-3.643856189774725
Oc1ccc(Br)cc1CNc1ccccc1Cl,-3.643856189774725
O=CN(O)CC(CC1CCCC1)C(=O)N1CC=CC1C(=O)Nc1ccc(F)cc1,-5.0
COc1cccc(CON=C2CN(c3nc4c(cc3F)c(=O)c(C(=O)O)cn4C3CC3F)CC2CN)c1OC,5.058893689053568
CC(C)(C)n1cc(C(=O)O)c(=O)c2cc(F)c(-c3ccc(F)cc3F)cc21,-4.0
O=C(O)c1cn2c3c(c(N4CC(=NOCc5ccccc5)C(CNC5CC5)C4)c(F)cc3c1=O)OCC2CF,-0.0
Cc1c(O)cccc1N1CC(c2nc3ccccc3n2C)CC1=O,-5.0
CCOC(=O)C1=C(C)N=c2sc(=Cc3ccc(-c4ccc(Cl)cc4)o3)c(=O)n2C1c1ccc(SC)cc1,-4.643856189774724
O=C1Nc2[nH]c(=S)n(-c3ccc(O)cc3)c(=O)c2C(c2ccccc2Cl)N1N=Nc1ccc(Cl)cc1,-3.584962500721156
CCCCn1cc(C(=O)OCC)c(=O)c2cc(F)c([C-](C#N)C(=O)OCC)cc21,-3.0
c1cc2c(cc1Cn1cnc3cc4c(cc31)CCCC4)OCO2,-3.232660756790275
COc1ccc(N2CC(c3nc4ccccc4n3C)CC2=O)cc1Br,-5.0
O=c1c2nccn2c2cc(F)c(-c3ccncc3)cc2n1C1CC1,3.9885043611621707
O=C1CNC(=S)N1N=C1CC(c2ccc(Cl)cc2)NC(c2ccc(Cl)cc2)C1,-3.643856189774725
Cn1c(SC2=C(C(=O)[O-])N3C(=O)C(NC(=O)C(=NOCCF)c4csc(N)n4)C3CC2)n[nH]c(=O)c1=O,4.058893689053568
COc1ccccc1NC(=O)c1ccc(OC)c(OC)c1,-4.087462841250339
CN(C)c1cc(F)c2c(c1O)C(=O)C1=C(O)C3(O)C(=O)C(C(N)=O)=C(O)C(N(C)C)C3CC1C2,-2.0
COc1ccc(C=NNCc2ccc(C)cc2)c(O)c1,-5.0
CCCn1c2ccccc2c2c(OCC(O)CN(Cc3ccccn3)Cc3ccccn3)cccc21,-2.643856189774725
CC1=CC(=O)c2ccccc2C1=O,-1.2630344058337937
N#Cc1ccc(NC(=O)c2ccc(-c3ccccc3)cc2)c(C(=O)O)c1,-2.807354922057604
Cc1c(C(=O)C=C(O)C(=O)NC(C)C(=O)O)oc2ccc(Br)cc12,-1.0
CC(CCN1Cc2cc(C#CC#CC3(O)COC3)cn2C1=O)(C(=O)NO)S(C)(=O)=O,-0.0
O=C(O)c1cn(C2CC2)c2c(F)c(N3CCC4(CCNC4)C3)c(F)cc2c1=O,3.321928094887362
Cc1cc(NC(=O)CN2CCN(C)CC2)c2cc(NC(=O)Nc3ccc(Cl)c(Cl)c3)ccc2n1,-2.643856189774725
CN(C)c1ccc(C2SCC(=O)N2N=C2C(=O)Nc3ccc(Cl)cc32)cc1,-4.22881869049588
CS(=O)(=O)OC1=C(C(=O)O)N2C(=O)C(NC(=O)COc3ccccc3)C2CC1,-5.0
CON=C(CNC(N)=O)C1CC(SC2=C(C(=O)O)N3C(=O)C(C(C)O)C3C2C)CN1,4.351074440546879
O=c1cc(OCc2nnc(-c3ccc(Cl)cc3)[nH]2)c2ccccc2o1,-2.643856189774725
O=C(Cn1cnnn1)NC1CCN(c2c(F)cc3c(=O)c(C(=O)O)cn(C4CC4)c3c2Cl)C1,-4.0
Oc1c(Cl)cc(Cl)cc1C=NNc1nc(-c2ccc(Cl)cc2)cs1,-2.643856189774725
Cc1ccccc1C(=O)NC(=S)Nc1ccc(S(N)(=O)=O)cc1,1.6757654377294686
C#CCC(N)C(=O)NC(CC#C)C(=O)O,-4.643856189774724
COc1c(N2CCC(N)C2)c(F)c(N)c2c(=O)c(C(=O)O)cn(C3CC3)c12,5.321928094887363
N#Cc1ccc(C2=NOC3C(CO)CC(CO)C23)cc1,-1.070389327891398
CC(C)NCC1CCN(c2c(F)cc3c(=O)c(C(=O)O)cn4c3c2OCC4C)C1,2.321928094887362
C[n+]1cc(-c2ccccc2)c(C=Cc2ccc(N)cc2)cc1-c1ccc(C(C)(C)C)cc1,-4.0
CC1(Cn2ccnn2)C(C(=O)[O-])N2C(=O)CC2S1(=O)=O,4.058893689053568
CN1CCN(Cc2csc(-c3cc(Cl)cc(Cl)c3Cl)n2)CC1,-2.643856189774725
O=C(c1ccncc1)N1N=C(c2ccccc2)CC1c1cn(-c2ccccc2)nc1-c1ccc(Cl)cc1,-4.643856189774724
CN1CCN(c2c(F)cc3c(=O)c(C(=O)O)cn(CCF)c3c2F)CC1,5.321928094887363
COc1cccc(C=C2CCc3ccccc3C2=O)c1,3.608232280044003
CCCCCCCCCCCCOC1OC(CN)C(N)C(OCc2ccc3ccccc3c2)C1N,1.0
O=C1COc2cc(Cl)ccc2N1CC1CCCO1,-5.0
CCCCCCCCCCCOC1C(N)C(OC2C(N)CC(N)C(O)C2O)OC(CN)C1O,-5.0
O=C(NC(=S)Nc1nc2cc(Br)ccc2s1)N1CCOCC1,-4.643856189774724
Fc1cccc(CNC2CCCCC2NCc2cccc(F)c2)c1,2.0
Cc1c(N2CCCCCC2)c(N)cc2c(=O)c(C(=O)O)cn(C3CC3)c12,5.058893689053568
CCCCCCCCCCCC(=O)Oc1ccc(C2CC(=O)c3c(O)c(C)c(O)c(C)c3O2)cc1,-3.0
CCNCC1CCN(c2c(F)cc3c(=O)c(C(=O)O)cn(-c4ccc(F)cc4)c3c2F)C1,3.321928094887362
CCNC(=O)Nc1cc(-c2nc(C(F)(F)F)cs2)c(-c2cc3ncccc3nc2N2C3CCC2CC(N)C3)cn1,0.8365012677171204
CC(O)C1C(=O)N2C(C(=O)O)=C(SC3CNC(Cc4c[n+](C)nn4C)C3)C(C)C12,3.321928094887362
CON=C1CCN(c2c(F)cc3c(=O)c(C(=O)O)cn(C4CC4)c3c2OC)CC1NC(=O)C(C)NC(=O)C(C)N,-5.0
CC(O)C1C(=O)N2C(C(=O)O)=C(c3cn4cnc(C(=O)c5cnc6ccccc6c5)c4s3)C(C)C12,-2.0
O=C(Nc1cccc2cccnc12)c1ccc2c(c1)OCCCO2,-3.643856189774725
CCOP(=O)(OCC)C(O)c1cc2cccc(C)c2n2nnnc12,-4.643856189774724
N#Cc1ccc(Nc2nc(N3CCN(c4ccccc4)CC3)nc(N3CCN(c4ccccc4)CC3)n2)cn1,-2.643856189774725
COc1ccc(-n2c(=O)c3ccccc3n3c(-c4ccccc4Cl)nnc23)cc1,-1.6415460290875237
CC(C)(O)C(NC1CCc2cc(C#Cc3ccc(CN4CCOCC4)cc3)ccc21)C(=O)NO,2.0
COc1ccccc1N(C)S(=O)(=O)c1ccc([N+](=O)[O-])cc1[N+](=O)[O-],-5.0
CCCCON=C(C(=O)NC1C(=O)N2C(C(=O)O)=CCOC12)c1csc(N)n1,0.3584539709124763
O=c1c2nc([N+](=O)[O-])cn2ccn1Cc1ccc(F)cc1,-5.0
COc1ccc(Sc2ccc3nc(N)nc(N)c3c2)cc1,2.0
CC(C)CCOc1ccccc1-c1ccccc1OCc1cn(CC(CCCCN)NC(=O)CCc2ccccc2)nn1,-5.0
COC(=O)C1CC(n2cc(CO)nn2)CN1c1nc2c(cc1F)c(=O)c(C(=O)O)cn2C1CC1,-2.0
CC1(C)SC2C([NH+]=CN3CCCCCC3)C(=O)N2C1C(=O)[O-],-3.643856189774725
CN(C)C1C(O)=C(C(N)=O)C(=O)C2(O)C(O)=C3C(=O)c4c(cc5ccc(CN6CCCCC6)cc5c4O)CC3CC12,-1.0
CC(C)=CCCC(C)=CCc1c(O)cc2c(c1O)C(=O)CC(c1ccc(O)cc1)O2,-5.0
C=CC1(C)CC(OC(=O)CO)C2(C)C(C)CCC3(CCC(=O)C32)C(C)C1O,-0.0
CCCCCNC(=O)C[N+](C)(C)CCCCCOc1cc(C(C)C)ccc1C,-4.0
CN1CCN(Cn2nc(-c3ccccc3)n(N=Cc3c[nH]nc3-c3ccccc3)c2=S)CC1,-2.584962500721156
Oc1cc(F)ccc1C=NNc1cc(C(F)(F)F)nc2c(C(F)(F)F)cccc12,-2.643856189774725
COC(=O)C1CCCN1C(=O)c1ccc(-c2nc3cc(C)c(C)cc3[nH]2)cc1,-3.643856189774725
CC(=Cc1ncc(-c2ccc([N+](=O)[O-])o2)o1)CC1OCC(CC2OC2C(C)C(C)O)C(O)C1O,5.965784284662087
O=C(NN=Cc1ccc(Cl)cc1)c1cc(-c2ccc(Cl)cc2)n[nH]1,6.380821783940931
COC1C2Cc3ccc(cc3)OC3C4C5C(=O)C1(CC(O)C5(C)C=C(C)C4C1(C)CC(C)CC(C)C31)C(=O)N2,-1.0
CCC(C)C(=O)C1=C2OC(C(C)(C)O)CC2(C)C(=O)C2(CC3C(CCC3(C)O)C(C)(O)C2)C1=O,-5.0
CC(O)C1C(=O)N2C(C(=O)O)=C(Sc3nccs3)C(C)C12,0.3584539709124763
Cc1c(N2CCC(N)C2)c(F)cn2c(=O)c(C(=O)O)cc(CC3CC3)c12,0.3584539709124763
N#CC1=C(C(=O)O)N2C(=O)C(NC(=O)CSc3ccccc3)CN2C1,-5.0
COc1ccc2cc(C(C)C(=O)Nc3ccc(S(=O)(=O)Nc4ncccn4)cc3)ccc2c1,-1.9634741239748859
CCNCC1CCN(c2c(F)cc3c(=O)c(C(=O)O)cn(CCF)c3c2F)C1,3.321928094887362
NCC(N)CCCNC(CCc1ccccc1)CCc1ccccc1,-2.0
CNC(C)C1CCN(c2c(F)c(N)c3c(=O)c(C(=O)O)cn(C4CC4)c3c2F)C1,5.321928094887363
CCn1cc(C(=O)O)c(=O)c2cc(F)c(N3CCN(C4SCC(=O)N4c4nc5ccc(C#N)cc5s4)CC3)cc21,-1.0
O=c1cc(CCl)oc(CN2CCN(C(c3ccccc3)c3ccc(Cl)cc3)CC2)c1O,-2.0
Cc1ccc(N=C(Cc2ccc(Cl)cc2)c2ccc(O)cc2O)cc1,-3.643856189774725
C=CC1(C)CC(OC(=O)CSc2cc[n+](CC#CC)cc2)C2(C)C(C)CCC3(CCC(=O)C32)C(C)C1O,-0.0
NCCNC(=O)C(CN)(Cc1cc(C(F)(F)F)cc(C(F)(F)F)c1)Cc1cc(C(F)(F)F)cc(C(F)(F)F)c1,-2.0
Cn1ncc2cc(-n3cc(CSc4nnnn4-c4ccc(F)cc4F)nn3)ccc21,-2.321928094887362
NCC1OC(OC2C(N)CC(N)C(O)C2O)C(N)C(O)C1O,-0.0
Cc1ccc(OCc2nnc(-c3cc(-c4cc(F)c(Cl)cc4Cl)nc4ccccc34)o2)cc1,-4.643856189774724
CCCCCCCC[N+](C)(C)CC(=O)Nc1ccc(C(=O)C=Cc2ccco2)cc1,-2.0
CCCCCCCNC(=O)C=CNC(=O)C(O)C(C)(C)CO,-5.0
COc1cc2ccc(=O)oc2cc1OC,-0.0
NCc1ccc(-c2cc3c(cc2F)c(=O)c2c(=O)[nH]sc2n3C2CC2)cn1,4.083141235300245
O=[N+]([O-])c1ccc(-c2csc(-c3cc(Cl)cc(Cl)c3Cl)n2)cc1,-2.643856189774725
Cc1cc(NCC(N)c2cccnc2)n2nc(NC(CC#N)c3cccc(Cl)c3)nc2n1,-2.0
CC(=O)N1N=C(c2ccc(Cl)cc2)CC1c1ccc(C)cc1,-3.643856189774725
CON=C(C(=O)NC1C(=O)N2C(C(=O)[O-])=C(C[n+]3csc4c3CCC4)CSC12)c1csc(N)n1,4.058893689053568
NCC1CN(c2nc3c(cc2F)c(=O)c(C(=O)O)cn3C2CC2)CC1=NOCc1ccc2c(c1)OCCO2,2.0
COc1ccc(C=NNC(=O)c2ccc3c(c2)OCCCO3)cc1,-4.643856189774724
O=C(NNC1=NS(=O)(=O)c2ccccc2N1c1ccccc1)c1ccc(-c2cccc([N+](=O)[O-])c2)o1,-4.22881869049588
COC1(NC(=O)CSCC#N)C(=O)N2C(C(=O)O)=C(CSc3nnnn3C)CSC21,4.321928094887363
Sc1nc(-c2cc3ccccc3o2)cc(-c2cccs2)n1,-2.111031312388744
N#Cc1ccc(C=Cc2nc3ccccc3c(=O)n2-c2cccc(F)c2)cc1,-4.0
CCOC(=O)c1c(N)nc2c(c1-c1cc3ccccc3nc1Cl)CCc1c-2[nH]c2ccc(C)cc12,-4.643856189774724
C#CC#CC#CC#CC=CC=CC(C)O,0.3219280948873623
CCCCCCCCN(CCCCCCCC)C(=O)C(N)CO,-3.0
CN(C)Cc1cn(C2C(=O)N3C2SC(C)(C)C3C(=O)O)nn1,1.0
CCNCC1(C)CN(c2cc3c(cc2F)c(=O)c(C(=O)O)cn3C2CC2)C1,3.0588936890535687
COc1ccc(C2=NN(C(=O)COc3ccc(Cl)cc3)C(O)(c3cc(F)c(Cl)cc3Cl)C2)cc1,-3.643856189774725
COC(=O)CCCC1C2CCCN3CCCC(CN1C(=O)c1cc4ccc(Cl)cc4n1Cc1ccccc1C#N)C23,0.28103566424046145
COc1ccc(C(=O)O)c(NC(=O)c2ccc(-c3ccccc3)cc2)c1,-3.169925001442312
CCCCCCCCN(CCCCCCCC)C(=O)C(N)CCCCN,-1.0
Fc1ccc(Nc2nc3c(-c4cccc(F)c4)nc4ccccc4c3o2)cc1,-2.643856189774725
CC(c1ccc(F)cc1)n1ccn2cc([N+](=O)[O-])nc2c1=O,-5.0
CON=C1CN(c2c(F)cc3c(=O)c(C(=O)O)cn(-c4nc(N)c(F)cc4F)c3c2Cl)CC1CN,3.0
Cc1ccccc1C(=O)N1CCN(c2ccc(N3CC(Cn4ccnn4)OC3=O)cc2F)CC1,-3.0
CC(CCN1Cc2cc(C#Cc3ccc(COC(=O)N4CCC(O)CC4)cc3)cn2C1=O)(C(=O)NO)S(C)(=O)=O,2.0
Cc1ccc(COc2ccccc2C(=O)OCCn2c([N+](=O)[O-])cnc2C)cc1,-3.643856189774725
COc1cc(NS(=O)(=O)c2ccc(NC(=S)Nc3ccc4c(C)cc(=O)oc4c3)cc2)nc(OC)n1,-0.963474123974886
CC1C(=NOCc2ccccc2)C(C)C(c2ccc(Cl)cc2)NC1c1ccc(Cl)cc1,-3.643856189774725
CC1(CN)CCN(c2c(F)c(N)c3c(=O)c(C(=O)O)cn(C4CC4)c3c2F)C1,2.321928094887362
CCNC(=O)Nc1cc(-c2nc(C(F)(F)F)cs2)c(-c2cncc(C(=O)O)c2)cn1,-4.0
Cc1c(N2CCCO2)c(F)cn2c(=O)c(C(=O)O)cc(C3CC3)c12,-2.6322682154995127
O=C(NCc1cn(Cc2ccc(F)cc2)nn1)c1cnccn1,-3.643856189774725
Nc1nc(COC(=O)c2ccc([N+](=O)[O-])cc2)cs1,-3.643856189774725
CCNc1cc(F)cc2c1[nH]c1ncc(-c3cncc(C#N)c3)c(-n3cc(CN)c(C(F)(F)F)n3)c12,2.0
COc1cc(NC(C)CCCNC(=O)CC(NC(=O)C(N)CCCCN)C(=O)O)c2nc(C(C)(C)C)ccc2c1,-4.321928094887363
COc1ccc(C2C3Cc4cc(OC)c(OC)cc4C3=NN2C(N)=O)cc1,-5.0
CC1C(N)CN1c1c(F)cc2c(=O)c(C(=O)O)cn(CCF)c2c1Cl,5.058893689053568
Cc1ccc(C2=NN(c3nc(-c4ccccc4)cs3)C(c3ccco3)C2)cc1,-0.6415460290875237
C1=Nc2ncccc2OCCCOc2cccnc2N=Cc2ccccc21,-1.0
CCSc1ccc(OCc2nnc3sc(-c4cccc(Cl)c4Cl)nn23)cc1,-4.643856189774724
O=C(O)c1cn2c3c(c(N4CC(F)C(CNC5CC5)C4)c(F)cc3c1=O)OCC2CF,6.965784284662087
CC(CCN1Cc2cc(C#CC#CC3CC3CO)sc2C1=O)(C(=O)NO)S(C)(=O)=O,3.0588936890535687
CCNC(=O)Nc1cc2c(-c3cccnc3)cccc2cn1,-5.0
N#CC1=C(C(=O)O)N2C(=O)C(NC(=O)Cc3cccs3)CN2C1,-4.0
CCN(CC)Cc1cn(-c2cc3c(cc2F)c(=O)c(C(=O)NO)cn3C2CC2)nn1,-4.0
Nc1cc2c(=O)c(C(=O)O)cn(C3CC3)c2cc1N1CCSCC1,5.058893689053568
CC1CN2c3ccc([N+](=O)[O-])cc3CC3(C(=O)NC(=O)NC3=O)C2C(C)O1,4.058893689053568
CC1CCCC=CC=CC(O)CC(O)C(O)C=CC=CC(O)CC=CC=CC(=O)O1,3.321928094887362
CC(O)Cc1ccc(-c2ccc(N3CC(CC(C)(C(=O)NO)S(C)(=O)=O)OC3=O)cc2)cc1,2.0
O=C(c1ccccc1Cl)N1CCN(c2ccc(N3CC(Cn4ccnn4)OC3=O)cc2F)CC1,-3.0
O=C(O)c1cn(C2CC2)c2cc(N3CCN(c4nccc(C(F)(F)F)n4)CC3)c(F)cc2c1=O,-5.0
Clc1ccccc1CN(CCBr)CCBr,-5.0
O=c1ccn(C2CC2)c2cc(N3CCNCC3)c(F)cc12,3.0588936890535687
O=C(NCCCN=Cc1cc(Br)ccc1O)c1ccccc1O,1.3584539709124763
CCON=C(C(=O)NC1C(=O)N2C(C(=O)[O-])=C(CN(C)c3sc4c([n+]3C)CCCC4)CSC12)c1csc(N)n1,5.321928094887363
OCCOc1ccc2sc(CNc3nncc(-c4c(Cl)cccc4Cl)n3)nc2c1,1.0
COc1ccc(C(=O)CSc2nnc(N3CCN(c4cc5c(cc4F)c(=O)c(C(=O)O)cn5C4CC4)CC3)s2)cc1,-5.0
C[n+]1cc(-c2ccccc2)c(C=Cc2ccc(F)cc2)cc1-c1ccccc1,-3.0
CN(C)c1ccc(C=Cc2cc(N3CCCC3)c3ccccc3[n+]2C)cc1,-2.0
CCCCCCCCCC=CCCCc1ccc(O)cc1,-2.321928094887362
CC(O)C1C(=O)N2C(C(=O)O)=C(SCCNC=N)CC12,8.965784284662087
CCC(C)NCC(O)Cn1c2ccc(Cl)cc2c2cc(Cl)ccc21,-2.211012193485512
CC(=O)NCC1CN(c2ccc(C3=NOC(c4ccncc4)C3)c(F)c2)C(=O)O1,-5.0
COc1ccc(-c2nnc(-c3ccc(Cl)nc3)o2)c(F)c1,-2.584962500721156
CC(CF)(CF)n1cc(C(=O)O)c(=O)c2cc(F)c(N3CC4CC3CN4)nc21,2.9434164716336326
Cc1cccc(C(=O)N2CCN(c3ccc(N4CC(Cn5ccnn5)OC4=O)cc3F)CC2)c1,-3.0
CC(C)=CCc1c(OC2CCCCCC2)cc(C=Cc2ccc(C(F)(F)F)cc2)c(C(=O)O)c1O,-5.0
COc1ccc2c3c1OC1CC(OP(=O)(NCCN)Oc4ccc([N+](=O)[O-])cc4)C=CC31CCN(C)C2,0.6896598793878495
CSc1ccc(Cc2nnc3sc(-c4ccc(-c5ccc([N+](=O)[O-])cc5)o4)nn23)cc1,-4.643856189774724
CC(C(O)CSc1nnnn1C)N1CCN(c2cc3c(cc2F)c(=O)c(C(=O)O)cn3C2CC2)CC1,-3.0
COc1ccc(C=Cc2nc3ccccc3c(=O)n2-c2nnc(C=Cc3ccccc3)s2)cc1,-3.4581194811745064
COc1cc(CON=C2CN(c3nc4c(cc3F)c(=O)c(C(=O)O)cn4C3CC3)CC2CN)ccc1OC(F)F,4.058893689053568
CCN(C)Cc1ccc2cc3c(c(O)c2c1)C(=O)C1=C(O)C2(O)C(=O)C(C(N)=O)=C(O)C(N(C)C)C2CC1C3,-1.0
CC(=O)OCC1=C(C(=O)OC(c2ccccc2)c2ccccc2)N2C(=O)C(Nc3nc4cscc4[nH]3)C2SC1,4.058893689053568
CNc1cc(F)cc2c(O)c(C(=O)Nc3ccc(C(=O)NS(=O)(=O)N(C)C)cc3)c(=O)[nH]c12,6.058893689053568
CCNC(C)C1CCN(c2c(F)cc3c(=O)n(N)c(=O)n(C4CC4)c3c2C)C1,2.9434164716336326
C=CC(O)C1C(=O)N2C(C(=O)O)=C(SCc3ccccn3)C(C)C12,2.0
COc1ccc(-[n+]2noc([O-])c2C=Nc2nnc(C)s2)cc1,-3.963474123974886
CCCCCCCC[N+](C)(C)CC(=O)Nc1ccc(C(=O)C=Cc2ccc(Cl)cc2)cc1,-2.0
Cc1ccc2c(c1)cc(C=CC(=O)c1ccc(Cl)cc1)c1nnnn12,-2.643856189774725
O=C(NNC(=O)c1ccc(-n2cccc2)cc1)c1ccccc1,-4.643856189774724
CC1OC(Oc2cccc3nc4c(OC5OC(C)C(O)C(O)C5O)cccc4nc23)C(O)C(O)C1O,-4.643856189774724
Cc1ccc2oc(=O)cc(COc3ccc(C4C(Cl)C(=O)N4c4ccc(Br)cc4)cc3)c2c1,-3.0
CC(C)(C)c1nc(NC(=O)Nc2ccc(F)c(F)c2)sc1C#N,-0.0
O=C1NC2CCN(c3nc4c(cc3F)c(=O)c(C(=O)O)cn4C3CC3)CC2O1,-0.0
CC(C)c1csc(-c2n[nH]c(=S)n2NC(=O)c2ccccc2)n1,-4.965784284662087
O=C(Cc1ccc(F)cc1)Nc1ccc2oc(Cc3ccccc3)nc2c1,-4.643856189774724
O=C(NCCc1c[nH]c2ccccc12)Nc1ccc(Br)cc1,-1.0
COc1ccc(C(=O)N(CCO)CCO)cc1OC,-4.044394119358453
O=C1COc2ccc(N3CC(CCCNC4Cc5cccc(F)c5C4)OC3=O)nc2N1,1.0
CCc1ccc(Oc2ccc(C(=O)N3CCNC(=O)C3)cc2F)c(O)c1,-3.0
CC(C)=CCc1c(OCC(F)F)cc(C=Cc2ccc(C(F)(F)F)cc2)c(C(=O)O)c1O,-5.0
CC(=O)N1N=C(c2ccccc2)CC1c1ccc(F)cc1,-4.643856189774724
N#CC(C#N)=C1C(=O)Nc2ccc(S(=O)(=O)N3CCOCC3)cc21,-1.9634741239748859
CCCCC1=C(CN)OC(OC2C(N)CC(NCC)C(OC3OCC(C)(O)C(NC)C3O)C2O)C(N)C1,-2.321928094887362
COc1cccc(C=NNC(=O)c2nnn(-c3cc(C(F)(F)F)nc4c(C(F)(F)F)cccc34)c2C)c1O,-2.643856189774725
O=C1NCCC1NC(=O)N1CCC2C1C(=O)N2S(=O)(=O)[O-],-4.0
COCC1CN(c2ccc(-n3cc(-c4ccccn4)cn3)c(F)c2)C(=O)O1,-5.0
CC(O)C(NC(=O)c1ccc(C#Cc2ccc(C=NN3CCN(C)CC3)cc2)cc1)C(=O)NO,-0.0
CN1C=C2CC3C(CC(CNC(=O)C=Cc4ccc(Cl)cc4)CN3C)C3C=CC=C1C23,-2.0
O=C(NCCc1c[nH]c2ccccc12)Nc1cc(C(F)(F)F)cc(C(F)(F)F)c1,4.997693532616831
CC(CC1CC(c2ccc(C#CC3CC3)cc2)=NO1)(C(=O)NO)S(C)(=O)=O,3.0
COc1cc(CC=C(Cl)Cc2cc(O)cc(O)c2)c(OC)cc1Cl,-5.0
CN1CCN(c2ccc3nc(-c4ccc(OCc5cn(CCN=[N+]=[N-])nn5)cc4)[nH]c3c2)CC1,-4.0
O=C(CNO)Cc1cn(C(=O)OCc2ccccc2)c2ccc(Br)cc12,-4.643856189774724
COc1ccc2ncc(F)c(CCC34CCC(NCc5nc6c(cc5C)OCC(=O)N6)(CC3)CO4)c2n1,-1.0
NC1CC(N)CN(c2nc(Nc3ccc(NC(=O)c4cc(Cl)ccc4O)c(O)c3)nc(N3CC(N)CC(N)C3)n2)C1,-2.0
CC1CN(c2c(F)cc3c(=O)c(C(=O)O)c4scc5n4c3c2OC5)CC(C)N1,3.321928094887362
CCS(=O)(=O)CC(=O)NC1C(=O)N2C(C(=O)O)=C(CSc3nnc(C)s3)CSC12,-1.632268215499513
O=C(C=Cc1ccccc1Cl)N1CCN(c2ccc(N3CC(Cn4ccnn4)OC3=O)cc2F)CC1,-3.0
O=C(Nc1cc(Cl)c(Br)c(Cl)c1)Nc1ccc2cc[nH]c2c1,-0.0
O=C1CSC(=NN=C2C3CCCC2C(c2ccccc2Cl)NC3c2ccccc2Cl)N1,-4.643856189774724
CC(C)=CC(=O)Nc1ccn(C2CCC(O)C(C)O2)c(=O)n1,-5.0
CCc1c(-c2ccc(N3CCC(C4(N(C)C)CC4)C3)cc2)[nH]c(=O)c(C(=O)O)c1O,4.643856189774724
CCOc1c(N2CCC(N)C2)c(F)cc2c(=O)c(C(=O)O)cn(C3CC3)c12,4.321928094887363
Cc1ccc(-n2nc(C)c(C(=O)Oc3ncn(-c4ccccc4)n3)c2Cl)cc1,1.0
CNCC1CCN(c2cc3c(cc2F)c(=O)c(C(=O)O)cn3C(C)(C)C)C1,1.3219280948873622
O=C1C=CC(=O)N1CC(=O)N1c2ccccc2Sc2ccc(Cl)cc21,-3.321928094887362
NNC(=O)CC1CSC(N2N=C(c3ccccc3)CC2c2c(F)cccc2F)=N1,-4.0
CC(=O)C(C(C)=O)C(=O)c1cn(C2CC2)c2cc(N3CCN(N=Nc4nc(C)cc(C)n4)CC3)c(F)cc2c1=O,6.058893689053568
COc1ccc(-c2c(C#N)c(N)n(-c3ccc(S(=O)(=O)Nc4onc(C)c4C)cc3)c(=O)c2C#N)cc1,-4.965784284662087
Cc1cc(=O)oc2cc(N=C3SC(=Cc4ccc(O)c(Cl)c4)C(=O)N3CCO)ccc12,-4.0
CC(C)n1cc(C(=O)O)c(=O)c2cc(F)c(N3CCNCC3)nc21,2.0
Cn1cc([N+](=O)[O-])cc1C(=O)NNC(=S)NCCc1ccccc1,0.3584539709124763
CCCCCCCCCC[P+](C)(C)CCCCCCCCCC,-1.6461626571578936
CC(C)=CCCC(C)=CCc1c(O)cc2c(c1O)C(=O)CC(c1ccc(O)c(O)c1)O2,-5.0
Clc1ccc(-c2cnc(-c3cnc4nc(-c5ccc(Br)cc5)c(Nc5ccccc5)n4c3)[nH]2)cc1,-1.6369145803558778
Cc1[nH]c2ccccc2c1C(c1ccc(Cl)cc1)c1oc(CO)cc(=O)c1O,-4.22881869049588
NC1CC(N)CN(c2nc(Nc3ccc(NC(=O)c4ncccc4O)c(O)c3)nc(N3CC(N)CC(N)C3)n2)C1,-1.0
c1cc(-c2nc3ccccc3c3nc4ccccc4n23)nc(-c2nc3ccccc3c3nc4ccccc4n23)c1,-2.321928094887362
CC1C(CN)CN1c1c(F)cc2c(=O)c(C(=O)O)cn(C3CC3)c2c1F,4.058893689053568
O=C(O)c1cn(C2CC2)c2cc(N3CCN(Cc4nc5ccccc5[nH]4)CC3)c(F)cc2c1=O,3.0
NS(=O)(=O)c1ccc(CNC(=O)N2CCN(c3cc4c(cc3F)c(=O)c(C(=O)O)cn4C3CC3)CC2)cc1,6.965784284662087
O=C(CC1CCCCN1)Cn1cnc2cc(Cl)c(F)cc2c1=O,-0.0
CCOC(=O)C(C)SC1=C(NN)C(=O)c2ccccc2C1=O,-2.643856189774725
c1ccc(-c2cn3nc(Cc4noc5ccccc45)sc3n2)cc1,-1.8073549220576042
CC1CN(c2c(F)cc3c(=O)c(C(=O)O)c4scc5n4c3c2OC5)CCN1,3.321928094887362
O=C(C=Cc1cccc(Cl)c1Cl)c1ccc[nH]1,-3.963474123974886
O=c1[nH]c2cc3cccnc3c(Cl)c2nc1CBr,-4.965784284662087
Fc1ccccc1Cn1cc(CN2c3ccccc3Sc3ccccc32)nn1,-3.643856189774725
O=C(Nc1cc([N+](=O)[O-])ccc1C(=O)O)c1ccc(-c2ccccc2)cc1,-4.643856189774724
CCc1nccn1C(CO)CS(=O)(=O)c1ccc(N)cc1,-5.0
Clc1cc2c(c3ncccc13)OCN(Cc1ccccc1)C2,-3.643856189774725
CC(C)c1ccc(CCC(CCc2ccc(C(C)C)cc2)NCCCNCCCN)cc1,-3.0
Nc1ncc(Cc2ccccc2)n1CCCc1ccccc1,-5.0
CCNc1cc(F)cc2c1[nH]c1ncc(-c3cnc4c(c3)c(=O)c(C(=O)O)cn4C)c(-n3ccc(C(F)(F)F)n3)c12,3.0
Cc1ccc(Oc2c(C=NNC(=O)Cn3c([N+](=O)[O-])cnc3C)c(C)nn2-c2ccccc2)cc1,-1.6415460290875237
CC(=CCCC(C)C)c1ccc(Cc2c(C)cc(Oc3cc(C)cc(O)c3)cc2O)cc1O,-5.0
C=CCN1CCc2c([n+]([O-])c3ccccc3[n+]2[O-])C1=O,-1.6415460290875237
CC(O)C1C(=O)N2C(C(=O)O)=C(c3ccc(CN)nc3)CC12,-1.584962500721156
CCN(CC)C(=O)Nc1ccc(F)cc1F,-4.643856189774724
Cc1cc(=O)oc2cc(N=C3SC(=Cc4cccc(Cl)c4)C(=O)N3CCO)ccc12,-5.0
COc1cc2c(cc1OC)C1=NN(C(N)=O)C(c3ccc(F)cc3)C1C2,-3.0
O=C(CN1CCN(c2cc3c(cc2F)c(=O)c(C(=O)O)cn3C2CC2)CC1)c1nccs1,-2.0
C=CC(=O)ON=C(C)N1N=C(C)CC1c1ccc(OCc2ccc(F)cc2)cc1,-4.643856189774724
CCNC1CCN(c2c(F)cn3c(=O)c(C(=O)O)cc(C4CC4)c3c2C)C1,2.321928094887362
CC1COc2c(N3CCN(CC(=NO)c4ccccc4)CC3)c(F)cc3c(=O)c(C(=O)O)cn1c23,-2.0
CC(C(=O)O)N(Cc1cccc(C(=O)O)n1)Cc1cccc(C(=O)O)n1,5.0
Cc1cccc2cc3c(=O)[nH]c(=O)[nH]c3nc12,-1.9634741239748859
COC(=O)c1c(C)nc(C)c2c1C(=O)C(Br)=C(Nc1ccc(OC)cc1)C2=O,-1.0
O=C(NCC(OCc1ccc(C#Cc2ccc(CN3CCOCC3)cc2)cc1)C(=O)NO)c1cc2ccccc2[nH]1,3.9885043611621707
Nc1c(-c2ccc(Cl)cc2)n[nH]c1-c1nnco1,-3.9068905956085187
O=C(NN1C(=O)C(Cl)C1c1ccccc1[N+](=O)[O-])c1cc(-c2ccc(Cl)cc2)n[nH]1,1.0
CN1CCN(CCOC(=O)c2c3c(n4cc(Br)ccc24)C(=O)c2ncccc2C3=O)CC1,-0.0
C#CCN1CCC(=CC2=C(C(=O)O)N3C(=O)C(NC(=O)C(=NO)c4csc(N)n4)C3SC2)C1=O,4.058893689053568
CCOc1ccc(C)cc1-c1cc2nc(N)nc(N)c2cc1C,-4.0
COc1c(N2CCC(C(C)N)C2)ccc2c(=O)c(C(=O)O)cn(C3CC3)c12,6.380821783940931
CC1(C)C2CCC(C2)C1CCC(CCC1C2CCC(C2)C1(C)C)NCCNCCNCCN,-3.0
CON=c1[nH]cnc2c1[n+](CC=C(C)CCC=C(C)CCC=C(C)CCC=C(C)C)cn2Cc1ccccc1,-5.0
COC(=O)c1cc(N2CCN(C)CC2)cc2[nH]c(-c3ccc(O)cc3)nc12,-4.0
COc1cccc(C=CC(O)C(O)C2OC2C)c1CO,-5.0
CC1C(O)CN1c1cc2c(cc1F)c(=O)c(C(=O)O)cn2C1CC1,2.0
COc1ccc(CCl)c2cccnc12,-5.0
N#Cc1c(NC(=O)c2cc(OCCNC(=N)N)ccc2Cl)sc2c1CCCC2,-3.0
CC1CC(N)CN1c1nc2c(cc1F)c(=O)c(C(=O)O)cn2C(C)(C)CF,5.965784284662087
N#Cc1ccc(C=Cc2nc3ccccc3c(=O)n2-c2cccc(C(=O)O)c2)cc1,-4.0
C=CC=C(C)CCC1CC(O)CC(=O)O1,-5.0
Brc1ccc(-c2nc3ccc(-c4nc5ccc(Oc6ccccc6)cc5[nH]4)cn3c2Nc2ccccc2)cc1,-4.992315251861196
Cc1nc2ccccc2n1Cc1nnc(CCl)o1,-4.0
CC(=O)OCC1=C(C(=O)[O-])N2C(=O)C(NC(=O)C[S+]([O-])CC#N)C2SC1,-3.643856189774725
O=C1OC(CO)CN1c1ccc(-c2cccc(O)c2F)c(F)c1,-5.0
Cc1c(N2CCC(N)C2)ccc2c(=O)c(C(=O)O)cn(C3CC3)c12,5.965784284662087
CCn1cc(C(=O)O)c(=O)c2cc(F)c(N3CCNC(=O)C3)nc21,0.3584539709124763
CC(CCN1Cc2cc(C#CC#CC3(O)COC3)sc2C1=O)(C(=O)NO)S(C)(=O)=O,-1.0
Cc1ccc(C2=NOC(CO)CC2)cc1C,-4.643856189774724
CCCCCCCCCCCCCC(=O)NCCC[N+](C)(C)Cc1ccccc1,-3.0
CC(C)CC(=O)NCC1CN(c2ccc(-c3nnc4ncccn34)cc2)C(=O)O1,-4.0
COc1ccc(C=Nn2c(S)nnc2-c2cnccn2)cc1,-3.643856189774725
CC(=O)c1cccc(-c2ccc3c(N)nc(N)nc3c2)c1,-5.0
CC(O)C1C(=O)N2C(C(=O)O)=C(SC3CNC(c4ccc(C5(N)CC5)cc4)C3)C(C)C12,5.321928094887363
CC(=O)Nc1ccc(S(=O)(=O)C(C#N)=Cc2cn(Cc3ccc(F)cc3F)c3ccccc23)cc1,-5.0
Cc1noc(NS(=O)(=O)c2ccc(NC(=O)C(C#N)=Cc3ccco3)cc2)c1C,3.0588936890535687
CCCCCCCOc1ccc(-n2cc(CCCN)nn2)cc1,-3.0
CN1CC2CC1CN2c1c(F)cc2c(=O)c(C(=O)O)cn(-c3ccc(F)cc3F)c2c1F,2.321928094887362
Cc1ccc(Cn2c(-c3cccc(NS(=O)(=O)c4ccc(Cl)cc4)c3)nc3ccccc32)cc1,-1.0
N#CCc1cc2c(cc1F)c(=O)c(C(=O)O)cn2Cc1ccccn1,2.0
Fc1cc2c(c3ncccc13)OCN(CCCCc1ccccc1)C2,-2.643856189774725
O=C(O)c1cn(CCO)c2nc(-c3ccncc3)c(F)cc2c1=O,-0.6415460290875237
CCCC#CC#CC=C=CCCCCCCC(=O)O,-4.643856189774724
Clc1cccc(-n2nc(C3CCNCC3)cc2C=Cc2c[nH]c3ccc(Cl)cc23)c1,-2.0
COc1cnc2ccc(F)c(C(O)C(O)C3CCC(NCc4cc5c(nn4)OCCS5)CO3)c2n1,6.965784284662087
CCn1cc(C(=O)O)c(=O)c2ccc(N3CCNCC3)cc21,0.3584539709124763
CC=CC1=C(C(=O)O)N2C(=O)C(NC(=O)C(N)c3ccc(O)cc3)C2CO1,-1.0
O=C1CC(C2CCCCC2)Oc2cc(O)cc(O)c21,-2.643856189774725
Cc1cc(O)c(C(=O)C=Cc2ccc(OCc3cn(Cc4ccc([N+](=O)[O-])cc4)nn3)cc2)c(=O)o1,8.380821783940931
O=C(NCCc1c[nH]c2ccccc12)Nc1ccccc1F,-3.0
CC(O)c1nccn1Cc1cc(C#Cc2ccccc2)on1,-4.0
COc1ccc(C=CC(=O)c2ccc(-n3cccc3)cc2)cc1,-3.643856189774725
COc1ccccc1-c1nc(-c2cc(Cl)sc2Cl)cs1,-2.643856189774725
FC(F)(F)c1cccc(-c2nnc(Sc3cc(Cl)nc(Sc4ccccc4)n3)[nH]2)c1,-0.6780719051126377
Cc1c(N2CC(C)CC(C)C2)ccc2c(=O)c(C(=O)O)cn(C3CC3)c12,-0.0
N#Cc1c(Cl)c(Cl)c(Nc2ccc(Nc3ccc(F)cc3)c3c(=O)[nH]cnc23)c(C#N)c1Cl,-2.700439718141092
CN1C=C2CC3C(CC(CNC(=O)C=Cc4ccc(C(F)(F)F)nc4)CN3C)C3C=CC=C1C23,-2.0
CCNc1cc(F)cc2c1[nH]c1ncc(-c3cncc(C(=O)O)c3)c(-n3ccc(C(F)(F)F)n3)c12,-0.0
Fc1ccc(C=Nn2c(-c3ccncc3)n[nH]c2=S)cc1,-3.350497247084133
Nc1ccc(C#CC#Cc2ccc(N3CC(C(=O)NO)OC3=O)cc2)cc1,5.643856189774724
O=C1COc2cc(F)ccc2N1CC1CCCO1,-5.0
O=c1ccc2ncc(F)c(CCC34CCC(NCc5ccc6nsnc6c5)(CC3)CO4)c2n1CCO,-5.0
C=CC1(C)CC(OC(=O)CSc2cc[n+](CC(C)C)cc2)C2(C)C(C)CCC3(CCC(=O)C32)C(C)C1O,-1.0
CC1(C)C2CC=C(C=CC(=O)c3c(O)cc(O)cc3O)C1C2,-2.643856189774725
CCS(=O)(=O)CCSc1nnc(-c2ccccc2[N+](=O)[O-])s1,-5.0
c1cc2cc(CCCCc3cc4ccc(C5=NCCCN5)cc4[nH]3)[nH]c2cc1C1=NCCCN1,2.643856189774725
COc1cc(N2CCC(c3n[nH]c(=S)n3-c3cccc(Cl)c3)CC2)ccc1Cl,-3.0
COC1(NC(=O)C2SC(=C(C(N)=O)C(=O)O)S2)C(=O)N2C(C(=O)O)=C(CSc3nnnn3C)CSC21,5.011587974275212
CCN1C(NN=Cc2ccc([N+](=O)[O-])o2)=NS(=O)(=O)c2ccccc21,-4.22881869049588
CC(C)(CF)n1cc(C(=O)O)c(=O)c2cc(F)c(N3CC4CC3CN4)nc21,4.058893689053568
O=C(O)c1cn(C2CC2)c2cc(N3CCN(CCOC4OC(CO)C(O)C(O)C4O)CC3)c(F)cc2c1=O,-0.0
COC1CN(c2nc(-c3ncc[nH]3)c(C(=O)O)s2)CCC1NC(=O)c1[nH]c(C)c(Cl)c1Cl,4.058893689053568
COc1cc(C=CC(=O)c2ccc(-c3ccc(N4CC(CO)OC4=O)cc3)cc2)ccc1O,-1.6438561897747246
CCC(C)C(=O)C1C(=O)OC2(C)C(=O)C=C3C=C(C)OCC3C12,-2.321928094887362
CCCNc1ccc(Oc2ccc(CC)cc2O)c(F)c1,-4.0
Cc1ccc(Cn2ccn3cc([N+](=O)[O-])nc3c2=O)cc1,-5.0
O=c1c2ccccc2[se]n1CCNS(=O)(=O)c1ccc(F)cc1,-3.0
CCCCCCCCCCNC(=N)NCCCC,3.0
CCON=C1CN(c2c(F)cc3c(=O)c(C(=O)O)cn4c3c2OCC4C)CC1(C)CNC1CC1,-1.0
CC(C)CCCC(C)CCNCCNC1C2CC3CC(C2)CC1C3,-4.965784284662087
Nn1c(S)nnc1Cn1c(=O)cc(-c2ccccc2)c2ccc(Cl)cc21,-3.0
O=c1ccc2ncc(F)c3c2n1CC3(O)CC12CCC(NCC(F)=Cc3cc(F)ccc3F)(CC1)CO2,-4.0
O=C(NN=Cc1ccc(Cl)cc1)c1c[nH]c2ccc(Cl)cc2c1=O,-0.963474123974886
N=C(N)NN=Cc1cn(-c2ccc([N+](=O)[O-])cc2[N+](=O)[O-])nc1-c1ccccc1[N+](=O)[O-],-4.0
O=C(CSC(=S)N1CCN(c2cc3c(cc2F)c(=O)c(C(=O)O)cn3C2CC2)CC1)Nc1ccccc1Cl,5.380821783940931
COc1c2c(c(O)c3cc(CNC4CC4)ccc13)C(=O)C1=C(O)C3(O)C(=O)C(C(N)=O)=C(O)C(N(C)C)C3CC1C2,1.0
O=C(Cc1ccccc1)N1CCN(c2ccc(N3CC(Cn4ccnn4)OC3=O)cc2F)CC1,-3.0
O=C(C=Cc1ccc(Cl)cc1)c1cc(Cl)c(Cl)[nH]1,-2.643856189774725
CCOC(=O)Cc1csc(NN=C2CC(c3ccc(F)cc3)NC(c3ccc(F)cc3)C2C)n1,-5.0
O=C(O)c1cn(-c2ccc(F)cc2)c2cc(N3CCOCC3)c(F)cc2c1=O,1.3584539709124763
CCCc1cc(C2=NC(C(=O)NO)CO2)cc(O)c1OC,4.058893689053568
Cc1nn(C(=O)c2[nH]nc(-c3ccc(Cl)cc3)c2N)c(C)c1Cl,-3.9068905956085187
C=C1CC23C=C(SCCO)C(=O)C(C)(CCC(=O)Nc4c(O)ccc(C(=O)O)c4O)C2CC1CC3,-5.0
CCn1cc(C(=O)NN)c(=O)c2ccc(Cl)cc21,4.0
CC(=O)NC=CSC1=C(C(=O)[O-])N2C(=O)C(C(C)(C)O)C2C1,3.321928094887362
Cc1c(N2CCC(C(C)N)C2)c(F)cc2c(-c3n[nH]c(=O)o3)cc(=O)n(C3CC3)c12,-3.0
CCn1cc(C(=O)O)c(=O)c2cnc(N3CCN(Cc4cn(-c5ccccc5)nn4)CC3)nc21,3.0588936890535687
CC(CCN1Cc2cc(C#Cc3ccc(CN4CCOCC4)cc3)ccc2C1=O)(C(=O)NO)S(C)(=O)=O,3.0588936890535687
Brc1ccc(-c2nnc(-c3ccc(-n4cccc4)cc3)o2)cc1,-2.0
COc1ccc(CNC(=O)c2c(O)c3cc(-c4cccnc4)ccc3n(CCCCO)c2=O)cc1,-5.0
CNC1CCN(c2nc3c(c(C)c2F)c(=O)c(C(=O)O)cn3-c2ccc(F)cc2F)C1,5.965784284662087
Cc1cc(Cl)c(N2C(=O)c3cccc4cccc(c34)C2=O)c(Cl)c1,-1.1375035237499351
COC1C(=O)N2C(C(=O)O)=C(CSc3nc4ccccc4s3)CSC12,-4.0
CN1CCN(c2cc3c(c(N)c2N)c(=O)c(C(=O)O)cn3C2CC2)CC1,-4.0
NC(=NO)c1ccc(-c2ccc(N3CC(CO)OC3=O)cc2F)cn1,-4.0
O=c1c2cc(Cl)ccc2nc(-c2ccccc2)n1Cc1ccc(Cl)cc1,-0.6415460290875237
CCCCC(CN(O)C=O)C(=O)N1CCCC1c1nnc(-c2cc(C(F)(F)F)cc(C(F)(F)F)c2)s1,-4.0
CCNCC1CCN(c2c(F)cc3c(=O)c(C(=O)O)cn(C4CC4)c3c2Cl)C1,5.321928094887363
CCn1cc(C(=O)O)c(=O)c2cc(F)c(N3CCC(N)C3)c(OC)c21,2.321928094887362
CCNc1cc(F)cc2c1[nH]c1ncc(-c3cnc(OC)nc3)c(-n3ncc4c3CNC4)c12,0.3040061868900999
CCc1cc(Cc2cnc(N)nc2N)cc2c1OC(C)C2,-4.906890595608519
NC1CCN(c2nc3c(cc2F)c(=O)c(C(=O)O)cn3C(CF)(CF)CF)C1,1.0
Cc1cccc(C(=O)NCCNC(=O)CCc2nc3ccccc3n2C)c1C,-5.0
O=C1COc2ccc(N3CC(CCCNC4Cc5ccc(Cl)cc5C4)OC3=O)nc2N1,-1.0
CC(=O)OC1CC2(C)C(CC(O)C3C4(C)CCC(O)C(C)C4CCC32C)C1=C(CCC=C(C)C)C(=O)O,-0.5849625007211562
O=C([O-])C1=CSC2C(=Cc3cc4n(n3)CCSC4)C(=O)N12,-2.0
CC(=O)NCC1CC(c2ccc(N3CCN(C(=O)CO)CC3)cc2)=NO1,-4.0
NCC1CCN(c2c(F)cc3c(=O)c(C(=O)O)cn(C4CC4)c3c2F)C1,7.380821783940931
Cn1c(C2CC(=O)N(c3ccc(Cl)cc3)C2)nc2ccccc21,-5.0
NC(=O)c1cc2cc(Cc3ccccc3)c(C(F)(F)F)nc2nc1N,3.0
CN1CC(C#CC#Cc2cc3n(c2)C(=O)N(CCC(C)(C(=O)NO)S(C)(=O)=O)C3)C1,1.0
COc1ccc2c(c1)c1c(ccc[n+]1C)n2CCCCCC1CCCCC1,-4.321928094887363
CC1C(=NO)C(C)C(c2ccco2)NC1c1ccco1,-4.643856189774724
CC1COc2c(N3CCN(C)CC3)c(F)cc3c(=O)c(C(=O)NN=Cc4ccccc4Cl)cn1c23,1.0
Nc1nc(COC(=O)Cc2cccc(C(F)(F)F)c2)cs1,-2.643856189774725
Clc1ccc(CNCCCNc2nc3ccccc3s2)cc1Cl,-5.0
CCn1c(-c2cccs2)nn(CN2CCN(c3cccc(C(F)(F)F)c3)CC2)c1=S,-1.6415460290875237
Cc1ccnc2c1NC(=O)c1cccnc1N2C1CC1,-2.0
CC1(C)C2CCC1(C)C(OC(=O)C1=C3c4ccccc4S(=O)(=O)N3CC1)C2,-4.523561956057013
NC(=O)c1cc2c(N3CCC(O)C3)c(Br)c(C(F)(F)F)nc2nc1N,3.0
CC1CN(c2c(F)cc3c(=O)c(C(=O)O)cn4c3c2SC(C)C4)CC(C)N1,2.0
CC(C)(C)c1ccc(CNC2CCCCC2NCc2ccc(C(C)(C)C)cc2)cc1,6.965784284662087
CN1CCN(c2nc3c(cc2F)c(=O)c(C(=O)O)cn3C2CC2F)CC1,4.321928094887363
Cc1nn(-c2ccccc2)c(-n2ccnc2)c1C1CC(c2cccs2)=NN1C1=NC(=O)C(=Cc2ccco2)S1,-4.643856189774724
Cn1c(C2CC(=O)N(c3ccc(F)c(F)c3)C2)nc2ccccc21,-5.0
COCCCCn1c(=O)cc(Nc2ccc(C)c(CO)c2)[nH]c1=O,-4.321928094887363
CN1C2CCC1CN(c1cc3c(cc1F)c(=O)c(C(=O)O)cn3-c1ccc(F)cc1)CC2,2.395928676331139
Nc1c(-c2nc3ccccc3s2)c(-c2ccc(Cl)cc2)nc2nc(NN=Cc3cccc(F)c3)[nH]c(=O)c12,-4.643856189774724
CC(C)=CCCC(C)=CCN1CCCc2cc(OCCCCCCCCBr)ccc21,-4.643856189774724
CS(=O)(=O)c1ccc(Cc2nnc3n2N=C(c2ccc(-c4ccccc4)cc2)CS3)cc1,-2.643856189774725
CC(O)C1C(=O)N2C(C(=O)O)=C(SC3CCOC3CN)C(C)C12,4.058893689053568
Cc1c(N2CCC(O)CC2)ccc2c(=O)c(C(=O)O)cn(C3CC3)c12,4.058893689053568
CC(C)c1ccc(CCc2nc3cc(CC(Oc4ccc(C(C)(C)C)cc4)C(=O)O)ccc3o2)cc1,0.3584539709124763
CCCCCCCCCC(O)CN,-4.22881869049588
COc1ccc(C2=NN(C(C)=O)C(c3ccccc3)C2)cc1,-4.643856189774724
Cc1cccc(NC(=O)Nc2ccc3ncnc(Sc4nnc(-c5cccnc5)o4)c3c2)c1,-3.643856189774725
CC(O)C1C(=O)N2C(C(=O)[O-])=C(CSC(=S)N3CCN(C)CC3)SC12,1.0
CN(C)C1C(O)=C(C(N)=O)C(=O)C2(O)C(O)=C3C(=O)c4c(O)c(NC(=O)CNC(C)(C)C)nc(Cl)c4CC3CC12,-2.0
CC(=NC(=S)C(=S)n1cc(CC(=O)O)c2ccccc21)C1CCCc2c1[nH]c1c([N+](=O)[O-])cc([N+](=O)[O-])cc21,4.158429362604483
CC(C)(NS(C)(=O)=O)C(NC(=O)c1ccc(-c2cc3ccc(O)cc3o2)cc1)C(=O)NO,-0.0
Clc1ccc(C2=NN(c3nc(-c4ccccc4)cs3)C(c3ccco3)C2)cc1Cl,-3.643856189774725
COc1ccc2nc(OC)c(C(c3ccccc3)C(O)(CCN(C)C)c3ccccc3)cc2c1,-1.0
Oc1ccc(Cl)cc1C=NCc1ccccc1,-1.632268215499513
CCOC(=O)N(CC1CN(c2ccc(N3CCN(C(C)=O)CC3)c(F)c2)C(=O)O1)C(=O)CC,-5.0
CC(=NNC(=N)N)c1sc(-c2ccc(OCCCCCN3CCCCC3)cc2)nc1C,-4.0
CCOC(=O)c1cccnc1NC(=O)c1ccc2c(c1)OCCCO2,-2.643856189774725
CC(O)C(NC(=O)c1ccc(C#Cc2ccc(C=NN3CCN(C(=O)N(C)C)CC3)cc2)cc1)C(=O)NO,1.0
CC1(C)C(NC(=O)C(=NOCc2ccccn2)c2csc(N)n2)C(=O)N1S(=O)(=O)O,4.058893689053568
CN(C)C1C(O)=C(C(N)=O)C(=O)C2(O)C(O)=C3C(=O)c4c(cc5c(N)cccc5c4O)CC3CC12,-5.0
CC(=O)NCC1CN(c2ccc(NC3CCN(c4nc5c(cc4F)c(=O)c(C(=O)O)cn5C4CC4)C3)c(F)c2)C(=O)O1,4.058893689053568
COc1ccc2ncc(F)c(CCN3CCC(C(O)Cc4ccc5c(c4)OCCO5)CC3)c2n1,-3.0
CC(C)NCCOc1cc(C(N)=O)cc2ccccc12,-1.0
CCCC=Nn1c(S)nnc1-c1ccncc1,-3.350497247084133
CCN1CCN(c2cc3c(cc2F)c(=O)c(C(=O)O)cn3C(C)(C)C)CC1,2.321928094887362
CC(C)=CCCC(C)C1CCC2(C)CC3C(C)=CC(=O)C3C(CO)=CCC12,-5.0
CC1Cc2cc(N(C)N(C)C)c(F)cc2-c2cc(=O)c(C(=O)O)cn21,-4.643856189774724
CN1CCN(c2nc3c(C4CC4)cc(C(=O)O)c(=O)n3cc2F)CC1,3.321928094887362
O=[N+]([O-])c1ccc(-c2nnc3n2ccc2nnc(-c4ccc([N+](=O)[O-])o4)n23)o1,-1.0
CCn1cc(C(=O)O)c(=O)c2ccc(N3CCN(CC#N)CC3)cc21,-4.169925001442312
Cc1ccc(-c2nnc(-c3cnc4nc(-c5ccc(Br)cc5)c(Nc5ccccc5)n4c3)o2)cc1,-3.097610796626422
Cn1nnnc1SCC1=C(C(=O)[O-])N2C(=O)C(NC(=O)C[S+]([O-])CC#N)C2SC1,-0.6780719051126377
CNc1cc(F)cc2c(O)c(C(=O)Nc3ccc(C(=O)NS(=O)(=O)N(C)C)cc3CN3CCCCC3)c(=O)[nH]c12,4.058893689053568
COc1cc(C=Cc2ccccc2)c(C(=O)O)c(O)c1CC=C(C)C,-5.0
CC1(C)CN=C(c2ccc3cc(-c4ccc(-c5cc6ccc(C7=NCC(C)(C)CN7)cc6[nH]5)cc4)[nH]c3c2)NC1,0.6665762662748083
N#CC(=Cc1cnc(Nc2ccc(Cl)cc2)nc1)c1nc2ccccc2[nH]1,-3.169925001442312
Cn1cc(CCCNC(=O)CCc2c[nH]c3ccc(Cl)cc23)c2cc(OC(F)(F)F)ccc21,-2.643856189774725
CC1CCC2(C(=O)O)CCC3(C)C(=CCC4C5(C)CCC(=O)C(C)(C)C5CCC43C)C2C1C,-4.963474123974886
CNC(=O)c1cc(Oc2ccc(NC(=O)Nc3ccc(Cl)c(C(F)(F)F)c3)cc2)ccn1,-0.0
CC(O)C1C(=O)N2C(C(=O)O)=C3CC(CCO)CCC3C12,-0.0
CC(O)C1C(=O)N2C(C(=O)[O-])=C(c3ccccc3)CC12,-1.3219280948873624
CC1OC(n2ccc(NC(=O)c3ccc(F)cc3)nc2=O)CCC1OC1OC(C)C(N(C)C)C(O)C1O,-5.0
CC(=NNC(=N)N)c1ccc(Nc2nc(-c3ccc(C)cc3)cs2)cc1,-2.0
c1cc2cc(-c3ccc(-c4cn5ccc(C6=NCCCN6)cc5n4)cc3)[nH]c2cc1C1=NCCCN1,1.6896598793878495
COc1ccc2c(C)cc(=O)n(CCN3CCC(NCc4cc5c(cn4)OCCO5)CC3)c2c1,1.0
Cc1ncc([N+](=O)[O-])n1CC(=NNC(=O)c1ccncc1)c1ccc(Br)cc1,-1.6461626571578936
CCON=C(C(=O)NC1C(=O)N2C(C(=O)[O-])=C(C[n+]3ccc(-c4c[nH]c(C(=O)O)c4)cc3)CSC12)c1nsc(N)n1,4.321928094887363
COc1cc(C=Nn2cnnc2)c2c(c1OCc1ccccc1)CN1CCc3cc4c(cc3C1C2)OCO4,-4.0
Cc1[nH]c(C(=O)Nc2nc3c(N4CCOCC4C)cc(C(=O)O)cc3s2)c(Cl)c1Cl,-3.0
COc1c(O)c(Cl)c2c(c1O)C(=O)OC(C)C2O,-5.0
CCN(CC)C(=O)Cn1cc(C=C(C(C)=O)n2cc([N+](=O)[O-])nc2C)c2ccccc21,-4.0
COc1ccc2sc(CNc3nncc(-c4c(Cl)cccc4Cl)n3)nc2c1,-5.0
Fc1cccc(C2NC(c3cccc(F)c3)C3CCCC2C3=NN=c2scc(-c3ccccc3)n2-c2ccccc2)c1,-3.643856189774725
O=C(O)c1ccc2cccc(NS(=O)(=O)c3ccccn3)c2n1,3.0
CCNCC1CCN(c2c(F)cc3c(=O)c(C(=O)O)cn4c3c2OCC4C)C1,5.011587974275212
COc1c(NC(=O)C2CCC(COc3cccc(F)c3F)CC2)c(F)cc2c(=O)c(C(=O)O)cn(C3CC3)c12,-5.0
CN1CCN(CCOc2cc(O)c3c(=O)cc(-c4ccc5c(c4)OCCO5)oc3c2)CC1,-3.643856189774725
CCn1cc(C(=O)O)c(=O)c2cc(F)c(-n3ccnc3C)c(F)c21,-1.6461626571578936
Cn1c(C2CC(=O)N(c3cccc(Cl)c3Cl)C2)nc2ccccc21,-5.0
Nn1c(Sc2ccc(Cl)cc2)nnc1-c1ccccc1,-3.321928094887362
CCn1cc(C(=O)O)c(=O)c2cc(F)c(N3CCN(CC(=NNc4ccccc4)c4ccccc4)CC3)cc21,-4.643856189774724
Oc1ccccc1C=Nn1c(S)nnc1-c1cnccn1,1.3584539709124763
CC1COc2c(N3CCC(CNC4CC4)C3)c(F)cc3c(=O)c(C(=O)O)cn1c23,6.965784284662087
Cc1c(F)c(N2CCNCC2)c(F)c2c1c(=O)c(C(=O)O)cn2C1CC1,5.321928094887363
CCOC(=O)c1cn(Cc2ccccc2Cl)c2cc(F)c(F)cc2c1=O,-1.0
N#Cc1c(NC(=O)c2cc(OCCN)ccc2Cl)sc2c1CCC(c1ccc(O)cc1)C2,-3.0
CCCCCC#CC[n+]1ccn(CCCCC[Si](C)(C)C)c1C,-3.643856189774725
COc1ccc(C2CC(c3ccc(-n4cccc4)cc3)=NN2C(C)=O)c(OC)c1,-3.643856189774725
CC(O)C(NC(=O)N1CCCC(c2ccc(C#Cc3ccccc3)cc2)C1)C(=O)NO,-4.643856189774724
CCCn1c(-c2ccc(Cl)cc2Cl)nc2cc(C(=O)NN=Cc3cccc(Cl)c3)ccc21,-2.643856189774725
CCCCCCCCCCCCCCCC(=O)N(CCCN)CCCN,-3.807354922057604
N#CC(=Cc1cnc(NCc2ccccc2)nc1)c1nc2ccccc2s1,-4.19377174339668
COc1cc(N2C(=O)c3nccnc3C2=O)cc(OC)c1OC,-3.169925001442312
Cc1c(N2CCCC(NC3CC3)C2)c(F)cn2c(=O)c(C(=O)O)cc(C3CC3)c12,4.321928094887363
CON=C1CN(c2c(F)cc3c(=O)c(C(=O)O)cn(C4CC4F)c3c2OC)C1CN,2.0
CC(=NNc1nc(-c2ccc(I)cc2)cs1)c1cccnc1,-5.0
O=C(C=Cc1cccs1)c1ccccc1,-3.321928094887362
CCNCC1CCN(c2c(F)cc3c(=O)c(C(=O)O)cn(NC)c3c2F)C1,2.321928094887362
COc1cc(OC)cc(C2CC(c3ccccc3F)=NN2C(C)=O)c1,-3.643856189774725
CCn1cc(C(=O)O)c(=O)c2cc(F)c(N3CC(NC)C(NC)C3)c(F)c21,1.0
O=C(O)C=Cc1ccc(O)c(O)c1,-5.0
CC(C)=CCCC(C)=CCCC(C)=CCCC(C)=C[n+]1cn(C)c2ccccc21,-4.0
CCc1[nH]c2nc(Sc3cnc4nccnc4c3)nc(N3CCC4(CCCN4)C3)c2c1Cl,-3.0
COC1CN(c2nc(C(=O)NN3CCOCC3)c(C(=O)O)s2)CCC1NC(=O)c1[nH]c(C)c(Cl)c1Cl,-0.0
CCCCCCCCCCCCCCCC(=O)NCCCN,-5.0
CN(C)C1C(O)=C(C(N)=O)C(=O)C2(O)C(O)=C3C(=O)c4c(O)c(NC(=O)CNc5cccnc5)cc(F)c4CC3CC12,-4.0
CCC(C)N1CCN(c2nc3c(cc2F)c(=O)c(C(=O)O)cn3CC)CC1,-1.6461626571578936
CCOC(=O)c1sc2[nH]c(=O)n(CC=Cc3ccc(O)cc3)c(=O)c2c1CCc1ccccc1,-5.0
CN1CC2CC1CN2c1c(F)cc2c(=O)c(C(=O)O)cn(C3CC3)c2c1Cl,4.321928094887363
CCSc1nnc(-c2ccccc2COc2ccc(Cl)cc2)o1,-4.643856189774724
COc1ccc(C=Nn2c(S)nnc2-c2nc(C(C)C)cs2)cc1,-4.965784284662087
N#Cc1c(-c2ccccc2)cc(-c2ccco2)c([N+](=O)[O-])c1N,-4.321928094887363
O=C([O-])C1=CSC2C(=Cc3cc4n(n3)CCCO4)C(=O)N12,-2.0
O=C(Nc1ccc(-c2ccccc2)cc1C(=O)O)c1cccc(Oc2ccccc2)c1,-1.0
COc1ccc2nc(C)cc(-n3cc(CN4CCN(C(C)=O)CC4)nn3)c2c1,3.321928094887362
Cc1ccc(S(=O)(=O)NC(=O)Nc2ccccc2C(=O)C=Cc2ccc(F)cc2)cc1,-5.0
[N-]=[N+]=NCCCN1CCN(c2cc3c(cc2F)c(=O)c(C(=O)O)cn3C2CC2)CC1,4.058893689053568
COC(=O)CON=C(CN1CCN(c2c(F)cc3c(=O)c(C(=O)O)cn(C4CC4)c3c2Cl)CC1)c1nccs1,1.0
CCCCCCc1cnc(N)n1CCCc1ccccc1,-3.0
CC1=CC2C=C(C)C(C)C3C(CC(C)C)NC(=O)C23C(=O)CC(O)C(O)C(O)CC1,-4.643856189774724
CC1Cn2cc(-c3ccc4c(c3OC(F)F)N(C3CC3)CC(C(=O)O)C4=O)cc2CN1,-0.0
O=C(Cc1ccccc1)NC1C(=O)N2C(C(=O)O)=C(C[n+]3ccccc3)CSC12,-5.0
CCCCCCCCCCCCCC(=O)NN1C(=O)CSC1c1ccc(F)cc1,1.5145731728297582
COc1ccc2oc(=O)cc(C3C(C#N)=C(N)Oc4c3c(=O)oc3ccccc43)c2c1,-0.6415460290875237
O=C(C=Cc1cnc2ccccc2n1)c1cccc(O)c1,-2.321928094887362
CC(C)(ON=C(C(=O)NC1C(=O)N(S(=O)(=O)O)C1CN1CC(CNC(=N)N)OC1=O)c1csc(N)n1)C(=O)O,3.0
COc1ccc(C2C(C#N)=C(N)Oc3ccc(Sc4nc5ccccc5s4)cc32)cc1,-5.0
CN(C)C1C(O)=C(C(N)=O)C(=O)C2(O)C(O)=C3C(=O)c4c(O)cc(-c5cccnc5)c(Cl)c4CC3CC12,-1.0
CCOC(=O)C(=CNc1ccc(C)cc1)c1ccc(OCc2ccccc2)cc1,0.3584539709124763
NCCC(O)C(=O)NC1CC(N)C(OC2OC(CN)CCC2N)C(F)C1OC1OC(CO)C(O)C(N)C1O,-0.0
O=C(C=Cc1ccc(F)cc1)c1ccc(-c2ccc(N3CC(CO)OC3=O)cc2)cc1,-1.6438561897747246
CC(=NOC(=O)c1ccc(F)cc1)N1N=C(c2ccc(Cl)cc2Cl)CC1c1ccc(C(F)(F)F)cc1,-4.643856189774724
Cc1ccc(C(c2cccc(-n3cc(-c4cccc(N)c4)nn3)c2)P(=O)(O)O)cc1,-0.0
CC1(N)CN(c2c(F)cc3c(=O)c(C(=O)O)cn(C4CC4)c3c2Cl)C1,5.058893689053568
COc1cc(C=CC(=O)c2ccccc2)ccc1OCc1nnc(-c2ccc(Cl)cc2)o1,-3.643856189774725
CCn1cc(C(=O)O)c(=O)c2cc(F)c(-n3ccnc3)c(SC)c21,-2.643856189774725
NCC1CC(OC2C(N)CC(N)C(OC3OC(CO)C(N)C(O)C3N)C2O)C(N)CC1O,-1.0
COP(=O)(OC)C(Nc1ccc(S(N)(=O)=O)cc1)c1cc(O)c2c(c1)C(=O)c1cccc(O)c1C2=O,-1.0
CON=C1CN(c2cc3c(cc2F)c(=O)c(C(=O)O)cn3C2CC2F)CC1CN,5.058893689053568
Cc1nc(-c2ccccc2)sc1-c1nnc(S)n1N=Cc1c(Cl)cccc1Cl,-0.963474123974886
Cc1ccc(Cn2c(-c3ccccc3)nc3ccccc32)cc1,-3.0
Clc1ccc(CCN2CN=C(SCc3ccc(Cl)cc3)NC2)cc1,-5.0
C=CCON=Cc1cn(C2CCN(c3nc4c(cc3F)c(=O)c(C(=O)O)cn4C3CC3)CC2)nn1,-2.0
O=C(O)CSC(=O)c1ccc(NC(=O)OCc2ccccc2)cc1,-2.0
CCCCCCCNC(=O)CCNC(=O)C(O)C(C)(C)COP(=O)(O)O,-5.0
O=c1[nH]c2c(c(=O)[nH]1)C(c1ccc(Cl)cc1)c1c(-c3ccccc3)nn(-c3ccc([N+](=O)[O-])cc3)c1N2,-2.584962500721156
N#Cc1ccc2ccc(=O)n(CCN3CCC(NCc4ccc5c(n4)NC(=O)CO5)C(F)C3)c2c1,-0.0
O=c1ccc2ccc(C(F)(F)F)cc2n1CCN1CCC(NCc2cc3c(cn2)OCCC3)CC1,-1.0
O=C([O-])C1=CSC2C(=Cc3cn4c5c(sc4n3)COCC5)C(=O)N12,4.058893689053568
NCC(c1ccccc1)n1cnc2c(-c3ccccc3Cl)csc2c1=O,-1.0
O=c1[nH]c(=S)[nH]c2c1C(c1ccc(Cl)cc1)c1c(-c3ccccc3)nn(-c3ccc([N+](=O)[O-])cc3)c1N2,-2.584962500721156
CC(CCC(=O)NN=Cc1ccc(C#N)cc1)C1CCC2C3C(O)CC4CC(O)CCC4(C)C3CC(O)C12C,-2.9653225483672547
CN(C)c1cc(N)c(O)c2c1CC1CC3C(N(C)C)C(=O)C(C(N)=O)=C(O)C3(O)C(=O)C1=C2O,1.0
Cc1c(N2CC3CC2CN3)c(F)cn2c(=O)c(C(=O)O)cc(C3CC3)c12,5.643856189774724
CCC(C)C(NC(=O)c1cn(CC)c2cc(C(F)(F)F)ccc2c1=O)C(=O)O,-3.643856189774725
CN(C)c1ccc(C=NNC(=O)Cn2ncc3cc([N+](=O)[O-])ccc32)cc1,-4.906890595608519
CC(=O)OC1CN(c2c(F)cc3c(=O)c(C(=O)O)cn(C4CC4)c3c2F)C1,3.0588936890535687
O=C1Nc2ccc(Cl)cc2C(O)C1(Cc1ccccc1)Cc1ccccc1,-3.643856189774725
N#CCCCOc1ccc2ncc(F)c(CCC34CCC(NCc5ccc6c(n5)NC(=O)CO6)(CC3)CO4)c2n1,-2.0
N#CC1=C(C(=O)O)N2C(=O)C(NC(=O)C(=NOCCBr)c3csc(N)n3)CN2C1,3.0
CC(C)C(C)C=CC(C)C1CCC2C(=CC(=O)OC3(C)CCC=CC3=O)C(=O)CCC21C,-3.321928094887362
Cc1ccc(-n2cc(C(=O)O)c(=O)c3cc(F)c(N4CCNCC4)cc32)c(C)c1,0.3219280948873623
COc1cc(-c2cc3c(cc2F)c(=O)c2c(=O)[nH]sc2n3C2CC2)ccc1O,4.058893689053568
C=C1CCC(C(C)C)C2C=C(C(=O)O)CCC12,-3.0
CN1CCN(c2c(F)cc3c(=O)c(C(=O)O)cn4c3c2SC(c2ccc(F)cc2)C4)CC1,3.0588936890535687
CC(=NOC(=O)c1ccc(F)cc1)N1N=C(c2ccc(Cl)cc2Cl)CC1c1ccccc1F,-4.643856189774724
CCC(Cn1nnc2cc(C#Cc3ccc(CN4CCOCC4)cc3)ccc21)N(O)C=O,-0.0
O=C(CN1CCN(c2cc3c(cc2F)c(=O)c(C(=O)O)cn3C2CC2)CC1)c1cccs1,7.058893689053568
Cc1cc(C)n2nc(SCc3nnc(SCc4ccc(F)cc4F)s3)nc2n1,-1.6461626571578936
O=c1[nH]sc2c1c(=O)c1cc(F)c(-c3cccnc3F)cc1n2C1CC1,6.058893689053568
CC1NCCn2cc(-c3c(F)cc4c5c3OCC(C)N5CC(C(=O)O)C4=O)cc21,-2.0
c1cc2cc(-c3ccc(-c4cc5ccc(C6=NCCCN6)cc5[nH]4)s3)[nH]c2cc1C1=NCCCN1,1.6896598793878495
O=C(OCc1ccccc1)ONC(=O)c1ccccc1,-0.0
CC(=O)Nn1c(=O)c2cc(F)c(N3CCC(N)C3)c(Cl)c2n(C2CC2)c1=O,-1.0
Cc1ccc(-c2nn(-c3ccccc3)cc2C2CC(=O)N(c3ccc(F)cc3)C3=C2C(=O)CCC3)cc1,2.0
CC1COc2c(N3CC(=NOCc4ccccc4)C(CNC4CC4)C3)c(F)cc3c(=O)c(C(=O)O)cn1c23,-0.0
CCCS(=O)(=O)CC(=O)NC1C(=O)N2C(C(=O)O)=C(COC(C)=O)CSC12,-3.700439718141092
Cn1nnnc1NCC1=C(C(=O)[O-])N2C(=O)C(NC(=O)CS(=O)(=O)CC#N)C2SC1,-0.6780719051126377
c1cc2cc(-c3ccc(-c4cc5ccc(C6=NCCN6)cc5o4)s3)[nH]c2cc1C1=NCCN1,1.8889686876112561
NC1CC(N)CN(c2nc(Nc3ccc(NC(=O)c4cnc5ccccc5c4O)cc3)nc(N3CC(N)CC(N)C3)n2)C1,-0.0
COC(=O)C(Cc1c[nH]c2ccccc12)NC(=O)c1cc(-c2nc3ccc([N+](=O)[O-])cc3[nH]2)ccc1O,-3.643856189774725
Cc1ccccc1-c1c[n+](C)c(-c2ccc(C(C)(C)C)cc2)cc1C=Cc1ccc(C(C)(C)C)cc1,-1.0
CC1OC(OC2C(N)CC(N)C(OC3OC(CN)C(O)C(O)C3N)C2O)C(O)C(O)C1OCC(N)CN,-3.0
C=CC1(C)CC(OC(=O)CSc2cc[n+](CCCO)cc2)C2(C)C(C)CCC3(CCC(=O)C32)C(C)C1O,1.0
NCC1C(=NOCc2ccccc2)CN1c1cc2c(cc1F)c(=O)c(C(=O)O)cn2C1CC1F,3.0
COc1cc(Cc2cnc(N)nc2N)cc2c1OCCN2,-3.0
N#CC1=C(N)Oc2[nH]c(=O)[nH]c(=O)c2C1Cc1ccccc1,-4.643856189774724
CON=C(C(=O)NC1CN2CC(C#N)=C(C(=O)O)N2C1=O)c1csc(N)n1,2.0
CCOC(=O)c1cn(CC(O)Cn2c([N+](=O)[O-])cnc2C)c2c(Cl)cc(Cl)cc2c1=O,-4.0
CC(C)=CCc1c(O)cc2oc3c(CC=C(C)C)c(O)c(O)c(CC=C(C)C)c3c(=O)c2c1O,-4.643856189774724
N#Cc1c(-c2ccc([N+](=O)[O-])cc2)cc(-c2ccc(Nc3cc(=O)oc4ccccc34)cc2)nc1N,-4.643856189774724
CCNc1cc(F)cc2c1[nH]c1ncc(-c3cnc(C)nc3)c(-n3ccc(C(F)(F)F)n3)c12,5.965784284662087
COc1cc(-c2[nH]c(=S)nc(-n3nc(C)cc3C)c2C#N)cc(O)c1OC,-5.0
CC(=NNC(=N)N)c1sc(NN=Cc2cccc(O)c2)nc1C,-5.0
CNc1cc(F)cc2cc(C(=O)Nc3ccc(C(N)=O)cc3CN(C)C3CCCCC3)c(=O)[nH]c12,5.058893689053568
CC(C)=CCCC(C)=CCCC(C)=CCCC(C)=CCn1cnc2c1C(=N)NCN2C,-4.0
CCCCCCNC(=O)C[n+]1ccc(C(=O)N2CCN(c3cc4c(cc3F)c(=O)c(C(=O)O)cn4C3CC3)CC2)cc1,-3.0
COc1ccc(C(=O)Nc2ccc([N+](=O)[O-])cc2)cc1OC,-4.392317422778761
COc1cc(C2SCC(=O)N2NC(=O)c2cc(-c3ccc(Cl)cc3)n[nH]2)ccc1O,4.321928094887363
COc1ccc(NC(=O)c2ccc(OC)c(OC)c2)cc1,-4.247927513443585
N#Cc1cnc2ccc(=O)n(CCNC3CCC4C(C3)OC(=O)N4c3ccc4c(n3)NC(=O)CS4)c2c1,7.965784284662087
CNCC1CCN(c2c(F)cc3c(=O)c(C(=O)O)cn(C4CC4)c3c2N)C1,0.3219280948873623
O=c1[nH]c2c(c(=O)[nH]1)C(c1ccc(Cl)cc1)c1c(-c3ccccc3)nn(-c3ccccc3)c1N2,-1.0
C[n+]1cc(-c2ccccc2)c(C=Cc2ccc(C(C)(C)C)cc2)cc1-c1ccc2ccccc2c1,-2.0
C=CCN1C(c2ccccc2)CC(=NOCc2ccccc2)CC1c1ccccc1,-2.643856189774725
CCN(Cc1ccccc1)C(=O)Nc1cc(-c2ccccc2)sc1C(=O)O,-4.087462841250339
CC(C)(C)c1ccc(C(=O)Nc2ccc(N)cc2O)cc1,-2.963474123974886
CC1CNCCN1Cn1nc2c(F)cc3c(=O)c(C(=O)O)cn(C4CC4)c3n2c1=S,3.0
C=CCNC(=O)NN=C(C)C1=C(O)C(N)C2Cc3c(c(O)c4c(O)c(C)ccc4c3C)C(=O)C2(O)C1=O,-4.643856189774724
CC(=O)NCC1CN(c2ccc(C3=NOC(C(=O)N4CCOCC4)C3)c(F)c2)C(=O)O1,-5.0
Cc1ccc(C2CC(c3nc4ccccc4[nH]3)=NN2C(=O)c2ccncc2)cc1,-4.643856189774724
CCOP1(=O)C(C)NN=C2N(N)C(=O)C(C)=NN21,-3.643856189774725
O=C(NO)C1OC(c2ccc(C#Cc3ccc(CN4CCOCC4)cc3)cc2)CC1O,-1.0
CCn1cc(C=C2C(=O)OC(C)(C)OC2=O)c2cc(OC)ccc21,-3.9068905956085187
COC1(NC(=O)CSC(F)F)C(=O)N2C(C(=O)O)=C(CSc3nnnn3CCO)COC21,5.011587974275212
O=C1CCN(c2c(F)cc3c(=O)c(C(=O)O)cn(C4CC4)c3c2F)C1,1.3584539709124763
COc1cccc(C=NNC(=O)c2nnn(-c3cc(C(F)(F)F)nc4c(C(F)(F)F)cccc34)c2C)c1,-2.643856189774725
CCOC(=O)C1COc2ccc(CNC3CCN(CCn4c(=O)ccc5ccc(C#N)cc54)CC3)cc2O1,-4.0
CON=C1CN(c2c(F)cc3c(=O)c(C(=O)O)cn(C4CC4)c3c2OC)CC1CNC1CC1,-5.0
Cc1[nH]c(C(=O)N=c2sc3cc(C(=O)O)ccc3n2Cc2ccc(S(C)(=O)=O)cc2)c(Cl)c1Cl,2.0
Cc1ccc(-c2nnc(Sc3nnc(-c4nc(C(C)C)cs4)n3-c3ccccc3)o2)cc1,-4.965784284662087
Fc1ccc(Nc2c(-c3c[nH]c4ccc(Br)cc34)nc3sc4cc(F)ccc4n23)cc1,1.1844245711374275
CCc1ccc(C(Nc2ccc(C)c([N+](=O)[O-])c2)C2CCCCC2=O)cc1,-2.643856189774725
CCNc1cc(F)cc2c1[nH]c1ncc(-c3cncc(C(=O)NOC)c3)c(-n3ccc(C(F)(F)F)n3)c12,3.0
CC(=O)OCC1=C(C(=O)OC(c2ccccc2)c2ccccc2)N2C(=O)C(Nc3nc4cc(O)ccc4[nH]3)C2SC1,5.965784284662087
Clc1ccc(C=Cc2nc3cc(Br)ccc3[nH]2)c(Cl)c1,-4.965784284662087
CCCn1c(-c2ccc(Cl)cc2Cl)nc2cc(C(=O)NN=Cc3cccc(Br)c3)ccc21,-3.643856189774725
CON=C1CC(N)CN(c2c(F)cc3c(=O)c(C(=O)O)cn(C4CC4)c3c2F)C1,2.0
CCN(CC)c1ccc2cc(C(=O)Nc3c(C#N)cnn3-c3ccc(Cl)cc3)c(=O)oc2c1,-1.0
NCC1CN(c2ccc(N3CC4(COC4)C3)c(F)c2)C(=O)O1,-2.017921907997262
FC(F)(F)c1nn2c(C=NNc3nc(-c4ccc(Cl)cc4)cs3)c(-c3ccc(Cl)cc3)nc2s1,-3.643856189774725
CC1COc2c(N3CC(F)C(CNC4CC4)C3)c(F)cc3c(=O)c(C(=O)O)cn1c23,6.965784284662087
Cc1sc([S-])n[n+]1C(=O)c1ccc(Nc2nc(-c3ccccc3)nc3ccccc23)cc1,-3.0
CCn1cc(C(=O)O)c(=O)c2cc(F)c(N3CCN(Cc4nc5ccc(Cl)cc5[nH]4)CC3)cc21,1.0
Clc1cc(-c2csc(-c3cccc4cccnc34)n2)c(Cl)s1,-3.643856189774725
CCOC(=O)C12COC(C(C)(C)C)N1C(=O)C(=C(C)NCc1cccc(CN3CCC(C)CC3)c1)C2=O,-5.0
Cc1cccc(OCc2ccccc2-c2nnc(-c3cccc(Br)c3)o2)c1,-4.643856189774724
COc1ccc2[nH]cc(-c3nc(C(=O)Nc4cc(OC)c(OC)c(OC)c4)cs3)c2c1,-3.643856189774725
CC(=O)OCC1=C(C(=O)OC(C)(C)C)N2C(=O)C(Nc3nc4ccccc4n3C)C2SC1,2.0
Oc1ccc(Cl)cc1C=NNc1nc(-c2ccc(Cl)cc2)cs1,-3.643856189774725
NC(=O)c1cc(OCCNCc2ccco2)c2ccccc2c1,-0.0
Cc1ccc(C[N+]2=CN3CCCCC3C2)cc1,0.3584539709124763
COP(=O)(O)N1CC(NC(=O)C(=NOC(C)(C)C(=O)[O-])c2csc(N)n2)C1=O,0.3219280948873623
CC1(O)C=Cc2c(c(O)cc3cc(-c4cc(O)cc(O)c4)oc23)OC1,-3.321928094887362
CCCC(NC(=O)CNC)C(=O)NC(CCC)C(=O)NC(C)P(=O)(O)O,4.643856189774724
COc1ccc(-[n+]2noc([O-])c2C(=O)CSc2nnc(Cc3ccc(Cl)cc3)c(=O)n2N)cc1,2.0
Clc1cccc(Cn2cc(COc3ccc(-c4nc5ccccc5s4)cc3)nn2)c1,-3.0036022366801953
CCCCCOc1ccc(C2C(Cl)C(=O)N2c2cc3[nH]cc(C(=O)O)c(=O)c3cc2F)cc1,5.643856189774724
COc1cc(CC=C(C)C)c(-c2oc3c(CC=C(C)C)c(OC)cc(OC)c3c(=O)c2OC)c(CC=C(C)C)c1OC,-2.321928094887362
NCCCCOc1ccc2ncc(F)c(CCC34CCC(NCc5ccc6c(n5)NC(=O)CO6)(CC3)CO4)c2n1,-2.0
COc1cc(O)c2c(c1C(C)=O)OC(C)(C)C=C2,0.18442457113742744
CSC(Cn1nnc2cc(C#Cc3ccc(-n4ccnc4CO)cc3)ccc21)N(O)C=O,2.0
CN(C)CCCNc1nc2cc([N+](=O)[O-])ccc2nc1NCc1ccc(C(F)(F)F)cc1,-1.7484612330040354
COc1ccc2occ(-c3cc4ccccc4oc3=O)c2c1,-2.643856189774725
CC(O)c1nccn1Cc1cc(-c2ccc(C#CC34CC(N)(C3)C4)cc2)on1,2.0
CCc1c(-c2ccc(N3CCCCC3)cc2)[nH]c(=O)c(C(=O)O)c1O,1.3584539709124763
CCCCC(CN(O)C=O)C(=O)N1CCCC1c1nnc(-c2ccccc2)s1,-4.0
CC1(C)C2CCC(C2)C1CCC(CCC1C2CCC(C2)C1(C)C)NCCNCCNCCCN,-3.321928094887362
CC(N)C(=O)NC(C)C(=O)NC1CN(c2nc3c(cc2F)c(=O)c(C(=O)O)cn3C2CC2)C1C,-1.0
CS(=O)(=O)c1ccc(-n2[se]c3ccccc3c2=O)cc1,-3.0
CN(C)c1ccc(C=Cc2cc(-c3ccccc3)[n+](C)cc2-c2ccccc2)cc1,-5.0
CCCCCCCCCN1CCCc2cc(OCCCCNC(=N)N)ccc21,-0.6415460290875237
CC(=NNC(=O)COc1ccc2ccccc2c1)C(=NNc1ccc(Cl)cc1)S(=O)(=O)c1ccccc1,-3.0443941193584534
CC(C)Cc1ccc(C(C)C(=O)c2ccc(OCc3cn(C4CCCC4)nn3)cc2O)cc1,-3.584962500721156
CC(C)CCCC(C)CCOc1ccc2[nH]cc(CCN)c2c1,-1.6780719051126378
COC(=O)CCCC1C2CCCN3CCCC(CN1C(=O)c1cc4ccc(Cl)cc4n1Cc1ccccc1[N+](=O)[O-])C23,0.5269924320838263
COc1ccc(C2C3CCCC(C3=NOCc3ccccc3)C(c3ccc(OC)cc3)N2C)cc1,-4.643856189774724
O=c1cc(CCl)oc(CN2CCN(Cc3ccc(F)cc3)CC2)c1O,-4.0
O=C1c2cccc3cccc(c23)C(=O)N1c1ccc([N+](=O)[O-])cc1,-2.0
O=S1(=O)c2ccccc2N(CCN2CCC(NCc3cc4c(cn3)OCCC4)CC2)c2ccccc21,-4.0
Nn1c(S)nnc1Cn1c(=O)cc(-c2ccccc2)c2ccccc21,-3.0
Nc1nc(N)c2cc([S+]([O-])c3cccc(C(F)(F)F)c3)ccc2n1,-4.643856189774724
COC1(NC(=O)C(C(=O)O)c2ccsc2)C(=O)N2C(C(=O)O)C(C)(C)SC21,-2.0
COc1ccc2c(c1)CN(C1CC(c3ccc(-c4ccco4)cc3)=NN1c1nc(-c3ccccc3F)oc1C)CC2,-0.6433944534798923
COc1ccc(CNC(=O)c2cc(OCCC(C)C)c3ccccc3c2)cc1,-1.0
O=C1COc2ccc(CNC34CCC(C(O)Cc5c(F)cnc6ccc(OCCO)nc56)(CC3)OC4)nc2N1,-3.0
COc1cccc(-c2nnc(NC(=O)CC3SC(=O)NC3=O)s2)c1,-4.0
O=C1C(=Cc2ccccc2)CCC12C(c1ccccc1)C(c1ccccc1)=NN2c1ccccc1,-2.321928094887362
Nc1ncc(Cc2ccc3c(c2)CCCN3)c(N)n1,-4.906890595608519
O=[N+]([O-])c1ccc2[nH]c(C=Cc3cccc(O)c3)nc2c1,-4.965784284662087
CS(=O)(=O)NC(=O)COc1ccc2sc(CNc3nncc(-c4c(Cl)cccc4Cl)n3)nc2c1,-4.0
CC(O)C(NC(=O)N1CCN(c2ccc(C#Cc3cnccn3)cc2)CC1)C(=O)NO,-2.643856189774725
CCC(CN)=C1CN(c2nc(S(C)(=O)=O)nc3[nH]c4c(NC)cc(F)cc4c23)C1,-4.0
CCON=C1CCN(c2nc3c(cc2F)c(=O)c(C(=O)O)cn3C2CC2)CC1N(C)C,-3.0
CC(O)c1nccn1Cc1cc(C#Cc2ccc(OCCCNC3COC3)cc2)on1,-0.0
CC(C)C(C)C=CC(C)C1CCC2C3=CC(O)C4(O)CC(O)CCC4(C)C3=CCC21C,-3.321928094887362
CC(C)c1ccc(Cc2cnc(N)nc2N)cc1,-4.0
CCn1cc(-c2nc(N=Cc3ccccc3O)n[nH]2)c(=O)c2ccc(C)nc21,5.011587974275212
O=c1[nH]c(=O)c2cc3cc(Cl)ccc3nc2[nH]1,-2.963474123974886
CN1CCOc2nc(CNC34CCC(CC5(O)Cn6c(=O)ccc7ncc(F)c5c76)(CC3)OC4)ccc21,-4.0
O=c1cc(-c2ccc3c(c2)OCCO3)oc2cc(OCCN3CCOCC3)cc(O)c12,-3.643856189774725
CSc1ccc(Cc2nnc3sc(-c4cc(F)c(Cl)cc4Cl)nn23)cc1,-2.584962500721156
Cc1c(F)c(N2CCC(N)C2)cc2c(C3CC3)cc(C(=O)O)c(=O)n12,3.321928094887362
Cc1cc(C)n2nc(SCc3nnc(SCc4cc(F)cc(F)c4)s3)nc2n1,-4.643856189774724
O=C(O)c1cn(C2CC2)c2c(F)c(N3CC4CC3CN4)c(F)cc2c1=O,6.643856189774724
CC(O)C1C(=O)N2C(C(=O)O)=C(SC(=S)N3CCC3)C(C)C12,-1.6461626571578936
C=CC1(C)CC(OC(=O)COC(=O)C(C#N)=Cc2ccccc2)C2(C)C(C)CCC3(CCC(=O)C32)C(C)C1O,-3.0
CON=C(C(=O)NC1C(=O)N2C(C(=O)[O-])=C(C[n+]3ccc4c(c3)nc(C)n4C)CSC12)c1csc(N)n1,6.965784284662087
CN(C)c1c(C2CCCN2)cc(O)c2c1CC1CC3C(N(C)C)C(O)=C(C(N)=O)C(=O)C3(O)C(O)=C1C2=O,-1.0
O=C(O)c1cc(-c2ccc(C=Cc3ccccc3)cc2)nc2ccccc12,-5.0
O=C(C=Cc1cccc(O)c1)N1N=C(c2ccc([N+](=O)[O-])cc2)OC1c1cc2ccccc2nc1Cl,-4.643856189774724
CN(C)C1=NC(c2ccc(C=CC(=O)c3ccc(Br)cc3)cc2)N=C(N)N1,-4.0
COC(=O)c1ccsc1NC(=O)NC(C(=O)NC1C(=O)N2C(C(=O)O)=C(C)CSC12)c1ccccc1,-3.321928094887362
CCn1cc(C(=O)O)c(=O)c2cc(F)c(N3CC(C)NC(C)C3)cc21,2.321928094887362
N#CC(=Cc1c[nH]c2ccc([N+](=O)[O-])cc12)S(=O)(=O)c1ccc(N)cc1,-3.0
CCCCCCCCNC1=NC(C)(C)NC(NCc2ccccc2)=N1,-3.643856189774725
CCNc1cc(F)cc2c1[nH]c1ncc(-c3cncnc3)c(-n3ccc(C(F)(F)F)n3)c12,5.965784284662087
CCCc1cccc(C2=NC(C(=O)NO)CO2)c1,4.058893689053568
O=C(O)c1nccn1Cc1cc(Br)cs1,-1.0
CCOc1cc(C=Cc2ccc(C(F)(F)F)cc2)c(C(=O)O)c(O)c1CC=C(C)C,-5.0
CON=C(C(=O)NC1C(=O)N2C(C(=O)O)=C(COC(N)=O)CSC12)c1ccco1,3.0
CC1=C(C(=O)O)N2C(=O)C(NC(=O)Cc3ccccc3)C2SC1,-3.7147950111181625
CC(=O)C=Cc1cnc([N+](=O)[O-])n1C,-4.321928094887363
CCOC(=O)C(C#N)C(c1cc2ccc(CC)cc2n2nnnc12)P(=O)(OCC)OCC,-3.321928094887362
CCCCCC[n+]1ccc(SCC2=C(C(=O)O)N3C(=O)C(NC(=O)Cc4ccccc4)C3SC2)cc1,-5.0
CC(N)C(=O)NC(C)C(=O)NC(C)P(=O)(O)O,1.0
Cc1cccc(OCc2ccccc2-c2nnc(-c3ccc(Cl)cc3)o2)c1,-4.643856189774724
CC(O)C(NC(=O)c1ccc(C#Cc2ccc(C=NN3CCN(C(=O)C(C)(C)C)CC3)nc2)cc1)C(=O)NO,-2.0
NC(=S)NN=Cc1ccc(OCc2cn(Cc3ccc(Br)cc3)nn2)cc1,-2.643856189774725
Cn1nnnc1SCC1=C(C(=O)[O-])N2C(=O)C(Nc3cc[n+](Cc4ccc(C#N)cc4)cc3)C2SC1,2.0
C=CC1(C)CC(OC(=O)CSc2nc(C)c(C(=O)OCC)c(C)n2)C2(C)C(C)CCC3(CCC(=O)C32)C(C)C1O,-4.0
CCC(C=CC(C)C1CCC2C3C4=CC5(CC(OC(C)=O)CCC5(C)C3CCC12C)NC(=S)N4)C(C)C,-5.0
S=C(Nc1ccccc1)NC(Cc1ccccc1)c1nc2ccccc2[nH]1,-3.643856189774725
CCn1cc(C(=O)O)c(=O)c2cc(F)c(N3CCCCC3)cc21,-0.6415460290875237
O=C(C=Cc1ccc2ccccc2n1)c1ccncc1,-5.0
CC(=O)C1OC(Oc2ccc(C=C(C)C(=O)NC3C(O)C(O)C4OCOC4C3O)cc2O)C(O)C1O,-3.321928094887362
CCCCCCCCCCCCCCCc1nnc(S)n1N=Cc1cc(OC)c(OC)c(OC)c1,-4.626439136697315
CCn1cc(C(=O)O)c(=O)c2c(N)c(F)c(N3CC(C)NC(C)C3)c(F)c21,1.3219280948873622
CN(C)C1=NC(c2ccc3cc(OCc4ccccc4)ccc3c2)N=C(N)N1,-3.0
O=C(NCc1cn(Cc2ccccc2F)nn1)c1cnccn1,-3.643856189774725
CC(CF)(CF)n1cc(C(=O)O)c(=O)c2cc(F)c(N3CCNCC3)nc21,2.9434164716336326
CC(C)CNc1nccc(NCCNC2CCCc3c2[nH]c2ccc(OC(F)(F)F)cc32)n1,-1.6461626571578936
CC(O)C1C(=O)N2C(C(=O)[O-])=C(CO)C(C)C12,1.0
CC(C)CCC(O)C1C(=O)OCC1CO,-5.0
N#Cc1c(-c2ccccc2)cc(-c2ccc[nH]2)c([N+](=O)[O-])c1N,-4.321928094887363
Cc1cc(NCCc2ccccc2)n2nc(NC(C)c3cccc(Cl)c3)nc2n1,-2.0
CC(C)(CF)n1cc(C(=O)O)c(=O)c2cc(F)c(N3CCC(N)C3)nc21,5.058893689053568
CCC1C(N)CN1c1c(F)cc2c(=O)c(C(=O)O)cn(C3CC3)c2c1F,3.0588936890535687
COc1ccc(OC)c(C=Cc2nnc(SCC(=O)c3cc(O)ccc3O)n2-c2ccc(Cl)cc2)c1,-4.643856189774724
COC(=O)C1(C)CCCC2(C)c3ccc(C(C)C)c(NC(=O)Cn4cc(-c5cccc(Cl)c5)nn4)c3CCC12,-3.643856189774725
CCc1nc(N)nc(N)c1C#CC(C)c1cc(OC)cc(-c2ccc(C(=O)O)cc2)c1,8.702749878828293
C=CCC(Nc1cccc(F)c1)c1cc(OC)ccc1F,-0.6897464384935557
CC(O)C(NC(=O)N1CCC(c2ccccc2)CC1)C(=O)NO,-3.643856189774725
CN1CCN(c2cc3c(cc2F)c(=O)c(C(=O)O)cn3-c2ccc(Br)cc2)CC1,-2.6322682154995127
C#CCN(Cc1ccc(OC)cc1)S(=O)(=O)c1ccc([N+](=O)[O-])cc1[N+](=O)[O-],-5.0
CCCCCCCCCC(=O)NC(CCCCN)CN1CC(=O)N(C2CCCCC2)C1=O,-3.643856189774725
COc1ccc(Cn2ccnc2C(=O)O)cc1,2.0
CN1CCN(c2cc3c(cc2N)c(=O)c(C(=O)O)cn3C2CC2)CC1,5.058893689053568
CCCN1CCCC1c1cc(O)c2c(c1C(F)(F)F)CC1CC3C(N(C)C)C(O)=C(C(N)=O)C(=O)C3(O)C(O)=C1C2=O,-0.0
COc1c(N2CCc3sc([N+](=O)[O-])cc3C2)c(F)cc2c(=O)c(C(=O)O)cn(C3CC3)c12,1.0
O=C(Nc1cc(C(F)(F)F)ccc1C(=O)O)c1ccc(-c2ccccc2)cc1,-2.321928094887362
COc1cc2occ(-c3ccc(C#N)cc3)c(=O)c2c(OC)c1CC=C(C)C,-1.0
COc1cc(C=Nn2c(-c3ccccc3)nc3c(Br)cc(Br)cc3c2=O)ccc1O,-4.963474123974886
O=C([O-])C1=CSC2C(=Cc3cn4c5c(sc4n3)CCCC5)C(=O)N12,4.058893689053568
CCc1ccc(CCOc2ccc(C3=NOC(Cc4ccc(O)c(OC)c4)C3)cc2)nc1,-3.807354922057604
CC1COc2c(N3CCC(O)CC3)c(F)cc3c(=O)c(C(=O)[O-])cn1c23,2.0
CCc1ccccc1C1CC(c2ccc(O)cc2)=NN1C(=O)c1cccnc1,-3.643856189774725
CCn1cc(C(=O)O)c(=O)c2cc(F)c(N3CCN(CC(O)Cn4c([N+](=O)[O-])cnc4C)CC3)cc21,-5.0
CCCCCCC1(CCCCCC)C(=O)N(CCCCNC(=N)N)C(=O)N(CCCCNC(=N)N)C1=O,-2.0
Cn1ccc(N2CC(c3nc4ccccc4n3C)CC2=O)n1,-5.0
CN1C=C2CC3C(CC(CNC(=O)C=Cc4ccc(Br)cc4)CN3C)C3C=CC=C1C23,-3.0565835283663674
CN(C)C1=NC(c2cn(-c3ccc([N+](=O)[O-])cc3[N+](=O)[O-])nc2-c2ccccc2F)N=C(N)N1,-5.0
CC(C)c1csc(-c2nn(CN3CCN(C)CC3)c(=S)o2)n1,-4.965784284662087
COc1c(N2CC3CCCNC3C2)c(F)cc2c(=O)c(C(=O)O)cn(C3CC3)c12,8.965784284662087
COC(=O)C12COC(C(C)(C)C)N1C(=O)C(=C(C)NCC1CCC3CC1C3(C)C)C2=O,-5.0
O=C1C=C(c2ccc(Br)cc2)OC1=NC12CC3CC(CC(C3)C1)C2,-4.954196310386875
CCOC(=O)C1=CNNN1CC1(C)C(C(=O)[O-])C2C(=O)CC2S1(=O)=O,-3.643856189774725
O=C(CNN1C(=O)CSC1c1ccc(-c2ccc(F)cc2)cc1)NN1C(c2ccncc2)=NNC1S,-1.6438561897747246
CCN(CC)c1ccc2cc(-c3nc4sc(S(N)(=O)=O)nn4c3Br)c(=O)oc2c1,-4.0
O=[N+]([O-])c1ccc(-c2cccc(O)c2)s1,-5.0
Clc1ccccc1OCc1nnc2sc(-c3sc4ccccc4c3Cl)nn12,-2.584962500721156
O=C(Nc1ccc(O)cc1C(=O)O)c1ccc(-c2ccccc2)cc1,-4.954196310386875
Cc1nnc(SCC2=C(C(=O)[O-])N3C(=O)C(NC(=O)C[S+]([O-])CC(F)(F)F)C3SC2)s1,-1.632268215499513
CCc1[nH]c2nc(Sc3cnc4nccnc4c3)nc(N3CC4C(N)C4C3)c2c1Cl,1.0
CC(C)c1c(-c2ccc3c(c2)cc(CN(C)C)n3C)[nH]c(=O)c(C(=O)O)c1O,2.0588936890535687
O=C(O)c1cn(-c2ccc(F)cc2)c2cc(N3CCNCC3)c(F)cc2c1=O,4.321928094887363
O=C1c2cccnc2C(=O)c2c1c(C(=O)OCCCO)c1ccc(Br)cn21,-3.0
CCCCC(CC(=O)NO)[S+]([O-])c1ccccc1,-0.0
CCn1cc(C(=O)O)c(=O)c2cc(F)c(N3CCCC3)nc21,-0.6415460290875237
CCCCOC1Cc2c(C(C)=O)c(O)c3ccccc3c2O1,1.0
Cc1ccc2c(C(CC(=O)O)c3c(C)n[nH]c3O)cc(=O)oc2c1,-2.643856189774725
O=C(NN=Cc1cccc([N+](=O)[O-])c1)c1cc(-c2ccc(Cl)cc2)n[nH]1,2.9434164716336326
COc1ccc(OC)c(C=NN=c2scc(-c3cc(O)ccc3O)n2-c2ccc(C)cc2)c1,-4.643856189774724
CCCCCCCCN(CCCCCCCC)C(=O)C(N)CCCN=C(N)N,-1.0
CN1CCN(c2cc3c(cc2F)c(=O)c(C(=O)O)cn3-c2cccc(F)c2)CC1,-2.6322682154995127
COn1cc(C(=O)O)c(=O)c2c3c(ccc21)OCOC3,-3.643856189774725
CON=C(C(=O)NC1C(=O)N2C(C(=O)O)=C(Sc3ncc(C(F)(F)F)s3)CCC12)c1csc(N)n1,2.0
COC(=O)C(C)NC(=O)C(CCCNC(=N)N[N+](=O)[O-])NC(=O)c1cc(-c2nc3cc(C)c(C)cc3[nH]2)ccc1O,-3.643856189774725
CCOP(=O)(OCC)C(O)C1=C(N(C)C)C(=O)N(c2ccc(Cl)cc2)C1=O,-4.643856189774724
CCCCCCCn1c2ccccc2c2c(OCC(O)CN(Cc3ccccn3)Cc3ccccn3)cccc21,-1.6438561897747246
O=C(Cc1ccc(F)cc1)Nc1nc(-c2ccc(Br)cc2)cs1,-3.643856189774725
Cc1cc(N2CCN(C)CC2)n2nc(NC(C)c3cccc(Cl)c3)nc2n1,-5.0
C=CCn1cc(C(=O)O)c(=O)c2cc(F)c(N3CCNCC3)cc21,2.321928094887362
CCNCC1CCN(c2c(F)cc3c(=O)c(C(=O)O)cn(C(C)C)c3c2F)C1,2.321928094887362
CCc1[nH]c2nc(Sc3cnc4nccnc4c3)nc(N3CC(C)(N)C3)c2c1Cl,-4.0
O=c1c2c3c(sc2nnn1-c1ccc(F)c(Cl)c1)CCCC3,-4.643856189774724
Nc1nc(C(=NOCCF)C(=O)NC2C(=O)N3C(C(=O)O)=C(Sc4ncc([N+](=O)[O-])s4)CCC23)cs1,1.0
Nc1nc(N)c2cc(S(=O)(=O)N3CCCCC3Cc3ccccc3)ccc2n1,-4.643856189774724
CCCCCCCCCCCCCC(=O)NCC[N+](C)(C)Cc1nc(C)c2c(c1CO)COC(C)(C)O2,-3.0
O=[N+]([O-])c1c[nH]c(-c2nnc(-c3ccns3)o2)c1,-2.643856189774725
COc1c2c(c(O)c3cc(CNC(C)(C)C)ccc13)C(=O)C1=C(O)C3(O)C(=O)C(C(N)=O)=C(O)C(N(C)C)C3CC1C2,-0.0
CC(CO)C1CCC2C3CCC4CC(NCCCNCCCCN)CCC4(C)C3CCC12C,-3.643856189774725
CCNC(=O)Nc1cc(-c2nc(C(C)(C)C)cs2)c(-c2cncc(C(=O)O)c2)cn1,-3.4594316186372973
O=C1c2cccc3c(NN=Cc4cc(=O)oc5cc(O)ccc45)ccc(c23)C(=O)N1C(CO)CO,-5.0
CCOC1=NC(=NN=C2C(=O)Nc3ccc(Br)cc32)SC1=NNc1ccc([N+](=O)[O-])cc1,-3.0
COc1ccc(-c2cc(-c3ccc(Cl)cc3)n(C(=O)c3sc4ccccc4c3Cl)n2)cc1,-2.584962500721156
NC1CCCN(c2nc3c(cc2F)c(=O)c(C(=O)O)cn3C2CC2)C1,3.0
COc1ccc(NC(=O)NNC(=O)c2cc([N+](=O)[O-])cn2C)cc1,-0.6415460290875237
NC(=O)c1cc2c(-c3ccccc3)cc(C(F)(F)F)nc2nc1N,1.0
O=C1COc2ccc(N3CC(CCNCC4Cc5cccc(Cl)c5C4)OC3=O)nc2N1,3.0
CN(C)C1C(O)=C(C(N)=O)C(=O)C2(O)C(O)=C3C(=O)c4c(O)c(NC(=O)CN5CCC5)cc(F)c4CC3CC12,2.0
NCC1OC(OC2C(N)CC(N)C(OC3OC(CSCCOCCS)C(O)C(N)C3O)C2O)C(N)CC1O,-4.232660756790275
COC1CC(c2ccccc2)=NN1C(C)=NOC(=O)c1ccccc1[N+](=O)[O-],-2.643856189774725
Cn1c(CN2CCCC2)cc2cc3c(cc21)SCCc1c-3[nH]c(=O)c(C(=O)O)c1O,-1.0
CNC1CN(c2c(F)cc3c(=O)c(C(=O)O)cn(-c4nc(N)c(F)cc4F)c3c2C)C1,7.380821783940931
CN1CCN(c2c(F)c3c(c(=O)c(C(=O)O)cn3C3CC3)c3[nH]cnc23)CC1,5.321928094887363
O=C(CCc1c[nH]c2ccc(Cl)cc12)NCCCc1c[nH]c2ccc(OC(F)(F)F)cc12,-2.643856189774725
C=CC1(C)CC(OC(=O)CSc2nc(O)cc(NC)n2)C2(C)C(C)CCC3(CCC(=O)C32)C(C)C1O,-3.0
Cc1n[nH]c2c1C(c1cc(=O)oc3c1ccc1ccccc13)C(C#N)=C(N)O2,-4.643856189774724
COc1ccc(COc2ccccc2C(=O)OCCn2c([N+](=O)[O-])cnc2C)cc1,-2.643856189774725
Cc1cccc(C(=O)NC(=S)Nc2ccc(S(N)(=O)=O)cc2)c1,-0.32192809488736235
CC1=C(C(=O)OC(C)(C)C)C(c2ccccc2)C(C#N)=C(N)O1,-5.0
Cc1[nH]c(C(=O)Nc2nc3ccc(C(=O)O)cc3s2)c(Cl)c1Cl,-2.0
CC(=NN(C)C)C1=C(O)C(N)C2Cc3c(c(O)c4c(O)c(C)ccc4c3C)C(=O)C2(O)C1=O,-3.643856189774725
CCCCCCCCCCC(NCCCOC(C)C)=C1C(=O)C(CCSC)N(C(C)=O)C1=O,-5.0
CCn1cc(C(=O)O)c(=O)c2cc(F)c(N3CCC(O)CC3)cc21,2.321928094887362
NCCCNCCCNC(CCCC1CC=CCC1)CCCC1CC=CCC1,-3.321928094887362
Oc1cc(Cn2cncn2)ccc1Oc1cccc(F)n1,-4.0
Cc1ccccc1Cc1nnc(Cn2c([N+](=O)[O-])cnc2C)o1,-3.643856189774725
OB(O)c1cccc(-n2cc(-c3ccsc3)nn2)c1,3.0588936890535687
O=C(NN1C(=O)CSC1c1ccccc1[N+](=O)[O-])c1cc(-c2ccc(Cl)cc2)n[nH]1,3.321928094887362
CCc1c(-c2ccc(N3CC=CC3)cc2)[nH]c(=O)c(C(=O)O)c1O,6.643856189774724
Cc1cc(C)cc(-c2nnc(Sc3cc(Cl)ncn3)[nH]2)c1,-0.6780719051126377
c1csc(-c2nc3ccccc3s2)c1,-3.643856189774725
CC(N)C1CCN(c2cc3c(cc2F)c(=O)c(C(=O)O)cn3-c2ccc(O)cc2)C1,4.321928094887363
O=Cc1cn(-c2nc3cc(Cl)cc(Cl)c3o2)nc1-c1ccc(O)cc1,-4.906890595608519
Cc1ccc(C(=O)NCC(C)N=Cc2cc(I)ccc2O)c(O)c1,1.3584539709124763
COc1ccc(C2=NOC(C#N)CC2)cc1,-4.643856189774724
CCn1cc(C(=O)O)c(=O)c2cc(F)c(N3CCN(C(=O)CN4C(=O)SC(=Cc5ccc(Cl)cc5)C4=O)CC3)cc21,2.0
COc1ccc(OC)c(C=NNC(=O)c2cc(Cl)c[nH]2)c1,-3.643856189774725
COc1cc(CN2CCN(S(=O)(=O)c3ccccc3F)CC2)nc2ccc(F)cc12,-4.0
CCNC(C)C1CCN(c2c(F)cc3c(=O)c(C(=O)O)cn(C4CC4)c3c2C(F)(F)F)C1,0.3219280948873623
Cc1cccc(C(=O)NNC(=O)c2ccc(-n3cccc3)cc2)c1,-3.643856189774725
CCOC(=O)Cn1c(=O)ccc2ncc(F)c(CCC34CCC(NCc5ccc6c(n5)NC(=O)CO6)(CC3)CO4)c21,-3.0
CC(=O)c1sc(N=C2NC(=O)C(=C3C(=O)N(C)c4ccccc43)S2)nc1C,1.0291463456595165
CCNC(=O)NCC1CN(c2ccc(-n3cc(-c4ccccn4)cn3)c(F)c2)C(=O)O1,-5.0
COc1ccc2ncc(=O)n(CCNC3CCC4C(C3)OC(=O)N4c3ccc4c(n3)NC(=O)CO4)c2n1,6.965784284662087
FC(F)C(F)(F)Oc1cccc(C=NNc2cc(C(F)(F)F)nc3c(C(F)(F)F)cccc23)c1,-2.643856189774725
O=C1NCCc2c1[n+]([O-])c1ccccc1[n+]2[O-],-0.6415460290875237
O=C(NN=Cc1cn(-c2ccccc2)nc1-c1ccc(O)cc1O)c1cccc(-n2cc(-c3ccccc3)nn2)c1,-1.0
O=C(O)c1c(=O)c2cc(F)c(N3CCCCC3)c3c2n2c(csc12)CO3,-1.6461626571578936
C#CCNC(=N)NCCCCCCCCNCCCCCCCCNC(=N)N,-4.0
Nc1cc(SCSC2=C(C(=O)O)N3C(=O)C(NC(=O)C(=NO)c4nc(N)sc4Cl)C3SC2)nc(N)n1,2.0
CCn1cc(C(=O)O)c(=O)c2cc(F)c(N3CCN(CC(=NNC(N)=O)c4ccccc4)CC3)cc21,-4.643856189774724
CC(C)=CCc1c(OC2CCCCCC2)cc(C=Cc2ccc(F)cc2)c(C(=O)O)c1O,-5.0
CCN1CCCC1C(=O)Nc1cc(F)c2c(c1O)C(=O)C1=C(O)C3(O)C(=O)C(C(N)=O)=C(O)C(N(C)C)C3CC1C2,2.9434164716336326
O=C1COc2ccc(CNC34CCC(CCc5c(F)cnc6ccc(N7CCS(=O)(=O)CC7)nc56)(CC3)OC4)nc2N1,-4.0
COc1ccccc1-c1nn(-c2ccccc2)cc1C1CC(c2ccccc2)=NN1C(=O)c1ccncc1,-2.643856189774725
Clc1ccc(OCCN2COc3c(cc(Cl)c4cccnc34)C2)cc1,-4.643856189774724
CC1=C(C(=O)O)N2C(=O)C(NC(=O)CSC(F)(F)F)C2OC1,-1.6461626571578936
Cc1ccc(COc2ccc3c(c2)CCc2nccn2-3)cc1,-4.643856189774724
CCOC(=O)Cc1ccccc1OC(=O)c1ccccc1Cl,-2.643856189774725
Cc1ccc(CCNc2nc3ccccc3nc2N)cc1,-5.0
N=C(c1ccc2cc(-c3ccc(-c4cc5ccc(C(=N)N6CCC6)cc5[nH]4)cc3)[nH]c2c1)N1CCC1,-0.0
CC(O)C1C(=O)N2C(C(=O)[O-])=C(SC3CNC(CSc4nnnn4CC[N+](C)(C)C)C3)C(C)C12,4.351074440546879
N#Cc1c(Cl)c(Cl)c(Nc2ccc(Nc3cccc(Cl)c3)c3c(=O)[nH]cnc23)c(C#N)c1Cl,-2.963474123974886
Cc1n[nH]c(O)c1C(CC(=O)O)c1cc(=O)oc2c1ccc1ccccc12,-2.643856189774725
CCNC(=O)Nc1cc(-c2nc(C(F)(F)F)cs2)c(-c2cc3ncccc3nc2N2CC3CCCC(C2)N3)cn1,1.8365012677171204
NC(=NCCCCCCN=C(N)N=C(N)Nc1ccc(Cl)cc1)N=C(N)Nc1ccc(Cl)cc1,1.3219280948873622
CC(O)C1C(=O)N2C(C(=O)O)=C(SC3CNC(c4ccc(CCN)cc4)C3)C(C)C12,5.321928094887363
CC(O)C1C(=O)N2C(C(=O)[O-])=C(SCc3n(C)cc[n+]3C)C(C)C12,7.965784284662087
CON=C(C(=O)NC1C(=O)N2C(C(=O)O)=C(S(=O)(=O)c3cccnc3)CCC12)c1csc(N)n1,-0.0
CNc1cc(F)cc2cc(C(=O)Nc3ccc(C(=O)N(C)CCN4CCOCC4)cc3)c(=O)[nH]c12,3.0588936890535687
CCCCCCCCC1CCCc2c1c(=O)c(OC)c(C)n2OC,-5.0
O=c1cc(-c2ccccc2)c2cc(Br)ccc2n1Cc1nnc2n1N=C(c1ccccc1)CS2,-1.0
CCn1cc(C(=O)O)c(=O)c2cc(F)c(N3CCC(N(C)C(C)=O)C3)nc21,-2.643856189774725
Cc1cc(C)n2nc(SCc3nnc(SCc4ccc(C)c([N+](=O)[O-])c4)s3)nc2n1,-4.643856189774724
CCC=CCC=CCC=CCCCCCCCC(=O)N1CCN(c2cc3c(cc2F)c(=O)c(C(=O)O)cn3C2CC2)CC1,-5.0
CCOc1ccccc1-c1ccc2c(N)nc(N)nc2c1,-5.0
C=C(C)C1CCC(C)=CC1c1c(OCCCCN)cc(CCCCC)cc1OCCCCN,-1.6438561897747246
O=C(Cn1ccn2cc([N+](=O)[O-])nc2c1=O)NCc1ccccc1,-5.0
Clc1ccc(N=c2ccn(CCCCCCCCCn3ccc(=Nc4ccc(Cl)cc4)cc3)cc2)cc1,-0.0
COc1ccc(-c2csc(NC(=S)NC3OC(COC(C)=O)C(OC(C)=O)C(OC(C)=O)C3OC(C)=O)n2)cc1,-1.6438561897747246
Cc1c(N2CCC3NCCCC32)c(F)cn2c(=O)c(C(=O)O)cc(C3CC3)c12,0.3584539709124763
N=C(NCCCCCCCCNC(N)=O)NCC1CC1,-1.0
C1=CC(CCNc2ncnc3[nH]cnc23)CCC1,-4.643856189774724
COc1ccc2cc(C(C)C(=O)Nc3ccc(C(=O)O)cc3)ccc2c1,-0.963474123974886
Cc1ccccc1-c1c[n+](C)c(-c2ccc(C(C)(C)C)cc2)cc1C=Cc1ccc(N(C)C)cc1,-1.0
Cc1c(N2CC(F)C(C3(N)CC3)C2)c(F)c(N)c2c(=O)c(C(=O)O)cn(C3CC3F)c12,8.380821783940931
CCn1cc(C(=O)O)c(=O)c2cc(F)c(SCCN)cc21,-2.321928094887362
O=C(Nc1ccccc1C(=O)O)c1ccc(-c2ccc(C(F)(F)F)cc2)c(Oc2ccccc2)c1,0.5145731728297583
c1cc2oc(-c3ccc(-c4cc5ccc(C6=NCCCN6)cc5[nH]4)cc3)cc2cc1C1=NCCCN1,1.3584539709124763
CC1CN(c2cc3c(c(N)c2F)c(=O)c(C(=O)O)cn3C2CC2)CCN1,6.265344566520995
Cc1nc(-c2cc(Cl)cc(Cl)c2)c(-c2cc(Cl)cc(Cl)c2)[nH]1,-5.0
COc1cc(-c2noc(COc3ccc(Cl)cc3C(=O)c3ccccc3)n2)ccc1F,-4.9354597478052895
Cn1nnnc1SCC1=C(C(=O)O)N2C(=O)C(NC(=O)CS(=O)(=O)c3ccccc3)C2SC1,-1.632268215499513
NC1CCN(c2cc3c(cc2F)c(=O)n(N)c(=O)n3C2CC2)C1,3.0
CS(=O)(=O)Cc1nc2ccccc2[n+]([O-])c1S(C)(=O)=O,-4.643856189774724
COC(S)=NCC1CN(c2ccc(-n3nnc4ccccc43)c(F)c2)C(=O)O1,-4.0
CC(=O)NCn1nc(NCCCNc2ccnc3cc(Cl)ccc23)n(N)c1=S,-3.643856189774725
O=C(O)c1cn(C2CC2)c2c(cc(F)c3nc(-c4ccccn4)[nH]c32)c1=O,-1.584962500721156
COc1c(C(=O)C=Cc2ccc(OCCCN(C)CCCN(C)C)cc2)ccc2c1C=CC(C)(CCC=C(C)C)O2,-1.0
COC1CN(c2ncc(C(=O)O)s2)CCC1NC(=O)c1[nH]c(C)c(Cl)c1Cl,2.473931188332412
O=C(O)c1cn(C2CC2)c2cc(N3CCN(c4ncccn4)CC3)c(F)cc2c1=O,-0.0
CCOC(=O)C1CC(=O)c2sccc2C1c1cc(OC)cc(OC)c1,-3.643856189774725
CCn1cc(C(=O)O)c(=O)c2cc(F)c(N3CCC(=NOC)C(C)(CN)C3)c(F)c21,-3.0
C[Si](C)(C)C(S)(C(=S)CCCCn1nnc(Sc2ccccc2)n1)[Si](C)(C)C,-1.9671686075326276
O=c1cc(-c2ccc3c(c2)OCCO3)oc2cc(OCCNCc3ccc(F)cc3)cc(O)c12,-3.643856189774725
CC(=O)NC=CSC1=C(C(=O)[O-])N2C(=O)C(C(C)(C)OS(=O)(=O)[O-])C2C1,-1.6461626571578936
CNC1(C)CN(c2nc3c(cc2F)c(=O)c(C(=O)O)cn3C(C)(C)C)C1,4.058893689053568
CC1COc2c(N3CCCC(N)C3)ccc3c(=O)c(C(=O)O)cn1c23,-0.0
CC(C)CNc1nccc(NCCCNC2CCCc3c2[nH]c2ccc(Cl)cc32)n1,-0.6415460290875237
O=C1Nc2[nH]c(=S)n(-c3cccc(O)c3)c(=O)c2C(c2ccccc2Cl)N1N=Nc1ccc(Cl)cc1,-3.321928094887362
CC(C)C(ON=C(C(=O)NC1C(=O)N(OS(=O)(=O)O)C1(C)C)c1nsc(N)n1)c1cc(=O)c(O)cn1O,4.058893689053568
COc1cc(OC)cc(C2CC(c3ccccc3)=NN2C(C)=O)c1,-4.643856189774724
NCC1CCCN(c2c(F)c(N)c3c(=O)c(C(=O)O)cn(C4CC4)c3c2F)C1,5.321928094887363
Cc1cc(C=NNC(=O)Cn2c([N+](=O)[O-])cnc2C)cc(C)c1C,-1.6461626571578936
NC(=O)c1cc(OCCSc2nc3ccccc3[nH]2)c2ccccc2c1,-1.0
C=CC1(C)CC(OC(=O)CSC(C)(C)CNC(=O)c2ccc(C)cc2)C2(C)C(C)CCC3(CCC(=O)C32)C(C)C1O,-2.0
COC(=O)C(Cc1ccc(O)cc1)NC(=O)C(Cc1cnc[nH]1)NC(=O)c1ccc(-c2nc3cc(C)c(C)cc3[nH]2)cc1,-4.643856189774724
Cn1nnnc1SCC1=C(C(=O)[O-])N2C(=O)C(NC(=O)Cc3ccc(O)cc3)C2SC1,-0.2630344058337938
NC1CN(c2c(F)cc3c(=O)c(C(=O)O)cn(C4CC4)c3c2F)CC1c1ccc(F)cc1,3.321928094887362
CCc1ccc(C(=O)NCC2CN(c3cc(C)nc4ccc(OC)cc34)C(=O)O2)cc1,-1.6438561897747246
COc1cccc(N2CCN(CC#CCOC(=O)c3sc4ncnc(N5CCCCC5)c4c3C)CC2)c1,4.7027498788282935
CNC(=O)Cn1nc(C(F)(F)F)c2c(-c3ccccc3)c3ccccc3nc21,-2.963474123974886
CCOC(=O)C1N=NN(CC(=O)N2N=C(c3ccccc3)CC2c2cccs2)C1C(=O)OCC,-1.9634741239748859
Fc1cc(N=Cc2c(Cl)cccc2Cl)ccc1N1CCOCC1,-4.643856189774724
CC1CN(c2c(F)c(N)c3c(=O)c(C(=O)O)cn(C4CC4)c3c2F)C(C)CN1,1.3584539709124763
CC(O)C1C(=O)N2C(C(=O)O)=C(SC3CNC(CN4CCNS4(=O)=O)C3)C(C)C12,4.351074440546879
COc1ccccc1C1SCC(=O)N1NC(=O)Cn1ncc2cc([N+](=O)[O-])ccc21,-4.321928094887363
O=C(Cn1ncc2cc([N+](=O)[O-])ccc21)NN=Cc1cccc(Br)c1,-4.169925001442312
Nc1c(F)c(N2CCNCC2)cc2c1c(=O)c(C(=O)O)cn2C1CC1,6.265344566520995
CC1=CSC(=C(C#N)C(=O)N2NC(=O)C3C4c5ccccc5C(c5ccccc54)C3C2=O)N1c1ccccc1,-3.643856189774725
COC1CCN(Cc2cc3cc4c(cc3n2C)OCCc2c-4[nH]c(=O)c(C(=O)O)c2O)C1,-1.0
COC(=O)c1ccc(-n2[se]c3ccccc3c2=O)cc1C,-3.0
Cc1cc(N=C2C(=O)Nc3ccc(OC(F)(F)F)cc32)ccc1N1C(=O)c2ccc(Cl)cc2C1=O,-3.321928094887362
Cn1c(C(F)(F)F)nc(-c2cc(Cl)cc(Cl)c2)c1-c1cc(Cl)cc(Cl)c1,-5.0
CCOC(=O)c1c(C)nc(NCCCCC2CCN(Cc3ccccc3)CC2)c(C#N)c1-c1ccccc1,-5.0
Cc1ccccc1OCc1ccccc1-c1nnc(-c2ccc(Cl)cc2)o1,-4.643856189774724
CC(C)CCCC(C)C1CCC2C3C(=O)CC4CC(NCCc5ccccn5)CCC4(C)C3CCC12C,-5.0
CC1CN(c2c(F)c(O)c3c(=O)c(C(=O)O)cn(C4CC4)c3c2F)CCN1,5.321928094887363
C=CC(C)(C=Cc1ccc(OCCCCN(C)CCCNC)cc1)CCC=C(C)C,-0.6415460290875237
NC1CN(c2nc3c(cc2F)c(=O)c(C(=O)O)cn3C2CC2)CC1c1ccc(O)cc1,3.321928094887362
O=c1c2nc([N+](=O)[O-])cn2ccn1Cc1nccs1,-5.0
COc1c(C(CC(C)C)OC)ccc(Oc2c(O)cc(C)cc2CO)c1C(=O)O,-5.0
Cc1cc(O)c2c3c4c(cc(O)c13)C(C)(C)C(=O)c1c(O)cc(O)c(c1-4)C2=O,-5.0
CC1Cn2cc(C(=O)O)c(=O)c3cc(F)c(N4CCN(Cc5ccccc5C(F)(F)F)CC4)c(c32)S1,3.0588936890535687
COC(=O)C1(C)CCCC2(C)c3ccc(C(C)C)c(NC(=O)Cn4cc(-c5ccccc5F)nn4)c3CCC12,-4.643856189774724
CCc1c(O)c(C(=O)O)c(=O)n(Cc2ccccc2)c1-c1ccc(N(C)C)cc1,-3.643856189774725
CCn1cc(C(=O)O)c(=O)c2cc(F)c(N3CCN(Cc4nc5ccccc5n4Cc4cccc(Cl)c4)CC3)cc21,-3.0
C=CCON=C(C(=O)NC1C(=O)N(S(=O)(=O)O)C1C)c1nsc(N)n1,-3.0
Cn1cc(C=C(C#N)S(=O)(=O)c2ccc(N)cc2)c2ccccc21,-1.0
CCCc1cc(C2=NC(C(=O)NO)CO2)cc(OC)c1O,1.3584539709124763
COc1ccc(C=CC(=O)c2ccc(-c3ccc(N4CC(CO)OC4=O)cc3)cc2)cc1,-1.6438561897747246
COc1cc(C=CC(=O)c2ccc(NC(=O)CSc3nnc(-c4cccc([N+](=O)[O-])c4)o3)cc2)ccc1O,-4.965784284662087
O=C(O)c1cccc(-n2c(C=Cc3ccc(F)c(Cl)c3)nc3ccccc3c2=O)c1,-4.0
CC(C)(C)C(=O)NCCn1[se]c2ccccc2c1=O,-3.0
C=CCn1c(=O)c(C2C3=C(CCCC3=O)Oc3c2c(=O)oc2ccccc32)cc2cc(C)ccc21,-4.321928094887363
CCCNn1cc(C(=O)O)c(=O)c2cc(F)c(N3CCN(C)CC3)cc21,-0.963474123974886
COC(=O)C(C)NC(=O)CCCCCCCC=CCCCCCCO,-3.0
COc1ccc2c(c1)CN(C1CC(c3ccccc3F)=NN1c1nc(-c3ccccc3C(F)(F)F)oc1C)CC2,-4.643856189774724
CC(C)c1csc(-c2nnc(Sc3nnc(CCl)o3)n2-c2ccccc2)n1,-4.0
Clc1cccc(-c2cc(-c3ccc(-n4cccc4)cc3)on2)c1Cl,-4.643856189774724
CC(=O)N1CCN(c2nc(Nc3ccccc3)nc(Oc3cc(=O)oc4ccccc34)n2)CC1,-3.643856189774725
COc1ccc2ncc(=O)n(CC(N)C3CCC(NCc4ccc5c(n4)NC(=O)CO5)CO3)c2n1,1.0
CN(C)c1nc(NC(=O)CNC(C)(C)C)c(O)c2c1CC1CC3C(N(C)C)C(O)=C(C(N)=O)C(=O)C3(O)C(O)=C1C2=O,-5.0
CCOC(=O)C1=C(C)NC(C)=C(C(=O)OCC)C1c1ccc(NC(=O)Nc2ccc(Cl)cc2)cc1,-4.321928094887363
COc1ccc(-c2cn(Cc3cccc(B(O)O)c3)nn2)cc1,5.058893689053568
O=c1c2nccn2c2cc(F)c(-c3cccnc3)cc2n1C1CC1,3.0
O=c1cc(OCc2cn(Cc3ccc(Cl)cc3)nn2)c2ccccc2o1,-1.0
CCOC(=O)C1=C(C)NC(C)=C(C(=O)OCC)C1c1ccc(O)c(OC)c1,-4.965784284662087
CCOC(=O)C1=C(C)N=c2sc(=Cc3ccc(F)c(Oc4ccccc4)c3)c(=O)n2C1c1ccc(SC)cc1,-4.643856189774724
CCOC(=O)C1=C(N)Oc2[nH]nc(C)c2C1c1cc(=O)oc2ccc(OC)cc12,-2.643856189774725
CC(O)C1C(=O)N2C(C(=O)O)=C(C=CC3CCCN3)CC12,-0.6415460290875237
Nc1cccc(-c2cn(-c3cccc(C(c4ccc(F)cc4)P(=O)(O)O)c3)nn2)c1,1.0
CON=C1CCN(c2nc3c(cc2F)c(=O)c(C(=O)O)cn3-c2ccc(F)cc2F)CC1(C)CN,-3.0
O=C(Nc1cccc(C(F)(F)F)c1F)NC1CCCCCCC1,-4.643856189774724
Cc1ncc([N+](=O)[O-])n1CC(O)Cn1cc(C(=O)O)c(=O)c2ccc(C(F)(F)F)cc21,1.0
C=CC(ON=C(C(=O)NC1C(=O)N(OS(=O)(=O)O)C1(C)C)c1csc(N)n1)c1cc(=O)c(O)cn1O,5.058893689053568
CCNCC1CCN(c2c(F)c(N)c3c(=O)c(C(=O)O)cn4c3c2OCC4C)C1,0.3219280948873623
Brc1cccc(CNC2CCCCC2NCc2cccc(Br)c2)c1,5.965784284662087
O=C1NC(c2c[nH]c3ccccc23)CN=C1c1c[nH]c2ccccc12,-4.643856189774724
COC(=O)CCCC1C2CCCN3CCCC(CN1C(=O)c1cc4ccc(Cl)cc4n1Cc1ccc(Cl)cc1)C23,0.3004483674769107
COc1ccc2nc(C)cc(-n3cc(CNC(=O)C4CC4)nn3)c2c1,1.3219280948873622
CCCCCCCCCCCN1CCN(c2c(F)cc3c(=O)c(C(=O)O)cn(C4CC4)c3c2OC)CC1,-4.0
COc1ccc(OC)c(C=Cc2nnc(S)n2-c2ccccc2)c1,-4.643856189774724
CCCSCC(N)C(=O)NC(C)P(=O)(O)O,4.058893689053568
O=Cc1cn(-c2nc3cc(Cl)cc(Cl)c3o2)nc1-c1ccc(Cl)c(Cl)c1,-4.906890595608519
COc1ccc2ncc(F)c(CC(O)C3CCC(NCc4nc5c(cc4OC)OCC(=O)N5)CO3)c2n1,-4.0
CC1C(c2ccccc2)OC(c2ccccc2)CC12NC(=S)NN2c1ccccc1,-3.643856189774725
CN(C)CC1CCN(c2c(F)cc3c(=O)c(C(=O)O)cn(C4CC4)c3c2F)C1,5.321928094887363
CCCOc1cccc2c1c1ccccc1n2Cc1nnc(S)o1,-0.0
CN1C2CCC1CN(c1nc3c(cc1F)c(=O)c(C(=O)O)cn3C1CC1)CC2,1.3584539709124763
COc1ccc2ncc(F)c(C(CO)CC34CCC(NCc5ccc6c(n5)NC(=O)CO6)(CC3)CO4)c2n1,-5.0
CCn1cc(C(=O)O)c(=O)c2ccc(-c3ccncc3)nc21,0.3584539709124763
O=c1oc2ccccc2cc1-c1coc2ccc3ccccc3c12,-2.643856189774725
OC(CNCCSc1ccccc1C(F)(F)F)CSc1ccc(C(F)(F)F)cc1,-5.0
CCCCC(CN(O)C=O)C(=O)N1CCCC1c1nnc(-c2ccc(F)cn2)s1,-4.0
CC(CF)(CF)n1cc(C(=O)O)c(=O)c2cc(F)c(N3CCC(N)C3)cc21,6.965784284662087
Cc1ccc(C=NNc2ccc3c4c(cccc24)C(=O)N(C(CO)CO)C3=O)cc1,-5.0
COc1ccc(-c2cc(C(=O)OCCn3c([N+](=O)[O-])cnc3C)nn2-c2ccccc2)cc1,-0.9708536543404835
CC1C(=NOC(=O)Oc2ccccc2)CC(c2ccccc2)N(C)C1c1ccccc1,-3.643856189774725
NC(=O)C1CCC2CN1C(=O)N2OS(=O)(=O)O,1.0
Nc1nc(C(=NOCc2cc(=O)c(O)cn2O)C(=O)NC2CON(C3(C(=O)O)CCC(=O)O3)C2=O)cs1,1.0
CCCS(=O)(=O)N1N=Cc2cc(Cl)ccc2B1O,-3.321928094887362
Cc1c(N2CC3=CCCNC3C2)c(F)cn2c(=O)c(C(=O)O)cc(C3CC3)c12,6.058893689053568
Cc1ccc2c(C(CC(=O)O)c3c(O)c4ccccc4oc3=O)cc(=O)oc2c1,-1.7004397181410922
CC(O)C1C(=O)N2C(C(=O)O)=C(SC(=S)N3CCN(C)CC3)C(C)C12,-0.6415460290875237
CN(C)CC1CCN(c2c(F)cc3c(=O)c(C(=O)O)cn4c3c2OCC42CC2)C1,1.3219280948873622
C=CC1=C(C(=O)O)N2C(=O)C(NC(=O)C(N)c3ccc(O)cc3)C2SC1,-2.0
CCn1cc(C(=O)O)c(=O)c2cc(F)c(N3CCC(Cl)C3)nc21,1.3584539709124763
CS(=O)(=O)c1ccc(OCc2nnc3sc(-c4ccccc4)nn23)cc1,-3.643856189774725
COCC1CN(c2c(F)cc3c(=O)c(C(=O)O)c4scc5n4c3c2N(C)C5)CCO1,2.321928094887362
Cc1ccc(S(=O)(=O)N2N=Cc3oc(Br)cc3B2O)cc1,-3.643856189774725
CCN1CN=C(SCc2ccc(Cl)cc2)NC1,-3.0
NC(C(=O)NC1C(=O)N2C(C(=O)O)=C(Cl)CCC12)c1ccccc1,4.321928094887363
OC1CN=C(c2ccc3cc(-c4ccc(-c5cc6ccc(C7=NCC(O)CN7)cc6[nH]5)cc4)[nH]c3c2)NC1,0.6665762662748083
CC(C)(C)c1cc(C(C)(C)C)cc(S(=O)(=O)NCc2ccc(C(=O)NCCN)cc2)c1,-5.0
CCn1cc(C(=O)O)c(=O)c2cc(F)c(N3CCC(NC(C)=O)C3)nc21,-2.643856189774725
CC1C(O)CN1c1c(F)cc2c(=O)c(C(=O)O)cn(C3CC3)c2c1F,2.0
CC(C)(C)OC(=O)NCc1cn(CC2CCC3CN2C(=O)N3OS(=O)(=O)[O-])nn1,5.058893689053568
COC1OC(C)(c2ccc(-c3ccccc3)cc2)C(=O)CC1N(C)C,-1.6780719051126378
Nc1ccc2ncn(Cc3ccccc3)c(=O)c2c1,-2.0
CN(C)C1C(O)=C(C(N)=O)C(=O)C2(O)C(O)=C3C(=O)c4c(cc5ccccc5c4O)CC3CC12,-5.0
COc1ccc(CON=C2CN(c3nc4c(cc3F)c(=O)c(C(=O)O)cn4C3CC3)CC2CN)cc1OC,4.058893689053568
O=c1c(C=C(c2ccc([N+](=O)[O-])cc2)c2nnn[nH]2)coc2ccc(Cl)cc12,-5.0
CN(C)C=C(C(=O)c1nccs1)n1cnc2cc(Cl)ccc2c1=O,-4.0
O=C(NNC(=O)c1ccc(-n2cccc2)cc1)c1ccc(F)cc1,-1.6438561897747246
CON=C(C(=O)NC1C(=O)N2C(C(=O)[O-])=C(C[n+]3ccc4c(c3)ncn4C)CSC12)c1csc(N)n1,6.058893689053568
Fc1c(-c2ccc(-c3[nH]c4cc(C5=NCCN5)ccc4c3F)cc2)[nH]c2cc(C3=NCCN3)ccc12,0.6665762662748083
CC1Cn2cc(C(=O)O)c(=O)c3cc(F)c(N4CCNCC4)c(c32)S1,2.0
CC(=O)OCCSc1nnc(-c2nnn(-c3ccccc3Cl)c2-c2nnc(SCCOC(C)=O)o2)o1,-4.965784284662087
CC(=O)N(Cc1ccc(Cl)cc1Cl)c1ccc(S(=O)(=O)NCCCn2c([N+](=O)[O-])cnc2C)cc1,-4.0
O=C(NN=Cc1ccccc1O)c1ccc(Cl)cc1,-4.321928094887363
CCn1cc(C(=O)O)c(=O)c2cc(F)c(N3CCN(CN4C(=O)C(=NNC(N)=S)c5cc(Cl)ccc54)CC3)cc21,5.795859283219775
C=Cc1ccccc1-c1nc(N2N=C(c3ccc(Cl)cc3Cl)CC2N2CCc3ccccc3C2)c(C)o1,-1.6438561897747246
CON=C1CCN(c2c(F)cc3c(=O)c(C(=O)O)cn4c3c2OCC4C)CC1(C)CN,-2.0
CC(=O)Oc1ccccc1C(=O)Nc1ncc([N+](=O)[O-])s1,-5.0
N#Cc1c(NN=Cc2ccccc2)nc(=S)[nH]c1-c1ccc(F)cc1,-4.0
C[n+]1cccc2c1c1ccc(Cl)cc1n2CCCCCC1CCCCC1,-4.321928094887363
COc1ccc2c3c1OC1CC(OP(=O)(OCCO)Oc4ccc([N+](=O)[O-])cc4)C=CC31CCN(C)C2,0.5777669993169522
O=C1NC(=NO)C(c2ccccc2)=C1c1ccc(O)c([N+](=O)[O-])c1,-1.584962500721156
CCCCCCNC(=O)C[N+](C)(C)CCCCCOc1cc(C(C)C)ccc1C,-3.0
CC(O)C1C(=O)N2C(C(=O)O)=C(SC3CNC(C(=O)NCCS(=O)(=O)N4CCCC4)C3)C(C)C12,6.265344566520995
O=C(COCc1ccc(C#Cc2ccc(CN3CCOCC3)cc2)cc1)NO,-0.0
CCNc1cc(F)cc2c1[nH]c1ncc(-c3cncc(C#N)c3)c(-n3cnc(C(F)(F)F)c3)c12,2.0
O=C(O)c1cn(C2CC2)c2cc(N3CCN(C(=O)c4cc[n+](Cc5ccc(F)cc5)cc4)CC3)c(F)cc2c1=O,-2.0
NC1CN(c2c(F)cc3c(=O)c(C(=O)O)cn(C4CC4F)c3c2Cl)CC12CC2,7.380821783940931
COc1ccc(NC(=O)CSC2=CC(=O)c3ccccc3C2=O)cc1,-3.643856189774725
CCCCCCCCCCCCCCCC(=O)NN1C(=O)CSC1c1ccc(Br)cc1,1.5145731728297582
CCOC(O)=CC(C)=NN=C1c2cc(Br)ccc2-n2c1nc1ccccc1c2=O,-2.643856189774725
NCc1cccc(N2Cc3ccc(-c4ccc(C(=O)O)c(O)c4)cc3C2)c1,-3.0
CC(CCC(=O)NN=Cc1cccc(Cl)c1)C1CCC2C3C(O)CC4CC(O)CCC4(C)C3CC(O)C12C,-1.9671686075326276
Nc1nc(C(=NO)C(=O)NC2C(=O)N3C(C(=O)O)=C(C=Cc4csnn4)CSC23)cs1,3.321928094887362
CCc1cc(Nc2cc(=O)n(CCCCN=[N+]=[N-])c(=O)[nH]2)ccc1C,-4.321928094887363
CN(C)C1CN(c2nc3c(cc2F)c(=O)c(C(=O)O)cn3C(C)(C)C)CC1(C)C,4.058893689053568
N#CC1(Br)C(=N)Oc2ccc3ccccc3c2C1c1ccccc1[N+](=O)[O-],-5.0
CCc1cccc2cc(Cn3cc(-c4ccccc4)nn3)c(Cl)nc12,-3.9068905956085187
Cc1ccc(C2CC(=O)C(C)C(c3ccc(C)cc3)N2C(=O)CCl)cc1,-4.643856189774724
O=C1COc2ccc(CNC34CCC(CC5(O)Cn6c(=O)ccc7ncc(F)c5c76)(CC3)OC4)nc2N1,-2.0
CNCc1ccc(C2CC(SC3=C(C(=O)O)N4C(=O)C(C(C)O)C4C3C)CN2)o1,5.321928094887363
COc1nc2ccc(C)cc2cc1C1CC(=O)N1NC(=O)c1ccc(-n2cccc2)cc1,1.3219280948873622
CCCCNC(=O)c1cc[n+](CC2=C(C(=O)[O-])N3C(=O)C(NC(=O)C(=NOC)c4csc(N)n4)C3SC2)cc1,-0.0
COc1ccc(OC)c(C=Cc2nnc(SCC(=O)c3cc(O)ccc3O)n2-c2ccc(C)cc2)c1,-4.643856189774724
Oc1ccc2cc(Br)ccc2c1-c1c[nH]c2ccccc12,-2.411426245726465
Clc1cccc(-n2nc(C3CCNCC3)cc2C=Cc2c(Cl)cccc2Cl)c1,-2.0
O=C(NCc1ccccc1Cl)c1cc(OCc2ccccc2)c2ccccc2c1,-1.0
CCC1CN(c2c(F)cc3c(=O)c(C(=O)O)cn4c3c2OCC4C)CCN1,2.0
C=CC[n+]1cn(C)c2nc[nH]c(=NOC)c21,-5.0
C=CC1(C)CC(OC(=O)CSc2nc3[nH]ccc3c(=O)[nH]2)C2(C)C(C)CCC3(CCC(=O)C32)C(C)C1O,-5.0
NC1CCN(c2c(F)c(F)c3c(=O)n(N)c(=O)n(C4CC4)c3c2F)C1,1.0
CCCC(CC)Oc1cc(C=Cc2ccc(F)cc2)c(C(=O)O)c(O)c1CC=C(C)C,-5.0
CC(=Nc1ccc(C)cc1)C1=C(O)C(N)C2Cc3c(c(O)c4c(O)c(C)ccc4c3C)C(=O)C2(O)C1=O,-4.643856189774724
COc1ccc(C2CC(c3ccc(Nc4cc(=O)oc5ccccc45)cc3)=NN2C(C)=O)cc1OC,-4.643856189774724
CC1CN=C(c2ccc3cc(-c4ccc(-c5cc6ccc(C7=NCC(C)CN7)cc6[nH]5)cc4)[nH]c3c2)NC1,2.643856189774725
COc1ccc2nccc(NC(=O)C3CCC(NCc4ccc5c(n4)NC(=O)CS5)CO3)c2n1,6.965784284662087
CCOC(=O)c1cn([CH-]c2cccc(Cl)c2)c2cc(C(C#N)C(=O)OCC)c(F)cc2c1=O,1.0
NCC1CC(OC2C(N)CC(N)C(OC3OCC(O)C(O)C3N)C2O)C(N)CC1O,-3.0
COc1ccc(-c2cc3c(cc2F)c(=O)c2c(=O)[nH]sc2n3C2CC2)cc1,3.0
CN(C)C1CN(c2cc3c(cc2F)c(=O)c2c(=O)[nH]sc2n3C2CC2)C1,5.058893689053568
CC1CCN(c2c(Cl)c3c(c(=O)c(C(=O)O)cn3C3CC3)c3[nH]nnc23)CC1,4.321928094887363
COc1ccc(Oc2c(C=NNC(=O)Cn3c([N+](=O)[O-])cnc3C)c(C)nn2-c2ccc(C)cc2)cc1,-1.6415460290875237
Cc1cn(CC(=O)NC2CCN(c3c(F)cc4c(=O)c(C(=O)O)cn(C5CC5)c4c3Cl)C2)cn1,-4.0
O=c1ccn2nccc2n1CCN1CCC(NCc2cc3c(cn2)OCCC3)CC1,-3.0
O=[N+]([O-])c1ccc(-c2csc(Nc3nc(Nc4ccc(Cl)cc4)nc(Nc4ccc(Cl)cc4)n3)n2)cc1,-3.643856189774725
CCN1CCN(CC(=O)Nc2cc(C)nc3ccc(NC(=O)Nc4ccc(Cl)c(Cl)c4)cc23)CC1,-0.6415460290875237
O=C1CSC(N2N=C(c3ccc(F)cc3)CC2c2cccs2)=N1,-2.643856189774725
CCn1cc(C(=O)O)c(=O)c2cc(F)c(N3CCN(CC(=NOC)c4ccc(Cl)cc4Cl)CC3)cc21,-3.643856189774725
COc1cnc2ccc(=O)n(CCNC3CCC4C(C3)OC(=O)N4c3ccc4c(n3)NC(=O)CO4)c2c1,6.965784284662087
CC1CN(c2c(F)cc3c(=O)c(C(=O)O)cn4c3c2SCC4)CC(C)N1,-2.643856189774725
CSc1ccc(C2CC(c3ccc(Cl)cc3)=NN2c2nc(-c3ccc([N+](=O)[O-])cc3)cs2)cc1,-2.643856189774725
O=C1CSc2cc(Cl)ccc2N1Cc1ccccc1,-5.0
COC1CN(c2nc(C(=O)N3CCOCC3)c(C(=O)O)s2)CCC1NC(=O)c1[nH]c(C)c(Cl)c1Cl,-2.0
CC(C)(O)c1ccc(C#Cc2ccc3c(c2)CN(CCC(C)(C(=O)NO)S(C)(=O)=O)C3=O)cc1,2.0
COc1ccc(C(=O)C=Cc2ccc(OCc3nnc(-c4ccccc4O)o3)c(OC)c2)cc1,-2.584962500721156
C=C1C(=O)OC2C=C(C)C(O)CCC(C)=CC(O)C12,-4.643856189774724
C=Cn1cc(C(=O)O)c(=O)c2cc(F)c(N3CC4CCC(C3)N4C)cc21,1.3584539709124763
CC1C(SCc2ccccn2)=C(C(=O)O)N2C(=O)C(C=CCO)C12,-3.0
CC(C)Oc1c2c(c(O)c3cc(CN4CCC4)ccc13)C(=O)C1=C(O)C3(O)C(=O)C(C(N)=O)=C(O)C(N(C)C)C3CC1C2,-2.0
Cc1cc2ncn(CC(O)COc3cc4oc(=O)cc(C)c4cc3OCC(O)Cn3cnc4cc(C)c(C)cc43)c2cc1C,-5.0
CC(C)COc1ccc2ncc(F)c(CCC34CCC(NCc5ccc6c(n5)NC(=O)CO6)(CC3)CO4)c2n1,-4.0
O=C(O)c1ccc(CN2C(=O)SC(=Cc3ccccn3)C2=O)cc1,-4.0
Cc1cc(OCc2cn(Cc3cccc([N+](=O)[O-])c3)nn2)cc2oc(=O)ccc12,-1.0
Cc1nc(CO)c(CN2CCN(c3cc4c(cc3F)c(=O)c(C(=O)O)cn4C3CC3)CC2)c(CO)c1O,1.0
O=C(O)c1cn(C2CC2)c2c3c(c(F)cc2c1=O)N1CCCC1C(=O)NC3,-3.0
COc1ccc(C(c2cccc(-n3cc(-c4cccc(N)c4)nn3)c2)P(=O)(O)O)cc1,-0.0
CC1=NN(C(C)=NOC(=O)C=Cc2ccccc2)C(c2ccc(OCc3ccc(F)cc3)cc2)C1,-3.643856189774725
CCc1c(-c2ccc(N3CCC(C(C)(C)N)C3)cc2)[nH]c(=O)c(C(=O)O)c1O,0.3584539709124763
COc1ccc(C(CN2CCN(c3c(F)cc4c(=O)c(C(=O)O)cn5c4c3OCC5C)CC2)=NO)cc1,1.0
Nc1nc(N)c2cc(Sc3ccccc3Cl)ccc2n1,2.0
CC(O)C(NC(=O)N1CCC(c2ccc(C#Cc3ccccc3)cc2)CC1)C(=O)NO,0.3219280948873623
O=c1cc(-c2ccc(O)c(O)c2)oc2cc(O)cc(O)c12,-2.0
O=C(OCCO)c1nn(-c2ccccc2)c(-c2ccccc2)c1C(=O)c1ccccc1,-2.990954860396993
CCCCC(CN(O)C=O)C(=O)N1CC2(CC2)CC1c1nnc(-c2ccccn2)o1,1.0
Cc1ccc(S(=O)(=O)NC(=O)Nc2ccccc2C(=O)C=Cc2cc(O)ccc2[N+](=O)[O-])cc1,-4.0
CC(C)CN1CCN(c2cc3c(cc2F)c(=O)c(C(=O)O)cn3C2CC2)CC1,2.321928094887362
Cc1ccc(Cn2c(-c3cccc(C#N)c3)nc3ccccc32)cc1,-4.0
CON=C1CCN(c2nc3c(cc2F)c(=O)c(C(=O)O)cn3-c2ccc(F)cc2F)C1,0.3584539709124763
N#CCc1cc2c(cc1F)c(=O)c(C(=O)O)cn2C1CC1,1.0
N#CC(C#N)=NNc1cccc(Cl)c1,-2.643856189774725
COc1ccccc1[N+]1=C2CCCCCN2C(O)(c2ccc(-c3ccccc3)cc2)C1,-5.0
O=C(O)c1cn(CCF)c2c(F)c(N3CCN4CCC3CC4)c(F)cc2c1=O,2.395928676331139
Clc1ccc(N=c2ccn(CCCCCCCn3ccc(=Nc4ccc(Cl)cc4)cc3)cc2)cc1,-1.9634741239748859
c1coc(-c2cc(-c3ccc(-n4cccc4)cc3)on2)c1,-4.643856189774724
CCOC(=O)C(=CNc1ccc([N+](=O)[O-])cc1)c1ccc(OCc2ccccc2)cc1,-1.6438561897747246
O=C(NO)c1cc(CSc2cccc(Cl)c2)on1,-5.0
CON=C1CC(N)CN(c2c(F)cc3c(=O)c(C(=O)O)cn(C4CC4)c3c2OC(F)F)C1,2.0
CC1CC(N)CN1c1cc2c(cc1F)c(=O)c(C(=O)O)cn2-c1ccc(F)cc1F,4.321928094887363
CC(C)(C)ON=C1CN(c2nc3c(cc2F)c(=O)c(C(=O)O)cn3C2CC2)CC1CN,5.965784284662087
COc1c(N2CCC(CO)(C(F)(F)F)C2)c(F)cc2c(=O)c(C(=O)O)cn(C3CC3)c12,4.321928094887363
CN(C)C1=NC(c2cn(-c3ccccc3)nc2-c2ccc(Br)cc2)N=C(N)N1,-3.0
Cc1ccc(C=CC(=O)c2nc3ccccc3[nH]2)cc1,-2.0
NC1CCN(c2c(F)cc3c(=O)c(C(=O)O)cn(-c4ccc(F)cc4)c3c2F)C1,2.321928094887362
CN(C)C1C(OC2OC(CN)CCC2N)C(N)CC(NC(=O)C(O)CCN)C1OC1OC(CO)C(O)C(N)C1O,-4.0
CCCn1c(-c2ccc(Cl)cc2Cl)nc2cc(C(=O)NN=Cc3cccc([N+](=O)[O-])c3)ccc21,-4.643856189774724
C=CC(C)(C)c1cc(O)c2oc3c(O)c(O)ccc3c(=O)c2c1O,-4.643856189774724
COc1ccc(C2C(C#N)=C(N)OC(c3c[nH]c4ccccc34)=C2C#N)cc1OC,-4.738767836800192
CC1NC2CC1N(c1nc3c(cc1F)c(=O)c(C(=O)O)cn3-c1ccc(F)cc1F)C2,5.058893689053568
Clc1cc(Cl)c(Cl)c(-c2nnc3sc(-c4ccccc4)nn23)c1,-2.643856189774725
CCn1cc(C(=O)O)c(=O)c2cc(F)c(N3CCN(CC(=O)c4nccs4)CC3)cc21,-5.0
COc1c(N2CCN([S+]([O-])c3ccc(N)c(C)c3)C(C)C2)c(F)c(C)c2c(=O)c(C(=O)O)cn(C3CC3)c12,0.15200309344504995
C=CC1(C)CC(OC(=O)CSC2=NC(CC)=C(C(=O)OC)C(C)N2)C2(C)C(C)CCC3(CCC(=O)C32)C(C)C1O,-4.0
CC(O)C1C(=O)N2C(C(=O)[O-])=C3C(OCCF)CCCC3C12,1.0
CCn1ccc(=O)c2cc(F)c(N3CCNCC3)cc21,-2.321928094887362
COc1cc2c(cc1OC)-c1c(OC)c(OC)cc3c1C(CC2)N(S(=O)(=O)c1ccc(C(C)(C)C)cc1)CC3,-1.6438561897747246
COc1cccc(C2NC(c3cccc(OC)c3)C3CCCC2C3=NNC(N)=S)c1,-4.643856189774724
NCCN1CCN(c2c(-c3nnc(S)n3Cc3ccccc3)cnc3c(C(F)(F)F)cccc23)CC1,-2.643856189774725
O=C(O)Cc1cc2c(cc1F)c(=O)c(C(=O)O)cn2Cc1ccccn1,-5.0
C=CCOc1ccccc1C1CC(=O)c2c(O)cc(O)cc2O1,-2.643856189774725
CON=C1CCN(c2c(F)cc3c(=O)c(C(=O)O)cn(C4CC4)c3c2OC)CC1NC(=O)CN,-2.0
COC1(C)OCc2c1[n+]([O-])c1ccccc1[n+]2[O-],-1.6415460290875237
CC(=Cc1ncc(-c2ncc([N+](=O)[O-])n2C)o1)CC1OCC(CC2OC2C(C)C(C)O)C(O)C1O,-0.0
Cc1oc(-c2ccccc2)nc1CCCc1nc2cc(CC(Oc3ccc(Cl)cc3)C(=O)O)ccc2o1,-4.643856189774724
CCn1cc(C(=O)O)c(=O)c2cc(F)c(N3CCN(Cc4nc(C)c5c(c4CO)COC(C)(C)O5)CC3)cc21,-4.0
O=C(NCCn1[se]c2ccccc2c1=O)c1ccc(F)cc1F,-5.0
Fc1ccc(Nc2c(-c3cnc4ccc(F)cc4c3)nc3sc4cc(F)ccc4n23)cc1,2.1202942337177118
CCC(=O)N1CCN(c2ccc(N3CC(Cn4ccnn4)OC3=O)cc2F)CC1,-3.0
Cc1c(N2CCC3(CCCC3N)C2)c(F)cn2c(=O)c(C(=O)O)cc(C3CC3)c12,2.321928094887362
Cc1ccc2oc(=O)cc(C3NNC(=O)N3)c2c1,0.3219280948873623
Cc1c(CCCNC(=O)CCc2c[nH]c3ccc(Cl)cc23)c2cc(OC(F)(F)F)ccc2n1C,-3.643856189774725
O=C(c1ccc(-n2c(-c3ccccc3)nc3ccccc3c2=O)cc1)[n+]1nc([S-])sc1-c1ccc(Cl)c([N+](=O)[O-])c1,-3.0
CC(=O)OCC1=C(C(=O)[O-])N2C(=O)C(NC(=O)C(NC(=O)C3OC3C(=O)[O-])c3ccccc3)C2SC1,-0.6780719051126377
Cc1ccc(C2=NN(C3=NC(=O)CS3)C(c3ccco3)C2)cc1,-1.6461626571578936
CC1=C(C(=O)OC(c2ccccc2)c2ccccc2)N2C(=O)C(NC3=NC(c4ccc(O)c(O)c4)CN3)C2SC1,-1.0
CC(O)c1nccn1Cc1cc(-c2ccc(C#CC3(N)CC3)cc2)on1,1.0
CCNC(=O)c1cc(-c2sc(-c3cccnc3)nc2-c2ccc(Cl)cc2)n[nH]1,-3.0
Cc1ccc(-c2n[nH]cc2C=Nn2c(-c3ccccc3)nn(CN3CCN(C)CC3)c2=S)cc1,-2.584962500721156
COc1ccc(-n2c(-c3ccccc3)nc(C)c2C)cc1,-4.643856189774724
CC1Sc2c(C(=O)O)c(=O)c3cc(Cl)c(N4CCN(C)CC4)cc3n21,3.321928094887362
CCCN(CCC)c1nccc(NCc2ccc(-c3ccccc3)s2)n1,-3.0
CC(O)C(NC(=O)N1CCC(c2cccc(C#Cc3ccccc3)c2)C1)C(=O)NO,-0.6415460290875237
COc1c(OC(C)=O)ccc(C=Nc2c(C(C)C)cccc2C(C)C)c1[N+](=O)[O-],-2.643856189774725
O=C(O)c1cn(-c2ccc(F)cc2)c2cc(N3CCCCC3)c(F)cc2c1=O,-0.6415460290875237
O=C(NNS(=O)(=O)c1ccc(F)cc1F)N1N=C(c2ccccc2)CC1c1ccc(Br)cc1,-4.643856189774724
O=[N+]([O-])c1ccc(C=Nn2c(S)nnc2-c2ccncc2)cc1,-3.350497247084133
CON=C1CN(C(=O)C2CC(SC3=C(C(=O)O)N4C(=O)C(C(C)O)C4C3C)CN2)CC1CN,5.321928094887363
Cc1nc(-c2ccccc2)sc1-c1nnc(S)n1N=Cc1ccccc1O,-0.963474123974886
CC(O)C1C(=O)N2C(C(=O)O)=C(SC3CNC(CSc4nnnn4C)C3)C(C)C12,5.321928094887363
COCCc1cc(C(F)(F)F)nc2nc(N)c(C(N)=O)cc12,-1.0
COc1cc(C)c(-c2cc(OC)cc3cc4c(c(O)c23)C(=O)c2c(O)cc(O)cc2C4(C)C)c(OC)c1,-0.6415460290875237
CCc1[nH]c2nc(Sc3ccc4nccnc4c3)nc(N3CC4C(N)C4C3)c2c1Cl,2.0
Cc1ccc(-n2nnnc2NCc2ccco2)cc1Cl,-1.0
O=CN(O)CC(O)C(O)C(O)COP(=O)(O)O,2.0
O=C(NN1C(=O)C(=Cc2ccccc2)SC1c1ccccc1)c1ccc(-c2ccccc2)cc1,-2.643856189774725
COc1ccc(C2=NN(C3=NC(=O)CS3)C(c3cccs3)C2)cc1,-3.643856189774725
CCc1ccc(Oc2ccc(NCCCO)cc2F)c(O)c1,-4.0
Cc1c(CN(C)C(=O)C=Cc2cnc3c(c2)NC(C)C(N)C(=O)N3)oc2ccccc12,-2.0
CCOC(=O)N1CCN(N=Cc2ccc(C#Cc3ccc(C(=O)NC(C(=O)NO)C(C)O)cc3)cn2)CC1,-1.0
CC1(C)C2CCC(C2)C1CCC(CCC1C2CCC(C2)C1(C)C)NCCNCCCNCCN,-3.0
N#Cc1ccc2ncc(F)c(CCC34CCC(NCc5ccc6c(n5)NC(=O)CO6)(CC3)CO4)c2n1,-1.0
Nc1nc(N)c2cc([S+]([O-])c3ccccc3)ccc2n1,-0.5849625007211562
O=[N+]([O-])c1ccc(C2CC(c3cccc4ccccc34)=NN2c2ccccc2[N+](=O)[O-])cc1,-4.906890595608519
O=C(NN=Cc1ccc2c(c1)CCO2)c1cnc2c(C(F)(F)F)cccc2c1O,-3.643856189774725
NCC1CN(c2c(F)cc3c(=O)c(C(=O)O)cn(C4CC4)c3c2F)CCO1,4.321928094887363
C#CCn1cc(C(=O)O)c(=O)c2cc(F)c(CC#N)cc21,1.0
CC(=O)N1N=C(c2ccc(C)c(C)c2)CC1c1ccccc1Cl,-4.643856189774724
Cc1c(N2CCC3C(N)C3C2)c(F)cn2c(=O)c(C(=O)O)cc(C3CC3)c12,2.321928094887362
CCC1(O)CC(=O)c2c(cc3cccc(O)c3c2O)C1C(C)=O,-5.0
COC1CCN(Cc2cc3cc4c(cc3n2C)CCCc2c-4[nH]c(=O)c(C(=O)O)c2O)C1,-0.6780719051126377
CC(=O)NCC1CN(c2ccc(-c3ccc4c(c3)CC3(C(=O)NC(=O)NC3=O)C3CCCN43)c(F)c2)C(=O)O1,-1.0
O=C(C=Cc1ccc(C=NNC(=O)c2cccc(Cl)c2)cc1)c1cccc(Cl)c1,-5.0
O=C(CCl)NCC1CN(c2ccc(-c3nnc4ncccn34)cc2)C(=O)O1,-4.0
Fc1cc(CN2COc3c(cc(Br)c4cccnc34)C2)cc(F)c1F,-4.643856189774724
Cn1c(=O)c2ncn(Cc3cc(=O)oc4ccc5ccccc5c34)c2n(C)c1=O,-2.963474123974886
Cc1ccc(Nc2c3ccccc3[n+](C)c3c2oc2ccccc23)cc1F,-3.584962500721156
CCNCC(=O)Nc1cc(F)c2c(c1O)C(=O)C1=C(O)C3(O)C(=O)C(C(N)=O)=C(O)C(N(C)C)C3CC1C2,2.0
O=Nc1c(-c2ccc(Br)cc2)nc2sc(Cc3noc4ccccc34)nn12,-1.0
Cc1c(-c2ccc(N(C)C)cc2)[nH]c(=O)c(C(=O)O)c1O,1.3584539709124763
Cn1nnnc1SCC1=C(C(=O)[O-])N2C(=O)C(Nc3cc[n+](COCc4ccccc4)cc3)C2SC1,-0.0
C=C(F)c1sc(CNCCCNc2cc(=O)c3ccccc3[nH]2)c(C)c1Br,-4.0
CCCn1cc(C(=O)O)c(=O)c2cc(F)c(CC#N)cc21,-1.0
O=C(NN1C(=O)C(=Cc2cccc(Br)c2)SC1c1ccccc1)c1ccc(-c2ccccc2)cc1,-3.643856189774725
CCON=C1CN(c2nc3c(cc2F)c(=O)c(C(=O)O)cn3C2CC2F)CC1CNC1CC1,5.058893689053568
COc1ccc(-n2cc(C(=O)c3ccc(Cl)cc3)c(-c3ccc([N+](=O)[O-])s3)n2)cc1,2.0
CNC(=O)c1nc(N2CCC(NC(=O)c3[nH]c(C)c(Cl)c3Cl)C(OC)C2)sc1C(=O)O,1.7369655941662063
CCCCc1nc(Cl)c(C(Nc2ccc3c(C)cc(=O)oc3c2)P(=O)(OCC)OCC)n1CO,-4.0
Nc1cc(-c2ccc(N3CC(CO)OC3=O)cc2F)ccc1O,-4.0
NCC(NC(=O)N1CCC(c2ccc(C#Cc3ccccc3)cc2)CC1)C(=O)NO,-2.643856189774725
COc1cc(C=C2SC(=O)N(Cc3ccc(-c4ccccc4-c4nnn[nH]4)cc3)C2=O)cc(OC)c1,-2.9541963103868754
CCc1c(-c2ccc(N3CCC(CNC)C3)cc2)[nH]c(=O)c2c(=O)[nH]sc12,6.965784284662087
COc1ccc2ncc(C#N)c(CCN3CCC(NCc4cc5c(cn4)OCS5)CC3)c2c1,4.058893689053568
CC(O)C1C(=O)N2C(C(=O)O)=C(SC(=S)N3CCC(O)CC3)C(C)C12,-1.6461626571578936
CC(ON=C(C(=O)NC1C(=O)N(OS(=O)(=O)O)C1(C)C)c1csc(N)n1)C(=O)O,3.0
COc1cc(C=C2SC(=O)N(Cc3ccc(C(=O)O)cc3)C2=O)cc(OC)c1OC,-3.0
Cc1ccc2nc(Cl)c(C=C3SC(=S)N(CCC(=O)O)C3=O)cc2c1,-4.906890595608519
CCCOC1=C(C(=O)[O-])N2C(=O)C(C(C)O)C2S1,-3.845991770664573
Cc1cc(O)c2c(c1)C(=O)c1c(I)c(O)c(I)c(O)c1C2=O,-3.0
Nc1nc(N)c2cc(Sc3c(Cl)c(Cl)c(Cl)c(Cl)c3Cl)ccc2n1,-4.643856189774724
O=C(C(=Cc1ccccc1)n1cnc2cc(Cl)ccc2c1=O)c1nccs1,-2.0
NC(=O)c1cccc(-c2cc3c(cc2F)c(=O)c2c(=O)[nH]sc2n3C2CC2)c1,3.0
CC(C)NC(=N)c1ccc2cc(-c3ccc(Oc4ccc(-c5cc6ccc(C(=N)NC(C)C)cc6[nH]5)cn4)cc3)[nH]c2c1,-2.0
CC1(C)OC(=O)C(=Cc2c[nH]c3ccccc23)C(=O)O1,-3.321928094887362
CCNCC1CCN(c2cc3c(cc2F)c(=O)c(C(=O)O)cn3-c2ccc(F)cc2F)C1,2.321928094887362
c1cn(CCCCCCCCn2ccc(=NC3CCCCC3)cc2)ccc1=NC1CCCCC1,-4.968090752045256
N#Cc1ccc(Cn2cc(CNC(=O)c3cnccn3)nn2)cc1,-2.643856189774725
Brc1cccc(CNCCCNc2nc3ccccc3o2)c1,-5.0
CC1CN(c2cc3c(cc2F)c(=O)c(C(=O)O)cn3C(C)(C)C)CCN1,6.965784284662087
Clc1cc2c(c3ncccc13)OCN(CCCc1ccccc1)C2,-2.643856189774725
O=C(Cn1nc(C(F)(F)F)c2c(-c3ccccc3)c3ccccc3nc21)N1CCN(CCO)CC1,-2.963474123974886
CC(O)C1C(=O)N2C(C(=O)O)=C(SC3CNC(CSc4nnnn4CCS(=O)(=O)N(C)C)C3)C(C)C12,5.321928094887363
Clc1ccc(CN(CCn2cncn2)CCn2cncn2)c(Cl)c1,-5.0
COC(=O)c1c(C)nc(C)c2c1C(=O)C(Br)=C(N)C2=O,-3.0
CCCCCCCCCC(=O)NC(CCCCN)CN1CC(=O)N(c2cccc(Cl)c2)C1=O,-2.643856189774725
CCOP(=O)(OCC)C(O)C1=C(N(C)C)C(=O)N(c2cccc(C(F)(F)F)c2)C1=O,-3.321928094887362
O=c1c2ccccc2[se]n1-c1ccc(-c2ccccc2)cc1,-3.0
Cn1nnnc1SCC1=C(C(=O)[O-])N2C(=O)C(NC(=O)C(NC(=O)CCCC(=O)[O-])c3ccccc3)C2SC1,-3.643856189774725
CC(C)CCOc1cc(C(=O)NCCc2ccccc2)cc2ccccc12,-1.0
O=C1c2cccnc2C(=O)c2c1c(C(=O)OCCCCCN1CCOCC1)c1ccc(Br)cn21,-3.0
Nc1cc2c(=O)c(C(=O)O)cn(C3CC3)c2cc1NC1CC1,-1.0
COC(=O)Cc1ccccc1OC(=O)c1ccc(C)cc1,-1.6438561897747246
CC(O)C1C(=O)N2C(C(=O)O)=C(SC3CNC(CSc4nnnn4CCN(C)C)C3)C(C)C12,5.321928094887363
NCc1ccc(Cn2ccnc2C(=O)O)cc1,-3.0
CCCCCn1c(CCCCNC(=O)OCc2ccccc2)cnc1N,-5.0
CCOC(=O)C1=C(N)Oc2[nH]nc(C)c2C1c1cc(=O)oc2ccc(Cl)cc12,-2.643856189774725
CN(CC(=O)O)NC(=O)CC(N)CC(O)CNCCCCN,-5.0
CCNC(=O)Nc1cc(-c2nc(C(F)(F)F)cs2)c(-c2cc3ncccc3nc2N2C3CC2CN(C)C3)cn1,-1.144046369616707
CC(C)N1CCN(c2nc(Nc3ccc(C#N)c(C(F)(F)F)c3)nc(Oc3ncnc4ccccc34)n2)CC1,-3.643856189774725
CC(C)(C)c1ccc(CNCC2CCCC(CNCc3ccc(C(C)(C)C)cc3)C2)cc1,8.965784284662087
CSc1nc(Cl)cc(Sc2nnc(-c3cccc(F)c3)[nH]2)n1,-0.6780719051126377
Cc1ccc(C2=NN(C3=NC(=O)CS3)C(c3cccs3)C2)cc1,-2.643856189774725
Cc1cc(NC2CC2c2ccccc2)n2nc(NC(C)c3cccc(Cl)c3)nc2n1,-1.0
Cc1ncc([N+](=O)[O-])n1Cc1nnc(Cc2ccc(F)cc2)o1,-4.643856189774724
Nc1nc(C(=NOCC(=O)O)C(=O)NC2C(=O)N3C2SCC2CC(=O)OC23C(=O)O)cs1,3.9885043611621707
CCCN1C(=O)C(=Nc2ccc(N3C(=O)c4ccc(Cl)cc4C3=O)c(C)c2)c2cc([N+](=O)[O-])ccc21,-4.321928094887363
CCCCCCCCCN1CCCc2cc(OCCCCBr)ccc21,-4.643856189774724
COc1cc2occ(-c3ccc(O)cc3)c(=O)c2c(OC)c1CC=C(C)C,-1.0
CC1COc2c(N3CCC(CN(C)C)C3)c(F)cc3c(=O)c(C(=O)O)cn1c23,2.321928094887362
COc1ccccc1Nc1nc2c(-c3cccc(F)c3)nc3ccccc3c2o1,-2.643856189774725
CCn1cc(C(=O)O)c(=O)c2cc(F)c(N3CCN(Cc4nc5ccc([N+](=O)[O-])cc5[nH]4)CC3)cc21,-3.0
C=C(C(=O)OCC)C(O)c1ccc([N+](=O)[O-])cc1,-4.169925001442312
Cc1[nH]c2ccc([N+](=O)[O-])cc2c(=O)c1CC(=O)O,-3.1651079851445365
CN(C)C1C(O)=C(C(N)=O)C(=O)C2(O)C(O)=C3C(=O)c4c(O)cc(C5CCCCN5C)c(Cl)c4CC3CC12,3.0
COc1ccc2nccc(CCN3CCC(NCc4ccc(Cl)cc4)CC3)c2n1,1.0
O=c1cc(-c2ccc3c(c2)OCCO3)oc2cc(OCCN3CCNCC3)cc(O)c12,-3.643856189774725
COC(=O)c1ccc(CN2CCc3c(sc(NC(=O)c4cc(OCCN)ccc4Cl)c3C#N)C2)cc1,-5.0
Cc1ccc(N2C(=O)c3ccccc3N3C2=NNC(=S)N3c2ccccc2)cc1,-4.643856189774724
CC(C)=CCCC(C)=CCN1CCCc2cc(OCCCCNC(=N)N)ccc21,-1.6438561897747246
CCC(CC)NC(=N)c1ccc2cc(-c3ccc(-c4cc5ccc(C(=N)NC(CC)CC)cc5[nH]4)cc3)[nH]c2c1,-3.0
O=C1CN(c2c(F)cc3c(=O)c(C(=O)O)c4scc5n4c3c2OC5)CCN1,-0.6415460290875237
COc1ccc(-c2ccc3c(c2)CN(CCC(C)(C(=O)NO)S(C)(=O)=O)C3=O)c(F)c1,4.058893689053568
CC1(CN)CCN(c2cc3c(cc2F)c(=O)c(C(=O)O)cn3C2CC2)C1,5.321928094887363
O=C1CC[Se]N1c1ccccc1,-5.0
COc1ccc(-c2nnc3cc(C)nc(C)n23)cc1,-4.0
Cc1nc(-c2ccc(O)c(O)c2)cs1,-2.0
COc1ccc(C=NNC(=O)c2c[nH]c3cc(Cl)ccc3c2=O)cc1OC,-1.9634741239748859
CC(N)C(NC(=O)N1CCN(c2ccc(C#Cc3ccccc3)cc2)CC1)C(=O)NO,1.3219280948873622
C=C(CCC(C)C1CC(O)C2C3CC(O)C4CC(O)CCC4(C)C3CCC12C)C(C)CO,-4.643856189774724
Cc1c(N2CC(C)NC(C)C2)c(N)cc2c(=O)c(C(=O)O)cn(C3CC3)c12,5.058893689053568
CSCC(N)C(=O)NC(C)P(=O)(O)O,5.058893689053568
COCCn1c(S)nnc1-c1cnc2c(C(F)(F)F)cccc2c1N1CCOCC1,-2.643856189774725
Cc1c(N2CC3CCCCC3(CN)C2)c(F)cn2c(=O)c(C(=O)O)cc(C3CC3)c12,-0.6415460290875237
C[n+]1cccc(N(CCCCCC2CCCCC2)c2ccccc2Cl)c1,-4.321928094887363
CN1CCN(c2c(Cl)c3c(c(=O)c(C(=O)O)cn3C3CC3)c3[nH]nnc23)CC1,5.321928094887363
COc1ccc(C=CC(=O)c2cc(Cl)c[nH]2)cc1,-3.643856189774725
CC(C)(C)CC(=O)NCCn1[se]c2ccccc2c1=O,-3.0
CCNC1CC(N)C(OC2OC(C(C)N)=CCC2N)C(O)C1OC1OCC(C)(O)C(NC)C1O,2.0
CCC(C)NC(=N)c1ccc2cc(-c3ccc(-c4cc5ccc(C(=N)NC(C)CC)cc5[nH]4)cc3)[nH]c2c1,-2.0
CCCS(=O)(=O)N1N=Cc2sc(C)cc2B1O,-0.6415460290875237
CC(C)=CCc1c(OCCF)cc(C=Cc2ccc(C(F)(F)F)cc2)c(C(=O)O)c1O,-5.0
CNc1cc(F)cc2c1[nH]c1nc(CNC(=O)c3cnco3)nc(N3CCC(CN)C3)c12,-2.0
C=C1CC23C=C(Sc4ccoc4C)C(=O)C(C)(CCC(=O)Nc4c(O)ccc(C(=O)O)c4O)C2CC1CC3,-5.0
COC(=O)C1(C)CCCC2(C)c3ccc(C(C)C)cc3-c3c(c4ccccc4n3CCn3ccnn3)C12,-3.963474123974886
CC(C)c1ccc(-c2nc(CN3CCN(c4ccnc5cc(Cl)ccc45)CC3)no2)cc1,-5.0
CCCCCNC(=O)C[N+](C)(C)CCCCn1c(-c2ccccc2)nc2c3ccccc3c3ccccc3c21,-5.0
CC(C)N1C(=O)C(=Cc2ccc([N+](=O)[O-])o2)SC1=S,-4.0
O=C1CSC(c2ccc(Br)cc2)N1c1ccccc1,-4.906890595608519
CCCCCCCCCCCCCCCC(=O)NN1C(=O)CSC1c1ccc(Cl)cc1,1.5145731728297582
CCn1cc(C(=O)O)c(=O)c2cc(F)c(N3CCN(C(C)=O)CC3)cc21,6.380821783940931
O=C(O)CSC(=O)C(CO)NC(=O)Cc1cccs1,1.0
CCn1cc(C(=O)O)c(=O)c2cc(F)c(N3CCSC3)cc21,-2.321928094887362
Nc1cccc(-c2cn(-c3cccc(C(c4ccc(Cl)cc4)P(=O)(O)O)c3)nn2)c1,-0.0
COc1cc(Br)c(CN2CCN(c3cc4c(cc3F)c(=O)c(C(=O)O)cn4C3CC3)CC2)cc1OC,2.0
CNc1cc(F)cc2c1[nH]c1nc(Oc3cnc(C)nc3)nc(N3CCC(=C(F)CN)C3)c12,6.058893689053568
Nc1nc(O)cc(SC2=C(C(=O)O)N3C(=O)C(NC(=O)C(=NO)c4nc(N)sc4Cl)C3SC2)n1,3.9885043611621707
N#Cc1cnn(-c2ccc(F)cc2)c1NC(=O)c1cc2cc(Cl)ccc2oc1=O,-5.0
O=C(CN1CCOCC1)Nc1nc(-c2ccc([N+](=O)[O-])cc2)cc(-c2cc3cc(F)ccc3nc2Cl)n1,-4.643856189774724
CC1CCN(c2c(F)c3c(c(=O)c(C(=O)O)cn3C3CC3)c3[nH]nnc23)CC1,4.321928094887363
Clc1ccccc1-c1nc2ccccc2s1,-3.643856189774725
O=C(Nc1ccc(Cl)cc1C(=O)O)c1ccc(-c2ccccc2)cc1,-1.0
CC(=O)N1N=C(c2ccc(C)c(C)c2)CC1c1ccc(Br)cc1,-4.643856189774724
Cc1cc(N=C2C(=O)N(S(C)(=O)=O)c3ccc(OC(F)(F)F)cc32)ccc1N1C(=O)c2ccc(Cl)cc2C1=O,-3.321928094887362
CCc1c(-c2ccc(N3CCC(C4(N)CC4)C3)cc2)[nH]c(=O)c(C(=O)O)c1O,1.3584539709124763
CCCCCCCCCCCCCC(=O)NCC[N+](C)(C)Cc1cnc(C)c2c1COC(C)(C)O2,-3.0
CC1C(N)CN1c1c(F)cc2c(=O)c(C(=O)O)cn(-c3ccc(F)cc3)c2c1Cl,4.058893689053568
CCC1C(=O)CC(c2ccco2)NC1c1ccco1,-3.643856189774725
COc1c(N2CCN(Cc3ccc([N+](=O)[O-])o3)C(C)C2)c(F)cc2c(=O)c(C(=O)O)cn(C3CC3)c12,-1.6461626571578936
CC1(C)CCC2(C(=O)O)CCC3(C)C(=CCC4C5(C)CCC(O)C(C)(C)C5CCC43C)C2C1,-2.963474123974886
CC(=O)OCC1=C(C(=O)OC(C)(C)C)N2C(=O)C(Nc3nc4cc(N)ccc4[nH]3)C2SC1,5.058893689053568
CCOC(=O)C1=C(N)Oc2[nH]nc(C)c2C1c1cc(=O)oc2cc(C)ccc12,-1.6438561897747246
CCn1cc(C(=O)O)c(=O)c2cc(F)c(N3CCN(Cc4nc5ccccc5n4CC)CC3)cc21,-2.0
O=C(NO)C1CN(c2ccc(C#CC#CC3CC3)c([N+](=O)[O-])c2)C(=O)O1,3.0
CCn1cc(C(=O)O)c(=O)c2cc(F)c(N3CCC4(CCN(C)C4)C3)nc21,3.321928094887362
CC1=NN(C(=O)c2sc3ccccc3c2Cl)C(=O)C1=NNc1cc(Cl)ccc1Cl,-2.584962500721156
O=C(O)c1cn(C2CC2)c2cc(N3CCN(c4nnc(SCc5ccc([N+](=O)[O-])cc5)s4)CC3)c(F)cc2c1=O,-0.0
COc1ccc2oc(=O)cc(C(CC(=O)O)c3c(O)c4ccccc4oc3=O)c2c1,-0.6415460290875237
COc1ccc(-c2nc3sc(C)nn3c2C=NNc2nc(-c3ccc(Cl)cc3)cs2)cc1,-2.643856189774725
CC(=O)N1CCc2cc(S(=O)(=O)N3CCN(c4cccc(C(F)(F)F)c4)CC3)ccc21,2.0
CSc1nc(Cl)cc(Sc2nnc(-c3cccc(C(F)(F)F)c3)[nH]2)n1,-0.6780719051126377
NC1CCN(c2nc3c(cc2F)c(=O)c(O)cn3-c2nccs2)C1,0.3584539709124763
C=CCN(c1ccccc1OC)S(=O)(=O)c1ccc([N+](=O)[O-])cc1[N+](=O)[O-],-5.0
O=C(O)c1cn(Cc2ccccc2)c2cc(N3CCNCC3)c(F)cc2c1=O,2.0
CC(=O)c1ccc2c(c1)N(C(=O)CN1C(=O)CCC1=O)c1ccccc1S2,-3.321928094887362
Cn1cc(NC(=O)c2cc3ccccc3cn2)cc1-c1nc2cc(C(=O)NCCN3CCOCC3)ccc2[nH]1,-5.0
C=CCC(Nc1cccc2ncsc12)c1cn(C(C)=O)c2ccccc12,-3.643856189774725
CCC(C)c1cc(C(=O)O)c(=O)n2cc(F)c(N3CCC(N)C3)c(C)c12,-0.6415460290875237
COc1ccc(-c2nc3sc(C(F)(F)F)nn3c2C=NNc2nc(-c3ccc(C)cc3)cs2)cc1,-4.643856189774724
CC1(N)CN(c2nc3c(cc2F)c(=O)c(C(=O)O)cn3-c2ccc(F)cc2)C1,4.058893689053568
COCc1nc(C(=O)c2ccc[n+](CC(N)=O)c2)c2sc(C3=C(C(=O)[O-])N4C(=O)C(C(C)O)C4C3C)cn12,-3.0
COc1ccc2ncc(=O)n(CCN3CCC(NCc4ccc5c(n4)NC(=O)CO5)C(O)C3)c2c1,2.0
COc1ccc2occ(-c3cc4cc(Br)ccc4oc3=O)c2c1,-2.643856189774725
NC(=O)Cn1ccn2cc([N+](=O)[O-])nc2c1=O,-5.0
CON=C1CCN(c2nc3c(cc2F)c(=O)c(C(=O)O)cn3C2CC2)CC1N(C)C,-3.0
C=[C-]Cn1cc(C(=O)OCC)c(=O)c2cc(F)c(C(C#N)C(=O)OCC)cc21,-4.0
O=C(NC12CCC(CCc3c(F)cnc4ccc(=O)n(CCO)c34)(CC1)OC2)c1cc2c(cn1)OCCC2,-5.0
Cc1cc(-c2cc3c(cc2F)c(=O)c2c(=O)[nH]sc2n3C2CC2)ccn1,4.083141235300245
Cc1cccc(NN=C2CCCc3ccccc3C2=O)c1,-1.3219280948873624
CCc1[nH]c2nc(Sc3cnc4nccnc4c3)nc(N3CC4CCNC4C3)c2c1Cl,-1.0
Oc1cccc(Br)c1C=NNCc1cccc(C(F)(F)F)c1,-5.0
C=CCc1ccc(OCC(=O)NCCC[N+](C)(C)C)c(-c2ccc(OCC(=O)NCCC[N+](C)(C)C)c(CC=C)c2)c1,-4.0
Clc1ccc(-c2cc(-c3ccc(-n4cccc4)cc3)on2)cc1,-4.643856189774724
CC(=O)OCC1=C(C(=O)[O-])N2C(=O)C(Nc3cc[n+](COCC(Cl)(Cl)Cl)cc3)C2SC1,4.058893689053568
CC(O)C(NC(=O)c1ccc(C#Cc2ccc(C=NN3CCCC3)cc2)cc1)C(=O)NO,4.058893689053568
CC(=NNc1nc(-c2ccc(C)cc2)cs1)c1sc(-c2ccccc2)nc1C,-0.5160151470036647
Cc1nc2c(=O)n(C3CC3)c3c(Cl)c(N4CC(C)NC(C)C4)c(F)cc3c2o1,-2.0
CCOC(=O)C1=C(C)NC(=S)NC1c1ccc(NC(=O)Nc2ccccc2Cl)cc1,-3.321928094887362
CC=CC=CC(=O)NC(CC(=O)NC(C(=O)C1C(=O)NC(=O)C1C)C(C)C)c1ccccc1,1.0
Cc1ccc(COc2ccc(C3N=C(N)NC(N(C)C)=N3)cc2)cc1,-4.0
O=C1c2cccc3c(Br)ccc(c23)C(=O)N1CCCn1cc[n+](Cc2ccc(F)cc2F)c1,-3.0
CN(C)CCn1c(=O)ccc2ncc(F)c(CCC34CCC(NCc5ccc6c(n5)NC(=O)CO6)(CC3)CO4)c21,-0.0
COC(=O)c1ccc(Oc2cccc(C(CC#N)Nc3nc4[nH]c(C)cc(=O)n4n3)c2)cc1,-1.0
O=C(O)c1cn(C2CC2)c2nc(C3=CCNCC3)c(F)cc2c1=O,6.265344566520995
CS(=O)(=O)N1CCCN(c2ccn3cc(-c4ccc(F)cc4)nc3n2)CC1,-4.20163386116965
CCn1cc(C(=O)O)c(=O)c2cc(F)c(N3CCN4CCC3CC4)c(F)c21,2.321928094887362
Cc1cc(Nc2nc(Nc3ccc(F)cc3)ncc2Cl)c(OC(C)C)cc1C1CCNCC1,-4.0
CC(CO)CC1(C)OC(CC2(O)CC(=O)NC(=O)C2)=CC1=O,-3.321928094887362
Cc1ccc(Sc2ccc3nc(N)nc(N)c3c2)cc1,2.0
Nc1cc(=O)n(C(=O)CN2N=C(C(F)(F)F)C(=NNc3ccc(Cl)cc3)C2=O)[nH]1,-3.6644828403646827
Nc1c(F)c(N2CC(N)C(c3ccccc3)C2)c(F)c2c1c(=O)c(C(=O)O)cn2C1CC1,5.321928094887363
O=C(O)c1cn(C2CC2)c2c3c(c(F)cc2c1=O)N1CCCC1CCO3,6.965784284662087
Clc1cccc2c1CCC(Cn1cncn1)C2=NOCc1ccccc1,-4.643856189774724
COc1ccc2ncc(F)c(CCN3CCC(C(O)C(O)c4ccc5c(c4)NC(=O)CO5)CC3)c2n1,-3.0
O=C(NO)c1cn(C2CC2)c2cc(-n3cc(CN4CCOCC4)nn3)c(F)cc2c1=O,-2.0
CC(=O)N1CCN(c2cc3c(cc2F)c(=O)c(C(=O)O)c2n3C(C)S2)CC1,0.3584539709124763
C#CCN(C)Cc1cc2cc(OCCCC3CCNCC3)ccc2n1C,-5.0
O=c1c2nc([N+](=O)[O-])cn2ccn1Cc1ccc(-c2ccccc2)cc1,-5.0
O=C1NC2c3ccccc3CC2OC(=O)c2ccc(s2)C(=O)OC2Cc3ccccc3C2NC(=O)c2cccc1c2,-4.0
COc1cc(CN2CCN(c3cc4c(cc3F)c(=O)c(C(=O)O)cn4C3CC3)CC2)cc(OC)c1OC,-0.0
CCOC(=O)C12COC(C(C)(C)C)N1C(=O)C(=C(C)Nc1ncc(Cl)cn1)C2=O,-5.0
CCNCC(O)CC(N)CC(=O)NN(C)CC(=O)O,-2.0
Cc1c(-c2ccc(-c3cc4ccc(C5=NCCCN5)cc4o3)cc2)[nH]c2cccc(C#N)c12,-3.321928094887362
COc1ccccc1-c1nnc(Cn2cnc3ccccc32)o1,-5.0
CN(C)C1C(O)=C(C(N)=O)C(=O)C2(O)C(O)=C3C(=O)c4c(cc5ccc(CN6CC(C#N)C6)cc5c4O)CC3CC12,-2.0
CCOC(=O)C(C(=O)NC1C(=O)N2C(C(=O)O)=C(COC(C)=O)CSC12)n1cccc1,-4.643856189774724
COc1c(N2CCCC(N(C)CC(O)Cn3cc([N+](=O)[O-])nc3C)C2)c(F)cc2c(=O)c(C(=O)O)cn(C3CC3)c12,-2.0
CC(O)C1C(=O)N2C(C(=O)O)=C(SC3CNC(CSc4ccc(CN)cc4)C3)C(C)C12,4.321928094887363
Clc1cccc(-n2nc(C3CCNCC3)cc2C=Cc2cc3cc(Cl)ccc3[nH]2)c1,-2.0
CCCCNc1nc(SCCCC)nc2sccc12,-3.0
CCn1cc(C(=O)O)c(=O)c2cc(F)c(N3CCN(CC(=NOC)c4ccc([N+](=O)[O-])cc4)CC3)cc21,-4.643856189774724
CC(=O)NCC1CC(c2cc(F)c(N3CCOCC3)c(Cl)c2)=NO1,-4.0
CC(C)NC(=N)c1ccc2[nH]c(-c3ccc(OCc4cn(-c5ccccc5)nn4)cc3)nc2c1,-3.0
COc1ccc(OC)c(-c2cc3nc(N)nc(N)c3cc2C)c1,-4.0
CCOC(=O)c1cnn(-c2ccc(F)cc2)c1-c1ccccc1,-0.6897464384935557
Cn1cc(CCC(=O)NCCCc2c[nH]c3ccc(OC(F)(F)F)cc23)c2cc(Cl)ccc21,-3.643856189774725
Cc1ccc2c(C=C(C(=O)c3nccs3)n3cnc4cc(Cl)ccc4c3=O)c[nH]c2c1,-4.0
O=CN(O)CCn1ncc2cc(C#Cc3ccc(CN4CCOCC4)cc3)ccc21,-2.0
NCC(Oc1n[nH]c2ccc(-c3ccccc3Cl)cc12)c1ccccc1,-1.0
CC(=O)Nc1ccc(S(=O)(=O)C(C#N)=Cc2cn(C)c3ccccc23)cc1,1.0
COn1cc(C(=O)O)c(=O)c2cc3c(cc21)CCO3,0.3584539709124763
CCn1cc(C(=O)O)c(=O)c2cc(F)c(NC(=O)C3CCC(COc4cccc(F)c4F)CC3)c(F)c21,-5.0
CCOC(=O)c1cn(CC2CCCC2)c2cc(F)c(F)cc2c1=O,-3.0
CON=C(C(=O)NC1C(=O)N2C(C(=O)[O-])=C(C[n+]3ccc4ncn(C)c4c3)CSC12)c1csc(N)n1,5.058893689053568
Cc1c(CNC(=O)CCc2c[nH]c3ccc(Cl)cc23)c2cc(OC(F)(F)F)ccc2n1C,-3.643856189774725
CCCCCCCCOC1C(OC2OC(CN)C(O)C(O)C2N)C(N)CC(N)C1OC1OC(CO)C(O)C(O)C1O,-5.0
Nc1nc(N)c2nc(CNc3ccc(Cl)c(Cl)c3)cnc2n1,-4.643856189774724
CC(O)C1C(=O)N2C(C(=O)O)=C(SC(=S)N(C)C)C(C)C12,-2.643856189774725
COc1ccc(OC)c(C=CC(=O)c2ccc(NC(=O)CSc3nc4ccccc4[nH]3)cc2)c1,-4.965784284662087
N#CCc1cc2c(cc1F)c(=O)c(C(=O)O)cn2Cc1ccccc1Cl,2.0
CCc1ccc(Oc2ccc(S(N)(=O)=O)cc2F)c(O)c1,-0.0
C=CC1(C)CC(OC(=O)CSC(C)(C)CNC(=O)C(N)C(C)C)C2(C)C(C)CCC3(CCC(=O)C32)C(C)C1O,5.058893689053568
CC(C)c1csc(-c2nnc(S(=O)(=O)Cc3ccc(Br)cc3)n2-c2ccccc2)n1,-4.0
CCc1nc(I)cn1C(CO)CS(=O)(=O)c1ccc(N)cc1,-5.0
OCCCSc1nnc(-c2nnn(-c3ccccc3Cl)c2-c2nnc(SCCCO)o2)o1,-2.0
C[n+]1ccc(-c2cc[n+](C)cc2)cc1,-1.3219280948873624
CCOC(=O)C(C#N)C(c1cc2ccc(C)cc2n2nnnc12)P(=O)(OCC)OCC,-3.321928094887362
CNC(C)C(=O)NC(CCl)C(=O)O,-2.643856189774725
Cn1c(C2CC(=O)N(c3cccc(Cl)c3Br)C2)nc2ccccc21,-5.0
CCCc1ccc(C(c2cccc(-n3cc(-c4cccc(N)c4)nn3)c2)P(=O)(O)O)cc1,-1.0
C[n+]1cccc2c1c1cc(F)ccc1n2CCCCCC1CCCCC1,-4.321928094887363
CC(C)c1ccc2c(c1)CCC1C(CNC(=O)c3ccccn3)(Cc3ccc(F)cc3)CCCC21C,-2.0
Cc1c(N2CC(C)C(N)C2)c(F)cn2c(=O)c(C(=O)O)cc(C3CC3)c12,7.643856189774724
CC(C)CC1NC(=O)C2CCCN2C1=O,-4.321928094887363
Nc1ncc2cc(-c3ccccc3-c3ccccc3)c(N)nc2n1,2.0
CCC(C)C(=O)Nc1ccn(C2CCC(O)C(C)O2)c(=O)n1,-5.0
O=C([O-])C1=CSC2C(=Cc3cn4c(n3)sc3ccccc34)C(=O)N12,4.058893689053568
CCc1ccc(Nc2c3ccccc3[n+](C)c3c2[nH]c2ccccc23)cc1,-3.0
CC(CO)C1CCC2C3C(N)CC4CC(N)CCC4(C)C3CCC12C,-3.643856189774725
CN(C)C1C(O)=C(C(N)=O)C(=O)C2(O)C(O)=C3C(=O)c4c(O)cc(C5CCCN5)c(C(F)(F)F)c4CC3CC12,6.002310160687201
CCOP(=O)(OCC)C(NS(=O)(=O)Nc1ccccc1OC)c1cc2cccc(C)c2[nH]c1=O,3.0
C=CCCC(=O)N1CCN(c2cc3c(cc2F)c(=O)c(C(=O)O)cn3C2CC2)CC1,5.058893689053568
ON=Cc1nccn1Cc1ccccc1,-4.643856189774724
CC(C)(C)OC(=O)N1CCN(Cc2oc(CCl)cc(=O)c2O)CC1,-3.0
COc1ccc2ncc(F)c(C(O)C(O)C3CCC(NCc4ccc5c(n4)NC(=O)CS5)CO3)c2c1,7.965784284662087
O=C(C=Cc1cnc2ccccc2n1)c1ccc(F)cc1,-4.643856189774724
Oc1ccc(Br)cc1C=Nc1ccc(NC(=S)Nc2ccccc2)cc1,-4.643856189774724
Cc1ccc(-c2nc3ccc(-c4nnc(-c5ccc([N+](=O)[O-])cc5)o4)cn3c2Nc2ccccc2)cc1,-3.7463127664254587
CC(O)C1C(=O)N2C(C(=O)O)=C(SC3CNC(Cc4cc(CO)[n+](C)n4C)C3)C(C)C12,3.321928094887362
CCc1c2s[nH]c(=O)c2c(=O)n2ccc(-c3ccncc3)cc12,2.0
O=c1cc(OCc2cn(CN3CCN(c4ccc(F)cc4)CC3)c(=S)s2)c2ccccc2o1,-3.643856189774725
CN(C)C(=N)c1ccc2cc(-c3cnc(-c4cc5ccc(C(=N)N(C)C)cc5[nH]4)cn3)[nH]c2c1,-2.0
C=C=CCN(C)Cc1cc2cc(OCc3ccccc3)ccc2n1C,-5.0
CCn1cc(C(=O)O)c(=O)c2cc(F)c(N3CCN(C(=O)C(C#N)=Cc4c(C)[nH]c5ccccc45)CC3)cc21,2.0
CN1C=C2CC3C(CC(CNC(=O)C=Cc4cccc(C(F)(F)F)c4)CN3C)C3C=CC=C1C23,1.0
CC=Cc1ccc(N2CC(CC(C)(C(=O)NO)S(C)(=O)=O)OC2=O)cc1,-2.0
O=C1N2CC(CCC2Cn2cc(-c3ccccc3)nn2)N1OS(=O)(=O)[O-],5.058893689053568
Cc1nc(-c2ccccc2)sc1-c1nnc(S)n1N=Cc1ccc(O)cc1,-0.963474123974886
CCON=C1CC(NC)CN(c2c(F)cc3c(=O)c(C(=O)O)cn(C4CC4)c3c2F)C1,2.0
CC(C)CC(NC(=S)Nc1cc(C(F)(F)F)cc(C(F)(F)F)c1)c1nc2ccccc2[nH]1,-3.643856189774725
Cc1ccc(Cn2c(-c3cccc(NS(=O)(=O)c4ccccc4[N+](=O)[O-])c3)nc3ccccc32)cc1,-0.0
CNC(C)C1CCC(N)C(OC2C(N)CC(N)C(OC3OCC(C)(O)C(N)C3O)C2O)O1,-0.0
Cc1c(N2CCC(n3ccnn3)C2)c(F)cn2c(=O)c(C(=O)O)cc(C3CC3)c12,6.643856189774724
c1cc2cc(-c3ccc(-c4cnc(N5CCOCC5)nc4)cc3)[nH]c2cc1C1=NCCCN1,0.6665762662748083
CCN1CCCC1Cn1[se]c2ccccc2c1=O,-4.0
COc1ccc2ncc(=O)n(CC(N)C3CCC(NCc4ccc5c(n4)NC(=O)CO5)CO3)c2c1,2.0
N#Cc1ccc2ccc(=O)n(CCN3CCC(NCc4ccc5c(c4)CCCC5)CC3)c2c1,-0.0
C=CCc1c(Cl)nc2nc(N)c(C(N)=O)cc2c1C,3.0
NCC1CN(c2nc3c(cc2F)c(=O)c(C(=O)O)cn3C2CC2F)CC1=NOCc1ccc(Br)cc1,3.0
CCCCSc1nnn(CCCCC(=S)C(S)([Si](C)(C)C)[Si](C)(C)C)n1,-1.9671686075326276
COc1ccc2sc(CNc3nncc(-c4c(OC)ccc5ccccc45)n3)nc2c1,-5.0
COc1ccc(C(CN2CCN(c3cc4c(cc3F)c(=O)c(C(=O)O)cn4C3CC3)CC2)=NO)cc1,-3.643856189774725
COc1ccc2ncc(F)c(CCN3CCC(C(O)C(O)c4ccc5c(c4)OCCO5)CC3)c2n1,-3.0
CCCCCCC(C)=CC(=O)C=C1NC(=O)C(CCCC)O1,-5.0
CC(O)C(NC(=O)c1ccc(C#Cc2ccc(C=NN3CCNCC3)cc2)cc1)C(=O)NO,-2.0
CCc1cc(O)c(Oc2ccc[nH]c2=O)cc1F,-5.0
COCCC1CCC2C(=C(C(=O)O)N3C(=O)C(C(C)O)C23)C1,-0.0
Cc1ccc(-n2c(=O)c3ccccc3n3c4nc5ccccc5c-4nnc23)cc1,-4.643856189774724
CCNC1CC(N)C(OC2OC(CN)=CCC2N)C(O)C1OC1OCC(C)(O)C(NC)C1O,4.058893689053568
NC(=O)c1cc2c(CCO)cc(C(F)(F)F)nc2nc1N,-0.0
CCNC(=O)Nc1cc(-c2nc(C(F)(F)F)cs2)c(-c2cnc3cccnc3c2)cn1,1.1844245711374275
NC1CC(N)CN(c2nc(Nc3ccc(NC(=O)c4ccc5cccnc5c4O)cc3)nc(N3CC(N)CC(N)C3)n2)C1,-1.0
CON=C1CN(c2c(F)cc3c(=O)c(C(=O)O)cn(C4CC4)c3c2F)CC1CN,6.965784284662087
Nc1ccc(S(=O)(=O)Nc2nccc(-n3ccc4ccccc43)n2)cc1,-5.0
C=CC1(C)CC(OC(=O)CSc2cc[n+](C(C)C)cc2)C2(C)C(C)CCC3(CCC(=O)C32)C(C)C1O,-1.0
N#CC1=C(N)Oc2ccc3ccccc3c2C1c1ccc([N+](=O)[O-])cc1,-5.0
c1cc2cc(-c3cnc(-c4cc5ccc(C6=NCCN6)cc5[nH]4)cn3)[nH]c2cc1C1=NCCN1,0.6665762662748083
CC1COc2c(NC(=O)C3CCC(COc4cccc(F)c4F)CC3)c(F)cc3c(=O)c(C(=O)O)cn1c23,-5.0
Cc1ccc(-n2nnc(C(=O)C=Cc3ccccc3)c2C)cc1,-3.0443941193584534
CON=C(C(=O)N1CCN(c2ccc3c4c(cccc24)C(=O)N(c2nnc(C)s2)C3=O)CC1)c1csc(N)n1,-2.0
O=c1nc(NCC(O)CN2CCN(c3nccc4ccc(F)cc34)CC2)c2cc(F)ccc2o1,-3.0
COc1cc(C(=O)C=Cc2cc(O)ccc2O)c(O)c2c1OC(C)(CCC=C(C)C)C=C2,-5.0
CC1(C)SC2C(n3cc(C(O)c4ccc(-c5ccncc5)cc4)nn3)C(=O)N2C1C(=O)[O-],-3.0
O=[N+]([O-])c1ccccc1C=NCCNc1ccnc2cc(Cl)ccc12,-3.0
CCn1cc(C(=O)O)c(=O)c2cc(F)c(N3CC(N)C3C)nc21,2.0
O=C(O)c1cn(C2CC2)c2c(F)c(N3CCC(=NO)CC3)c(F)cc2c1=O,2.321928094887362
O=C1c2cccc3c(NN=Cc4nccs4)ccc(c23)C(=O)N1C(CO)CO,-5.0
Clc1ccc(-c2nn3c(COc4ccc(-c5ccccc5)cc4)nnc3s2)cc1,-4.643856189774724
COc1ccc(C2=NN(C(=O)COc3ccc(C)cc3)C(O)(c3cc(F)c(Cl)cc3Cl)C2)cc1OC,-3.643856189774725
COc1c(N2CC(N)C(C(F)(F)F)C2)c(F)cc2c(=O)c(C(=O)O)cn(C3CC3)c12,4.321928094887363
O=CN(O)CC(CC1CCCC1)C(=O)N1CC=CC1C(=O)Nc1ccccc1,-5.0
Cc1ccc(C2=Nn3c(Cc4ccc(S(C)(=O)=O)cc4)nnc3SC2)cc1,-3.643856189774725
Cc1c(-c2nnc(-c3ccccc3)o2)sc2ncnc(N3CCOCC3)c12,5.566613190842264
Cn1cc(C(=O)O)c(=O)c2cc(F)c(N3CCNCC3)cc21,2.0
COc1ccc(C2=Nn3c(nnc3-c3ccc([N+](=O)[O-])o3)SC2)cc1,-4.643856189774724
COCC(C)c1c(N2CCC(=NOC)C(CN)C2)c(F)cc2c(=O)c(C(=O)O)c[nH]c12,-2.0
Cc1ccc(Nc2c3ccccc3[n+](C)c3c2oc2ccccc23)cc1,-3.584962500721156
CN(C)C1C(O)=C(C(N)=O)C(=O)C2(O)C(O)=C3C(=O)c4c(O)c5c(c(F)c4CC3CC12)C1N(C)CCC1(C)CN5,2.0
O=C(c1ccncc1)N1CCN(c2ccc(N3CC(Cn4ccnn4)OC3=O)cc2F)CC1,-3.0
OB1OCC=C1c1ccc(Br)cc1,-4.392317422778761
Nn1c(S)nnc1-c1ccc([N+](=O)[O-])o1,-4.643856189774724
CCOC(=O)C1=C(N)Oc2[nH]nc(C)c2C1c1cc(=O)oc2ccc(C)cc12,-3.643856189774725
OB(O)c1cc(-n2cc(-c3ccsc3)nn2)ccc1F,4.058893689053568
N#Cc1cccc(Nc2nc3c(-c4cccc(F)c4)nc4ccccc4c3o2)c1,-3.643856189774725
COc1ccc(-c2nnc(-c3cnc4ccccc4c3)o2)c(F)c1,-2.584962500721156
N=C1C(=S)N(c2ccccc2)C(=O)N1Cc1ccccc1,-4.008988783227255
O=c1ccc2ncc(F)c(CCC34CCC(NCc5cnc(-c6ccccn6)s5)(CC3)CO4)c2n1CCO,-5.0
Cc1c(N2CCC(C(C)N)C2)c(F)cc2c(CN)cc(=O)n(C3CC3)c12,4.058893689053568
CCCCCCCCCCC(=O)c1c(O)cc(O)c(C(CC(C)C)C2=C(O)C(C)(C)C(=O)C(C)(C)C2=O)c1O,-5.0
Cc1c(N2CC3C(N)C3C2)c(F)cc2c(CN)cc(=O)n(C3CC3)c12,2.0
Cn1nnnc1SCC1=C(C(=O)[O-])N2C(=O)C(NC(=O)CSCC(F)(F)F)C2SC1,-0.6780719051126377
O=C1NC(Cc2ccccc2)C(=O)N2CCCC12,-4.321928094887363
Cc1oc(-c2ccccc2)nc1CCCc1nc2cc(CC(Oc3ccc(Br)cc3)C(=O)O)ccc2o1,-3.643856189774725
O=c1[nH]sc2c1c(=O)c1cc(F)c(-c3cccc4ncccc34)cc1n2C1CC1,5.965784284662087
O=C(O)CSC(=O)C(Cc1c[nH]c2ccccc12)NC(=O)c1ccc(C(F)(F)F)cc1,-2.0
N#CC1=C(N)OC2=C(CNc3c2cccc3[N+](=O)[O-])C1c1cccs1,-4.087462841250339
Cc1ccc(NN=C2C(=O)N(CC(O)CSc3nnnn3C)c3ccccc32)cc1,-5.0
CC1CN(c2c(F)c(N)c3c(=O)c(C(=O)O)cn(C4CC4)c3c2F)CC(C)N1,9.965784284662087
Cc1c(N2CC(NC(C)(C)C)C2)c(F)cc2c(=O)c(C(=O)O)cn(-c3nc(N)c(F)cc3F)c12,4.717856771218502
COc1ccc(Cc2cnc(N)nc2N)cc1OC,1.0
C=CC(C)(C=Cc1ccc(OCCCCN2CCCNCCNCCCNCC2)cc1)CCC=C(C)C,-1.6438561897747246
CCCNc1nc(F)c2c(c1O)C(=O)C1=C(O)C3(O)C(=O)C(C(N)=O)=C(O)C(N(C)C)C3CC1C2,-1.0
COc1ccc(C=NNC(=O)c2ccc3c(c2)OCCCO3)cc1OC,-1.6461626571578936
COc1cc(C=Nn2c(=O)c(C(C)=O)cc3cc(Cl)ccc32)cc(OC)c1OC,-0.6780719051126377
CC1OC(OC2C(N)CC(N)C(OC3CCC(N)C(CN)O3)C2O)C(O)C(N)C1O,-4.0
COc1cccc(Nc2nnc(C3(C)OCCc4cc(OC)c(OC)c(OC)c43)s2)c1,-2.643856189774725
Cc1cc(=O)oc2cc(Oc3nc(Nc4ccccc4)nc(N4CCN(c5cccc(Cl)c5Cl)CC4)n3)ccc12,-3.643856189774725
CC(C)c1ccc2c(c1)CCC1C(CNC(=O)c3ccccn3)(Cc3ccccc3)CCCC21C,-5.0
Nc1c(F)c(N2CC(N)C2)c(F)c2c1c(=O)c(C(=O)O)cn2C1CC1,6.058893689053568
NC1CC(N)CN(c2nc(Nc3ccc(NC(=O)c4cccc(O)c4O)cc3)nc(N3CC(N)CC(N)C3)n2)C1,-3.0
CCCNc1cc(C=Cc2ccc(N(C)C)cc2)[n+](C)c2ccccc12,-5.0
O=C(O)c1cn(C2CC2)c2c(F)c(OCc3ccccc3)c(F)cc2c1=O,-0.6415460290875237
CC1(C)CC(=O)C2=C(C1)N(c1ccc(F)cc1)C(=O)CC2c1cn(-c2ccccc2)nc1-c1ccc([N+](=O)[O-])cc1,3.321928094887362
Cn1cc(CN2CCN(Cc3ccc(Cl)cc3Cl)CC2)c2cc(Br)ccc21,-4.0
O=C(NN=C1C(=O)Nc2ccc(F)cc21)NN=C1C(=O)Nc2ccc(F)cc21,-2.643856189774725
Cn1c(C2CC(=O)N(c3ccc4ccccc4c3)C2)nc2ccccc21,-5.0
CC(CCN1Cc2cc(C#CC#CC3(N)CC3)sc2C1=O)(C(=O)NO)S(C)(=O)=O,2.0
Fc1ccc(CN2COc3c(cc(F)c4cccnc34)C2)c(F)c1,-4.643856189774724
N#CC1=C(N)Oc2c(c(=O)oc3ccccc23)C1c1cc(=O)oc2ccc(Cl)cc12,-2.643856189774725
COc1ccc2c(c1)CN(C1CC(c3ccc(-c4ccco4)cc3)=NN1c1nc(-c3ccccc3C(F)(F)F)oc1C)CC2,-0.6433944534798923
CCCOc1c(CN(C)C(=O)C=Cc2cnc3c(c2)CC2(CCN(C)CC2)C(=O)N3)cccc1OC,-2.0
CN=c1ncn(C)c2ncn(CC=C(C)CCC=C(C)CCC=C(C)CCC=C(C)C)c12,-4.0
CCC(CC)=NNc1nc(-c2ccc(I)cc2)cs1,-5.0
O=C(Cc1ccc(F)cc1)NC1C(=O)N2C(C(=O)O)=C(Cl)CSC12,-5.0
COc1ccc(-c2cc(=O)c3cc(CN4CCOCC4)ccc3o2)cc1OC,-3.321928094887362
CC(C)=CCn1cc(C(=O)O)c(=O)c2cc(F)c(CC#N)cc21,1.0
CC(C)n1cc(NC(=O)c2cc(NC=O)cn2C)cc1C(=O)Nc1cc(C(=O)NCCCN(C)C)n(C)c1,-5.0
NC1CN(c2c(F)cc3c(=O)c(C(=O)O)cn(C4CC4)c3c2F)CC1=NOCCF,5.965784284662087
CC(C)c1csc(-c2nnc(SCC(=O)NN=Cc3ccc(Cl)cc3)n2-c2ccccc2)n1,-4.965784284662087
NC1CCN(c2cc3c(cc2F)c(=O)c(C(=O)O)cn3-c2ccc(F)cc2)C1,5.643856189774724
CC(=O)NCC1CN(c2ccc(Oc3ccc(NC(C)=O)cc3)c(F)c2)C(=O)O1,-4.0
CCCCCCc1ccc(OCCCCCCCC(=O)NCCO)cc1O,-3.0
CCOc1cc(-c2cccc(C(=O)NC(CN)c3ccccc3)c2)ccc1F,-5.0
O=c1cc(-c2ccccc2)oc2c(O)c(O)ccc12,-2.963474123974886
N#Cc1ccc(Cn2cc(CN3c4ccccc4Sc4cc(C=NNC(=O)c5ccncc5)ccc43)nn2)cc1,-4.643856189774724
COc1ccc2ncc(CO)c(CCC34CCC(NCc5ccc6c(n5)NC(=O)CO6)(CC3)CO4)c2n1,-4.0
CC(C)CCCC(C)C1CCC2C3CC=C4CC(=NNC(N)=O)CCC4(C)C3CCC12C,-1.6415460290875237
Cc1ccc2c(c1)c1c(ccc[n+]1C)n2CCCCCC1CCCCC1,-4.321928094887363
CN(C)c1cc(NC(=O)c2ccccc2F)c(O)c2c1CC1CC3C(N(C)C)C(=O)C(C(N)=O)=C(O)C3(O)C(=O)C1=C2O,-5.0
CCNC(C)C1CCN(c2cc3c(c(N)c2F)c(=O)c(C(=O)O)cn3C2CC2)C1,3.321928094887362
COC(=O)C1(C)CCCC2(C)c3ccc(C(C)C)cc3-c3c(c4ccccc4n3CCn3cnnn3)C12,-4.963474123974886
CS(=O)(=O)c1ccc(Cc2nnc3n2N=C(c2ccccc2)CS3)cc1,-2.643856189774725
Cn1c(C(=O)NCc2ccccc2)nc2ccccc21,-5.0
C=Cn1cc(C(=O)O)c(=O)c2cc(F)c(N3CCC(CNCC)C3)c(F)c21,3.321928094887362
CCCCCCCCn1c(CN2CCN(c3cc4c(cc3F)c(=O)c(C(=O)O)cn4CC)CC2)nc2ccccc21,-3.0
O=c1c2nc([N+](=O)[O-])cn2ccn1CCN1CCOCC1,-5.0
Cc1cc(C(=O)O)c(=O)n2cc(F)c(N3CCC(N)C3)c(C)c12,4.321928094887363
O=C(Nc1nccs1)c1ccccn1,-3.643856189774725
CCOC(=O)c1cn(C)c2cc([C-](C#N)C(=O)OCC)c(F)cc2c1=O,-4.0
CC(=Cc1ncc(-c2ccc([N+](=O)[O-])cc2)o1)CC1OCC(CC2OC2C(C)C(C)O)C(O)C1O,4.058893689053568
Cn1nnnc1SCC1=C(C(=O)[O-])N2C(=O)C(NC(=O)CSCC#N)C2SC1,0.3219280948873623
N#Cc1ccccc1C(C#N)N=Nc1ccc(Cl)cc1,-2.643856189774725
Nc1c(F)c(N2CCc3sc(Br)cc3C2)c(F)c2c1c(=O)c(C(=O)O)cn2C1CC1,-4.0
O=c1c(C(NCc2ccc(OC(F)(F)F)cc2)c2ccccc2)csc2ccccc12,-3.0
CCCCCC(=O)NC(Cc1c[nH]c2ccccc12)C(=O)SCC(=O)O,-2.0
Cc1ccc(Cn2c(-c3cccc(NS(C)(=O)=O)c3)nc3ccccc32)cc1,-1.0
Cc1c2c(cc[n+]1C)c1ccccc1n2CCCCCCCCn1c2ccccc2c2cc[n+](C)c(C)c21,-3.0
CCC1OC(=O)C(C)CC(C)C(OC2OC(C)CC(N(C)C)C2O)C(C)(OC)CC(C)C(=NO)C(C)C(O)C1(C)O,2.321928094887362
C=Cc1ccccc1-c1nc(N2N=C(c3ccc(-c4ccco4)cc3)CC2N2CCc3ccc(OC)cc3C2)c(C)o1,-1.6438561897747246
Cc1[nH]c(C(=O)Nc2nc3c(OC(CN4CCOCC4)c4ccccc4)cc(C(=O)O)cc3s2)cc1Cl,3.0
COc1cccc(N2CCC(=CC3=C(C(=O)O)N4C(=O)C(NC(=O)C(=NO)c5csc(N)n5)C4SC3)C2=O)c1,1.0
O=C(NN1C(=O)C(=Cc2ccc(Cl)cc2)SC1c1ccccc1)c1ccc(-c2ccccc2)cc1,-1.6415460290875237
CCOC(=O)C1=C(C)NC(=O)NC1c1cc(=O)oc2c1ccc1ccccc12,-4.643856189774724
Cc1cc(C)cc(Nc2nc3c(-c4ccc(F)cc4)nc4ccccc4c3o2)c1,-2.643856189774725
CN(C)C1C(O)=C(C(N)=O)C(=O)C2(O)C(O)=C3C(=O)c4c(O)c5c(c(F)c4CC3CC12)C1NCCC1(C)CN5,1.0
Cc1c(C(=O)C=Cc2ccc(Cl)cc2)nnn1-c1ccc(Cl)c(Cl)c1,-0.37851162325372983
O=C(O)CNC(=O)c1ccc(NC(=S)NN=Cc2ccc(F)cc2)cc1,-2.643856189774725
CCCCC#Cc1ccc(-c2nc(C)c(C(C)=NNC(=N)N)s2)cc1,-0.0
O=C1COc2ccc(CNC34CCC(CC5(O)Cn6c(=O)cc(Cl)c7ncc(F)c5c76)(CC3)OC4)nc2N1,-3.0
CC1CN(c2cc3c(cc2F)c(=O)c(C(=O)O)cn3C(C)(C)CF)CC1N,6.965784284662087
COC(=O)c1ccc2nc(Cn3ccc4c5c(N)nc(N)nc5ccc43)sc2c1,-3.0
O=C(c1ccc(Cl)cc1)c1cc(NC(=O)c2cc(Br)cc(Br)c2O)ccc1Br,-3.0
Oc1nc(-c2cc3cc(Br)ccc3o2)cc(-c2cccs2)n1,-2.111031312388744
COc1ccc(C=Nn2c(S)nnc2-c2ccncc2)cc1,-3.350497247084133
O=C1CCCC2=C1C(c1cn(-c3ccccc3)nc1-c1cccs1)CC(=O)N2c1ccc(F)cc1,3.321928094887362
COc1cc(C=NNC(=O)CSc2nnc(-c3nc(C(C)C)cs3)n2-c2ccccc2)ccc1O,-3.0
CC(C)Nc1nccc(NCc2ccc(-c3ccccc3)s2)n1,-5.0
Cc1c(N2CCC(CNCCF)C2)c(F)cn2c(=O)c(C(=O)O)cc(C3CC3)c12,2.321928094887362
CC(O)C(C)C1OC1CC1COC(CC2=CC(=O)OC2)C(O)C1O,-4.643856189774724
O=C1C(Cl)C(c2ccc(Cl)cc2)N1N=CCCn1nnc2ccccc21,3.321928094887362
O=C(NCC(OCc1ccc(C#Cc2ccc(CN3CCOCC3)cc2)cc1)C(=O)NO)c1ccc(-c2ccccc2)cc1,2.9434164716336326
O=C(NN=Cc1cc([N+](=O)[O-])ccc1O)c1ccc2c(c1)OCCCO2,-2.643856189774725
CC(O)C(NC(=O)N1CCN(c2ccc(-c3ccc(N4CCOCC4)cc3)cc2)CC1)C(=O)NO,-1.6461626571578936
CCOC(=O)C1=C(N)Oc2c(c(=O)oc3ccccc23)C1c1cc(=O)oc2c1ccc1ccccc12,-0.6415460290875237
CC(C)(C)c1ccc(NC(c2ccccc2)C2CCCCC2=O)cc1,-3.643856189774725
COc1c(N2CC[N+]3(CN4C(C)=CC(C)=C(C(=O)O)C4=N3)C(C)C2)c(F)cc2c(=O)c(C(=O)O)cn(C3CC3)c12,-0.0
CN1C2CCC1CN(c1cc3c(cc1F)c(=O)c(C(=O)O)cn3C)CC2,-2.643856189774725
Fc1ccc(Nc2nn3c(COc4ccc(-c5ccccc5)cc4)nnc3s2)cc1,-4.643856189774724
Cn1nnnc1SCC1=C(C(=O)O)N2C(=O)C(NC(=O)C(N)c3ccccc3)C2SC1,-1.632268215499513
COc1ccc(CON=C2CN(c3nc4c(cc3F)c(=O)c(C(=O)O)cn4C3CC3)CC2CN)c(OC)c1,3.0
Clc1ccc(CNc2nc3nonc3nc2NCc2ccc(Cl)cc2)cc1,1.0
Cn1ccnc1SCC(O)CNC1CCN(c2c(F)cc3c(=O)c(C(=O)O)cn(C4CC4)c3c2Cl)C1,-0.0
CC(C)(ON=C(C(=O)NC1C(=O)N(S(=O)(=O)O)C1Cn1cc(CNC(=N)N)nn1)c1csc(N)n1)C(=O)O,2.0
CCN1CCCC1c1cc(O)c2c(c1C(F)(F)F)CC1CC3C(N(C)C)C(O)=C(C(N)=O)C(=O)C3(O)C(O)=C1C2=O,6.002310160687201
CC(C)(O)CCCC(C)(O)c1ccc(C(=O)O)cc1O,-5.0
O=c1cc(CCl)oc(CN2CCN(c3ccc(F)cc3)CC2)c1O,-4.0
COc1ccc(C=C2SC(=O)N(Cc3ccc(-c4ccccc4-c4nnn[nH]4)cc3)C2=O)c(OC)c1,-2.9541963103868754
Cc1ccc(C(=O)NCC(C)N=Cc2cc(Br)cc(Br)c2O)c(O)c1,0.3584539709124763
CCOC(=O)C(=CNc1ccc(Cl)cc1)c1ccc(OCc2ccccc2)cc1,-3.643856189774725
CC(C)CNc1nccc(NCc2ccc(-c3ccc(Cl)cc3)s2)n1,-3.0
NCC1CN(c2nc3c(cc2F)c(=O)c(C(=O)O)cn3-c2ccc(F)cc2F)CC1=NOC(F)F,6.965784284662087
CC1(C)SC2C(NC(=O)C(N)c3ccccc3)C(=O)N2C1C(=O)OCOC(=O)C1N2C(=O)CC2S(=O)(=O)C1(C)C,-4.643856189774724
Cn1c(C2CC(=O)N(c3ccccc3)C2)nc2ccccc21,-5.0
C=CC1(C)CC(OC(=O)CSC(C)(C)CNC(=O)C(N)C(C)C)C2(C)C(C)CCC3(CCC(O)C32)C(C)C1O,2.0
O=C1c2cccc3c(NN=Cc4ccncc4)ccc(c23)C(=O)N1C(CO)CO,-5.0
O=C1COc2ccc(N3CC(CCCNC4Cc5ccccc5C4)OC3=O)nc2N1,-1.0
CC1Cn2cc(-c3nc4c(cc3F)C(=O)C(C(=O)O)CN4C3CC3)cc2CN1,-1.0
COC(=O)C(CCCNC(=N)N[N+](=O)[O-])NC(=O)c1ccc(-c2nc3cc(C)c(C)cc3[nH]2)cc1,-3.643856189774725
NC(=O)c1cc(OCCOc2ccccc2N)c2ccccc2c1,-1.0
c1ccc(NCCNc2ncnc3[nH]cnc23)cc1,-4.643856189774724
O=C(NN=Cc1ccc([N+](=O)[O-])cc1)c1ccccc1C(=O)c1ccccc1,-4.643856189774724
CC1CCC2(NC1)OC1CC3C4CCC5CC(NCC(N)Cc6ccc(O)cc6)CCC5(C)C4CCC3(C)C1C2C,-3.0
CN(C)CC1CCN(c2nc3c(cc2F)c(=O)c(C(=O)O)cn3C2CC2)C1,4.321928094887363
Cc1ccc(-c2ccnc3c(C(N)=O)c(Nc4ccccc4)nn23)cc1,-3.9653225483672547
CNS(=O)(=O)c1ccc(C#CC#Cc2ccc(N3CC(C(=O)NO)OC3=O)cc2)cc1,3.6803820657998387
CCn1cc(C(=O)O)c(=O)c2cc(F)c(N3CCN(c4nccc(N)n4)CC3)cc21,-2.0
Cc1c(N2CC3CC3(N)C2)c(F)cc2c(CN)c(O)c(=O)n(C3CC3)c12,2.0
CCN1C(=O)C(=Cc2ccc([N+](=O)[O-])o2)SC1=S,-4.0
Fc1ccc(CN(CCBr)CCn2cncn2)c(F)c1,-5.0
COc1cc(C=CC(=O)O)ccc1O,-5.0
COc1cc(-n2c(=O)c3ccccc3c3ccccc3c2=O)cc(OC)c1OC,-1.3219280948873624
O=C(O)CSC(=O)C(Cc1c[nH]c2ccccc12)NC(=O)c1ccc(Cl)cc1,-2.0
CC(c1ccc(Cl)c(Cl)c1)n1cnc2cc3c(cc21)CC(C)(C)C3,-3.643856189774725
C#CCON=C(C(=O)NC1CN2CC(S(C)(=O)=O)=C(C(=O)O)N2C1=O)c1csc(N)n1,2.0
CC(C)C(ON=C(C(=O)NC1C(=O)N(S(=O)(=O)O)C12CCCCC2)c1csc(N)n1)c1cc(=O)c(O)cn1O,-2.0
COc1ccc2c(c1)CCC1C2=NN(C2=NC(=O)C(C)S2)C1c1ccccc1,-2.643856189774725
COc1ccc(C=NNCc2ccc(C(=O)O)cc2)c(OC)c1,-5.0
Nc1nc(COC(=O)c2ccc(Br)cc2)cs1,-4.643856189774724
CCOC(=O)C1=C(N)Oc2[nH]nc(C)c2C1c1cc(=O)oc2c1ccc1ccccc12,-2.643856189774725
O=C(O)C(Cc1c[nH]c2ccccc12)N1C(=O)C(=Cc2cccc(OCc3ccc(Br)cc3)c2)SC1=S,-3.0
O=C(NCCNc1ccnc2c(F)cc(F)cc12)Nc1ccccc1C(F)(F)F,-3.321928094887362
CCCCCCCCCCCCCC(Nc1ccccc1)=C1C(=O)CNC1=O,-5.0
C=C(C(=O)OC)C(O)c1ccc([N+](=O)[O-])cc1,-4.087462841250339
Fc1ccccc1NCc1nc2ccccc2[nH]1,-5.0
C#CCON=C(CS(=O)(=O)c1ccc(NC(C)=O)cc1)c1nccs1,-4.0
CC(=O)NCC1CC(c2cc(F)c(N3CCOCC3)c(F)c2)=NO1,-4.0
O=c1ccc2ncc(F)c(CCC34CCC(NCc5cc6c(cn5)OCCO6)(CC3)CO4)c2n1CCO,-4.0
Cc1ccc(Cn2c(-c3cccc(NS(=O)(=O)c4ccc(C)cc4)c3)nc3ccccc32)cc1,-1.0
COc1ccc(C(=O)CC(c2ccccc2)C2CCCc3[se]nnc32)cc1,-3.643856189774725
CCC(=O)NC1=NN(C(=O)CC)C2(S1)C1CCCC2C(c2ccc(C)cc2)NC1c1ccc(C)cc1,-4.643856189774724
O=C1c2ccccc2C(=O)N1CCC[Si-]123OCC[N+]1(CCO2)CCO3,2.321928094887362
O=C1OC(=Cc2ccc(O)cc2)C(c2ccc(O)cc2)=C1C(=O)c1ccco1,-4.965784284662087
CCCCCCOc1ccc(C=Cc2cc(-c3ccccc3)c[n+](C)c2-c2ccccc2)cc1,-2.0
CC(O)C1C(=O)N2C(C(=O)O)=C(c3ccc(CN)cc3)CC12,-1.8073549220576042
N#CC(=Cc1cnc(N2CCOCC2)nc1)c1nc2ccccc2[nH]1,-4.797012977836145
C#CCN(C)c1nc(NCCCC2CCN(Cc3ccccc3)CC2)c(C#N)c(-c2ccccc2)c1C#N,-5.0
CC(C)CCc1nc2cc(CC(Oc3ccc(C(C)(C)C)cc3)C(=O)O)ccc2o1,-1.6415460290875237
Cc1cc(=O)oc2cc(N=C3SC(=Cc4cccs4)C(=O)N3CCO)ccc12,-5.0
CCNC(=O)c1cc(-c2sc(-c3cccnc3)nc2C2CCCN2)n[nH]1,-5.0
CN1CCN(c2nc3c(cc2F)c(=O)c(C(=O)O)c2n3CCS2)CC1,2.321928094887362
COc1cc(Br)c(C2C(C#N)=C(N)OC(c3c[nH]c4ccccc34)=C2C#N)cc1OC,-4.882643049361842
CCCCCCCCCc1ccccc1C(=O)NS(=O)(=O)c1ccc(Br)cc1,-0.0
CC1(N)CN(c2nc3c(cc2F)c(=O)c(C(=O)O)cn3-c2ccc(F)cc2F)C1,3.0588936890535687
CC(C)C(=O)c1c(O)cc2c3c1OC1(C)CCC(C3C1)C(C)(C)O2,-0.0
O=C1OC(CN2CCCCC2)CN1c1ccc(-n2cc(-c3ccccn3)cn2)c(F)c1,-5.0
COc1ccc(-c2cc(=O)c3cc(CN(C)C)ccc3o2)cc1OC,-4.643856189774724
CC1COc2c(NC(=O)C3CCC(COc4ccc([N+](=O)[O-])cc4)CC3)c(F)cc3c(=O)c(C(=O)O)cn1c23,-5.0
Cc1ccc2nc(Cl)c(C=NO)cc2c1,-5.0
CSCCC(NC(=O)Cc1ccc(-c2ccccc2)cc1)C(=O)SCC(=O)O,-2.0
COc1ccccc1C1CCN(C(=O)C=Cc2ccc(NC(C)=O)nc2)C1,0.4150374992788438
Nc1nc(N)c2cc(S(=O)(=O)c3ccc4ccccc4c3)ccc2n1,-4.643856189774724
Cn1c(=O)cc(OCc2nn(CN3CCN(c4ccc(C(F)(F)F)cc4)CC3)c(=S)o2)c2ccccc21,-4.643856189774724
CCOC(=O)C1=C(C)NC(=S)NC1c1ccc(NC(=O)Nc2ccccc2C(F)(F)F)cc1,-3.9068905956085187
Cn1nnnc1NCC1=C(C(=O)[O-])N2C(=O)C(NC(=O)CS(=O)(=O)CC(F)(F)F)C2SC1,-2.655351828612554
Cc1ccc(OCc2ccccc2-c2nnc(-c3ccc(Cl)cc3)o2)cc1,-4.643856189774724
CS(=O)(=O)C1=C(C(=O)O)N2C(=O)C(NC(=O)C(=NOCCCF)c3csc(N)n3)CN2C1,5.058893689053568
c1ccc2cc(COc3cccc4cccnc34)c(COc3cccc4cccnc34)cc2c1,-5.0
Cc1nc(-c2ccccc2)sc1-c1nnc(S)n1N=Cc1cccc(O)c1,-0.963474123974886
CC(C)CCOc1ccccc1-c1ccccc1OCc1cn(CC(CCCCN)NC(=O)Cc2ccccc2)nn1,-5.0
O=C(Nc1ccc(Cl)c(Cl)c1)Nc1ccc2cc[nH]c2c1,-0.0
O=C1c2cccc3c(Br)ccc(c23)C(=O)N1CCCCCn1cc[n+](Cc2ccc(F)cc2F)c1,-4.0
O=C(O)C1=C(CSc2cccc[n+]2[O-])CSC2C(NC(=O)C(O)c3ccccc3)C(=O)N12,1.0
O=c1ccc2ncc(F)c3c2n1CC3(O)CC12CCC(NCc3cc4c(cn3)OCCS4(=O)=O)(CC1)CO2,-5.0
O=C(Nc1ccc(F)cc1)OC(CCN1CCC(O)(c2ccc(Cl)cc2)CC1)c1ccccc1,-2.0
COc1ccc(C2C(Cl)C(=O)N2N=CCCn2nnc3ccccc32)cc1,-0.0
Cc1ccc(-[n+]2ccn(Cc3ccccc3)c2C=NO)cc1,-1.6415460290875237
CON=C(C(=O)NC1C(=O)N2C(C(=O)O)=C(CN3CCNCC3)CSC12)c1csc(N)n1,2.0
CN(C)C1CN(c2nc3c(cc2F)c(=O)c(C(=O)O)cn3C2CC2)CCC1=NOCc1ccccc1,-4.0
CCOC(=O)Cc1csc(N2N=C(c3ccccc3)CC2c2c(F)cccc2F)n1,-3.0
CN(C)N(Cn1nc2c(F)cc3c(=O)c(C(=O)O)cn(C4CC4)c3n2c1=O)N(C)C,-0.0
Cn1cc(CON=C(C(=O)NC2C(=O)N(S(=O)(=O)O)C2(C)C)c2csc(N)n2)nn1,-1.0
CON=C(C(=O)NC1C(=O)N2C(C(=O)O)=C(CSC(=O)c3ccco3)CSC12)c1csc(N)n1,2.0
CNC1(C)CN(c2cc3c(cc2F)c(=O)c(C(=O)O)cn3C2CC2)C1,4.058893689053568
CCOC(=O)N1CCc2c(oc3cc(C=C4C(=O)N5C(C(=O)[O-])=CSC45)nn23)C1,4.058893689053568
CCCCCCCCCCNC1=NC(C)(C)NC(Nc2ccccc2)=N1,-3.643856189774725
CCN(CC)C(=O)Nc1ccc(Br)cc1,-4.643856189774724
Sc1nnc(-c2ccncc2)n1N=Cc1ccccc1,-3.350497247084133
CC(C)=CCCC(C)=CCCC(C)=CCCC(C)=CCn1cnc2c1c(=N)ncn2C,-3.0
COc1ccc(C=NNc2nc(=S)[nH]c(-c3ccc(F)cc3)c2C#N)cc1,-4.0
CCCCCCNC(=O)C[N+](C)(C)CCCOc1cc(C)ccc1C(C)C,-4.0
Cc1[nH]c2cc3ccccc3cc2c(=O)c1CC(=O)O,-3.1651079851445365
CCCCCCCCn1c(CC(C)C)cnc1N,-1.0
CC(=O)OCC1=C(C(=O)OC(c2ccccc2)c2ccccc2)N2C(=O)C(Nc3nc4cc(C)ccc4[nH]3)C2SC1,4.058893689053568
Cc1cc(-c2cc3c(cc2F)c(=O)c2c(=O)[nH]sc2n3C2CC2)cc(C)c1O,3.0
CCCNC(=O)C[n+]1ccc(C(=O)N2CCN(c3cc4c(cc3F)c(=O)c(C(=O)O)cn4C3CC3)CC2)cc1,-4.0
O=C1COc2ccc(N3C(=O)OC4CC(NCCn5c(=O)ccc6ccc(C(=O)O)cc65)CCC43)nc2N1,-4.0
Cc1nc2c(=O)n(C3CC3)c3cc(N4CCC(N)CC4)c(F)cc3c2o1,-1.0
CCn1cc(C(=O)O)c(=O)c2ccc(C)nc21,3.0
O=C1Nc2cc(Br)ccc2C1=C1Nc2cc(Cl)ccc2C1=NO,-1.0
COC(=O)c1cn(C2CC2)c2cc(N3CCN(C=Nc4nc5ccccc5[nH]4)CC3)c(F)cc2c1=O,-3.0
CN(C)C1C(O)=C(C(N)=O)C(=O)C2(O)C(O)=C3C(=O)c4c(O)c(NCCNC(C)(C)C)cc(F)c4CC3CC12,-1.0
C#CCSc1nnc(-c2cn(CC)c3cc(N4CCN(C(=O)C(O)(CC(=O)O)CC(=O)O)CC4)c(F)cc3c2=O)o1,-0.6870606883398924
CC(C)C(ON=C(C(=O)NC1C(=O)N(S(=O)(=O)O)C12CCOCC2)c1csc(N)n1)c1cc(=O)c(O)cn1O,-0.0
CC(CCN1Cc2cc(C#CC#CCOC(=O)N3CCC(O)CC3)cn2C1=O)(C(=O)NO)S(C)(=O)=O,1.0
CC(NC(=O)C(N)CF)P(=O)(O)O,2.0
CC(O)C1C(=O)N2C(C(=O)O)=C(C=CC3CCCN3)C(C)C12,0.3584539709124763
CC1COc2c(N3CC(N)C3)c(F)cc3c(=O)c(C(=O)O)cn1c23,6.058893689053568
CCn1cc(C(=O)O)c(=O)c2cc3c(cc21)OCO3,3.321928094887362
CC(C)(C)c1ccc(Cc2cnc(N)nc2N)cc1,-3.321928094887362
N#CC(=Cc1ccc([N+](=O)[O-])cc1)C(=O)c1ccccc1,-5.0
Cn1nnnc1SCC1=C(C(=O)[O-])N2C(=O)C(NC(=O)CS(N)(=O)=O)C2SC1,-1.632268215499513
CN(C)CCNCc1cc2cc3c(cc2n1C)CCCc1c-3[nH]c(=O)c(C(=O)O)c1O,1.0
O=C(O)c1cn(C2CC2)c2c(F)c(N3CCNCC3)c(F)c(Cl)c2c1=O,6.321928094887363
Clc1cc(Cl)c(Cl)c(-c2nc(-c3cccnc3)cs2)c1,-3.643856189774725
CON=C(C(=O)NC1C(=O)N2C(C(=O)[O-])=C(C[n+]3cccc4occc43)CSC12)c1csc(N)n1,4.058893689053568
CNc1cccc2c(O)c3c(cc12)CC1CC2C(N(C)C)C(O)=C(C(N)=O)C(=O)C2(O)C(O)=C1C3=O,-5.0
Cc1cc(-c2ccc3c(=O)c(C(=O)O)cn(C4CC4)c3c2)cc(C)n1,2.0
Cc1ccc(-n2sccc2=O)cc1,-4.643856189774724
Nc1nc(N)c2cc(Sc3cccc4ccccc34)ccc2n1,-3.9068905956085187
CCOc1ccc(Br)cc1-c1cc2nc(N)nc(N)c2cc1C,-5.0
Cc1cccc(C)c1NC1=Nn2c(nnc2-c2cc(F)c(Cl)cc2Cl)SC1,-3.643856189774725
N#CSc1c(-c2ccccc2)nc2sc(Cc3noc4ccccc34)nn12,-1.584962500721156
CC(NCCCN)C1CCC2C3CCC4=CC(NCCCN)CCC4(C)C3CCC12C,-3.321928094887362
COc1ccc(-c2nnc3sc(-c4[se]c5ncnc(Nc6ccc(Cl)cc6)c5c4C)nn23)cc1,-3.643856189774725
CCCCN1CCN(c2cc3c(cc2F)c(=O)c(C(=O)O)cn3C2CC2)CC1,3.321928094887362
Cn1nc(O)c(=O)nc1SCCOc1ccc2sc(CNc3nncc(-c4c(Cl)cccc4Cl)n3)nc2c1,-0.0
COc1cc2c(c(O)c1OCC=C(C)CCC=C(C)CCCC(C)(C)O)COC2=O,-5.0
CC=Cc1cc(Cc2cnc(N)nc2N)cc(OC)c1OC,-2.584962500721156
COc1ccc(S(=O)(=O)Nc2cccc(-c3nc4ccccc4n3Cc3ccc(C)cc3)c2)cc1,-2.0
COc1c(N2CC3CCCN(S(=O)(=O)c4ccc(F)cc4)C3C2)c(F)cc2c(=O)c(C(=O)O)cn(C3CC3)c12,-1.2750070474998698
C=C(C#N)C(O)c1ccc(Cl)cc1Cl,-4.169925001442312
CC(=O)NC1=NN(C(C)=O)C2(S1)C1CCCC2C(c2ccccc2Cl)NC1c1ccccc1Cl,-3.643856189774725
Nc1nc(N)c2c(ccc3c2ccn3Cc2ccc3nc(N)sc3c2)n1,-2.0
CC(=O)C(=Cc1cn(CC(=O)N2CCCC2)c2ccccc12)n1cc([N+](=O)[O-])nc1C,-3.0
Fc1ccc(CN(CCn2ccnc2)CCn2ccnc2)c(F)c1,-4.0
C#CC#CC#CC=CC=CC(C)O,-4.643856189774724
COc1ccc2ncc(F)c(CCC34CCC(NCc5cc(C)c6c(n5)NC(=O)CO6)(CC3)CO4)c2n1,-3.0
N#Cc1ccc(-c2ccc(-c3cccs3)s2)cc1,-3.9068905956085187
CNc1cc(F)cc2cc(C(=O)Nc3cnc(C(=O)O)nc3)c(=O)[nH]c12,-4.0
O=C(NO)C(COCc1ccccc1)OCc1ccc(C#Cc2ccc(CN3CCOCC3)cc2)cc1,1.0
CN1CCN(c2c(F)cc3c(=O)c(C(=O)O)c4scc5n4c3c2N(c2ccccc2)C5)CC1,-1.6461626571578936
CC(O)C1C(=O)N2C(C(=O)[O-])=C(c3cn4cnc(C(=O)c5ccc[n+](CC(N)=O)c5)c4s3)C(C)C12,5.011587974275212
COc1ccc(CN2CCN(c3cc4c(cc3F)c(=O)c(C(=O)O)cn4C3CC3)CC2)cc1,3.0
O=C(Cn1ncc2cc([N+](=O)[O-])ccc21)NN=Cc1ccc(Cl)cc1,-4.087462841250339
CC(C)CCCC(C)C1CCC2C3C(NCc4ccccn4)CC4CC(NCc5ccccn5)CCC4(C)C3CCC12C,-5.0
CC(O)c1nccn1Cc1cc(-c2ccc(C#CC34CC(N)(C3)C4)cc2)no1,1.0
Fc1cccc(COc2cccc3c2c2ccccc2n3Cc2nnc(S)o2)c1,-4.0
Cn1c(C23CC4CC(CC(C4)C2)C3)nn(CN2CCN(c3cccc(C(F)(F)F)c3)CC2)c1=S,-4.0
Cc1ccc(C)n1-c1ccccc1NC(=S)Nc1ccccc1Br,0.3219280948873623
CC(C)(C)c1ccc(C(=O)Nc2ccc(-c3nc4ccccc4s3)cc2)cc1,-4.643856189774724
Cc1oc(-c2ccccc2F)nc1N1N=C(c2ccccc2)CC1N1CCc2ccccc2C1,-2.643856189774725
CON=C(C(=O)N1CCN(c2ccc3c4c(cccc24)C(=O)N(C2CC2)C3=O)CC1)c1csc(N)n1,-5.0
CCOc1ccc2nc(Cl)c(C=C3SC(=S)N(CC(=O)O)C3=O)cc2c1,-4.906890595608519
CC1(N)CN(c2nc3c(cc2F)c(=O)c(C(=O)O)cn3C2CC2F)CC1=NOCc1ccccc1,-1.0
N#CCc1cc2c(cc1F)c(=O)c(C(=O)O)cn2Cc1ccc(F)cc1F,2.0
CCn1c2cc(N3CCN(C)CC3)c(F)cc2n2c(=O)[nH]c(=O)cc12,-1.0
NC(=O)NN=Cc1ccccc1OCc1cn(-c2ccc(Br)cc2)nn1,-4.643856189774724
O=C(O)c1cn(C2CC2)c2c(cc(F)c3nc(-c4ccsc4)[nH]c32)c1=O,-1.584962500721156
NCCc1ccc(-c2cc3c(cc2F)c(=O)c2c(=O)[nH]sc2n3C2CC2)cc1,4.058893689053568
CCCCc1nc(Cl)c(C(Nc2ccc3c(C)cc(=O)oc3c2)P(=O)(OCC)OCC)[nH]1,-5.0
CC(NCCOc1ccccc1Cl)=C1C(=O)CN(C(=O)OC(C)(C)C)C1=O,-5.0
COc1ccc(C2OC(c3ccccc3)=C(c3ccccc3)N2NC(=S)Nc2ccccc2Cl)cc1,-4.643856189774724
CS(=O)(=O)C1=C(C(=O)O)N2C(=O)C(NC(=O)C(=NOCCBr)c3csc(N)n3)CN2C1,3.0
CC1(C)SC2C(NC(=O)C(NC(=O)N3CCN(S(C)(=O)=O)C3=O)c3ccccc3)C(=O)N2C1C(=O)O,-0.0
O=[N+]([O-])c1c[nH]c(-c2nnc(-c3cc(-c4ccccc4)nc4ccc(Cl)cc34)o2)c1,0.3584539709124763
COC(=O)C1(C)CCCC2(C)c3ccc(C(C)C)c(NC(=O)Cn4cc(-c5ccncc5)nn4)c3CCC12,-4.643856189774724
Cc1cc(=O)oc2cc(N=C3SC(=Cc4ccc(O)c(Br)c4)C(=O)N3CCO)ccc12,-5.0
O=C1N2CC(CCC2Cn2ccnn2)N1OS(=O)(=O)[O-],5.058893689053568
Cn1nnnc1SCC1=C(C(=O)[O-])N2C(=O)C(Nc3cc[n+](Cc4ccccc4)cc3)C2SC1,4.058893689053568
OB1OCC=C1c1ccc(Cl)cc1,-4.643856189774724
CCn1cc(C(=O)O)c(=O)c2cc(F)c(N3CCN(CC(=NO)c4ccc([N+](=O)[O-])cc4)CC3)cc21,-3.643856189774725
COc1ccc(C(=O)C(c2c(O)c3ccccc3oc2=O)N2CCCCC2)cc1,-2.643856189774725
O=C(O)c1cn2c3c(c(N4CCC4)c(F)cc3c1=O)OCC2CF,2.0
Cc1cc2c(N)nc(N)nc2cc1-c1ccc(S(C)(=O)=O)cc1,-5.0
CN1CCN(c2c(F)cc3c(=O)c(C(=O)O)cn(C4CC4F)c3c2F)CC1,4.321928094887363
CC1CN(c2c(F)c(O)c3c(=O)c(C(=O)O)cn(C4CC4)c3c2F)CC(C)N1,5.321928094887363
N#Cc1cccc2c1CC(NCCCC1CN(c3ccc4c(n3)NC(=O)CO4)C(=O)O1)C2,2.0
CCc1ccc(Oc2ccccc2N)c(O)c1,-2.0
COC1CN(CCn2c(=O)ccc3ccc(C#N)cc32)CCC1NCc1ccc2c(n1)NC(=O)CO2,-0.0
CN(C)Cc1cc2cc3c(cc2n1C)OCCc1c-3[nH]c(=O)c(C(=O)O)c1O,2.0
CCNC(=N)c1ccc2cc(-c3ccc(-c4cc5ccc(C(=N)NCC)cc5[nH]4)cc3)[nH]c2c1,-3.0
Oc1nc(-c2cc3ccccc3o2)cc(-c2cccs2)n1,-2.111031312388744
O=C(O)c1cn(C2CC2)c2c3c(c(F)cc2c1=O)N1CCCC1CC(=NO)C3,5.058893689053568
NC(C(=O)NC1C(=O)N2C(C(=O)O)=C(Cc3cccnc3)CSC12)c1ccccc1,-1.3219280948873624
O=C(CN1CCN(c2cc3c(cc2F)c(=O)c(C(=O)O)cn3C2CC2)CC1)c1ccc(Cl)cc1,5.321928094887363
CC(=O)NCC1CN(c2ccc(C3=NOC(CN4CCOCC4)C3)c(F)c2)C(=O)O1,-5.0
Cc1[nH]c(C(=O)Nc2nc3c(OCC(F)(F)F)cc(C(=O)O)cc3s2)c(Cl)c1Cl,3.0
CC1(CN)CCN(c2c(F)cc3c(=O)c(C(=O)O)cn(C4CC4)c3c2F)C1,7.380821783940931
O=C(O)c1cn(C2CC2)c2c(F)c(N3CCCCC3)c3nn[nH]c3c2c1=O,4.321928094887363
CC1(C)C(NC(=O)C(=NOCc2cc(=O)c(O)cn2O)c2csc(N)n2)C(=O)N1OS(=O)(=O)O,5.058893689053568
COc1cc(C=CC(=O)c2ccc(O)cc2)ccc1OCc1nnc(-c2ccc(Cl)cc2)o1,-4.643856189774724
NC1CN(c2cc3c(cc2F)c(=O)c2c(=O)[nH]sc2n3C2CC2)C1,7.158429362604483
Cn1c(C2CC(=O)N(c3ccc(O)c(O)c3)C2)nc2ccccc21,-5.0
CC(C(O)c1cnc([N+](=O)[O-])n1C)[N+](=O)[O-],-2.321928094887362
Cc1c(F)c(N2CCNCC2)nc2c1c(=O)c(C(=O)O)cn2-c1ccc(F)cc1F,5.965784284662087
CC(O)C1C(=O)N2C(C(=O)[O-])=C(SC3Cn4cnc[n+]4C3)C(C)C12,1.3584539709124763
O=C(CC1CCCCN1)Cn1cnc2cc(Cl)c(Cl)cc2c1=O,-4.0
CCc1ccc(C=Cc2cc(-c3ccc(C(C)(C)C)cc3)[n+](C)cc2-c2ccccc2C)cc1,-2.0
CCCCCc1cc(O)cc(OCCCCCCCCCCCC(=O)NCCO)c1,-3.0
CCCCCCCC[N+](C)(C)CC(=O)Nc1ccc(C(=O)C=Cc2cccc(Br)n2)cc1,-4.0
N#Cc1ccc(Cn2cc(COC(=O)c3ccccc3)nn2)cc1,-4.643856189774724
CC(=O)NCC1CN(c2ccc(-c3ccc4c(c3)CC3(C(=O)NC(=O)NC3=O)C3CCCCN43)c(F)c2)C(=O)O1,-2.0
Cc1c(F)c(N2CCC(N)C2)nc2c1c(=O)c(C(=O)O)cn2-c1ccc(F)cc1,8.965784284662087
COC1CN(c2nc(CO)c(C(=O)O)s2)CCC1NC(=O)c1[nH]c(C)c(Cl)c1Cl,-0.0
O=C(Cc1cccc(Cl)c1)Nc1nc(-c2ccc(Br)cc2)cs1,-0.6415460290875237
O=[N+]([O-])c1ccc(S(=O)(=O)N(CCCO)Cc2ccccc2)c([N+](=O)[O-])c1,-5.0
CCOc1ccc2c(c1)sc1nc(-c3ccccc3)c(COCc3cn(Cc4ccc(Cl)c(Cl)c4)nn3)n12,-0.0
NCC(NC(=O)c1cccc(-c2ccccc2C(F)(F)F)c1)c1ccccc1,-5.0
Cc1c(NCCN)c(F)cn2c(=O)c(C(=O)O)cc(C3CC3)c12,2.321928094887362
O=C(NNc1ccc(Cl)cc1)c1ccco1,-4.0
COc1c(N2CCN(CC(C)=NNC(=O)c3ccncc3)C(C)C2)c(F)cc2c(=O)c(C(=O)O)cn(C3CC3)c12,-4.0
CN1CCN(c2cc3c(c(=O)c(C(=O)O)cn3C3CC3)c3[nH]nnc23)CC1,5.321928094887363
COc1c(N2CC3CCCN(S(=O)(=O)c4ccc(C)cc4)C3C2)c(F)cc2c(=O)c(C(=O)O)cn(C3CC3)c12,-1.2750070474998698
CON=C(C(=O)NC1C(=O)N2C(C(=O)[O-])=C(C[n+]3ccc(CC(=O)NO)cc3)CSC12)c1csc(N)n1,5.058893689053568
Cc1c(N2CCC(N(C)C3CC3)C2)c(F)cn2c(=O)c(C(=O)O)cc(C3CC3)c12,1.3584539709124763
CC(C)=CCc1c(OCCCF)cc(C=Cc2ccc(F)cc2)c(C(=O)O)c1O,-5.0
CN(C)C1C(O)=C(C(N)=O)C(=O)C2(O)C(O)=C3C(=O)c4c(O)c(N)cc(F)c4CC3CC12,-1.0
O=C1COc2ccc(CNC34CCC(C(O)Cc5c(F)cnc6ccc(=O)n(CCO)c56)(CC3)OC4)nc2N1,-5.0
Cc1ccc(C=NNC(=O)Cn2c([N+](=O)[O-])cnc2C)cc1,-2.643856189774725
Cc1cc(N2CCOCC2)nc2c(C)cc(Cc3cnc(N)nc3N)cc12,-4.906890595608519
O=C(NC1CCNCC1)N1CCC2C1C(=O)N2S(=O)(=O)[O-],-4.0
CCOC(=O)C1=C(N)Oc2ccc(Sc3nc4ccccc4[nH]3)cc2C1c1cccc([N+](=O)[O-])c1,-5.0
Cc1c(N2CCC(CN)C2)c(F)c2c(c1N)c(=O)c(C(=O)O)cn2C1CC1,5.965784284662087
CC1C(NC(=O)C(=NOC(C)(C)C(=O)O)c2csc(N)n2)C(=O)N1S(=O)(=O)O,6.058893689053568
Cc1cc(NCC(N)c2ccsc2)n2nc(NC(CC#N)c3cccc(Cl)c3)nc2n1,-0.0
O=C1Nc2ccc(F)cc2C(O)C1(Cc1ccccc1)Cc1ccccc1,-4.643856189774724
Cc1ccc2c(c1)c(=O)cc(C(F)(F)F)n2CCCCN1C(=O)c2ccccc2C1=O,-4.643856189774724
CN(C)C1C(=O)C(C(N)=O)=C(O)C2(O)C(=O)C3=C(O)c4c(O)c(N)cc(I)c4CC3CC12,-2.0
O=C(NO)C1CN(c2ccc(C#CC#CCCCO)cc2)C(=O)O1,5.011587974275212
O=C(Nc1ccccc1)Nc1cc(-c2ccc(Cl)c(Cl)c2)sc1C(=O)O,-3.584962500721156
C=C(CCO)C(=O)OC1CC(C)=CCCC(CO)=CC2OC(=O)C(C)C21,2.321928094887362
O=C(O)CC1CCC(NC(=O)Cc2cccs2)B(O)O1,4.058893689053568
C=CC1(C)CC(OC(=O)CSc2cc[n+](Cc3ccc(C)cc3)cc2)C2(C)C(C)CCC3(CCC(=O)C32)C(C)C1O,-1.0
CC(=O)NCC1CC(c2ccc(-c3ccncc3)cc2)=NO1,-4.0
CC(=O)Nc1ccc(S(=O)(=O)C(C#N)=Cc2c[nH]c3ccccc23)cc1,-2.0
N=C(N)NN=Cc1cn(-c2ccc([N+](=O)[O-])cc2[N+](=O)[O-])nc1-c1ccc(Cl)cc1,-1.0
CC(C)=CCCC(C)=CCn1cc(CC(=O)NCCN(CCNC(=N)N)CCNC(=N)N)c2ccccc21,-3.643856189774725
COc1ccc(OC)c(C2CC(c3ccc(O)cc3)=NN2C(=O)c2cccnc2)c1,-4.643856189774724
COc1ccc(Oc2ccc(NC(=Nc3ccccc3)NCCNc3ccnc4cc(Cl)ccc34)cc2)cc1,-2.643856189774725
CC(=O)OCC1=C(C(=O)O)N2C(=O)C(NC(=O)CS(=O)(=O)CC#N)C2SC1,-2.655351828612554
CN(C)c1cc(CNCC(C)(C)C)c(O)c2c1CC1CC3C(N(C)C)C(O)=C(C(N)=O)C(=O)C3(O)C(O)=C1C2=O,-1.0
Cc1c(N2CCC(N)C2)c(F)cc2c(=O)n(N)c(=O)n(C3CC3)c12,4.058893689053568
CC(=O)NC=C[S+]([O-])C1=C(C(=O)[O-])N2C(=O)C(C(C)(C)OS(=O)(=O)[O-])C2C1,-2.643856189774725
CCn1cc(C(=O)O)c(=O)c2cc(F)c(N3CCN(CCO)CC3)cc21,3.321928094887362
CCOC(=O)C1=C(C)N=c2sc(=Cc3ccc(-c4ccc([N+](=O)[O-])cc4)o3)c(=O)n2C1c1ccc(SC)cc1,-4.643856189774724
Nc1ccc(S(=O)(=O)Cc2nc3ccccc3n2Cc2ccccc2F)cc1,-2.0
CCOC(=O)c1cn(CC2CO2)c2c(Cl)cc(Cl)cc2c1=O,-5.0
Cc1c(NCc2nnc(-c3ccc(Cl)cc3)o2)c(=O)n(-c2ccccc2)n1C,-2.0
CNn1cc(C(=O)O)c(=O)c2cc(F)c(N3CCNCC3)cc21,-0.0
O=C1SC(=Cc2ccc(S(=O)(=O)Nc3nc(-c4ccccc4)cs3)cc2)C(=O)N1C(=O)c1ccccc1Cl,-3.643856189774725
CC1COc2c(N3CCN(C)CC3)c(F)cc3c(=O)c(C(=O)NN=Cc4ccccc4O)cn1c23,-0.0
CC1C(SCc2cccnc2)=C(C(=O)O)N2C(=O)C(CN)C12,6.965784284662087
COCOc1ccc(C(=O)C=CC2=CCC3CC2C3(C)C)c(O)c1,-4.643856189774724
CN(C)C1C(=O)C(C(N)=O)=C(O)C2(O)C(=O)C3=C(O)c4c(O)cccc4C(C)(O)C3C(O)C12,-3.0531113364595623
Cc1ccc(C)n1-c1ccccc1NC(=S)Nc1ccc(Cl)c(Cl)c1,2.321928094887362
CC(C)(C)c1ccc(OC(Cc2ccc3oc(CCc4cc5ccccc5o4)nc3c2)C(=O)O)cc1,0.3584539709124763
CCOC(=O)c1cn(CC)c2cc(C(C#N)C(=O)OCC)c(F)cc2c1=O,-4.0
Cn1cc(CN2CCN(Cc3ccc(C(F)(F)F)cc3N3CCCC3)CC2)c2cc(F)ccc21,-5.0
CCCCON=C(CS(=O)(=O)c1ccc(N)cc1)c1nccs1,-5.0
CC(C)CC(NC(=O)OC(C)(C)C)C(=O)OCc1cn(Cc2ccc(F)cc2)nn1,-1.6415460290875237
CC(C)(C)CCNc1c(-c2nnc(S)n2Cc2ccccc2)cnc2c(C(F)(F)F)cccc12,-3.643856189774725
NC(C(=O)NC1C(=O)N2C(C(=O)O)=C(Cc3cccnc3)CSC12)c1cccs1,-3.643856189774725
O=C(NN=Cc1cn(-c2ccccc2)nc1-c1cccs1)c1cccc(-n2cc(-c3ccccc3)nn2)c1,-1.0
CCCCCCCC=CC(=O)N1C(=O)C(=C(C)Nc2ccc(N3CCOCC3)cc2)C(=O)C1CC(C)C,-5.0
COc1cc(C=CC(=O)c2ccc(NC(=O)CSc3nc4ccccc4[nH]3)cc2)cc(OC)c1OC,-4.965784284662087
COc1ccc2nc(C)cc(-n3cc(CN4CCOCC4)nn3)c2c1,-2.643856189774725
CCCCc1nc(Cl)c(C2NC(=O)NC(C)=C2C(=O)OCC)n1S(=O)(=O)c1ccc(F)cc1,-5.0
CC12CNC(CN1c1nc3c(cc1F)c(=O)c(C(=O)O)cn3C(C)(C)C)C2,2.0
NC(=O)c1cc2cc(Br)c(C(F)(F)F)nc2nc1N,3.9885043611621707
CNC1C(O)C(CO)OC(OC2C(NC(=O)C(O)CCN)CC(N)C(OC3OC(CN)CCC3N)C2O)C1O,-1.0
S=C([S-])N1CCN(C(=S)[S-])CCN(C(=S)[S-])CC1,5.058893689053568
CC(NC(=O)C(N)CCS(C)(=O)=O)P(=O)(O)O,-4.0
Cn1c(C2CC(=O)N(c3cccc(Br)c3OCC(F)(F)F)C2)nc2ccccc21,-5.0
COC(=O)N1CCC(Cc2cccc(C(CC#N)Nc3nc4nc(C)ccc4[nH]3)c2)C1,3.0
COc1ccc(Br)c(C(=O)NN2C(=O)CSC2c2ccc(C)cc2)c1,-3.643856189774725
Oc1ccc(Br)cc1C=NNc1nc(-c2ccc(Cl)cc2)cs1,-2.643856189774725
O=C1COc2ccc(CNC34CCC(CCc5c(F)cnc6cc(Cl)cnc56)(CC3)OC4)nc2N1,-5.0
O=C1CSC(c2ccccc2)N1c1ccc(Cl)cc1,-4.906890595608519
O=C1NCC(c2c[nH]c3ccccc23)N=C1c1c[nH]c2cc(Br)ccc12,-4.643856189774724
CC(=O)N1N=C(c2nc(C(C)C)cs2)OC1c1ccc(N(C)C)cc1,-4.0
O=C(NO)C1COC(c2ccccc2)=N1,-1.84799690655495
Cc1ccc(C2=NOC(CCl)CC2)cc1,-4.321928094887363
NCc1cccc(NCc2ccc(-c3ccc(C(=O)O)c(O)c3)s2)c1,-2.0
CCn1cc(C(=O)O)c(=O)c2cc(F)c(N3CCN4CCC3CC4)cc21,2.321928094887362
CC(C)(C)CCNc1c(-c2nnc(S)n2-c2ccccc2)cnc2c(C(F)(F)F)cccc12,-2.643856189774725
O=C(C(=Cc1ccc(F)cc1)n1cncn1)c1ccc(F)cc1F,-5.0
CCc1[nH]c2nc(Sc3cnc4nccnc4c3)nc(N3CCCC(N)C3)c2c1Cl,-4.0
CCOc1ccc2c(c1)sc1nc(-c3ccccc3)c(COCCCCCCCCCCn3cncn3)n12,-5.0
CCn1c2cc(N3CCNCC3)c(F)cc2c2c(N)ncnc21,-4.0
CCNC(=O)Nc1cc(-c2nc(C(F)(F)F)cs2)c(-c2cncc(-c3noc(=O)[nH]3)c2)cn1,-3.584962500721156
CC1Cc2ccccc2-c2cc(=O)c(C(=O)O)cn21,-0.6415460290875237
CC(O)C1C(=O)N2C(C(=O)O)=C(SC3CNC(C=Cc4ccno4)C3)C(C)C12,5.321928094887363
CN(C)c1ccccc1C(=O)Nc1cc(F)c2c(c1O)C(=O)C1=C(O)C3(O)C(=O)C(C(N)=O)=C(O)C(N(C)C)C3CC1C2,-5.0
CC(=O)N1N=C(Cn2c([N+](=O)[O-])cnc2C)OC1c1ccc2c(c1)OCO2,2.0
CC(=O)NCC1CC(c2cc(F)c(-n3ccnc3)c(F)c2)=NO1,-4.0
O=C(O)C1=Cc2ccccc2N2C[N+]3(CCN(c4cc5c(cc4F)c(=O)c(C(=O)O)cn5C4CC4)CC3)N=C12,2.0
CCCCON=C(C(=O)NC1CN2CC(C#N)=C(C(=O)O)N2C1=O)c1csc(N)n1,-0.0
O=P(c1ccccc1)(c1ccccc1)C1CCCC1=NO,3.321928094887362
CCCCCCCC(=O)N1CCN(c2ccc(N3CC(Cn4ccnn4)OC3=O)cc2F)CC1,-3.0
CC(O)C(NC(=O)N1CCN(c2ccc(C#Cc3ccc(N4CCOCC4)cc3)cc2)CC1)C(=O)NO,3.321928094887362
COc1cc(OC)cc(C(=O)NC(=S)Nc2ccc(S(N)(=O)=O)cc2)c1,1.6757654377294686
CCC1CN(c2cc3c(cc2F)c(=O)c(C(=O)O)cn3-c2ccc(F)cc2F)CCN1,1.3219280948873622
CC(O)C(NC1CCOc2cc(C#Cc3ccccc3)ccc21)C(=O)NO,-1.0
O=[N+]([O-])c1cccc(CNC2CCCCC2NCc2cccc([N+](=O)[O-])c2)c1,1.0
NC1CN(c2c(F)cc3c(=O)c(C(=O)O)cn(C4CC4)c3c2Cl)C1,6.058893689053568
O=C(O)C(Cc1c[nH]c2ccccc12)N1C(=O)C(=Cc2ccc3cc(OCc4cccc(Cl)c4)ccc3c2)SC1=S,-1.0
COc1c(N2CCC(C)(CN)C2)c(F)cc2c(=O)c(C(=O)O)cn(C3CC3)c12,4.321928094887363
O=C(NCC(=O)N1CCN(c2ccc(N3CC(Cn4ccnn4)OC3=O)cc2F)CC1)c1ccc([N+](=O)[O-])o1,4.058893689053568
C=CC1(C)CC(OC(=O)CSc2cc[n+](COC)cc2)C2(C)C(C)CCC3(CCC(=O)C32)C(C)C1O,-0.0
NCC1CCN(c2c(F)c3c(c(=O)c(C(=O)O)cn3C3CC3)c3[nH]cnc23)C1,5.321928094887363
CCC(=O)c1c(O)cc(CC)oc1=O,-0.0
COc1ccc2c(c1)c(C=C1C(=O)OC(C)(C)OC1=O)cn2C,-3.9068905956085187
O=C(C=Cc1cccc(Cl)c1Cl)c1ccc2ccccc2c1,-4.963474123974886
O=c1ccc2ncc(F)c(CCC34CCC(NCc5cnc(-c6ncccn6)s5)(CC3)CO4)c2n1CCO,-4.0
O=C(Cc1ccccc1)NC1C(=O)N2C(C(=O)O)=C(CCO)CC12,0.4150374992788438
CC1(CN)CN(c2nc3c(cc2F)c(=O)c(C(=O)O)cn3-c2nc(N)c(F)cc2F)CC1=NOCc1ccccc1,-4.0
O=C([O-])C1=CSC2C(=Cc3cn4c(n3)CSCC4)C(=O)N12,-3.0
CN(C)C1C(O)=C(C(N)=O)C(=O)C2(O)C(O)=C3C(=O)c4c(O)c(NC(=O)CNC(C)(C)C)cc(F)c4CC3CC12,2.0
COc1c(N2CCc3sc(C(=O)O)cc3C2)c(F)cc2c(=O)c(C(=O)O)cn(C3CC3)c12,-3.0
CON=C1CN(c2nc3c(cc2F)c(=O)c(C(=O)O)cn3C2CC2)CCC1N,-0.0
NCCCCN1C(=O)N(CCCCN)C(=O)C(Cc2ccc3ccccc3c2)(Cc2ccc3ccccc3c2)C1=O,-4.0
O=c1cc(-c2ccccc2)oc2cc(OCCCN3CCNCC3)cc(O)c12,-1.6461626571578936
CCC(C)C(N)C(=O)NC(CCl)C(=O)O,-1.6415460290875237
O=c1c2ccccc2[se]n1C1CCCCC1,-3.0
[N-]=[N+]=Nc1cccc(B(O)O)c1,4.058893689053568
CN1CCN(c2nc3c(cc2F)c(=O)c(C(=O)O)cn3-c2ccc(F)cc2)CC1,2.321928094887362
O=C1CCc2c(cccc2NC(=O)CN2CCCCC2)N1,-5.0
CCCCCCCNC(=O)C[N+](C)(C)CCCCOc1cc(C)ccc1C(C)C,-1.0
CC1CCN(c2cc(C=Cc3cc4ccccc4[nH]3)[n+](C)c3ccccc23)CC1,-5.0
Cc1ccc(COc2ccc3cc(C=C4SC(=S)N(C(Cc5c[nH]c6ccccc56)C(=O)O)C4=O)ccc3c2)cc1,-1.0
N=C(N)SCc1ccc(Br)cc1,-2.0
COc1c(O)cc(O)cc1CC=C(C)CCC=C(C)CCC=C(C)CCC=C(C)C,-0.6415460290875237
O=C1OC(CNS(=O)(=O)c2ccc(Cl)s2)CN1c1ccc(N2CC3(COC3)C2)c(F)c1,-3.9467308601403097
NCCOc1ccc(-c2cn(-c3cccc(C(=O)O)c3C(=O)O)nn2)cc1,2.0
Cn1cc(NC(=O)c2ccc(C=Cc3cnc4ccccc4c3)cc2)cc1C(=O)NCCN1CCOCC1,-5.0
O=C(C=Cc1cnc2ccccc2n1)c1ccc([N+](=O)[O-])cc1,-4.643856189774724
CN(C)C1=NC(c2ccc(C=CC(=O)c3ccc(Cl)cc3Cl)cc2)N=C(N)N1,-3.0
COc1c(N2CCN(CCC(C)=NNC(N)=O)C(C)C2)c(F)cc2c(=O)c(C(=O)O)cn(C3CC3)c12,-1.0
NCC1OC(OC2C(N)CC(N)C(OC3OC(CO)C(O)C4NC34)C2O)C(N)C(O)C1O,-0.0
O=c1c2ccccc2[se]n1-c1ccc(CO)cc1,-4.0
CN(C)S(=O)(=O)c1ccc2nc(N)nc(N)c2c1Cl,-2.321928094887362
CCOC(=O)C1=C(N)OC(c2ccccc2)=C(C(=O)OCC)C12C(=O)Nc1ccc(S(=O)(=O)N3CCCCC3)cc12,-2.1505596765753814
CCOC(=O)c1c(-c2ccccc2)nn(-c2ccccc2)c1COc1cc(OC)c(C=O)c(OC)c1,-4.643856189774724
Cc1cc(C)c2c(n1)NC(c1cccs1)NC2=O,-3.643856189774725
O=S1(=O)c2ccccc2-c2ccccc2N1CCN1CCC(NCc2cc3c(cn2)OCCC3)CC1,-4.0
CC(C)CCCC(C)C1CCC2C3C(=O)CC4CC(NCCc5cnc[nH]5)CCC4(C)C3CCC12C,-5.0
CCOC1CN(c2nc3c(cc2F)c(=O)c(C(=O)O)cn3CC)C1,-1.6461626571578936
CCOC(=O)c1cnn(-c2ccc(C(F)(F)F)cc2)c1-c1ccccc1,-0.6897464384935557
CC(C)C1C2=C(Oc3cc4c(c(O)c31)C(C(C)C)C1=C(O4)C(C)(C)C(=O)C(C)(C)C1=O)C(C)(C)C(=O)C(C)(C)C2=O,-4.0
CC(O)C(NC(=O)N1CCN(c2ccc(C#Cc3ccc(N)cc3)cc2)CC1)C(=O)NO,-0.6415460290875237
CCOC(=O)c1c2c(n3cccc(Br)c13)C(=O)c1nccnc1C2=O,-4.0
CCN(C(=O)c1[nH]c(C)c(Cl)c1Cl)c1nc2ccc(C(=O)O)cc2s1,-5.0
Cc1c(N2CCCC(N)C2)c(F)cn2c(=O)c(C(=O)O)cc(C3CC3)c12,3.321928094887362
O=C(O)CSC(=O)C(Cc1c[nH]c2ccccc12)NC(=O)c1ccc(Br)cc1,-2.0
CN(C)C1C(O)=C(C(N)=O)C(=O)C2(O)C(O)=C3C(=O)c4c(O)cc(C5CCCN5)c(OC(F)(F)F)c4CC3CC12,6.002310160687201
Fc1ccc2nc(NCCCNCc3ccc(Cl)c(Cl)c3)oc2c1,-5.0
Oc1ccc(C(Cc2ccc(F)cc2)=Nc2ccc(Cl)cc2)c(O)c1O,-3.643856189774725
CC(O)c1nccn1Cc1cc(-c2ccc(C#CC3CC(O)C3)cc2)on1,3.0588936890535687
CCCCCOC(=O)ONC(=O)CCCc1ccccc1,1.0
N#CC(=Cc1c[nH]c2cc(F)ccc12)S(=O)(=O)c1ccc(N)cc1,-3.0
[N-]=[N+]=Nc1ccc(F)c(B(O)O)c1,2.0
CC(CO)C1CCC2C3C(F)CC4CC(NCCCNCCCCN)CCC4(C)C3CCC12C,-2.655351828612554
Oc1ccc(Br)cc1C=NNc1nc(-c2ccccc2)cs1,-4.643856189774724
CCn1cc(C(=O)O)c(=O)c2cc(F)c(-c3c[nH]cn3)cc21,-4.643856189774724
N#Cc1ccc(C=Cc2nc3cc(N)ccc3c(=O)n2-c2cccc(C(=O)O)c2)cc1,-4.0
CCSCCSc1nnc(-c2ccccc2[N+](=O)[O-])s1,-5.0
Cc1c(N2CCC(C(N)C(F)(F)F)C2)c(F)cn2c(=O)c(C(=O)O)cc(C3CC3)c12,2.321928094887362
CCC(C)C(NC(=O)CNC(=O)CN)C(=O)N1CCCC1C(=O)N1CCC(c2noc3cc(F)ccc23)CC1,-3.9068905956085187
Cc1ncc([N+](=O)[O-])n1CC(C)OC(=O)C=Cc1ccc(Cl)cc1,-3.643856189774725
CCC(=O)NC1=NN(C(=O)CC)C2(S1)C1CCCC2C(c2cccc(F)c2)NC1c1cccc(F)c1,-2.643856189774725
CNC1C(O)C(OC2C(NC(=O)C(O)CN)CC(N)C(OC3OC(CN)C(O)C(O)C3O)C2O)OCC1(C)O,3.0588936890535687
C=CCn1c(SCC(=O)N2CCN(c3cc4c(cc3F)c(=O)c(C(=O)O)cn4C3CC3)CC2)nnc1-c1ccccc1,-0.5058909297299573
CC1CN(c2cc3c(cc2N)c(=O)c(C(=O)O)cn3C2CC2)CC(C)(C)N1,5.058893689053568
CNc1cc(F)cc2c1[nH]c1nc(CNC(=O)c3cccnn3)nc(N3CCC(N)C3)c12,-2.0
CCOc1cc(Cc2cnc(N)nc2N)cc(OC)c1OC,-1.3785116232537298
CC1COc2cnc(CNC34CCC(CC5(O)Cn6c(=O)ccc7ncc(F)c5c76)(CC3)OC4)cc2O1,-5.0
CC(O)C1C(=O)N2C(C(=O)O)=C(SC3CNC(C4CC[N+](C)(CC(N)=O)O4)C3)C(C)C12,4.351074440546879
O=C(O)c1cn(C2CC2)c2c(F)c(N3CC(Nc4ccc(Cl)cc4)C3)c(F)cc2c1=O,3.0
CCCNC(=O)c1ccc(OC)c(OC)c1,-4.247927513443585
CC(C)CCOc1ccccc1-c1ccccc1OCc1cn(CC(CCCCN)NC(=O)OCc2ccccc2)nn1,-5.0
CCOc1ccc2c(c1)sc1nc(-c3ccccc3)c(COCc3cn(Cc4cccc(F)c4)nn3)n12,-4.0
CCCCCc1cc(O)cc(OCCCCCCCCCCC(=O)NCCO)c1,-3.0
Cc1c(N2CC3CCC2CC3)c(N)cc2c(=O)c(C(=O)O)cn(C3CC3)c12,1.7369655941662063
O=C(NN=Cc1cn(-c2ccccc2)nc1-c1cccc(O)c1)c1cccc(-n2cc(-c3ccccc3)nn2)c1,-1.0
CC(C)=CCON=C(C(=O)NC1CN2CC(S(C)(=O)=O)=C(C(=O)O)N2C1=O)c1csc(N)n1,1.0
Cn1cnnc1SC1CN(c2c(F)cc3c(=O)c(C(=O)O)cn(C4CC4)c3c2F)C1,2.0
CC1CCC2(NC1)OC1CC3C4CCC5CC(NCC(N)CC6CCCCC6)CCC5(C)C4CCC3(C)C1C2C,-4.0
Cc1c(N2CCC3CCCCC3C2)c(N)cc2c(=O)c(C(=O)O)cn(C3CC3)c12,-2.0
NCC1CCN(c2nc3nc(N)ncc3cc2-c2c(Cl)cccc2Cl)CC1,1.0
CN(CCc1ccccc1)c1cnc2nc(N)nc(N)c2n1,-4.643856189774724
NC1CC2CC=Cc3c(c(F)cc4c(=O)c(C(=O)O)cn(C5CC5)c34)N2C1,6.965784284662087
CN(Cc1cc2ccccc2n1C)C(=O)C=Cc1cnc2c(c1)CC1(CCNCC1)C(=O)N2,1.0
Cc1cccc(N2CCC(c3nc4ccccc4n3C)C2)c1C,-5.0
Nc1nc(C(=NOCCF)C(=O)NC2C(=O)N3C(C(=O)[O-])=C(Sc4nc5ccncc5s4)CCC23)cs1,2.0
CC(=NNC(=N)N)c1sc(-c2ccc(OCCCCCN3CCOCC3)cc2)nc1C,-5.0
Cn1nnnc1SCC1=C(C(=O)O)N2C(=O)C(NC(=O)C(O)c3ccccc3)C2OC1,4.321928094887363
CC(O)C1C(=O)N2C(C(=O)[O-])=C(c3cn4cnc(C(=O)c5ccc[n+](CCN(C)C)c5)c4s3)C(C)C12,3.0
Nc1ccc(NC(=O)Cc2ccc(Cl)cc2)c(O)c1,-4.965784284662087
O=C(c1ccc(Cl)cc1)C1C2c3ccccc3OCC2N2CSCC12,-3.9068905956085187
Fc1ccc(C2NC(c3ccc(F)cc3)C3CCCC2C3=NOCc2ccccc2)cc1,-4.643856189774724
Cc1c(F)cc2c(=O)c(C(=O)O)cn3c2c1CCC3,0.3219280948873623
O=C1OC(Cn2ccnn2)CN1c1ccc(N2CCN(S(=O)(=O)c3ccccc3)CC2)c(F)c1,-3.0
COc1c(N2CCN(c3nnc(-c4ccc([N+](=O)[O-])s4)s3)C(C)C2)c(F)cc2c(=O)c(C(=O)O)cn(C3CC3)c12,-5.0
Clc1ccc(C[N+]2=CN3CCCCC3C2)cc1,-1.6415460290875237
CC(C)(C)c1cc(C(C)(C)C)cc(S(=O)(=O)Nc2cccc(C(=O)NCCN)c2)c1,-5.0
CCCCCC#Cc1ccc(-n2ncc(C(C)=NNC(=N)N)c2C)cc1,-2.0
O=c1oc2ccc([N+](=O)[O-])cc2cc1-c1nc2ccccc2c2nc3ccccc3n12,-4.906890595608519
CC(O)C(NC(=O)c1ccc(C#CC#Cc2ccccc2N)cc1)C(=O)NO,1.0
CSCCC(N)C1=C(C(=O)O)N2C(=O)C(C(C)O)C2S1,1.1811494391045665
CCn1cc(C(=O)O)c(=O)c2cc(F)c(N3CCN(c4ccc(N)cc4F)CC3)cc21,-0.925999418556223
COc1ccc(-c2nn(-c3ccccc3)cc2C2CC(c3ccccc3)=NN2C(=O)c2ccncc2)cc1,-2.643856189774725
Cc1ccc(-c2nnn3c2-c2ccccc2S(=O)(=O)C3)cc1,-4.643856189774724
CON=c1[nH]cnc2c1[n+](CC=C(C)CCC=C(C)C)cn2C,-5.0
CCCCSC=C(C)CC1OCC(CC2OC2C(C)C(C)O)C(O)C1O,0.3584539709124763
Cc1cc(C)cc(COc2ccccc2C(=O)OCCn2c([N+](=O)[O-])cnc2C)c1,-2.643856189774725
CCn1cc(C(=O)O)c(=O)c2cc(F)c(N3CCN(C(=O)C(C#N)=Cc4cn(CC=C(C)C)c5ccccc45)CC3)cc21,1.0
C=CCON=C(C(=O)NC1C(=O)N2C(C(=O)O)=CCOC12)c1csc(N)n1,-1.6461626571578936
C[n+]1cccc(N(CCCCCC2CCCCC2)c2cccc(Cl)c2)c1,-4.321928094887363
C=CCN1C(c2ccccc2)CC(=O)C(C)(C)C1c1ccccc1,-4.643856189774724
Cc1c(N2CCC(N)(CF)C2)c(F)cn2c(=O)c(C(=O)O)cc(C3CC3)c12,5.643856189774724
CCc1c(-c2ccc(N3CCC(C)(CN)C3)cc2)[nH]c(=O)c(C(=O)O)c1O,1.3584539709124763
O=C(O)c1c(=O)c2cc(F)c(N3CCCC3)c3c2n2c(csc12)CO3,2.321928094887362
COc1ccc(-c2csc(Nc3ccc(C(C)=NNC(=N)N)cc3)n2)cc1,-1.0
CCNC(=O)Nc1cn2ccc(-c3cccnc3)cc2n1,-5.0
CCOC(=O)C1=C(C)NC(=S)NC1c1cc(=O)oc2ccc(OC)cc12,-4.643856189774724
O=c1[nH]sc2c1c(=O)c1cc(F)c(-c3ccc4cnccc4c3)cc1n2C1CC1,2.9434164716336326
Cc1c(N2CCC(C)CC2)c([N+](=O)[O-])cc2c(=O)c(C(=O)O)cn(C3CC3)c12,-1.0
Cc1[nH]c(C(=O)Nc2nc3c(OC(C)c4ccccc4)cc(C(=O)O)cc3s2)cc1F,3.0
CCCCc1nc(Cl)c(C2NC(=O)NC(C)=C2C(=O)OCC)n1Cc1cccc(Cl)c1,-5.0
O=C(NN=CN1C=c2cnoc2=CC1)c1cnc2c(C(F)(F)F)cccc2c1O,-2.643856189774725
CCN(Cc1ccccc1)C(=O)Nc1cc(-c2ccc(Cl)c(C(F)(F)F)c2)sc1C(=O)O,-3.584962500721156
CC(C)(C)c1cc(C(C)(C)C)cc(S(=O)(=O)Nc2cc3ccccc3cc2C(=O)NCCNC(=N)N)c1,-3.0
COC(=O)NCC1CN(c2ccc(-n3cc(-c4ccccn4)cn3)c(F)c2)C(=O)O1,-5.0
COc1ccc(C2SCC(=O)N2CCN2CCNCC2)cc1O,-3.228049047884462
CSc1ccc(Cc2nnc3sc(Cc4ccccc4)nn23)cc1,-4.643856189774724
O=C(Nc1ccc(Cl)c(Cl)c1)Nc1ncc([N+](=O)[O-])s1,-1.0
C=CC1(C)CC(OC(=O)CSCCN(CC)CC)C2(C)C(C)CCC3(CCC(=O)C32)C(C)C1O,2.0
CC1(C)OC2OC3COB(c4ccc(C=O)cc4)OC3C2O1,-2.2265085298086795
Cc1ccc2c(c1)cc(C1CC(c3ccc(Cl)cc3)=NN1C(N)=S)c1nnnn12,-1.6438561897747246
CC1OC(OC2C(N)CC(N)C(OC3OC(CN)C(O)C(O)C3N)C2O)C(O)C(O)C1N,-3.584962500721156
O=C(O)COc1cc(F)c2c(c1)CC(CNCCC1CN(c3ccc4c(n3)NC(=O)CO4)C(=O)O1)C2,-3.0
O=C(NN1C(=O)C(=Cc2cccc([N+](=O)[O-])c2)SC1c1ccccc1)c1ccc(-c2ccccc2)cc1,-2.643856189774725
CCCCCCCCNC1=NC(C)(C)NC(NCCCCCC)=N1,-3.643856189774725
CCCCc1nc(Cl)c(C2NC(=O)NC(C)=C2C(=O)OCC)n1CCC,-5.0
N=C(N)NN=Cc1ccc(C#CC#Cc2ccc(Cl)cc2)cc1,-1.0
NC(C(=O)NC1C(=O)N2C(C(=O)O)=C(C=CC(F)(F)F)OCC12)c1ccc(O)cc1,-1.0
Cc1cccc(-c2nn(-c3ccc([N+](=O)[O-])cc3[N+](=O)[O-])cc2C=NNC(=N)N)c1,-1.0
Cc1ccccc1NC(=O)C(C(F)(F)F)C(F)(F)F,-5.0
CC(=O)Nc1ccc(S(=O)(=O)CC(CO)n2cnc(I)c2)cc1,-5.0
Cc1[nH]c(C(=O)Nc2nc3c(OC(C)c4ccc(CN5CCOCC5)cc4)cc(C(=O)O)cc3s2)cc1Cl,3.0
CCCCC(CN(O)C=O)C(=O)N1CCCC1c1nnc(-c2ccc(F)cc2)s1,-4.0
Nc1ccc(-c2cc3c(cc2F)c(=O)c2c(=O)[nH]sc2n3C2CC2)cc1,4.058893689053568
Cc1c(N2CCC2)c(F)cc2c(=O)n(N)c(=O)n(C3CC3)c12,-1.0
N#Cc1ccc(C=Cc2nc3ccncc3c(=O)n2-c2cccc(C(=O)O)c2)cc1,-4.0
CC(C)(C)c1cc(C(C)(C)C)cc(S(=O)(=O)Nc2cc3ccccc3cc2C(=O)NCCN)c1,-3.0
CCCCCCC1C2C=CC3C(C(=O)O)=CC(O)C4CC1C2C34,-3.321928094887362
CCNC(=O)Nc1nc2cc(-c3cccnc3)cc(C(N)=O)n2n1,-3.0
COc1cc(C2CC(=O)c3c(cc(O)c(CC=C(C)CCC=C(C)C)c3O)O2)ccc1O,-5.0
Cc1ccc(-c2nnc(-c3sc4ncnc(N5CCCCC5)c4c3C)o2)cc1,6.1791879227712805
CC(C)(C)n1cc(C(=O)O)c(=O)c2cc(F)c(Br)cc21,-3.0
CS(=O)(=O)Nc1cccc(C(=O)Nc2ccc(S(=O)(=O)N3CCN(c4cc(Cl)cc(Cl)c4)CC3)cc2)c1,3.0
CC(=O)Nc1cccc(OCc2cc(=O)oc3c2ccc2ccccc23)c1,-4.643856189774724
CCNC1CN(c2c(F)cc3c(=O)c(C(=O)O)cn(-c4nc(N)c(F)cc4F)c3c2C)C1,7.380821783940931
CCCCc1ccc(NC(=O)Nc2ccc3[nH]ccc3c2)cc1,1.0
C=CC1(C)CC(OC(=O)CSC(C)(C)CNC(=O)c2ccccc2N)C2(C)C(C)CCC3(CCC(=O)C32)C(C)C1O,-1.0
CC(C)C(O)CCC(C)(O)c1ccc(C(=O)O)cc1O,-5.0
O=C1CN(N=C2C(=O)N(Cc3ccccc3F)c3ccccc32)C(=O)N1,-2.643856189774725
CON=C(CNS(=O)(=O)N(C)C)C1CC(SC2=C(C(=O)O)N3C(=O)C(C(C)O)C3C2C)CN1,3.3510744405468786
CC(C)C1CCc2coc3cc(C(=O)O)cc1c23,-3.0
CCCCNc1nn2c(-c3ccc([N+](=O)[O-])o3)nnc2s1,-4.643856189774724
C[n+]1nn(Cc2ccccc2)c2c1C(=O)c1ccccc1C2=O,-3.0
O=C(OC1CC1)N(CC1CN(c2ccc(N3CCOCC3)c(F)c2)C(=O)O1)C(=O)C1CC1,-5.0
CCOC(=O)N(CC1CN(c2ccc(N3CCOCC3)c(F)c2)C(=O)O1)C(=O)CC,-5.0
CC1CC(N)CN1c1cc2c(cc1F)c(=O)c(C(=O)O)cn2C(C)(C)CF,5.058893689053568
COc1ccc(C(=O)N2CCN(Cc3cn(-c4cc(C)nc5ccc(OC)cc45)nn3)CC2)cc1,1.3219280948873622
CCOC=NC1=C(C#N)C(c2ccccc2F)c2c(n(C)c(=O)n(C)c2=O)O1,-2.643856189774725
COc1ccc2cc1Oc1cccc(c1)CCCCC(NCCc1ccc(F)cc1)CC2,-3.643856189774725
COc1cc(C=CC(=O)c2ccccc2)ccc1OCc1nnc(-c2ccccc2O)o1,-2.584962500721156
O=C(C(=Cc1ccc(C(F)(F)F)cc1)n1cnc2cc(F)ccc2c1=O)c1nccs1,-2.0
CC(=O)Oc1ccc(-c2nc3nc(C)cc(C)c3c(=O)[nH]2)cc1,-4.643856189774724
Cc1ccc(-c2cc3c(cc2F)c(=O)c2c(=O)[nH]sc2n3C2CC2)nc1,3.0588936890535687
CCOC(=O)c1cnn(-c2ccc3ccccc3n2)c1-c1ccccc1,-2.643856189774725
CC(=O)NCC1CN(c2ccc(-c3ccc4c(c3)CC3(C(=O)NNC3=O)C3CCCN43)c(F)c2)C(=O)O1,-4.0
O=C(C=Cc1ccc(OCc2cn(Cc3ccccc3Br)nn2)cc1)c1ccc(Br)cc1,-2.643856189774725
CCCCCCCCCCCCCCCC(=O)N1CCN(c2ccc(N3CC(Cn4ccnn4)OC3=O)cc2F)CC1,-3.0
CCCCC(CN(O)C=O)C(=O)N1CCCC1c1nnc(-c2ccc(Cl)s2)s1,-5.0
COc1ccc2ncc(F)c(CCC34CCC(NCc5ccc6c(n5)N(C)C(=O)CO6)(CC3)CO4)c2n1,-4.0
CC(NC(=O)C(N)CC[S+](C)[O-])P(=O)(O)O,-2.0
CC(C)COC(=O)ONC(=O)CCc1ccccc1,-0.0
O=c1oc2ccccc2cc1-c1csc(NN=Cc2c[nH]nc2-c2cc(Cl)sc2Cl)n1,-1.6438561897747246
CCn1cc(C(=O)O)c(=O)c2cc(F)c(N3CCN(C=O)CC3)nc21,-0.6415460290875237
Cc1ccc2c(Cn3nnc(N)c3C#N)cc(=O)oc2c1,2.321928094887362
CC(C)c1nc2sc3c(NCCN(C)C)ncnc3c2c2c1CCCC2,-4.0
CCCNc1c2c(c(O)c3cc(CN4CCC4)ccc13)C(=O)C1=C(O)C3(O)C(=O)C(C(N)=O)=C(O)C(N(C)C)C3CC1C2,-4.0
COc1ccc(C2=NN(C(C)=O)C(c3ccc(NS(=O)(=O)c4ccc(OC(F)(F)F)cc4)cc3)C2)cc1OC,-3.9068905956085187
O=C1CSCC(=O)Nc2cccc(n2)NC(=O)CSCC(=O)Nc2cccc(n2)N1,-4.643856189774724
CCCN(C)C(=S)SC1=C(C(=O)O)N2C(=O)C(C(C)O)C2C1C,-4.643856189774724
CCc1c(-c2ccc(N3CCNCC3)cc2)[nH]c(=O)c(C(=O)O)c1O,-1.632268215499513
COc1ccc(N(CCCCCC2CCCCC2)c2ccc[n+](C)c2)cc1,-4.321928094887363
Cc1[nH]c(C(=O)Nc2nc3c(OCc4ccsc4)cc(C(=O)O)cc3s2)c(Cl)c1Cl,3.0
CON=C(C(=O)N1CCN(c2ccc3c4c(cccc24)C(=O)N(c2nccs2)C3=O)CC1)c1csc(N)n1,-4.0
NC(=O)c1cc2cc(Br)c(C3CCCC3)nc2nc1N,-2.0
Fc1cccc(F)c1C1CC(c2ccccc2)=NN1c1nc(-c2ccccc2)cs1,-4.965784284662087
O=C(CN1CCOCC1)Nc1nc(-c2ccc(F)cc2)cc(-c2ccc(F)cc2)n1,-2.643856189774725
Cn1c(=O)c2c(ncn2CC(=O)NCc2cn(CC3OC(n4ccc(=O)[nH]c4=O)C4OC(C)(C)OC34)nn2)n(C)c1=O,1.0
CS(=O)(=O)c1ccc(Cc2nnc3n2N=C(c2cc4ccccc4c(=O)o2)CS3)cc1,-2.643856189774725
N#Cc1c(-c2ccc(Br)cc2)[nH]c(=S)n2cnnc12,-4.0
COc1ccc2cc1Oc1cc(ccc1OC)CCC(NCCc1cccc(F)c1)CCCC2,-4.643856189774724
CC1(C)SC2C(Nc3cc[n+](COCC(Cl)(Cl)Cl)cc3)C(=O)N2C1C(=O)[O-],1.0
CN(C)C1C(O)=C(C(N)=O)C(=O)C2(O)C(O)=C3C(=O)c4c(O)c(NC(=O)CN5CC6CCCC6C5)cc(F)c4CC3CC12,-0.0
CCCCCC[n+]1ccn(-c2ccc(CCc3ccc(-n4cc[n+](CCCCCC)c4)cc3)cc2)c1,-2.0
O=C1CCc2cc(-c3ccc(N4CC(CO)OC4=O)cc3F)cc(O)c21,-3.0
CC(=Cc1ncc(-c2ccc([N+](=O)[O-])s2)o1)CC1OCC(CC2OC2C(C)C(C)O)C(O)C1O,4.058893689053568
CNCC(=O)NC(C)C(=O)NC(C)C(=O)NC(C)P(=O)(O)O,5.965784284662087
N#CC(=Cc1ccc(Cl)c(Cl)c1)CNC(=S)Nc1ccccc1,-0.6415460290875237
CCOC(=O)c1nc(N)sc1Sc1nc2ccc(C)cc2c(=O)n1Cc1ccccc1,-1.0
COc1cc(C=Nn2c(=O)c(C(C)=O)cc3cc([N+](=O)[O-])ccc32)cc(OC)c1OC,-0.6780719051126377
N#Cc1ccc2nc(N3C(=O)CSC3N3CCN(c4cc5c(cc4F)c(=O)c(C(=O)O)cn5C4CC4)CC3)sc2c1,-1.0
CCC(=C1CN(c2nc(Oc3cnc(C)nc3)nc3[nH]c4c(NC)cc(F)cc4c23)C1)C(C)N,-3.0
COCC1=C(C(=O)O)N2C(=O)C(NC(=O)C(=NOC)c3csc(N)n3)C2SC1,3.0
CCOC(=O)C1=C(C)N=c2sc(=Cc3ccc(-c4ccc(Br)cc4)o3)c(=O)n2C1c1ccc(SC)cc1,-3.643856189774725
CS(=O)(=O)OC1=C(C(=O)O)N2C(=O)C(NC(=O)Cc3ccccc3)C2CN1,0.07400058144377693
CC1(C)OC2OC3COB(c4ccccc4)OC3C2O1,-4.22881869049588
C#Cc1ccc(NC(=O)C(N)C(C)C)cc1,-2.321928094887362
NNC(=O)CSc1ccccc1Cl,-4.0
CC(=NNC(=O)CSc1nnc(-c2nc(C(C)C)cs2)n1-c1ccccc1)c1ccc(Cl)cc1,-4.0
CN(C)CCNCc1cc2cc3c(cc2n1C)OCCc1c-3[nH]c(=O)c(C(=O)O)c1O,-2.963474123974886
NC1CCN(c2c(F)c3c(c(=O)c(C(=O)O)cn3C3CC3)c3[nH]nnc23)C1,5.321928094887363
CC(=O)N1N=C(c2ccc(-n3cccc3)cc2)CC1c1ccc(F)cc1,-3.643856189774725
CCc1c(-c2ccc(N3CC4CCN(C)C4C3)cc2)[nH]c(=O)c2c(=O)[nH]sc12,4.058893689053568
Cc1cc(=O)oc2cc(OCCCCCn3cncn3)cc(OCCCCCn3cncn3)c12,-3.0
CC(N)C(=O)NC1CCN(c2c(F)c(N)c3c(=O)c(C(=O)O)cn(C4CC4)c3c2F)C1,4.321928094887363
CCCCCCCNC(=O)C[N+](C)(C)CCCCCOc1cc(C)ccc1C(C)C,-4.0
CC(C)CCOc1ccccc1-c1ccccc1OCc1cn(C(CCCCN)C(=O)NCc2ccccc2)nn1,-5.0
CCCCCON=C(C(=O)NC1C(=O)N2C(C(=O)O)=C(CSc3nnnn3CCO)OCC12)c1nsc(N)n1,-3.0
NCc1cccc(NCc2cccc(-c3ccc(C(=O)O)c(O)c3)n2)c1,-1.0
CCNC1CC(N)C(OC2OC(CN)=C(c3ccccc3)CC2N)C(O)C1OC1OCC(C)(O)C(NC)C1O,-1.0
Cc1ccc2cc(C=C3SC(=S)N(CC(=O)O)C3=O)c(Cl)nc2c1,-4.906890595608519
CNC1C(O)C(OC2C(N)CC(N)C(OC3OC(CN)=CCC3N)C2O)OCC1(C)O,4.058893689053568
CC1COc2c(N3CCC(CN)C3)c(F)cc3c(=O)c(C(=O)O)cn1c23,4.321928094887363
CC(C)NCc1cc2cc3c(cc2n1C)OCCc1c-3[nH]c(=O)c(C(=O)O)c1O,1.0291463456595165
Fc1cc(-c2nnc3n2N=C(Nc2cccc(Cl)c2Cl)CS3)c(Cl)cc1Cl,-3.643856189774725
Cc1c(N2CCC2)c(F)cn2c(=O)c(C(=O)O)cc(C3CC3)c12,-1.632268215499513
CC(C)=NNc1nc2ccccc2[nH]c1=O,-2.963474123974886
CC(NCCOc1ccccc1)=C1C(=O)C2COC(C(C)(C)C)N2C1=O,-5.0
CCn1cnc2cc3c(=O)c(C(=O)O)cn(CC)c3nc21,-1.6461626571578936
O=C(NO)C1CN(c2ccc(C#CC#CC3CC3)cc2)C(=O)O1,5.965784284662087
O=C(Nc1ccc(C2NCCc3c2[nH]c2ccccc32)cc1)c1cccc(F)c1,-4.0
COc1ccc(C=Cc2nc3ccccc3c(=O)n2-c2nnc(-c3cccc(Cl)c3)s2)cc1,-3.3248106034204836
Cc1ccc(C(C)C)cc1OC(=O)CC(C)C,-3.548436624696042
N#Cc1sc(Nc2ccccc2)c(C(=O)N2NC(=O)C3C4c5ccccc5C(c5ccccc54)C3C2=O)c1N,-3.643856189774725
Cc1ccc2c(c1)C(=O)C(=O)N2CN1CCN(c2cc3c(cc2F)c(=O)c(C(=O)O)cn3C2CC2)CC1,3.321928094887362
COc1ccc2ncc(F)c(C(O)C(O)C3CCC(NCc4cc5c(cn4)OCCS5)CO3)c2n1,6.965784284662087
CC1C(=NNC(=S)Nc2ccccc2)C(C)C(c2ccccc2Cl)OC1c1ccccc1Cl,-4.643856189774724
CC(C)(C)OC(=O)NC(CC(=O)NO)Cc1ccccc1,-5.0
Cc1ccc2c(C)c3c(c(O)c2c1O)C(=O)C1(O)C(=O)C(C(N)=O)=C(O)C(N)C1C3,1.0
CSC(Cn1nnc2cc(C#Cc3ccc(N4CC5(COC5)C4)cc3)ccc21)N(O)C=O,2.9434164716336326
Cc1c(CN(C)C(=O)C=Cc2cnc3c(c2)NCCC(=O)N3)[nH]c2ccccc12,-2.0
Cc1ccc(C2=Nn3c(nnc3-c3nc(C(C)C)cs3)SC2)cc1,-3.0
Cc1cc(F)c(-c2noc(COc3ccc(Cl)cc3C(=O)c3ccccc3)n2)cc1F,-4.897240425574799
COc1c(O)cc2c(c1O)C(=O)OC(C)C2Oc1cc2c(c(O)c1OC)C(=O)OC(C)C2,-0.0
CCN1CCN(c2c(-c3nnc(S)n3CCOC)cnc3c(C(F)(F)F)cccc23)CC1,-2.643856189774725
CC(O)C1C(=O)N2C(C(=O)O)=C(SC3CNC(C4CC(CO)=NO4)C3)C(C)C12,5.321928094887363
O=[N+]([O-])c1ccc(-c2cnc(-c3cnc4nc(-c5ccc(Br)cc5)c(Nc5ccccc5)n4c3)[nH]2)cc1,-2.414135532984451
O=c1[nH]sc2c1c(=O)c1cc(F)c(-c3cncc(C4CCCCN4)c3)cc1n2C1CC1,1.1202942337177118
S=C([S-])N1CCN(C(=S)[S-])CC1,-3.0
COc1ccc(N=NC(C(N)=O)c2ccccc2C#N)cc1,-3.643856189774725
Cc1nnc(SCC2=C(C(=O)[O-])N3C(=O)C(NC(=O)CSCC(F)(F)F)C3SC2)s1,-2.655351828612554
Cc1ccc(C=NNC(=O)c2cnc3c(C(F)(F)F)cccc3c2O)cc1,-1.6415460290875237
O=P(O)(O)Cc1cccc(-n2cc(-c3ccc(Br)cc3)nn2)c1,-1.0
CCCCCCCC(=O)Nc1cc[n+](CCCOc2ccc(C(=O)C=Cc3ccccc3)cc2)cc1,-5.0
CON=C1CCN(c2c(F)cc3c(=O)c(C(=O)O)cn(C4CC4)c3c2OC)CC1NC(=O)CNC(=O)CN,-4.0
COc1ccc(Cn2cnc3c(-c4ccco4)nccc32)cc1,-4.0
CC(C)Oc1ccc(C2CC(c3ccc(O)cc3)=NN2C(=O)c2cccnc2)cc1,-2.700439718141092
COc1ccc(COc2ccc3cc(C=C4SC(=S)N(C(Cc5c[nH]c6ccccc56)C(=O)O)C4=O)ccc3c2)cc1,-4.0
COc1cc2c(cc1OC)C1=NN(C(N)=O)C(c3ccncc3)C1C2,-3.0
CCNCC1CCN(c2c(F)cc3c(=O)c(C(=O)O)cn(C4CCC4)c3c2F)C1,3.321928094887362
CN1c2ccccc2Sc2cc(COCc3cn(Cc4ccc(C#N)cc4)nn3)ccc21,-4.643856189774724
NC1CCN(c2nc3c(-c4ccc(F)cc4F)cc(C(=O)O)c(=O)n3cc2F)C1,5.643856189774724
COCCNCc1cc2cc3c(cc2n1C)OCCc1c-3[nH]c(=O)c(C(=O)O)c1O,1.0
NC1CC1COc1ccc2ncc(F)c(CCC34CCC(NCc5ccc6c(n5)NC(=O)CO6)(CC3)CO4)c2n1,-1.0
Fc1ccc(COc2cccc(-c3n[nH]cc3-c3ccncc3)c2)cc1,3.9885043611621707
CC(=O)c1cccnc1NC(=O)c1ccc2c(c1)OCCCO2,-2.643856189774725
C=Cn1cc(C(=O)O)c(=O)c2cc(F)c(N3CC(N)C3)nc21,3.321928094887362
CC(C)(C)OC(=O)NC(Cc1c[nH]c2ccccc12)C(=O)Oc1ccc2c(=O)c3ccccc3oc2c1,-4.0
O=[N+]([O-])c1c[nH]c(-c2nnc(-c3ccco3)o2)c1,-1.6438561897747246
CC(C)(ON=C(C(=O)NC1CN(S(=O)(=O)[O-])C1=O)c1csc(N)n1)C(=O)[O-],0.3219280948873623
Nc1ccc(-c2ccc(N3CC(CO)OC3=O)cc2F)cc1O,-5.0
O=C(O)c1cn(C2CC2)c2c(F)c(N3CCNCC3)c(F)c(F)c2c1=O,6.321928094887363
COc1c(N2CCc3sccc3C2)c(F)cc2c(=O)c(C(=O)O)cn(C3CC3)c12,3.0588936890535687
O=C(CCl)N(N=Nc1ccc([N+](=O)[O-])cc1C(F)(F)F)c1ccc([N+](=O)[O-])cc1C(F)(F)F,1.0
Cc1ccc2cc(C=C3SC(=S)N(CCC(=O)O)C3=O)c(Cl)nc2c1,-4.906890595608519
CCCCCC[n+]1ccn(-c2ccc(C=Cc3ccc(-n4cc[n+](CCCCCC)c4)cc3)cc2)c1,-1.0
CN1CCC2CN(c3nc4c(cc3F)c(=O)c(C(=O)O)cn4-c3ccc(O)cc3)CC21,4.321928094887363
CN(Cc1ccc(F)cc1)c1cnc2nc(N)nc(N)c2n1,-4.643856189774724
Nc1nc(N)c2cc(S(=O)(=O)Nc3ccc(Cl)c(Cl)c3)ccc2n1,-4.643856189774724
NNc1nc(Nc2ccc([N+](=O)[O-])cc2)nc(N2CCN(C(=S)Nc3ccnc4cc(Cl)ccc34)CC2)n1,-4.643856189774724
CC1(C)C(NC(=O)C(=NOCc2cc(=O)c(O)cn2O)c2csc(N)n2)C(=O)N1S(=O)(=O)O,5.058893689053568
CCOC(=O)C1=C(C)NC(C)=C(C(=O)OCC)C1c1ccc(NC(=O)Nc2ccc(C#N)cc2)cc1,-3.9068905956085187
C[n+]1ccc(SCC2=C(C(=O)O)N3C(=O)C(NC(=O)C(=NOC4CCCC4)c4csc(N)n4)C3CO2)cc1,1.3584539709124763
Cc1nnn(Cc2cc(=O)oc3c4c(ccc23)OCO4)c1C(=O)O,2.321928094887362
Cc1nc2ccccc2n1Cc1nnc(-c2ccccc2O)o1,-5.0
COC(=O)C1(C#N)Oc2c(c(=O)oc3ccccc23)C1c1ccc(Br)cc1,-3.643856189774725
C=Cc1ccccc1-c1nc(N2N=C(c3ccc(-c4ccco4)cc3)CC2N2CCc3ccccc3C2)c(C)o1,-0.6433944534798923
COc1cccc2c3c([nH]c12)C(NCCCNc1ccnc(NCC(C)C)n1)CCC3,-3.643856189774725
CCCCCCCN1CCCc2cc(OCCCCNC(=N)N)ccc21,-1.6438561897747246
COc1c(N2CCC(C(C)(C)NC3CC3)C2)c(F)cc2c(=O)c3c(=O)[nH]sc3n(C3CC3)c12,2.0
CC(C)N1CCN(c2cc3c(cc2F)c(=O)c(C(=O)O)cn3-c2ccc(F)cc2F)CC1,0.3219280948873623
CC(C)(C)C1NC(=O)C(CC(=O)NO)CCCCCCCCCNC1=O,-4.584962500721156
Cc1ccccc1SCC(=O)NN,-4.0
O=c1[nH]sc2c1c(=O)c1cc(F)c(-c3ccc4cncnc4c3)cc1n2C1CC1,-2.0
NCC1CCN(c2nc3c(cc2F)c(=O)c(C(=O)O)cn3C2CC2)C1,6.965784284662087
COc1cccc2c(-c3ccccc3)cc(=O)n(Cc3nnc(S)n3N)c12,-3.0
CCOC(=O)C1=C(C)NC(=S)NC1c1ccc(NC(=O)Nc2ccc(C(F)(F)F)cc2Cl)cc1,-4.643856189774724
Cc1cc(=O)oc2cc(OCC3CO3)cc(OCC3CO3)c12,1.0
CCC(C)C(NC(=O)C(CC(C)C)NC(=O)c1cc(-c2nc3cc(C)c(C)cc3[nH]2)ccc1O)C(=O)OC,-3.643856189774725
CCCn1c(-c2ccc(Cl)cc2Cl)nc2cc(C(=O)NN=Cc3ccccc3F)ccc21,-2.643856189774725
O=C(O)c1cn(C2CC2)c2cc(N3CCN(Cc4cn(-c5ccccc5)nn4)CC3)c(F)cc2c1=O,3.0588936890535687
CCCC(N)C(=O)NC1CN(c2cc3c(cc2F)c(=O)c(C(=O)O)cn3-c2ccc(F)cc2F)C1C,1.0
CC1C(=O)C(C)C(c2ccc(F)cc2)N(C(=O)Cn2cnc3ccccc32)C1c1ccc(F)cc1,-3.643856189774725
CCOC(=O)C(CC(C)C)NC(=O)c1cn(CC)c2cc(C(F)(F)F)ccc2c1=O,-4.643856189774724
CC1(Cn2ccnn2)C(C(=O)O)N2C(=O)CC2S1(=O)=O,4.058893689053568
O=C(O)c1cn(-c2ccc(Cl)cc2Cl)c2cc(N3CCNCC3)c(F)cc2c1=O,1.3219280948873622
CN(c1cccc(C(=O)NCCNC(=N)N)c1)S(=O)(=O)c1cc(C(C)(C)C)cc(C(C)(C)C)c1,-5.0
Nc1cc(-c2ccc(N3CC(CNC(=O)C(F)(F)F)OC3=O)cc2F)ccn1,-3.0
COc1ccc(-c2nnc(-c3cc([N+](=O)[O-])c[nH]3)o2)cc1,-2.643856189774725
CC1(C)CCC2(C(=O)O)CCC3(C)C(=CCC4C5(C)CC(O)C(O)C(C)(C)C5CCC43C)C2C1,-1.9634741239748859
O=C1c2cccnc2C(=O)c2c1c(C(=O)OCCCCCN1CCCCC1)c1ccc(Br)cn21,-2.0
CC(=O)c1ccc2c(c1OCCCNCCCN1CCN(C)CC1)C=CC(C)(CCC=C(C)C)O2,-4.0
C=Cc1cnc([N+](=O)[O-])n1C,-3.321928094887362
CCCCCCCCCc1ccccc1C(=O)NS(=O)(=O)c1ccc(C(C)(C)C)cc1,1.0
CNC1CN(c2nc3c(cc2F)c(=O)c(C(=O)O)cn3C2CC2)CC1=NOC,6.965784284662087
COC(=O)C1(C)CCCC2(C)c3ccc(C(C)C)c(NC(=O)Cn4cc(-c5cccc(F)c5)nn4)c3CCC12,-4.643856189774724
Cc1c(CN(C)C(=O)C=Cc2cnc3c(c2)CC2(CCNCC2)C(=O)N3)oc2ccccc12,3.9885043611621707
Cc1ccc(C2c3c(-c4ccccc4)nn(-c4ccc([N+](=O)[O-])cc4)c3Nc3[nH]c(=O)[nH]c(=O)c32)cc1,-2.0
CCCc1nn(CN2CCN(C)CC2)c(=S)n1N=Cc1c[nH]nc1-c1ccc(OC)cc1,-3.643856189774725
CCCC1=C(C(=O)O)N2C(=O)C(NC(=O)C(N)c3ccc(O)cc3)C2CO1,-1.0
COc1c(N2CCN(c3nnc(-c4ncc([N+](=O)[O-])n4C)s3)C(C)C2)c(F)cc2c(=O)c(C(=O)O)cn(C3CC3)c12,-4.0
Cc1nc2c(-c3ccc(Cl)cc3)n[nH]c2c(=O)n1N,-3.9068905956085187
CCn1cc(C(=O)O)c(=O)c2cc(C#N)c(N3CCNCC3)nc21,-0.6415460290875237
CN1CC(F)(C#CC#Cc2cc3n(c2)C(=O)N(CCC(C)(C(=O)NO)S(C)(=O)=O)C3)C1,3.0588936890535687
COc1cccc(N2CCN(CC#CCOC(=O)c3sc4ncnc(N5CCOCC5)c4c3C)CC2)c1,0.9971174914668787
CCC(=O)C1=C(C(=O)O)N2C(=O)C(NC(=O)C(=NOC)c3csc(N)n3)CN2C1,-2.0
Cc1[nH]c(C(=O)Nc2nc3c(OCc4cc[n+](C)cc4)cc(C(=O)O)cc3s2)c(Cl)c1Cl,-3.0
N#Cc1ccccc1-c1cc2c(cc1F)c(=O)c1c(=O)[nH]sc1n2C1CC1,-1.0
CN(C)c1ccc(C=CC(=O)c2cc(C(=O)C=Cc3ccc(N(C)C)cc3)c(O)cc2O)cc1,-4.643856189774724
CCOC(=O)C1=C(C)NC(=S)NC1c1ccc(NC(=O)Nc2cccc(C(F)(F)F)c2)cc1,-4.321928094887363
O=C(O)c1cn(C(CF)(CF)CF)c2nc(N3CCNCC3)c(F)cc2c1=O,1.0
Nc1ccc(NC(=O)c2ccccc2)c(O)c1,-3.963474123974886
CC(=O)N(C1=NN(C(C)=O)C(c2cc3ccccc3nc2Cl)S1)c1ccccc1C,-5.0
CCCCc1nc(Cl)c(C2NC(=O)NC(C)=C2C(=O)OCC)n1S(=O)(=O)c1cccc(Cl)c1,-5.0
O=C(O)CC(c1c(O)c2ccccc2oc1=O)c1cc(=O)oc2c1ccc1ccccc12,-1.7004397181410922
C=CCN1C(=O)C(=Cc2ccc(-c3cccc(Cl)c3)o2)SC1=S,-3.643856189774725
COc1ccccc1N1CCN(CC(=O)NN=Cc2ccccc2O)CC1,-4.968090752045256
CC(=O)Nc1cccc(OCc2cc(=O)oc3ccc(C)cc23)c1,-4.643856189774724
COc1ccc(C2C(Cl)C(=O)N2NC(=O)c2cc(-c3ccc(Cl)cc3)n[nH]2)cc1OC,1.0
CCn1cc(C(=O)O)c(=O)c2cc(F)c(N3CCN(CC(=O)Nc4nc5ccc([N+](=O)[O-])cc5s4)CC3)cc21,-2.584962500721156
CN(C)CCNC(=N)c1ccc2cc(-c3ccc(-c4cc5ccc(C(=N)NCCN(C)C)cc5[nH]4)cc3)[nH]c2c1,-3.0
Nc1nc(N)c2c(ccc3c2ccn3Cc2ccc(C(=O)O)c3ccccc23)n1,-3.0
OC(Cn1cncn1)(Cn1cncn1)c1ccc(F)cc1F,2.0
CNCC1CCC(N)C(OC2C(N)CC(NC(=O)C(O)CCN)C(OC3OC(CO)C(O)C(N)C3O)C2O)O1,-0.0
COc1c2c(c(O)c3cc(CN4CCCC4)ccc13)C(=O)C1=C(O)C3(O)C(=O)C(C(N)=O)=C(O)C(N(C)C)C3CC1C2,-0.0
CCNCC1CCN(c2c(F)cc3c(=O)c(C(=O)O)cn4c3c2SC(C)C4)C1,3.0588936890535687
NCc1cc(=O)n(C2CC2)c2cc(N3CC4CC4(N)C3)c(F)cc12,1.0
COc1cc(NC(=O)c2cccc(Oc3ccccc3)c2)c(C(=O)O)cc1OC,-2.584962500721156
CON=C1CN(c2c(F)cc3c(=O)c(C(=O)O)cn(C4CC4)c3c2Cl)CC1N,6.965784284662087
COc1ccc(C=C2Oc3c(ccc(O)c3O)C2=O)c(O)c1,-5.0
CNC1CCN(c2cc3c(cc2F)c(=O)c(C(=O)O)cn3-c2ccc(F)cc2)C1,-1.632268215499513
CC(=O)Nc1ccc(S(=O)(=O)CC(=NNc2ccc(C(=O)O)cc2)c2nccs2)cc1,-5.0
O=C(CCCc1ccccc1)NOC(=O)OCc1ccccc1,1.0
O=C(C=Cc1ccc(O)c(O)c1C=Cc1ccc(O)c(O)c1)OC(Cc1ccc(O)c(O)c1)C(=O)O,3.0
Cn1cc([N+](=O)[O-])cc1-c1nnc(Cc2ccccc2F)o1,-0.6415460290875237
Cc1c2c[n+](C)ccc2c(C)c2c1c1cc(Br)ccc1n2C,-0.0
Cc1[nH]c(C(=O)Nc2nc3c(N4CC(C)OC(C)C4)cc(C(=O)O)cc3s2)c(Cl)c1Cl,-3.0
COc1ccc2nccc(-n3cc4c(n3)CCC(NC(=O)c3ccc5c(c3)NC(=O)CS5)C4)c2c1,-2.0
NCC1CCN(c2nc3c(cc2F)c(=O)c(C(=O)O)cn3-c2ccc(O)cc2)C1,4.321928094887363
CC1C(N)CN1c1cc2c(cc1F)c(=O)c1c(=O)[nH]sc1n2C1CC1,5.058893689053568
COc1c(N2CCC(C(C)(C)NCC(C)C)C2)c(F)cc2c(=O)c3c(=O)[nH]sc3n(C3CC3)c12,-0.0
O=C(O)c1ccc2c(-c3ccccc3)ccc(NS(=O)(=O)c3ccccn3)c2n1,3.0
COc1ccc2nccc(-n3cc4c(n3)CCC(NC(=O)c3cc5c(cc3Br)SCC(=O)N5)C4)c2c1,-1.0
CCN(CC)Cn1nc2c(F)cc3c(=O)c(C(=O)O)cn(C4CC4)c3n2c1=S,-2.0
COc1ccc2c(c1)CN(C1CC(c3ccccc3C(F)(F)F)=NN1c1nc(-c3ccc(F)cc3F)oc1C)CC2,-3.643856189774725
O=C1COc2ccc(CNC34CCC(CC5(F)Cn6c(=O)ccc7ncc(F)c5c76)(CC3)OC4)nc2N1,-2.0
COc1c(N2CCC(C3(N)CCC3)C2)ccc2c(=O)c(C(=O)O)cn(C3CC3F)c12,6.380821783940931
NC(C(=O)NC1C(=O)N2C(C(=O)O)=C(Cc3ccccc3)CSC12)c1ccccc1,-4.643856189774724
COc1ccc(Br)c(C(=O)NN2C(=O)CSC2c2ccc(-c3ccccc3)cc2)c1,-2.643856189774725
CC1CCCC=CC2OC(CC=CC=CC(OC3OC(CO)C(O)C(O)C3O)CC=CC=CC(=O)O1)CC(O)C2O,5.643856189774724
CCC(C)C(=O)c1c(O)cc(O)c(CC=C(C)CCC=C(C)C)c1O,-0.0
O=C(C(=Cc1cccs1)n1cnc2cc(Cl)ccc2c1=O)c1nccs1,-5.0
CC1(C)SC2C(n3cc(-c4ccccc4)nn3)C(=O)N2C1C(=O)O,-3.0
COc1cc2c(cc1OC)C(c1ccc(O)cc1)C(C)C(C)=C2,-4.285402218862249
CCc1cc(O)c(Oc2ccc(C(=O)O)cc2F)cc1F,-5.0
OCc1ccc(O)c2ncccc12,-5.0
Cc1c(N2CCC(CN)C2)c(F)cc2c(=O)n(N)c(=O)n(C3CC3)c12,2.9434164716336326
Cc1nc2scc(-c3ccco3)c2c(=O)n1NC(=O)c1ccc(Cl)cc1Cl,-2.584962500721156
CN(C)CCCNC(=O)c1ccc(C(O)=C2C(=O)N(c3ccc(Cl)cc3)N(c3ccc(Cl)cc3)C2=O)cc1,-2.0
O=c1cc(CCl)oc(CN2CCN(c3ccccc3)CC2)c1O,-3.0
CNc1cc2c(=O)c(C(=O)O)cn(C3CC3)c2c(C)c1N1CCC(C)CC1,1.0
CCCCCCCCNC(=O)CN(NC(=O)CCCCCCC)C(=O)CN,-4.0
CC(C)CCOc1cc(C(=O)NCc2ccccc2Cl)cc2ccccc12,-1.0
O=c1c2nc([N+](=O)[O-])cn2ccn1Cc1cncs1,-5.0
COc1c(N2CC3CCCN(C(=O)c4ccc(C)cc4)C3C2)c(F)cc2c(=O)c(C(=O)O)cn(C3CC3)c12,-0.29865831556451516
COc1cc(C=Nn2cnnc2)c2c(c1OCc1ccc(Cl)cc1)CN1CCc3cc4c(cc3C1C2)OCO4,-3.0
O=C(CC1SC(=O)NC1=O)Nc1nnc(-c2ccccc2Cl)s1,-5.0
COc1ccc(C2=NN(C(C)=O)C(c3ccc(NC(=O)Nc4ccc(C(C)C)cc4)cc3)C2)cc1OC,-4.906890595608519
O=c1c2ccccc2[se]n1-c1ccccc1,-2.963474123974886
O=C(O)c1c2n(c3cc(N4CCNCC4)c(F)cc3c1=O)C(c1ccccc1)S2,5.321928094887363
CC1CCCCC1=NNc1nc(-c2ccc(I)cc2)cs1,-4.0
CCCCCCC(=O)N1CC(=O)C(=C(CCCCCC)NC2CCCCC2)C1=O,-5.0
COCc1ccc(C2C(O)C(O)C(C)N2C)cc1,-3.0
CN(C)C1C(O)=C(C(N)=O)C(=O)C2(O)C(O)=C3C(=O)c4c(O)cnc(F)c4CC3CC12,2.0
CCc1c(-c2ccc(N3CC4CCCN(C)C4C3)cc2)[nH]c(=O)c2c(=O)[nH]sc12,-0.0
COc1ccc2ccc(=O)n(CC(O)C3CCC(NCc4cc5c(cn4)OCCO5)CO3)c2n1,-2.0
COc1cc(-c2nc(SC)[nH]c(=O)c2C#N)ccc1OCc1ccccc1,-3.643856189774725
CC(C)CCOc1cc(C(=O)NCc2ccco2)cc2ccccc12,-1.0
C=CC1(C)CC(OC(=O)CSc2cc[n+](CC(=O)N3CCCCC3)cc2)C2(C)C(C)CCC3(CCC(=O)C32)C(C)C1O,-1.0
N#CCc1cc2c(cc1F)c(=O)c(C(=O)O)cn2Cc1ccc(Cl)cc1Cl,-0.0
Cn1cc([N+](=O)[O-])cc1-c1nnc(-c2ccc[nH]2)o1,-0.6415460290875237
CCOC(=O)c1cn(CC2CO2)c2ccc(OC)cc2c1=O,-4.0
CN(C)C1C(=O)C(C(N)=O)=C(O)C2(O)C(=O)C3=C(O)c4c(O)c(NC=O)cc(I)c4CC3CC12,1.0
CC(=Nc1ccc(F)cc1)C1=C(O)C(N)C2Cc3c(c(O)c4c(O)c(C)ccc4c3C)C(=O)C2(O)C1=O,-2.6322682154995127
CCN1Cc2csc3c(C(=O)O)c(=O)c4cc(F)c(N5CCN(C)CC5)c1c4n23,2.321928094887362
Cc1cc(NCC(N)c2ccc(F)cc2)n2nc(NC(CC#N)c3cccc(Cl)c3)nc2n1,1.0
Nc1cc(-n2cc(C(=O)O)c(=O)c3cc(F)c(N4CC(O)C4)c(Cl)c32)c(CO)cc1F,6.965784284662087
Cc1nc(-c2ccc3ccccc3c2)sc1-c1ccnc(NCCN(C)C)n1,-4.0
Cc1ccc(C=CC(=O)N2N=C(c3ccncc3)OC2c2c[nH]c3ccccc23)cc1,-2.974529312483882
CC(=NNC1=NCCN1)c1cnn(-c2ccc(C#CC3CCCCC3)cc2)c1C,-2.0
COc1cc(C=NNC(=O)c2ccc3c(c2)OCCCO3)cc(OC)c1OC,-0.6415460290875237
C=C(C)C(O)CCC(C)=CCc1c(O)cc2c(c1O)C(=O)CC(c1ccc(O)c(OC)c1)O2,-5.0
CN(C)C1C(O)=C(C(N)=O)C(=O)C2(O)C(O)=C3C(=O)c4c(O)c(NC(=O)c5ccccc5)cc(F)c4CC3CC12,-5.0
COC(=O)CCCC1C2CCCN3CCCC(CN1C(=O)c1cc4ccc(Cl)cc4n1Cc1cc(C#N)ccc1F)C23,0.63486740654747
COc1ccc2nc(C)cc(-n3cc(CN4CCN(c5ccccc5)CC4)nn3)c2c1,-3.643856189774725
Fc1ccc(-c2nn(-c3ccccc3)cc2-c2nc3ccccn3c2Cc2ccccc2)cc1,-0.0
CCON=C1CN(c2c(F)cc3c(=O)c(C(=O)O)cn(C4CC4F)c3c2OC)CC1CNC1CC1,-1.0
CC(O)C1C(=O)N2C(C(=O)[O-])=C(CSC(=S)N3CCN(C(=O)c4ccc(O)c(O)c4)CC3)SC12,1.0
O=C(NN=Cc1ccc(Cl)cc1)c1c[nH]c2cc(Cl)ccc2c1=O,-2.9653225483672547
CC1=CC(=O)C(C)(O)C(=O)C1=CNc1cc(F)c(F)c(F)c1,-3.321928094887362
Cc1ccc2c(c1)c(=O)c(C(=O)O)cn2CC(O)Cn1c([N+](=O)[O-])cnc1C,-0.0
Cc1nn(-c2ccccc2)c(Cl)c1C=CC(=O)C1C(=O)NC(=O)NC1=O,-3.643856189774725
CC(C)CC(NC(=O)c1cnc2cc(C(F)(F)F)ccc2c1O)C(=O)O,-4.643856189774724
CCN(Cc1cnc2nc(N)nc(N)c2n1)c1ccc(OC)cc1,-4.643856189774724
O=C(NC1CCCCC1)c1cc(OCc2ccccc2)c2ccccc2c1,-1.0
C=C(C(=O)OCC)C(O)c1cccc([N+](=O)[O-])c1,-4.0
O=C(O)c1cn(C2CC2)c2nc(N3CC(O)C(O)C3)c(F)cc2c1=O,-2.0
Nc1nc(N)c2cc(Sc3ccc(Cl)cc3)ccc2n1,-0.0
Cc1ccc(NC(=O)CSc2nnc(-c3cc(F)c(Cl)cc3Cl)n2N)c(C)c1,-2.643856189774725
COc1ccc(-c2nnc(-n3c(C=Cc4ccccc4)nc4ccccc4c3=O)s2)cc1,-3.4356285940520905
CN1CCN(c2cc3ncnc(Sc4nnc(-c5cccnc5)o4)c3cc2NC(=O)NCCc2ccccc2)CC1,-3.643856189774725
CC(O)C1C(=O)N2C(C(=O)[O-])=C(C=CC[n+]3ccccc3)C(C)C12,4.321928094887363
COc1cc(Cc2cnc(N)nc2N)cc(OC)c1O,3.0
O=C1c2cccc3c(Br)ccc(c23)C(=O)N1CCCn1c[n+](Cc2ccc(Cl)cc2)cn1,-3.0
Nn1c(S)nnc1Cn1c(=O)cc(-c2ccccc2)c2cccc(Cl)c21,-3.0
CC(C(=O)Nc1cc(F)c2c(c1)CC(CNCCC1CN(c3cnc4c(n3)NC(=O)CO4)C(=O)O1)C2)N(C)C,4.058893689053568
Cc1c(C)c2c(c(C)c1O)CCC(C)(C(=O)NN=C1C(=O)Nc3ccc(Br)cc31)O2,-3.643856189774725
O=C(c1cccc(F)c1)N1CCN(c2ccc(N3CC(Cn4ccnn4)OC3=O)cc2F)CC1,-3.0
N#CSc1c(-c2ccc(Br)cc2)nc2sc(Cc3noc4ccccc34)nn12,-1.0
CON=C(C(=O)NC1C(=O)N2C(C(=O)O)=CCCC12)c1csc(N)n1,6.965784284662087
Nc1nc(OCc2cn(-c3n[nH]c4nc(C(F)(F)F)ccc34)nn2)cc(C(F)(F)F)n1,-2.963474123974886
CC(C)CCCC(C)C1CCC2C3C(=O)CC4CC(NCc5ccccn5)CCC4(C)C3CCC12C,-5.0
CNC(=O)c1ccc(OC)c(OC)c1,-4.087462841250339
CCOC(=O)CSC1=C(NCc2ccccc2)C(=O)c2ccccc2C1=O,-3.643856189774725
CNC1(C#CC#Cc2cc3n(c2)C(=O)N(CCC(C)(C(=O)NO)S(C)(=O)=O)C3)CC1,3.0588936890535687
O=C1CSC(c2cc3ccccc3nc2S)N1c1ccccc1Cl,-3.643856189774725
COc1ccc(-c2cc(-c3ccc(-n4cccc4)cc3)on2)cc1OC,-4.643856189774724
NCC1C(=NOCc2ccccc2)CN1c1nc2c(cc1F)c(=O)c(C(=O)O)cn2C1CC1F,3.0
CC(C)(C)c1nc2nc(N)c(C(N)=O)cc2cc1Br,2.0
NCC1CN(c2nc3c(cc2F)c(=O)c(C(=O)O)cn3C2CC2)CC1c1ccc(N)cc1,2.321928094887362
CON=C1CN(c2c(F)cc3c(=O)c(C(=O)O)cn(C4CC4)c3c2Cl)CC1(C)CN,7.158429362604483
CC(=O)Nc1ccc(S(=O)(=O)N2N=Cc3cc(C)ccc3B2O)c(Cl)c1,-4.643856189774724
Cc1[nH]c(C(=O)N=c2sc3cc(C(=O)O)ccc3n2CC(=O)c2ccccc2)c(Cl)c1Cl,-2.0
C=CCC(NCc1ccc(F)c(F)c1)c1cc2ccccc2o1,-1.6438561897747246
COC(=O)CC1OC(C)=C2C(=O)c3c(ccc(C4CC(N(C)C)C(O)C(C)O4)c3O)C(=O)C2=C1O,-2.0
CC(=O)NCC1CC(c2ccc(C3=CCN(C(C)=O)CC3)cc2)=NO1,-4.0
O=C(CCC1CCCCC1)NOC(=O)OCc1ccccc1,1.0
Cc1cc(NC(=O)CN2CCN(C)CC2)c2cc(NC(=O)Nc3cc(Cl)cc(Cl)c3)ccc2n1,-1.6438561897747246
Cc1cc(=O)oc2c(-c3nn(-c4ccc(Cl)cc4)cc3C=O)c(O)ccc12,-4.906890595608519
C=C(CC(N)C(=O)O)CC(N)C(=O)O,-1.0
CC(CCC(=O)NN=Cc1ccccc1)C1CCC2C3C(O)CC4CC(O)CCC4(C)C3CC(O)C12C,-1.9671686075326276
N#CSc1c(-c2ccc(-c3cc4ccccc4oc3=O)cc2)nc2sc(Cc3noc4ccccc34)nn12,-1.8073549220576042
Cc1ccc(-n2nc(C)c(C3C(C#N)=C(N)N(c4cccnc4)C4=C3C(=O)CCC4)c2Cl)cc1,-0.6415460290875237
COc1ccc2[nH]cc(CNC(=O)c3ccc4c(c3)OCCCO4)c2c1,-4.643856189774724
COc1cccc(CON=C2CCN(c3c(F)cc4c(=O)c(C(=O)O)cn(C5CC5)c4c3OC)CC2N)c1OC,6.965784284662087
O=C1c2cccnc2C(=O)c2c1c(C(=O)OCCCCN1CCCCC1)c1ccc(Br)cn21,-2.0
N#Cc1cc(OCC2(N)CC2)cc2c1CC(CNCCC1CN(c3ccc4c(n3)NC(=O)CO4)C(=O)O1)C2,4.058893689053568
COc1ccc(C(NC(=O)c2cccc(OC)c2)c2cc(Cl)c3cccnc3c2O)cc1,-5.0
CC1(N)CCN(c2c(F)cc3c(=O)c(C(=O)O)cn(C4CC4)c3c2F)C1,2.321928094887362
CC(=NNC(=N)N)c1sc(NN=Cc2ccc(-c3cccs3)s2)nc1C,-3.0
CC(C)=CCCC(C)=CCCC(C)=CCCC(C)=CC[n+]1cn(C)c2ncnc(N)c21,-5.0
COCCNC1CCN(c2c(F)cn3c(=O)c(C(=O)O)cc(C4CC4)c3c2C)C1,1.3584539709124763
Cc1ncc([N+](=O)[O-])n1CCOC(=O)c1ccccc1OCc1ccccc1Cl,-2.643856189774725
Clc1ccc(C=NNc2nc(-c3ccccc3)cs2)cc1,-4.643856189774724
O=C1OC(CO)CN1c1ccc(-c2cc(O)ccc2F)cc1,-4.0
O=C([O-])C1=CSC2C(=Cc3cc4c(s3)CCN(c3cc5c(s3)CCOC5)C4)C(=O)N12,-4.0
NC(=O)c1c(F)ccc(OCc2nc3cc(Cl)cnc3s2)c1F,-5.0
CON=C(C(=O)NC1C(=O)N2C(C(=O)[O-])=C(C[n+]3ccc4nc(C)sc4c3)CSC12)c1csc(N)n1,5.058893689053568
COc1ccc2ncc(F)c(C(O)CCC3CCN(CCSc4cccs4)CC3C(=O)O)c2c1,6.965784284662087
CCCCCCCCC=CCCCCCCCC(=O)NCCCN,-2.0
C=CCN1C(c2ccccc2)CC(=NOCc2ccccc2)C(CC)C1c1ccccc1,-2.643856189774725
CON=C1CN(c2nc3c(cc2F)c(=O)c(C(=O)O)cn3C2CC2)CC1(C)CN,7.965784284662087
CC(O)C(NC1CN(C)Cc2cc(C#Cc3ccccc3)ccc21)C(=O)NO,-1.0
O=CN(O)CCCP(=O)(O)O,-2.643856189774725
CCC(N)C1CCN(c2c(F)cc3c(=O)n(N)c(=O)n(C4CC4)c3c2C)C1,2.9434164716336326
CSc1ccc(Cc2nn(CN3CCOCC3)c(=S)n2N=Cc2ccc3c(c2)OCO3)cc1,-4.643856189774724
COc1ccc2nccc(OCC3CCC(NCc4ccc5c(n4)NC(=O)CS5)CO3)c2n1,7.965784284662087
NC1C2CN(c3cc4c(cc3F)c(=O)c(C(=O)O)cn4-c3ccc(O)cc3)CC12,4.321928094887363
COC(=O)C1(C)CCCC2(C)c3ccc(C(C)C)cc3-c3c(c4ccccc4n3CCN3CCN(C)CC3)C12,-3.963474123974886
CC1CC=C2SCC(NC(=O)c3coc(n3)CC(O)CC(O)C=CC=CCNC2=O)C(=O)O1,-5.0
NCCCn1[se]c2ccccc2c1=O,-1.0
CCCc1cc(C2=NC(C(=O)NO)CO2)cc(OCc2ccccc2)c1OC,6.965784284662087
Clc1ccc(C=NNc2nc(-c3ccc(Cl)c(Cl)c3)cs2)cc1,-3.643856189774725
COc1ccc(Cn2cc(COc3ccc(C=CC(=O)c4c(O)cc(C)oc4=O)cc3)nn2)cc1,-0.6415460290875237
COc1ccc2nc(Cl)c(C=C3SC(=S)N(CCC(=O)O)C3=O)cc2c1,-4.906890595608519
COc1ccc2oc(=O)cc(Cn3cnc4c(=O)n(C)c(=O)n(C)c43)c2c1,-2.963474123974886
CC(C)NCC1CCN(c2c(F)cc3c(=O)c(C(=O)O)cn(C4CC4)c3c2F)C1,4.321928094887363
CCN(Cc1ccccc1)C(=O)Nc1cc(-c2ccc(C#N)cc2)sc1C(=O)O,-4.643856189774724
CCCCCCCCCCCOC(=O)CC(C[N+](C)(C)C)OC(=O)CCCCCC,-4.643856189774724
COc1cc(C=NNC(=O)c2n[nH]c3c2Cc2cc(F)ccc2-3)cc(OC)c1OC,-1.9634741239748859
CON=C1CCN(c2c(F)cc3c(=O)c(C(=O)O)cn(C4CC4)c3c2OC)CC1NC(=O)C(N)Cc1ccc(O)cc1,-4.0
CN1C2CCC1CN(c1c(F)cc3c(=O)c(C(=O)O)cn(C4CC4)c3c1F)CC2,3.321928094887362
CC(C)CCON=C(C(=O)NC1C(=O)N2C(C(=O)O)=C(CSc3nnnn3CCO)OCC12)c1nsc(N)n1,-4.0
COc1cc(C2CC(c3cc4ccccc4oc3=O)=NN2c2ccccc2)cc(OC)c1OC,-3.643856189774725
CC1(C)CC(=O)C2=C(C1)Nc1c(ccc3ccccc13)C2c1cccc([N+](=O)[O-])c1,-1.9634741239748859
COc1ccc(-n2c(SCC(=O)Nc3ccc(OC(=O)c4cccs4)cc3)nc(C)c2C(C)=O)cc1,-3.643856189774725
COc1ccc(-c2csc(N3N=C(c4ccc(F)cc4)CC3c3cccs3)n2)cc1,-3.643856189774725
O=C(O)c1cn(C2CC2)c2cc(Br)c(F)cc2c1=O,2.0
CC(O)C1C(=O)N2C(C(=O)[O-])=C(OCCOC(N)=O)SC12,-2.726831217032493
Nc1c(F)c(N2CC(O)C2)c(F)c2c1c(=O)c(C(=O)O)cn2C1CC1,4.058893689053568
CCn1cc(-c2nc(N=Cc3ccc(OC)cc3)n[nH]2)c(=O)c2ccc(C)nc21,5.011587974275212
COCCn1c(S)nnc1-c1cnc2c(C(F)(F)F)cccc2c1N1CCC(CCCO)CC1,-2.643856189774725
O=C1CC2(CCCCCC2)Oc2cc(O)ccc21,-3.643856189774725
CCNCC1CCN(c2c(F)cc3c(=O)c(C(=O)O)cn(C4CCCCC4)c3c2F)C1,-1.632268215499513
O=C1c2ccccc2-[n+]2ccc3c([nH]c4ccc(-c5ccc(F)cc5)cc43)c21,-2.643856189774725
CC(N)C1C(=O)N2C(C(=O)O)=C(SCc3cccnc3)C(C)C12,5.058893689053568
C=Cn1cc(C(=O)O)c(=O)c2cc(F)c(N3CCC(N)C3)nc21,5.321928094887363
CCCCCCCCCCCC(=O)NC(CCCCN)CN1CC(=O)N(CC)C1=O,-3.643856189774725
O=C(Nc1ccc(Br)cc1)N1CCOCC1,-1.632268215499513
CCC1CN(c2cc3c(cc2F)c(=O)c(C(=O)O)cn3C2CC2)CCN1,3.321928094887362
CCCCCCC(=O)N1CCN(c2ccc(N3CC(Cn4ccnn4)OC3=O)cc2F)CC1,-3.0
COc1ccc(CCNc2nc3ccccc3nc2N)cc1,-5.0
CCCCCCCCOCC1OC(OC2C(N)CC(N)C(OC3OC(CN)C(O)C(O)C3N)C2O)C(O)C(O)C1O,-5.0
CON=C(C(=O)NC1C(=O)N2C(C(=O)O)=C(COC(C)=O)CSC12)c1csc(N)n1,9.380821783940931
COc1cc(CN2CCN(c3cc4c(cc3F)c(=O)c(C(=O)O)cn4C3CC3)CC2)ccc1OCc1ccccc1,1.0
C=CCOC(=O)c1c(C)nc(SCC(=O)OC2CC(C)(C=C)C(O)C(C)C34CCC(=O)C3C2(C)C(C)CC4)nc1C,-4.0
CC(O)C1C(=O)N2C(C(=O)[O-])=C(CO)SC12,-2.0
COc1ccc2oc(NC3CCN(Cc4ccccc4)CC3)cc(=O)c2c1,-3.321928094887362
CC(O)C(NC(=O)N1CCN(c2ccc(-c3ccccc3)cc2)CC1)C(=O)NO,0.3219280948873623
CCON=C(C(=O)NC1C(=O)N2C1[S+]([O-])CC1CC(=O)OC12C(=O)O)c1csc(N)n1,2.0
CC1=CC(C)=C(C(=O)O)C2=N[N+]3(CCN(c4cc5c(cc4F)c(=O)c(C(=O)O)cn5C4CC4)CC3)CN12,1.0
COc1cc2nccc(CCC34CCC(NCc5ccc6c(n5)NC(=O)CO6)(CC3)CO4)c2nc1OC,-3.0
CCOC(=O)C12COC(C(C)(C)C)N1C(=O)C(=C(CC13CC4CC(CC(C4)C1)C3)NC(C)CCCN(CC)CC)C2=O,-5.0
C=C(C(=O)OCC)C(O)c1ccc(Cl)cc1Cl,-4.321928094887363
O=C(NC(=S)Nc1nc2ccccc2s1)c1cccs1,-4.643856189774724
NCC1CCC(N)C(OC2C(N)CC(N)C(OC3OCC(O)C(N)C3O)C2O)O1,-2.0
CCc1cc(Cc2cnc(N)nc2N)cc(C)c1O,-1.584962500721156
COc1c(Cl)c(O)c2c(c1C(C)=O)OC(C)(C)C(OC)C2Cl,0.5563933485243852
CON=C(C(=O)NC1C(=O)N2C(C(=O)O)=C(S(=O)(=O)C(C)C)CCC12)c1csc(N)n1,2.0
CC1(C)C2CCC(C2)C1CCC(CCC1C2CCC(C2)C1(C)C)NCCCN1CCN(CCCN)CC1,-4.321928094887363
COc1ccc(C=NNC(=O)c2cc(OC)ccc2Br)c(OC)c1,-2.643856189774725
CC(Cn1nnc2cc(C#Cc3ccc(CN4CCOCC4)cc3)ccc21)N(O)C=O,-1.0
CCn1cc(C(=O)O)c(=O)c2cc(F)c(N3CCNC(C(F)F)C3)c(F)c21,1.0
Oc1c(Br)cc(Br)cc1CNc1ccc(Cl)cc1,-4.643856189774724
CSc1nc(C(=O)c2ccc[n+](CC(N)=O)c2)c2sc(C3=C(C(=O)[O-])N4C(=O)C(C(C)O)C4C3C)cn12,-2.0
CCNCc1cc(-c2cc3c(cc2F)c(=O)c(C(=O)O)cn3C2CC2)cc(C)n1,4.058893689053568
CN(C)C1C(O)=C(C(N)=O)C(=O)C2(O)C(O)=C3C(=O)c4c(O)cc(C5CCCN5)cc4CC3CC12,2.0
COc1ccc2sc(CNc3nncc(-c4c(C)cc(NC(C)=O)cc4C)n3)nc2c1,-5.0
O=C(NC(=S)Nc1nc2cc([N+](=O)[O-])ccc2s1)N1CCOCC1,-3.9068905956085187
Cc1cccc(CSc2nnc(CSc3nc4nc(C)cc(C)n4n3)s2)c1,-3.643856189774725
O=C(Cc1ccc(F)cc1)Nc1ccc(Cc2nc3ccccc3s2)cc1,5.058893689053568
COc1ccc(C2=NN(C(=O)COc3ccc(Cl)cc3Cl)C(O)(c3cc(F)c(Cl)cc3Cl)C2)cc1OC,-4.643856189774724
COc1ccc(NC(=O)NNC(=O)c2cc([N+](=O)[O-])c[nH]2)cc1,-1.6438561897747246
O=C1c2cccnc2C(=O)c2c1c(C(=O)OCCCN1CCCCC1)c1ccc(Br)cn21,-3.0
NC1CCN(c2c(F)cc3c(=O)n(N)c(=O)n(C4CC4)c3c2F)C1,2.0
Nc1ncc2cc(-c3c(Cl)cccc3Cl)c(N)nc2n1,2.0
CCOC(=O)C1=C(C)NC(=S)NC1c1ccc(NC(=O)Nc2ccccc2OC(F)(F)F)cc1,-4.643856189774724
C=CCn1c(=O)c(C2C(C(=O)OC(C)C)=C(N)OC3=C2C(=O)c2ccccc2C3=O)cc2cc(C)ccc21,-4.643856189774724
O=C(O)Cn1[se]c2ccccc2c1=O,-1.0
Cn1nnnc1SCC(O)CN1C(=O)C(=NNc2ccc([N+](=O)[O-])cc2)c2ccccc21,-4.0
O=c1c(Cc2ccc(Cl)cc2)nnc2scc(-c3ccc(Br)cc3)n12,-4.643856189774724
O=C(O)c1cn(C2CC2)c2cc(N3CCN(CNc4nc5ccccc5[nH]4)CC3)c(F)cc2c1=O,-0.0
CC(=O)Nc1nc(C)c(-c2nn(CNc3ccc(F)cc3)c(=S)o2)s1,-3.643856189774725
Cc1cccc(NC(=O)c2cc3c(CO)cnc(C)c3oc2=Nc2ccc(C)c(C)c2)c1,-4.643856189774724
Cc1ccc(C(F)(F)F)cc1S(=O)(=O)NC1CCN(Cc2ccc(OC3CC3)cc2)C1,3.321928094887362
O=c1ccsn1-c1ccc(C(F)(F)F)cc1,-4.643856189774724
CC(C)c1c(-c2ccc(N(C)C)cc2)[nH]c(=O)c(C(=O)O)c1O,3.0588936890535687
CCCNC(=O)NCCc1c[nH]c2ccccc12,-2.0
CC(=O)NCCCCC(C(=O)NC1C(=O)N2C1SC(C)(C)C2C(=O)O)c1ccccc1,-4.321928094887363
COc1c(N2CCN(C)CC2)c(F)cc2c(=O)c(C(=O)O)c3n(c12)C(C)S3,3.321928094887362
CCCCCCCCOC1C(N)C(CN=[N+]=[N-])OC(OCc2ccc3ccccc3c2)C1N,-0.0
O=C1COCCN1c1ccc(C2CC(c3ccc([N+](=O)[O-])o3)=NO2)cn1,-3.643856189774725
Nn1c(SCC(=O)Nc2cc(Cl)c(Cl)cc2Cl)nnc1-c1cc(F)c(Cl)cc1Cl,-2.643856189774725
Sc1nnc(COc2cccc3c2c2ccccc2n3CC2CCCC2)o1,-0.0
COC(=O)C1N=NN(CC(=O)N2N=C(c3ccccc3)CC2c2cccs2)C1C(=O)OC,-1.9634741239748859
O=C(CSc1nc2ccccc2[nH]1)Nc1ccc(C(=O)C=Cc2ccc(Br)cc2)cc1,-4.965784284662087
NCCC(O)C(=O)NC1CC(N)C(OC2OC(CN)CCC2N)C(O)C1O,-3.0
Cc1c(N2CCC(CN)C2)c(F)cn2c(=O)c(C(=O)O)cc(C3CC3)c12,8.965784284662087
O=C(c1ccc(Cl)cc1)c1cn(-c2ccccc2)nc1-c1ccc([N+](=O)[O-])s1,3.0
CCC1(O)Cc2c(O)c3c(c(O)c2C(OC2CC(N)C(O)C(C)O2)C1)C(=O)c1c(O)cccc1C3=O,-1.6415460290875237
O=C(NNC(=O)c1ccccc1Cl)c1ccc(-n2cccc2)cc1,-2.643856189774725
O=C1SC(=Cc2ccccc2Cl)C(=O)N1Cc1ccc(-c2ccccc2-c2nnn[nH]2)cc1,-2.9541963103868754
NC(=O)c1cc(OCCNC2CCCCC2)c2ccccc2c1,-0.0
CC(C)=CCc1c(OCCC(F)(F)F)cc(C=Cc2ccc(F)cc2)c(C(=O)O)c1O,-5.0
CCCCCCCCCNC1=NC(C)(C)NC(Nc2ccccc2)=N1,-3.643856189774725
Clc1cc(Cl)c(Cl)c(-c2nnc3sc(-c4cccc5cnccc45)nn23)c1,-3.584962500721156
O=C1NNC(c2cc(=O)oc3ccc(Cl)cc23)N1,-4.643856189774724
CCNC1CN(c2c(F)cc3c(=O)c(C(=O)O)cn(C4CC4)c3c2F)C1,4.058893689053568
O=C(C(=Cc1ccc(F)cc1F)n1cnc2cc(Cl)ccc2c1=O)c1nccs1,-1.0
O=C1C(C(=O)C(F)(F)F)C(=O)N(c2ccc(-c3ncc(-c4ccccc4)[nH]3)cc2)C(=S)N1c1ccc(Cl)cc1,-2.643856189774725
COc1cccc(CC2(CNC(=O)c3ccccn3)CCCC3(C)c4ccc(C(C)C)cc4CCC23)c1,-3.0
CN1c2ccccc2Sc2cc(C=NOCc3cn(Cc4ccc(F)cc4)nn3)ccc21,-4.643856189774724
COc1ccc(-c2sc([S-])n[n+]2C(=O)c2ccc(-n3c(-c4ccccc4)nc4ccccc4c3=O)cc2)cc1[N+](=O)[O-],-5.0
CNc1cc(F)cc2c1[nH]c1nc(CNC(=O)c3cccnc3)nc(N3CCC(N)C3)c12,-3.0
CC(C)CCCC(C)(O)c1ccc(COC(=O)c2ccc(C(C)(O)CCCC(C)C)c(O)c2)cc1O,-5.0
CCCCCCCCCCCCn1n[n+](C)c2c1C(=O)c1ccccc1C2=O,-1.0
NCC1CN(c2nc3c(cc2F)c(=O)c(C(=O)O)cn3C2CC2)CC1=NOCc1cc2c(cc1Cl)OCO2,2.0
S=c1oc(-c2ccccc2COc2ccc(Cl)cc2)nn1CN1CCOCC1,-3.643856189774725
Oc1ccc2sc(CNc3nncc(-c4c(Cl)cccc4Cl)n3)nc2c1,-5.0
O=C1Nc2[nH]c(=S)n(-c3cccc(Cl)c3)c(=O)c2C(c2ccccc2Cl)N1N=Nc1ccc(Cl)cc1,-2.0
Cc1cc2nc(-c3ccc(C(=O)NC(Cc4cnc[nH]4)C(=O)NC(Cc4ccc(O)cc4)C(=O)O)cc3)[nH]c2cc1C,-4.643856189774724
CN(C)C1C(O)=C(C(N)=O)C(=O)C2(O)C(O)=C3C(=O)c4c(O)cc(C5CCCCCN5C)c(Cl)c4CC3CC12,4.0
CCSCCSc1nnc(-c2cccc([N+](=O)[O-])c2)s1,-5.0
O=C1CC(CCc2ccc3c(c2)OCO3)=NN1C1CC(C(F)(F)F)Nc2c1cccc2C(F)(F)F,-2.643856189774725
O=C(O)CCCCOc1ccc2ncc(F)c(CCC34CCC(NCc5ccc6c(n5)NC(=O)CO6)(CC3)CO4)c2n1,-4.0
COc1ccc2ncc(F)c(CCN3CCC(C=Cc4ccc5c(c4)OCCO5)CC3)c2n1,-3.0
CC1=CC2(C)C(=C(C)C3C4CC(C)CC(C)C4C4Oc5ccc(cc5)CC5C(=O)NC(=O)C5C(=O)C2C43)C1C,-4.643856189774724
CNCc1cc2cc3c(cc2n1C)NCCc1c-3[nH]c(=O)c(C(=O)O)c1O,-1.9634741239748859
CCn1cc(C(=O)O)c(=O)c2cc(F)c(-n3cnc(C(=O)N(C)C)c3)c(F)c21,-4.643856189774724
Cc1cccc2cc(C=C3SC(=S)N(CCC(=O)O)C3=O)c(Cl)nc12,-4.906890595608519
C=CCOc1ccccc1C=CC(=O)c1c(O)cc(O)cc1O,-3.643856189774725
O=C([O-])C1=C(C[n+]2ccccc2)CSC2C(N=c3ccn(Cc4ccccc4)cc3)C(=O)N12,4.058893689053568
COC1CN(c2nc(C(=O)O)c(C)s2)CCC1NC(=O)c1[nH]c(C)c(Cl)c1Cl,2.0
O=c1[nH]sc2c1c(=O)c1cc(F)c(-c3ccnc(CO)c3)cc1n2C1CC1,2.8365012677171206
O=C1NC2c3ccccc3CC2OC(=O)c2cccc(n2)C(=O)OC2Cc3ccccc3C2NC(=O)c2cccc1c2,-5.0
Cc1cc(N2CCC(=CC3=C(C(=O)O)N4C(=O)C(NC(=O)C(=NO)c5csc(N)n5)C4SC3)C2=O)no1,3.0588936890535687
COc1c(N2CCC(=C(Cl)CN)CC2)c(F)cc2c(=O)c(C(=O)O)cn(C3CC3)c12,2.0
Clc1ccc(NCc2nc3ccccc3[nH]2)c(Cl)c1,-5.0
FC1CN=C(c2ccc3cc(-c4ccc(-c5cc6ccc(C7=NCC(F)CN7)cc6o5)cc4)[nH]c3c2)NC1,1.8889686876112561
Cc1c(N2CC(N)C2)c(F)cc2c(=O)c(C(=O)O)cn(-c3nc(N)c(F)cc3F)c12,7.965784284662087
O=C(CN1CCN(c2cc3c(cc2F)c(=O)c(C(=O)O)cn3C2CC2)CC1)c1ccoc1,4.351074440546879
NCC1CN(c2nc3c(cc2F)c(=O)c(C(=O)O)cn3C2CC2)CC1c1ccco1,3.321928094887362
COc1ccc(-c2c(C)c(C)cc3cc4c(cc23)OCO4)cc1,-4.285402218862249
FC(F)(F)c1ccc(CN2CCN(Cc3c[nH]c4ccc(Br)cc34)CC2)c(N2CCCC2)c1,-5.0
COc1c(N2CCN(CC(C)=NNC(C)=O)C(C)C2)c(F)cc2c(=O)c(C(=O)O)cn(C3CC3)c12,-3.0
O=C(O)c1cn2c3c(c(N4CCC(O)C4)c(F)cc3c1=O)OCC2CF,3.0
O=C(NCC1CN(c2ccc(-n3cc(-c4ccccn4)cn3)c(F)c2)C(=O)O1)C(F)F,-5.0
Cc1cnc(NC(=O)C2C=CCN2C(=O)C(CC2CCCC2)CN(O)C=O)s1,-4.0
C=CC1(C)CC(OC(=O)CSc2nc(C)c(C(=O)OC)c(C)n2)C2(C)C(C)CCC3(CCC(=O)C32)C(C)C1O,-4.0
Cn1ncnc2c(=O)[nH]nc1-2,-3.0
Nc1ccc(S(=O)(=O)CC(CO)n2cnc(Br)c2)cc1,-5.0
Cc1[nH]c(C(=O)N(C)c2nc3c(O)cc(C(=O)O)cc3s2)c(Cl)c1Cl,3.0
COc1c(-c2cc3n(c2)CC(C)NC3)c(F)cc2c1N(C1CC1)CC(C(=O)O)C2=O,1.0
CN1CCN(c2c(F)c(O)c3c(=O)c(C(=O)O)cn(C4CC4)c3c2F)CC1,4.321928094887363
CN1C=C2CC3C(CC(CNC(=O)C=Cc4csc5ccccc45)CN3C)C3C=CC=C1C23,-2.356143810225275
C=CCNS(=O)(=O)CCNC(=O)C1CC(SC2=C(C(=O)O)N3C(=O)C(C(C)O)C3C2C)CN1,5.321928094887363
N#CC(=Cc1cn(CC2CCCC2)c2ccccc12)S(=O)(=O)c1ccc(N)cc1,-3.0
COCC(ON=C(C(=O)NC1C(=O)N(OS(=O)(=O)O)C1(C)C)c1csc(N)n1)c1cc(=O)c(O)cn1O,5.058893689053568
COc1ccc(C2CC(c3ccccc3)=NN2C(=O)NNS(=O)(=O)c2ccc(F)cc2)cc1,-4.643856189774724
CCCCC(CN(O)C=O)C(=O)N1CCCC1c1nnc(-c2ccc(-c3ccccn3)cc2)s1,-4.0
CC1(C(=O)O)CCC2(C(=O)O)CCC3(C)C(=CCC4C5(C)C(O)CC(O)C(C)(C)C5CCC43C)C2C1,-4.0
O=C1CSC(c2ccc(OCc3cc4ccccc4n4nnnc34)cc2)N1c1ccccc1,-0.0
O=c1ccc2ncc(F)c3c2n1CC3(O)CC12CCC(NCc3cc4c(cn3)OCCC4)(CC1)CO2,-4.0
C[n+]1c(C=Cc2cc3ccccc3[nH]2)cc(N2CCCC2)c2ccccc21,-5.0
CCn1cc(C(=O)O)c(=O)c2cc(F)c(N3CCN(C(=O)C(C#N)=Cc4cn(CC(=O)O)c5ccccc45)CC3)cc21,1.0
CCn1cc(C(=O)O)c(=O)c2cc(F)c(NC)cc21,-4.169925001442312
CC1COc2c(N3CCC(N)C3)c(F)cc3c(=O)c(C(=O)O)cn1c23,2.321928094887362
CCCCC(CN(O)C=O)C(=O)N1CCCC1c1nnc(-c2ccc(-c3ccccc3)cc2)s1,-4.0
Cc1cc(F)ccc1Nc1c2ccccc2[n+](C)c2c1[nH]c1ccccc12,-3.0
COC1=CC(=O)N(C(=O)C2CSC(CNC(C)=O)=N2)C1,-3.0
CCn1cc(C(=O)O)c(=O)c2cc(F)c(N3CCC4(CCNC4)C3)c(F)c21,3.321928094887362
Cc1ccc(C(=O)C(=Cc2ccccc2)n2cncn2)cc1C,-4.0
Cc1ccc(C)c(-c2nnc(NC(=O)c3cccc(Cl)c3)o2)c1,5.643856189774724
NC(=S)NNC(=O)c1[nH]nc(-c2ccc(Cl)cc2)c1N,-4.643856189774724
Clc1cc2c(c3ncccc13)OCN(CCc1ccc(Br)cc1)C2,-3.643856189774725
O=C(NCCc1c[nH]c2ccccc12)Nc1cc(Br)cc(Br)c1,2.0
N=C(N)NN=Cc1ccc(C=CC(=O)c2ccc(Cl)cc2)cc1,-1.0
Cn1cc(CCC(=O)NCCCc2c[nH]c3ccc(Cl)cc23)c2cc(Cl)ccc21,-2.643856189774725
Nc1ncc2cc(-c3c(Br)cccc3Br)c(N)nc2n1,3.0588936890535687
CC(NC(=O)C(N)CCCN=C(N)N)P(=O)(O)O,2.0
CC(=NNC(=N)N)c1sc(-c2ccc(C#Cc3ccc(N)cc3)cc2)nc1C,-4.0
CCNc1cc(F)cc2c1[nH]c1ncc(-c3cncc(C#N)c3)c(-n3cc(C(N)=O)c(C(F)(F)F)n3)c12,-4.0
CN(C)c1ccc(C=CC(=O)c2ccc(NC(=O)CSc3nc4ccccc4[nH]3)cc2)cc1,-4.965784284662087
[N-]=[N+]=Nc1ccc(COC(=O)N2CCN(c3cc4c(cc3F)c(=O)c(C(=O)O)cn4C3CC3)CC2)cc1,3.9885043611621707
N#Cc1ccc(Nc2nc(NC3CCCC3)nc(NC3CCCC3)n2)cn1,-2.643856189774725
COc1ccc(NC(=O)Cn2nc(C(F)(F)F)c3c(C)c4ccccc4nc32)cc1,-2.963474123974886
Nc1nc2ccc(Cn3ccnc3C(=O)O)cc2s1,2.0
O=C1COc2ccc(CNC34CCC(CCc5ccnc6ccc(C(F)(F)F)nc56)(CC3)OC4)nc2N1,-5.0
COc1ccc2ncc(F)c(C(O)CC34CCC(NCc5ccc6c(n5)NC(=O)CO6)(CC3)CO4)c2n1,-2.0
O=C(O)c1cn(-c2ccc(F)cc2F)c2nc(N3CCC(=NO)CC3)c(F)cc2c1=O,0.3584539709124763
CCn1cc(C(=O)O)c(=O)c2cc(F)c(N3CCC(NC(N)=O)C3)nc21,-1.6461626571578936
Nc1ccc(C#CC#Cc2ccc(C(=O)NC(Cc3ccccc3)C(=O)NO)cc2)cc1,6.158429362604483
Cc1[nH]nc2c1C(c1c(F)c(F)c(F)c(F)c1F)C(C#N)=C(N)O2,-0.6415460290875237
CCON=C1CCN(c2c(F)cc3c(=O)c(C(=O)O)cn(CCF)c3c2F)CC1CN,-3.0
CN1C=C2CC3C(CC(CNC(=O)c4cc5cc(Br)ccc5[nH]4)CN3C)C3C=CC=C1C23,-3.0565835283663674
CC1COc2c(N3CCN(C)CC3)c(F)cc3c(=O)c(-c4nn(CCC(=O)c5ccc(N)cc5)c(=S)o4)cn1c23,2.0
COC(C)CNC(=O)c1nc(N2CCC(NC(=O)c3[nH]c(C)c(Cl)c3Cl)C(OC)C2)sc1C(=O)O,1.0
O=c1c2cc(Br)cc(Br)c2nc(-c2ccccc2)n1N=Cc1ccc([N+](=O)[O-])cc1,-4.916476644437717
COc1ccc(N2C(=O)CSC2c2cn(-c3ccccc3)nc2-c2nnn(-c3ccccc3)c2C)cc1,-0.6415460290875237
CNC(C)C1CCN(c2c(F)cc3c(=O)n(N)c(=O)n(C4CC4)c3c2C)C1,5.058893689053568
CC1CN(c2c(F)cc3c(=O)c(C(=O)O)cn(C4CC4)c3c2F)CC(C)N1O,0.3584539709124763
CCNC(=O)Nc1cc(-c2nc(C(F)(F)F)cs2)c(-c2cncc(-c3n[nH]c(=O)o3)c2)cn1,2.736965594166206
C=C(CCC(C)C1CC(O)C2C1(C)CCC1C3(C)CCC(O)CC3C(O)CC12O)C(C)CO,-4.643856189774724
O=C(NN1C(=O)C(Cl)C1c1ccccc1)c1cc(-c2ccc(Cl)cc2)n[nH]1,1.0588936890535685
Cc1ccc(C(=O)NCC(C)N=Cc2cc(Cl)cc(Cl)c2O)c(O)c1,-1.6461626571578936
CN(C)CC(C)(C)CNc1nc(Cl)c2c(c1O)C(=O)C1=C(O)C3(O)C(=O)C(C(N)=O)=C(O)C(N(C)C)C3CC1C2,1.0
O=C(O)c1cn(C2CC2)c2cc(N3CCN(C4OC(CO)C(O)C(O)C4O)CC3)c(F)cc2c1=O,5.058893689053568
CC1COc2c(NCc3ccc(NC(=O)Nc4ccccc4)cc3)c(F)cc3c(=O)c(C(=O)O)cn1c23,-3.321928094887362
O=C([O-])C1=CSC2C(=Cc3cc4c(s3)CCN(Cc3cccnc3)C4)C(=O)N12,-5.0
CS(=O)(=O)NCC1CN(c2ccc(-n3cc(-c4ccccn4)cn3)c(F)c2)C(=O)O1,-5.0
CC(C)CN(CC(C)C)c1nccc(NCc2ccc(-c3ccccc3)s2)n1,-5.0
CC(O)C1C(=O)N2C(C(=O)O)=C(SC3CNC(C(=O)NCCC(=O)N(C)C)C3)C(C)C12,5.321928094887363
Cc1nn(-c2ccccc2)c2c1C(c1cccc(Oc3ccccc3)c1)C(C#N)=C(N)O2,-0.6415460290875237
NCC1CN(c2nc3c(cc2F)c(=O)c(C(=O)O)cn3-c2ccc(F)cc2F)CC1=NOCF,3.0
Fc1cccc2c1CCC(Cn1cncn1)C2=NOCc1ccccc1,-4.643856189774724
CC(=O)c1ccc(-n2sccc2=O)cc1,-3.643856189774725
Cc1cc2c3c(N)nc(N)nc3ccc2n1Cc1nc2ccccc2s1,-0.0
CCOCCSc1nnc(-c2nnn(-c3ccccc3Cl)c2-c2nnc(SCCOCC)o2)o1,-4.965784284662087
CC(C)OCC(ON=C(C(=O)NC1C(=O)N(OS(=O)(=O)O)C1(C)C)c1csc(N)n1)c1cc(=O)c(O)cn1O,5.058893689053568
CCOP(=O)(OCC)C(NS(=O)(=O)Nc1ccc(F)cc1)c1cc2cccc(C)c2[nH]c1=O,1.0
Cc1ccc2oc(=O)cc(COc3ccc(C4C(Cl)C(=O)N4c4ccc(Cl)cc4)cc3)c2c1,-2.0
N#CC1CCC2CN1C(=O)N2OS(=O)(=O)[O-],3.0588936890535687
CCN(CC)c1cc2c(cc1F)c(=O)c(C(=O)O)cn2CC,-3.0
O=C(Cn1c2ccccc2c2nc3ccccc3nc21)N1N=C(c2cc3ccccc3o2)CC1c1ccc(O)cc1,-3.807354922057604
CCCCCCn1ccnc1C,-4.643856189774724
CCn1cc(C(=O)O)c(=O)c2cc(F)c(N3CCN(Cc4cnc(C)c5c4COCO5)CC3)cc21,2.9434164716336326
CCOc1ccc2ccccc2c1-c1cc2nc(N)nc(N)c2cc1C,-4.0
COc1ccc(C2SCC(=O)N2NC(=O)c2cc(-c3ccc(Cl)cc3)n[nH]2)cc1,4.643856189774724
COc1ccc2nc(C)cc(N3CC(CNC(=O)c4ccc(C)cc4)OC3=O)c2c1,-1.6438561897747246
CCCCCCCCCCCC1CC(=O)NCCCN(C)CCCCN(C)CCCN1C,-4.643856189774724
CCS(=O)(=O)CCSc1nnc(-c2ncc([N+](=O)[O-])n2C)s1,-5.0
Cc1cc(C)cc(-c2nn3c(-c4cc(Cl)cc(Cl)c4Cl)nnc3s2)c1,-2.643856189774725
O=CN(O)CCn1cnc2cc(C#Cc3ccc(CN4CCOCC4)cc3)ccc21,-4.0
COc1ccccc1C=NNC(=O)Cn1ncc2cc([N+](=O)[O-])ccc21,-4.754887502163468
N=c1[nH]c2nn(-c3ccc([N+](=O)[O-])cc3)nc2c2ccccc12,-4.643856189774724
Cn1c(CCC(=O)NCc2ccccc2)nc2ccccc21,-5.0
Cc1cccc(OCc2ccccc2-c2nn(CNc3ccc(Cl)cc3C(=O)C(F)(F)F)c(=S)o2)c1,-4.643856189774724
Cc1c(N2CCSCC2)c(N)cc2c(=O)c(C(=O)O)cn(C3CC3)c12,5.058893689053568
COc1ccc(C2CC(c3cc4ccccc4o3)=NN2C(=O)Cn2c3ccccc3c3nc4ccccc4nc32)cc1,-2.321928094887362
CN(CCc1ccccc1)C(=O)CCNC(=O)C(O)C(C)(C)CO,-5.0
CC1=CC(C)=C(C(=O)O)C2=N[N+]3(CN12)C(C)CN(c1c(F)c(N)c2c(=O)c(C(=O)O)cn(C4CC4)c2c1F)CC3C,-2.0
CN1C=C2CC3C(CC(CNC(=O)C=CC4CCCC4)CN3C)C3C=CC=C1C23,-3.0565835283663674
CC(CC1CC(c2ccc(Br)cc2)=NO1)(C(=O)NO)S(C)(=O)=O,-5.0
CCOC(=O)C1CC1C1CN(c2nc3c(cc2F)c(=O)c(C(=O)O)cn3C2CC2)CC1N,-0.6780719051126377
C=CCN1C(=O)C(=Cc2ccc(-c3ccc(C(=O)O)c(Cl)c3)o2)SC1=S,-4.643856189774724
NCCNCCNC(=O)COc1ccc2sc(CNc3nncc(-c4c(Cl)cccc4Cl)n3)nc2c1,-3.0
O=c1[nH]cnc2c1cc(-c1ccccc1)n2-c1ccccc1,-1.4854268271702418
CCCc1nnc(NC(=S)NS(=O)(=O)c2ccc(C)cc2)s1,-3.643856189774725
COc1ccc2nc(Cl)c(C=C3SC(=S)NC3=O)cc2c1,-4.906890595608519
CCCCCCCCCC(=O)Nc1cc[n+](CCCOc2ccc(C(=O)C=Cc3ccccc3)cc2)cc1,-5.0
CC(O)C1C(=O)N2C(C(=O)[O-])=C(SCc3cc[n+](C)cc3)CC12,5.058893689053568
COc1ccc(Cn2ccc3c(-c4ccco4)nccc32)cc1,-4.0
O=C1NC(=O)C(Br)=C1Br,-1.0
CC(C)(C)c1cc(-n2cc(CCCNC(=N)N)nn2)cc(C(C)(C)C)c1,-4.0
CCOC(=O)c1cn(CC(O)Cn2c([N+](=O)[O-])cnc2C)c2ccc(C)cc2c1=O,-2.0
NC1=NC(c2cn(-c3ccccc3)nc2-c2cccc(Cl)c2)N=C(N2CCOCC2)N1,-4.0
CC(C)CCOc1ccccc1-c1ccccc1OCc1cn(C(CCCNC(=N)N)C(=O)NC2CCCCC2)nn1,-5.0
COc1ccc(N2CCN(c3nc(Nc4ccc(C#N)c(C(F)(F)F)c4)nc(Oc4ccnc5ccccc45)n3)CC2)cc1,-3.643856189774725
CC(=O)OCC1CN(c2ccc(-n3cc(-c4ccccn4)cn3)c(F)c2)C(=O)O1,-5.0
Brc1ccccc1-c1nnc(-c2ccc(-n3cccc3)cc2)o1,-3.0
Cc1ccc(S(=O)(=O)n2c(Cl)nc3cc(Br)c(Br)cc32)cc1,2.3562361456626575
O=C(c1ccc(-n2c(-c3ccccc3)nc3ccccc3c2=O)cc1)[n+]1nc([S-])sc1-c1cc([N+](=O)[O-])ccc1Cl,-4.0
CC(C)CCOC1CC(N)C(OC2C(N)CC(N)C(OCCC(C)C)C2OCCC(C)C)OC1CN,6.965784284662087
FC(F)(F)c1cccc2c(N3CCC(N4CCOCC4)CC3)c(-c3nnc(S)n3-c3ccccc3)cnc12,-2.643856189774725
CCn1c2ccccc2c2cc(C=NNC3=NC(=O)C(=NNc4ccccc4)S3)ccc21,1.0291463456595165
CCCCCCCCCOc1ccc2[nH]cc(CCN)c2c1,8.965784284662087
CCOC(=O)C1CCC(c2ccc3c(c2)CCC3)=NO1,-4.906890595608519
C=CCN1C(c2ccccc2)CC(=NOCc2ccccc2)C(C)C1c1ccccc1,-4.643856189774724
CCOC(=O)c1cn(C2CC2)c2cc(F)c(F)cc2c1=O,-4.0
O=C(O)c1cn(C2CC2)c2c(Cl)c(N3CCN(CC(=NOCc4ccccc4)c4nccs4)CC3)c(F)cc2c1=O,2.0
Cc1cc(C)c(Nc2ccccc2-c2ccc([N+](=O)[O-])cc2[N+](=O)[O-])c(C)c1,-5.0
Cc1c(N2CC(CN)C(C(F)(F)F)C2)c(F)cn2c(=O)c(C(=O)O)cc(C3CC3)c12,5.643856189774724
COc1cc2nccc(CCC34CCC(NCc5ccc6c(n5)NC(=O)CO6)(CC3)CO4)c2nc1C(=O)O,-4.0
Cn1nnnc1SCC1=C(C(=O)[O-])N2C(=O)C(C)(NC(=O)C(C(=O)[O-])c3ccc(O)cc3)C2OC1,-3.643856189774725
Cc1cc2nnc(-c3ccc(Br)cc3)n2c(C)n1,-4.0
O=C(CCl)N1CCN(CCN2C(=O)C(Cl)C2c2cccc(O)c2)CC1,-4.22881869049588
CCSCCSc1nnc(-c2ncc([N+](=O)[O-])n2C)s1,-5.0
COc1ccc(C=NNC(=O)c2cn3c4c(c(N5CCN(C)CC5)c(F)cc4c2=O)OCC3C)cc1,1.0
C=CC1(C)CC(OC(=O)CSc2ncc(C)c(NCCO)n2)C2(C)C(C)CCC3(CCC(=O)C32)C(C)C1O,-1.9656919492247047
CC1CCc2c(N3CCC(O)CC3)c(F)cc3c(=O)c(C(=O)O)cn1c23,3.0588936890535687
CC1(C)SC2C(n3cc(-c4ccncc4)nn3)C(=O)N2C1C(=O)O,-3.0
CC(C)c1ccc(CCCC(CCCc2ccc(C(C)C)cc2)NCCNCCNCCN)cc1,-3.9068905956085187
CCS(=O)(=O)CC(=O)NC1C(=O)N2C(C(=O)[O-])=C(COC(C)=O)CSC12,-4.643856189774724
O=C(c1ccccc1)c1c(C(=O)N2CCNCC2)nn(-c2ccccc2)c1-c1ccccc1,-0.9411063109464314
CCCCCCCCCCCC(=O)NC(CCCCN)CN1CC(=O)N(C23CC4CC(CC(C4)C2)C3)C1=O,-3.643856189774725
CC(=O)NCC1CN(c2ccc(OC3CCN(C(=O)COCc4ccccc4)CC3)c(F)c2)C(=O)O1,-5.0
COc1ccc(-n2c(=O)c3ccccc3n3c4nc5ccccc5c-4nnc23)cc1,-3.643856189774725
COc1cc(C=CC(=O)c2ccccc2)ccc1OCc1nnc(COc2ccccc2)o1,-3.643856189774725
N=C(N)c1ccc2cc(-c3ccc(-c4cc5ccc(C(=N)N)cc5[nH]4)cc3)[nH]c2c1,2.643856189774725
Cc1ccc2nc3[nH]c(=S)[nH]c(=O)c3cc2c1,-4.963474123974886
CC(C)=CCCC1(C)Oc2c(c(O)cc(O)c2C(=O)C(C)C)CC1O,-0.0
O=C(NN=C1C(=O)N(Cc2ccccc2)c2ccc(Cl)cc21)NN=C1C(=O)N(Cc2ccccc2)c2ccc(Cl)cc21,-2.643856189774725
NC(=O)N1N=Cc2ccccc2B1O,-4.0
CC1(N)CN(c2nc3c(cc2F)c(=O)c(C(=O)O)cn3C2CC2)C1,5.058893689053568
COc1ccc(-c2cc(=O)c3cc(CNc4ccc(S(N)(=O)=O)cc4)ccc3o2)cc1OC,-3.321928094887362
Cc1c([S+]([O-])c2ccc3ccccc3c2)ccc2nc(N)nc(N)c12,-4.643856189774724
CC1C(N)CN1c1nc2c(cc1F)c(=O)c(C(=O)O)cn2-c1ccc(F)cc1F,4.058893689053568
O=C(NN=Cc1ccc(Cl)c([N+](=O)[O-])c1)c1ccc2c(c1)OCCCO2,-1.6461626571578936
CCC(O)C1=C(C(=O)[O-])N2C(=O)C(C(C)O)C2C1C,3.3510744405468786
CCCCC(CN(O)C=O)C(=O)N1CC2(CC2)CC1c1nnc2ccccn12,-1.0
CC1CCC(c2cc(O)c3c(c2C(F)(F)F)CC2CC4C(N(C)C)C(O)=C(C(N)=O)C(=O)C4(O)C(O)=C2C3=O)N1C,1.0
CN(C)C1=NC(c2cn(-c3ccc([N+](=O)[O-])cc3[N+](=O)[O-])nc2-c2ccc(Cl)cc2Cl)N=C(N)N1,-3.0
C=CC1(C)CCc2c3c(cc(O)c2C1O)C(C)(C)C(O)CC3,-4.0
CCCCCC(CC(=O)NO)C(=O)NC(C(=O)C1CCCC1CO)C(C)C,1.0
Cc1cc(OCc2nnc(-c3cc(F)c(Cl)cc3Cl)o2)ccc1Cl,-3.643856189774725
NC1=NC(c2cn(-c3ccc([N+](=O)[O-])cc3)nc2-c2ccc(Cl)cc2Cl)N=C(N2CCOCC2)N1,-2.0
Clc1cc(Cl)c(Cl)c(C=NNc2nc(-c3ccc(-c4ccccc4)cc3)cs2)c1,-4.643856189774724
O=C(NC1CCNCC1)C1CCC2CN1C(=O)N2OS(=O)(=O)[O-],5.058893689053568
Cc1cccc(NC(=O)CCNC(=O)c2nc3ccccc3n2C)c1C,-5.0
O=[N+]([O-])c1ccc(N2C(O)CC(c3ccccc3)N2C(c2ccc(Cl)cc2)N2CCOCC2)c([N+](=O)[O-])c1,1.0
CN(C)CCCCOC(=O)c1c2c(n3cc(Br)ccc13)C(=O)c1ncccc1C2=O,-0.0
CCN(Cc1ccccc1)C(=O)Nc1cc(-c2ccc(C)cc2)sc1C(=O)O,-4.392317422778761
O=C1Nc2ccccc2C(O)C1(Cc1ccccc1Cl)Cc1ccccc1Cl,-3.643856189774725
CN(C)C1=NC(c2cn(-c3ccc([N+](=O)[O-])cc3)nc2-c2ccc(Cl)cc2Cl)N=C(N)N1,-1.0
O=c1c2ccccc2nc(C=Cc2ccccc2[N+](=O)[O-])n1-c1cccc(O)c1,-4.0
Cc1cccc(OCc2ccccc2-c2nn(CNc3cc(C)ccc3Cl)c(=S)o2)c1,-4.643856189774724
CC(=O)N(C1=NN(C(C)=O)C(c2cc3ccccc3nc2Cl)S1)c1c(F)cccc1F,-5.0
O=C(NN1C(=O)C(Cl)C1c1ccccc1O)c1cc(-c2ccc(Cl)cc2)n[nH]1,5.717856771218502
N#Cc1ccc2ccc(=O)n(CCN3CCC(NCc4cc5c(cn4)OCCO5)CC3)c2c1,1.0
O=C(O)c1cn(-c2ccc(O)cc2)c2cc(N3CC4CCCNC4C3)c(F)cc2c1=O,4.321928094887363
O=c1ccc2ncc(F)c3c2n1CC3(O)CC12CCC(NCCCc3cc(F)ccc3F)(CC1)CO2,-4.0
NCC1CN(c2nc3c(cc2F)c(=O)c(C(=O)O)cn3C2CC2F)CC1=NOCc1ccccc1,6.965784284662087
O=[N+]([O-])c1ccc(S(=O)(=O)n2c(Cl)nc3cc(Br)c(Br)cc32)cc1,3.356975041986563
CCn1cc(C(=O)O)c(=O)c2cc(F)c(N3CCN(c4ncc(C)cn4)CC3)cc21,-1.0
CCC1(O)CN(c2cc3c(cc2F)c(=O)c(C(=O)O)cn3C2CC2)C1,3.0588936890535687
O=C(Oc1ccc2c(=O)c3ccccc3oc2c1)C1CCCN1,-4.584962500721156
Cc1[nH]c(C(=O)Nc2nc3c(OCc4cccc(F)c4)cc(C(=O)O)cc3s2)c(Cl)c1Cl,-0.0
c1ccc(CON=C2c3ccccc3CCC2Cn2ccnc2)cc1,0.3566055465201077
Cn1nnnc1SCC1=C(C(=O)O)N2C(=O)C(NC(=O)C(C(=O)O)c3ccc(O)cc3)C2SC1,-1.6461626571578936
O=c1cc(NCCCN2CCN(c3nccc4ccccc34)CC2)c2cc(F)ccc2o1,1.0
CCC1CN(c2c(F)cc3c(=O)c(C(=O)O)cn(C4CC4)c3c2OC)CCN1,5.011587974275212
O=C(O)c1cn(CC(O)Cn2cnc([N+](=O)[O-])c2)c2c(F)cccc2c1=O,-2.0
CCCCCCCCNC1=NC(NCCCCC)=NC(C)(C)N1,-4.643856189774724
NCC1CCC(N)C(OC2C(N)CC(N)C(O)C2O)O1,-5.0
COc1cc(OC)c(OC)cc1C=Nn1c(S)nnc1-c1cnccn1,-2.643856189774725
Cc1ccc(C2(c3ccc(C)cc3)C(=O)N(C(C)C)C23C(=O)N(C)c2ccccc23)cc1,-3.321928094887362
CCN(CC)CCn1[se]c2ccccc2c1=O,-4.0
CCn1cc(C(=O)O)c(=O)c2cc(F)c(-n3cccc3)cc21,1.0
CC(O)C(NC1CCN(C)c2cc(C#Cc3ccccc3)ccc21)C(=O)NO,-3.0
Cc1c(N2CCC(C(C)N)C2)c(F)c(N)c2c(=O)c(C(=O)O)cn(C3CC3F)c12,8.380821783940931
CC(O)C1C(=O)N2C(C(=O)O)=C(SC3C(CN)OC3CO)C(C)C12,3.0588936890535687
O=C1c2cccc3c(NN=Cc4ncc[nH]4)ccc(c23)C(=O)N1C(CO)CO,-4.0
Cc1csc(NNC(=O)c2[nH]nc(-c3ccc(Cl)cc3)c2N)n1,-4.321928094887363
O=C(NN=Cc1cccc([N+](=O)[O-])c1)c1ccc(Cl)cc1,-4.321928094887363
CC1COc2c(N3CCN(CC(=NO)c4ccc(Cl)cc4Cl)CC3)c(F)cc3c(=O)c(C(=O)O)cn1c23,-2.0
O=C(Cc1ccc(Br)cc1)Nc1nc(-c2ccc(Br)cc2)cs1,-4.643856189774724
CC(=O)NCC1CC(c2ccc(N3CCN(C(=O)CO)CC3)c(F)c2)=NO1,-4.0
CCOc1c(C=NNC(=O)c2ccncc2)cccc1CN(CC)CC,-4.643856189774724
CCCCCCN1C(=O)c2cccc3c(N4CCN(C(=O)C(=NOC)c5csc(N)n5)CC4)ccc(c23)C1=O,-5.0
CC(CCN1Cc2cc(C#Cc3ccc(C4(CN)CC4)cc3)cn2C1=O)(C(=O)NO)S(C)(=O)=O,-3.0
CN(C)C1C(O)=C(C(N)=O)C(=O)C2(O)C(O)=C3C(=O)c4c(cc5ccc(-c6cccnc6)cc5c4O)CC3CC12,-5.0
O=Cc1ccccc1C=NNC(=O)c1ccc2c(c1)OCCCO2,-4.643856189774724
COc1cccc(OC)c1CON=C1CN(c2nc3c(cc2F)c(=O)c(C(=O)O)cn3C2CC2)CC1CN,2.0
Cc1ccccc1OCc1ccccc1-c1nnc(SCc2ccc(Cl)cc2Cl)o1,-3.643856189774725
Nc1nc(COC(=O)c2cccs2)cs1,-2.643856189774725
O=c1[nH]c2c(c(=O)[nH]1)C(c1ccc(Br)cc1)c1c(-c3ccccc3)nn(-c3ccccc3)c1N2,-1.0
Cc1[nH]c(C(=O)Nc2nc3c(OCc4ccncc4)cc(C(=O)O)cc3s2)c(Cl)c1Cl,3.0
CC(=O)Oc1cccc(-n2c(C=Cc3ccc([N+](=O)[O-])cc3)nc3ccccc3c2=O)c1,-4.0
Clc1cccc(-n2nc(C3CCNCC3)cc2CCc2c[nH]c3ccc(Cl)cc23)c1,-4.0
NC1CCN(c2c(F)c3c(c(=O)c(C(=O)O)cn3C3CC3)c3[nH]cnc23)C1,5.321928094887363
Cc1cccc2cc(Cn3cc(-c4ccccc4)nn3)c(Cl)nc12,-4.321928094887363
O=C(c1ccc(-n2c(-c3ccccc3)nc3ccccc3c2=O)cc1)[n+]1nc([S-])sc1-c1ccc([N+](=O)[O-])cc1,-2.0
CNC(=O)OCn1oc(=O)c2ccccc21,-4.963474123974886
O=C1COc2ccc(N3CC(CCCNC4Cc5ccc(F)cc5C4)OC3=O)nc2N1,-0.0
COc1cccc(Cc2nnc(Cn3c([N+](=O)[O-])cnc3C)o2)c1,-4.643856189774724
Cn1cnc2c(N)[n+](Cc3ccccc3)cnc21,-5.0
CC(C)C(O)CCC(C)C1CC(O)C2C1(C)CCC1C3(C)CCC(O)CC3C(O)CC12O,-4.643856189774724
O=C(O)c1cn(-c2ccc(F)cc2F)c2nc(N3CC4CC3CN4)c(F)cc2c1=O,7.965784284662087
Clc1ccc(OCc2ccccc2-c2nnc(-c3cccc(Br)c3)o2)cc1,-4.643856189774724
C=CC1(C)CC(OC(=O)CSc2nc(N(C)C)c3ccsc3n2)C2(C)C(C)CCC3(CCC(=O)C32)C(C)C1O,-3.9653225483672547
CCOC(=O)N1CCN(CC(=O)N2C(c3ccccc3)CC(=O)C(CC)C2c2ccccc2)CC1,-4.643856189774724
COC1CN(c2nc(C(=O)NC3COC(C)(C)OC3)c(C(=O)O)s2)CCC1NC(=O)c1[nH]c(C)c(Cl)c1Cl,0.3959286763311392
O=C(Cc1cccs1)NC1C(=O)N2C(C(=O)O)=C(Cl)CSC12,-2.0
CON=C1CN(c2nc3c(cc2F)c(=O)c(C(=O)O)cn3-c2nc(N)c(F)cc2F)CC1CNC1CC1,-2.0
Cc1cc(-c2c(F)c(F)c3c(=O)c(C(=O)O)cn(C4CC4)c3c2F)cc(C)n1,2.9434164716336326
CCCCCCC(Nc1ccc(N2CCOCC2)cc1)=C1C(=O)CNC1=O,-5.0
COc1c(N2CC(C)NC(C)C2)c(F)cc2c(=O)c(C(=O)O)cn(C3CC3)c12,4.321928094887363
N=C(N)c1ccc2[nH]c(-c3ccc(OCc4cn(Sc5ccccc5)nn4)cc3)nc2c1,-4.0
COc1cc2c(cc1OC)C1=NN(C(N)=S)C(c3ccncc3)C1C2,-5.0
COC(=O)C1(C)CCCC2(C)c3ccc(C(C)C)c(NC(=O)Cn4cc(-c5ccc6ccccc6c5)nn4)c3CCC12,-4.643856189774724
Cc1nn(-c2ccccc2)c2c1C(c1cccc(Oc3nc(Cl)c(Cl)cc3Cl)c1)C(C#N)=C(N)O2,-0.6415460290875237
O=c1cc(-c2ccccc2)c2cc(F)ccc2n1Cc1nnc2n1N=C(c1ccccc1)CS2,-3.0
COC1(NC(=O)Cc2ccccc2)C(=O)N2C(C(=O)[O-])=C(COC(N)=O)COC21,0.3584539709124763
CN(C)C1C(O)=C(C(N)=O)C(=O)C2(O)C(O)=C3C(=O)c4c(c(Cl)c5ccc(F)cc5c4O)CC3CC12,-5.0
CN(C)CCCNc1nc(Cl)c2c(c1O)C(=O)C1=C(O)C3(O)C(=O)C(C(N)=O)=C(O)C(N(C)C)C3CC1C2,-3.0
O=C1CCSC2=C1CN(c1cc3c(cc1F)c(=O)c(C(=O)O)cn3C1CC1)CC2,-3.0
Cc1ccnc(SCC2CC(SC3=C(C(=O)O)N4C(=O)C(C(C)O)C4C3C)CN2)n1,4.351074440546879
Cc1csc(SC2=C(C(=O)O)N3C(=O)C(C(C)O)C3C2C)n1,-1.6461626571578936
CCNCC1CCC(c2c(F)cc3c(=O)c(C(=O)O)cn(CC)c3c2F)C1,4.321928094887363
CCCCn1cc(C=C(C#N)C(=O)N2CCN(c3cc4c(cc3F)c(=O)c(C(=O)O)cn4CC)CC2)c2ccccc21,-1.0
COc1ccc(C2CC(c3ccc(-n4cccc4)cc3)=NN2C(C)=O)cc1OC,-3.643856189774725
CN1CCN(C(=N)c2ccc3cc(-c4ccc(-c5cc6ccc(C(=N)N7CCN(C)CC7)cc6[nH]5)cc4)[nH]c3c2)CC1,-3.0
COc1cc(C=NNC(=O)c2c[nH]c3ccc(Cl)cc3c2=O)cc(OC)c1OC,-1.9634741239748859
CC(=NNC(=N)N)c1ccc(Nc2nc(-c3ccc(Cl)cc3)cs2)cc1,-3.0
CS(=O)(=O)c1ccc(Cc2n[nH]c(=S)n2N=Cc2cccs2)cc1,-1.6438561897747246
Cn1cc([N+](=O)[O-])cc1C(=O)NNC(=S)Nc1ccc(F)cc1,1.3584539709124763
CCn1cc(C(=O)O)c(=O)c2cc(F)c(N3CCN(CC(=O)Nc4nc5ccc(Cl)cc5s4)CC3)cc21,-2.584962500721156
COc1c(N2CC(C)(N)C3(CC3)C2)c(F)cc2c(=O)c(C(=O)O)cn(C3CC3F)c12,7.380821783940931
COc1cc(C=NNc2nc3cccc(C)c3s2)cc(OC)c1OC,-4.321928094887363
O=C(O)c1ccc(C=Cc2nc3ccccc3c(=O)n2-c2cccc(O)c2)cc1,-4.0
O=C(CNN1C(=O)CSC1c1ccc(-c2ccc(F)cc2)cc1)NN1C(c2ccc([N+](=O)[O-])cc2)=NNC1S,-1.6438561897747246
CC(CCN1Cc2cc(C#CC#CCN3CCC(O)CC3)cn2C1=O)(C(=O)NO)S(C)(=O)=O,-0.0
C=CC(C)(C=Cc1ccc(OCCCCNCCN(CCN)CCN)cc1)CCC=C(C)C,-1.6438561897747246
Cc1ccccc1S(=O)(=O)N1N=Cc2sc(Br)cc2B1O,-4.643856189774724
O=C(O)c1cn(C2CC2)c2cc(N3CC(O)C3)c(F)cc2c1=O,3.0588936890535687
NCC1OC(OC2C(N)CC(N)(CO)C(OC3OC(CCl)C(O)C(N)C3O)C2O)C(N)C(O)C1O,-0.0
Cc1cc2c3c(ccc(=O)n3C(O)(c3c(O)ccc4c(=O)c5c(O)cc6c(c5n(C)c34)C=CC(C)(C)O6)C2=O)c1,-0.0
COc1cccc(Nc2nc(Nc3ccc(C#N)nc3)nc(Nc3cccc(OC)c3)n2)c1,-2.643856189774725
Cc1ccc(-c2nn(-c3ccc([N+](=O)[O-])cc3[N+](=O)[O-])cc2C=NNC(=N)N)cc1,-1.0
CCCCC(CC(=O)NO)S(=O)(=O)c1ccc2ccccc2c1,-3.0
O=C1NC(=O)C(=Cc2ccc(C=CC(=O)c3cc(OCc4ccccc4)cc(OCc4ccccc4)c3)cc2)S1,-5.0
O=C(O)c1cccc(Sc2nc3ccccc3nc2Sc2cccc(C(=O)O)c2)c1,-1.3219280948873624
COC(=O)c1cccc2nc3c(OC4OC(C)C(O)C(O)C4O)cccc3nc12,-4.643856189774724
COc1cc(C=Nn2c(-c3ccccc3)nc3c(Br)cc(Br)cc3c2=O)cc(OC)c1OC,-4.185866545311334
CC(N)C1CCN(c2nc3c(cc2F)c(=O)c(C(=O)O)cn3-c2ccc(O)cc2)C1,4.321928094887363
CCn1cc(C(=O)O)c(=O)c2cc(F)c(N3CC(=NOC)CC(N)C3)c(F)c21,2.0
COc1ccc(NC(=S)NNC(=O)c2cc([N+](=O)[O-])cn2C)cc1,1.3584539709124763
CCOP(=O)(OCC)C(OC(C)=O)c1cc2cc(C)ccc2n2nnnc12,-3.9068905956085187
CCc1ccc(Cc2cnc(N)nc2N)cc1C(C)C,-4.906890595608519
CN(C)c1c2c(c(O)c3cc(F)ccc13)C(=O)C1=C(O)C3(O)C(=O)C(C(N)=O)=C(O)C(N(C)C)C3CC1C2,-5.0
C=CC1(C)CC(OC(=O)CSC2=NC(=O)CS2)C2(C)C(C)CCC3(CCC(=O)C32)C(C)C1O,-5.0
CC(=NNC(=N)N)c1sc(-c2ccc(-c3ccccc3)cc2)nc1C,-2.0
C#CCON=Cc1cn(C2CCN(c3nc4c(cc3F)c(=O)c(C(=O)O)cn4C3CC3)CC2)nn1,-2.0
CCn1cc(C(=O)O)c(=O)c2cc(F)c(-n3cnc4c3CCCC4)c(F)c21,-3.643856189774725
O=C(O)c1cccc(CNCCNCc2cccc(C(=O)O)n2)n1,5.0
CCn1cc(C(=O)O)c(=O)c2cc(F)c(N3CCN(Cc4c(CO)nc(C)c(O)c4CO)CC3)cc21,-3.0
FC(F)(F)c1cccc2c(NC3CC3)c(-c3nnc(S)n3-c3ccccc3)cnc12,-2.643856189774725
O=C(NN=Cc1ccncc1)c1cnc2c(C(F)(F)F)cccc2c1O,-3.643856189774725
C=CCON=C(C(=O)NC1C(=O)N2C(C(=O)O)=C(C=C3CCN(CC(F)(F)F)C3=O)CSC12)c1csc(N)n1,-0.0
C=C1CCC2C(C)(C)CCCC2(C)C1CCC(C)=CCn1c[n+](C)c2nc[n-]c(=NOC(C)(C)C)c21,-5.0
CCn1cc(C(=O)O)c(=O)c2c(C)c(F)c(N3CCNCC3)cc21,3.321928094887362
COc1ccc2ncc(F)c(CCC34CCC(NC(=O)c5ccc6c(n5)NC(=O)CO6)(CC3)CO4)c2n1,-3.0
Cc1cc(N=C2C(=O)N(Cc3ccccc3)c3ccc([N+](=O)[O-])cc32)ccc1N1C(=O)c2ccc(Cl)cc2C1=O,-3.9068905956085187
COc1c(N2CCN(O)C(C)C2)c(F)cc2c(=O)c(C(=O)O)cn(C3CC3)c12,-2.0
CCOC(=O)c1cn(CC(O)Cn2cnc([N+](=O)[O-])c2)c2c(F)cc(F)cc2c1=O,-3.0
CC1(C)C(NC(=O)C(=NOCc2cn(CC3CC3)nn2)c2csc(N)n2)C(=O)N1S(=O)(=O)O,-4.0
CC(O)C(NC(=O)N1CCN(c2ccc(C#Cc3ccc(F)cc3)cc2)CC1)C(=O)NO,0.3219280948873623
COc1cccc(N(C)S(=O)(=O)c2ccc([N+](=O)[O-])cc2[N+](=O)[O-])c1,-5.0
C=CCSc1nc2ccc(NCC=Cc3ccccc3)cc2c(=O)n1Cc1ccccc1,-3.0
CN(CC(=O)O)NC(=O)CC(N)CC(O)CN,-1.0
CCc1ccc(-[n+]2cc(-c3ccc(-c4ccccc4)cc3)n3c2CCCCC3)cc1,-5.0
Oc1ccccc1C=Nc1ccc(NC(=S)Nc2ccccc2)cc1,-3.643856189774725
CCN(CC)c1ccc2cc(-c3nc4sc(S(=O)(=O)N=CN(C)C)nn4c3C=NO)c(=O)oc2c1,-4.0
COc1cc(Cc2cnc(N)nc2N)cc2c1NCC(COC(C)=O)C2,-4.906890595608519
COc1cccc2cc(-c3csc(N4C(=O)c5cccc6cccc(c56)C4=O)n3)c(=O)oc12,-4.22881869049588
CCCCCCCCCc1ccccc1C(=O)NS(=O)(=O)c1ccc(Cl)cc1,-0.0
Fc1cccc(F)c1C1CC(c2ccccc2)=NN1C1=NC(c2ccccc2)S1,-4.0
COc1cc(C=C2SC(=O)N(Cc3ccc(-c4ccccc4-c4nnn[nH]4)cc3)C2=O)cc(OC)c1OC,-2.9541963103868754
CC1(N)CN(c2cc3c(cc2F)c(=O)c(C(=O)O)cn3CCF)C1,1.0
CC=Nn1c(S)nnc1-c1ccncc1,-3.350497247084133
CC(=NNC1=NCCN1)c1cnn(-c2ccc(C#CC3CC3)cc2)c1C,-5.0
O=c1c2nc([N+](=O)[O-])cn2ccn1Cc1ccc(N2CCCCC2)cc1,-5.0
BrCCCCCOCc1c(-c2ccccc2)nc2sc3ccccc3n12,-4.0
O=c1c2ccccc2nc2n1-c1ccccc1C2=NN=C1C=C(O)CCC1,-2.643856189774725
O=C(c1ccc2c(c1)OCCCO2)N1CCCCC1,-4.643856189774724
CCn1cc(C(=O)O)c(=O)c2cc(F)c(N3CC(N)C3C)cc21,2.0
CCNC(=O)Nc1cc(-c2nc(C(F)(F)F)cs2)c(-c2cncc(C#N)c2)cn1,1.5994620704162712
CCS(=O)(=O)NCCn1[se]c2ccccc2c1=O,-3.0
Cc1c(CN(C)C(=O)C=Cc2cnc3c(c2)CNC(=O)CN3)oc2ccccc12,3.9885043611621707
N#Cc1ccc(Cn2cc(CN3c4ccccc4Sc4cc(C=NNC(=O)c5ccc(F)cc5)ccc43)nn2)cc1,-3.643856189774725
O=C(CN1CCN(c2cc3c(cc2F)c(=O)c(C(=O)O)cn3C2CC2)CC1)Nc1nnc(-c2ccccc2)s1,-0.16349873228287956
COc1ccc2nc(C)cc(NC(=O)CN3CC(CNC4CCCC4)OC3=O)c2c1,-3.643856189774725
CCCCCCCCCCCCCC(=O)NN1C(=O)CSC1c1ccc(OC)cc1,1.5145731728297582
CC1(C)C(NC(=O)C(=NOC(CO)c2cc(=O)c(O)cn2O)c2csc(N)n2)C(=O)N1OS(=O)(=O)O,4.058893689053568
Cc1cccc2c(C=NNC(=O)c3cnc4c(C(F)(F)F)cccc4c3O)c[nH]c12,3.321928094887362
CCn1cc(-c2nn(-c3nc4ccccc4[nH]c3=O)c(=S)o2)c(=O)c2ccc(C)nc21,1.0
ON=Cc1nccn1-c1ccc(F)cc1,-4.643856189774724
Nc1nc(N)c2c(ccc3c2ccn3Cc2cccc3sc(N)nc23)n1,1.0
Cn1c(C(=O)NCCC(=O)NCc2ccccc2)nc2ccccc21,-5.0
C=C(C(=O)OC)C(O)c1ccccc1[N+](=O)[O-],-4.087462841250339
COc1cc(N(C)Cc2cnc3nc(N)nc(N)c3n2)cc(OC)c1OC,-4.643856189774724
CCOc1ccc2nc(NS(=O)(=O)c3ccc([N+](=O)[O-])cc3)sc2c1,3.356975041986563
Cc1ccc(-[n+]2noc([O-])c2C(=O)CSc2nnc(Cc3ccc(Br)cc3)c(=O)n2N)cc1,2.0
CC(O)C1C(=O)N2C(C(=O)[O-])=C(C3CCCO3)SC12,3.321928094887362
CCn1cc(C(=O)O)c(=O)c2cc(F)c(N3CCN(C(=O)C(C#N)=Cc4c[nH]c5c(C)cccc45)CC3)cc21,-0.0
COc1ccc2ncc(F)c(CCN3CCC(C(=O)Cc4ccccc4)CC3)c2n1,-4.0
O=C(NN=Cc1ccccc1O)c1cc(Cl)c(Cl)[nH]1,-1.6438561897747246
Cc1c(-c2ccc3c(c2)cc(CN(C)C)n3C)[nH]c(=O)c(C(=O)O)c1O,1.3584539709124763
Nc1c(-c2nc3ccccc3s2)c(-c2ccc(Cl)cc2)nc2nc(NN=Cc3cccc([N+](=O)[O-])c3)[nH]c(=O)c12,-3.643856189774725
CCc1c(-c2ccc3c(cnn3C)c2)[nH]c(=O)c2c(=O)[nH]sc12,7.965784284662087
Cc1cc(=O)oc2cc(OCC(O)Cn3nnc4ccccc43)ccc12,-4.0
CCn1cc(C(=O)O)c(=O)c2cc(F)c(N3CCC(=NOC)C(CN)C3)c(F)c21,-2.0
COc1ccc(N(Cc2cc(Br)cc(Br)c2O)C(=O)Nc2ccccc2)cc1,-3.643856189774725
CC(O)C(NC(=O)NCc1ccc(C#Cc2ccccc2)cc1)C(=O)NO,-3.643856189774725
CN1CCN(c2c(F)c(NCCO)c3c(=O)c(C(=O)O)cn(C4CC4)c3c2F)CC1,4.321928094887363
[O-][N+]1=C(C2=CC3(O)CCC=CCCCCN4CCC2C2(CCC=CCCCCNC32)C4)c2[nH]c3ccccc3c2CC1,3.321928094887362
CC1CCC(c2cc(O)c3c(c2C(F)(F)F)CC2CC4C(N(C)C)C(O)=C(C(N)=O)C(=O)C4(O)C(O)=C2C3=O)N1,6.002310160687201
CC(C)c1ccccc1C1CC(c2ccc(O)cc2)=NN1C(=O)c1cccnc1,-1.7004397181410922
NCc1cn(CC2CCC3CN2C(=O)N3OS(=O)(=O)O)nn1,5.058893689053568
COc1c(N2CCC(CF)(CN(C)C)C2)c(F)cc2c(=O)c(C(=O)O)cn(C3CC3)c12,1.3584539709124763
Cc1cc(=O)c(O)c(C(=O)Nc2ccc3c(C)cc(=O)oc3c2)o1,-3.0
CC(C)=CCC(O)C(C)C1CCC2(C)c3ccc4c(c3CC(O)C12C)C(O)CC(O)C4(C)C,-2.321928094887362
Nc1c(F)c(N2CCNC(CO)C2)c(F)c2c1c(=O)c(C(=O)O)cn2C1CC1,5.321928094887363
COCc1cn(CC2CCC3CN2C(=O)N3OS(=O)(=O)[O-])nn1,5.058893689053568
CC(C)=CCc1c(OCCCF)cc(C=Cc2ccc(C(F)(F)F)cc2)c(C(=O)O)c1O,-5.0
O=[N+]([O-])c1ccc(Cn2cc(-c3cccc(B(O)O)c3)nn2)cc1,-4.0
Oc1ccc2cc1Oc1cc(ccc1O)CCC(NCCc1ccccc1)CCCC2,-4.643856189774724
Cn1cc([N+](=O)[O-])cc1-c1nnc(-c2cccs2)o1,-2.643856189774725
O=C(CSc1nnc(-c2ccccc2OCc2cn(-c3ccccc3)nn2)n1Cc1ccccc1)c1ccc(Cl)cc1,-3.1858665453113337
CC1=NN(C(C)=NOC(=O)c2cccnc2)C(c2ccc(OCc3ccc(F)cc3)cc2)C1,-2.643856189774725
Clc1ccc(Nc2nc(Cl)nc(Nc3ccc(Cl)cc3)n2)cc1,-4.643856189774724
CCCCS(=O)(=O)CC(=O)NC1C(=O)N2C(C(=O)O)=C(COC(C)=O)CSC12,-3.700439718141092
COc1cnc2ccc(=O)n(CCCNC3CCC4C(C3)OC(=O)N4c3ccc4c(n3)NC(=O)CO4)c2c1,6.965784284662087
COc1ccc2ncc(F)c(C(C)(O)CC34CCC(NCc5ccc6c(n5)NC(=O)CO6)(CC3)CO4)c2n1,-5.0
CN(C)CCNC(=O)c1cc(NC(=O)c2cc(NC(=O)c3ccc(C=Cc4ccc(N(C)C)cc4)nc3)cn2C)cn1C,-5.0
COC(=O)C1(C(=O)OC)Cc2cc(-c3ccc(N4CC(CNC(C)=O)OC4=O)cc3F)ccc2N2CCOCC21,-4.0
Cn1nnnc1SCC1=C(C(=O)O)N2C(=O)C(NC(=O)C(=NO)c3ccc(NS(C)(=O)=O)cc3)C2SC1,0.3584539709124763
COC(=O)c1ccc(Cn2ccc3c4c(N)nc(N)nc4ccc32)c2ccccc12,-1.0
CCC1C(O)CN1c1cc2c(cc1F)c(=O)c(C(=O)O)cn2C1CC1,-1.0
FC(F)(F)c1cc(-c2nnc(Sc3cc(Cl)nc(Sc4ccccc4)n3)[nH]2)cc(C(F)(F)F)c1,-0.8479969065549501
CCn1cc(C(=O)O)c(=O)c2cc(F)c(N3CCN(CN4C(=O)C(=O)c5ccccc54)C(C)C3)c(F)c21,2.0
CC1Cn2cc(C(=O)O)c(=O)c3cc(F)c(N4CCCC4)c(c32)S1,3.0588936890535687
CN1CCN(CCCOC(=O)c2c3c(n4cc(Br)ccc24)C(=O)c2ncccc2C3=O)CC1,-4.0
CCn1cc(C(=O)O)c(=O)c2cc(F)c(N3CCN(C(=O)C(C#N)=Cc4c[nH]c5cc(C)ccc45)CC3)cc21,1.0
CN(C)C1C(O)=C(C(N)=O)C(=O)C2(O)C(O)=C3C(=O)c4c(O)c(NS(=O)(=O)c5cccs5)cc(F)c4CC3CC12,-5.0
COc1ccc(Br)c(C(=O)NN2C(=O)CSC2c2cccc(Cl)c2)c1,-3.643856189774725
Cc1c(N2CC(NC(C)C)C2)c(F)cc2c(=O)c(C(=O)O)cn(-c3nc(N)c(F)cc3F)c12,6.643856189774724
CCCCCOC(=O)c1ccc(OC)c(OC)c1,-4.321928094887363
O=c1cc(-c2ccc3c(c2)OCCO3)oc2cc(OCCBr)cc(O)c12,-4.643856189774724
Nc1ccc(O)c(NC(=O)c2ccc(F)cc2)c1,-3.963474123974886
N#Cc1ccc2ccc(=O)n(CCN3CCC(NCc4ccc5c(c4)CCCO5)CC3)c2c1,2.0
O=C1C(Cl)C(c2ccc(OCc3cc(=O)oc4ccc(Cl)cc34)cc2)N1c1ccc(Cl)cc1,-0.0
COc1ccc(OC)c(NC(=O)NNC(=O)c2cc([N+](=O)[O-])c[nH]2)c1,-1.6438561897747246
Cc1cc(C)c2c(=O)[nH]c(-c3cccs3)nc2n1,-3.643856189774725
CC(N)C(=O)NC1CCN(c2nc3c(cc2F)c(=O)c(C(=O)O)cn3C2CC2)C1,1.3219280948873622
Cc1ccc(S(=O)(=O)NC(=O)Nc2ccccc2C(=O)C=Cc2ccc(Cl)cc2)cc1,-5.0
COc1ccc(Cl)c(C(=O)Nc2nnc(-c3ccc(Br)cc3)o2)c1,1.3584539709124763
CCc1c(-c2ccc(N3CCC(O)C3)cc2)[nH]c(=O)c2c(=O)[nH]sc12,6.965784284662087
CC1CCC2(NC1)OC1CC3C4CCC5CC(NCC(N)Cc6ccc(F)cc6)CCC5(C)C4CCC3(C)C1C2C,-5.0
CC(=O)OCCCn1c(C=Cc2ccc(C#N)cc2)nc2ccccc2c1=O,-4.0
Cc1c(N2CC3C(N)C3C2)c(F)cn2c(=O)c(C(=O)O)cc(C3CC3)c12,6.643856189774724
CCCCC(CN(O)C=O)C(=O)N1CCCC1c1nnc(-c2cccs2)s1,-1.0
COc1ccc(-c2csc(NN=C(C)c3sc(-c4ccccc4)nc3C)n2)cc1,-4.906890595608519
NCCC(N)CC(=O)NC(CCc1ccccc1)CCc1ccccc1,-2.0
C=CC1(C)C=C2C(=O)C=C3C(C)(C)C(O)CCC3(O)C2CC1,-5.0
CCn1cc(C(=O)O)c(=O)c2cc(F)c(N3CCN(CN4C(=O)CCC4=O)CC3)cc21,-0.0
Cc1cc(=O)n2c3c(c4c(cc13)c(CO)cc(=O)n4C)OC2,-4.584962500721156
C[n+]1c2ccccc2c(Nc2ccc(Cl)cc2)c2[nH]c3ccccc3c21,-3.0
COc1ccc(-c2csc(NN=Cc3c(-c4ccc(OC)cc4)nc4sc(C)nn34)n2)cc1,-3.643856189774725
COc1ccc2cc(C=NNC(=O)c3nnn(-c4cc(C(F)(F)F)nc5c(C(F)(F)F)cccc45)c3C)ccc2c1,-2.643856189774725
N#Cc1ccc(Nc2nc(Oc3ccnc4ccccc34)nc(N3CCN(c4ccccc4F)CC3)n2)cc1C(F)(F)F,-3.643856189774725
C[Si](C)(C)C(S)(C(=S)CCCCn1nnc(SCc2ccccc2)n1)[Si](C)(C)C,-1.9671686075326276
CS(=O)(=O)c1ccc(OCc2nnc3n2N=C(c2ccc(Cl)cc2)CS3)cc1,-4.643856189774724
NC(=O)c1cc[n+](CC2=C(C(=O)O)N3C(=O)C(NC(=O)C(c4ccccc4)S(=O)(=O)[O-])C3SC2)cc1,-4.0
CCCCCCCCC1C(CCC)=NOC1CCCCCCCC(=O)OC,-4.643856189774724
COc1ccc(C=NNC(=O)c2cc(Cl)c(Cl)[nH]2)cc1,-3.643856189774725
O=C(NCC(OCc1ccc(C#Cc2ccc(CN3CCOCC3)cc2)cc1)C(=O)NO)c1cc(-c2ccccc2)[nH]n1,3.9885043611621707
Cc1c(N2CCCCC2)c([N+](=O)[O-])cc2c(=O)c(C(=O)O)cn(C3CC3)c12,-2.0
CON=C1CN(c2c(F)cc3c(=O)c(C(=O)O)cn(C4CC4)c3c2OC)CCC1N,-1.0
O=C(O)C=Cc1ccc(O)cc1,-5.0
Nc1nc(N)c2c(ccc3c2ccn3Cc2ccc(F)cc2)n1,8.965784284662087
O=C1c2ccccc2-[n+]2ccc3c([nH]c4ccc(-c5cc(F)cc(F)c5)cc43)c21,-3.643856189774725
CCn1cc(C(=O)O)c(=O)c2ccc(C)cc21,-1.3219280948873624
C=CCN1CCC(=CC2=C(C(=O)O)N3C(=O)C(NC(=O)C(=NO)c4csc(N)n4)C3SC2)C1=O,4.058893689053568
Cc1nc(-c2ccccc2)oc1-c1csc(Cc2cccc(Cl)c2)n1,-3.944858445807539
CC(=NNC(=N)N)c1sc(-c2ccc(OCCCCCN3CCCCC3C)cc2)nc1C,-5.0
Nc1nc(C(=NOCC(=O)O)C(=O)NC2C(=O)N3C2[S+]([O-])CC2CC(=O)OC23C(=O)O)cs1,3.9885043611621707
CCNC(C)C1CCN(c2c(F)cc3c(=O)c4c(=O)[nH]sc4n(C4CC4)c3c2OC)C1,4.058893689053568
CC1NCCn2cc(-c3nc4c(cc3F)C(=O)C(C(=O)O)CN4c3ccc(F)cc3F)cc21,-4.0
Cc1cc(C)n(-c2ccc(S(=O)(=O)Nc3onc(C)c3C)cc2)c(=O)c1C#N,0.029146345659516508
CN(C)C1C(O)=C(C(N)=O)C(=O)C2(O)C(O)=C3C(=O)c4c(O)c5c(c(F)c4CC3CC12)C1C(CCN1C)CN5,4.0
Cc1ccc(N=C(Cc2ccc(F)cc2)c2ccc(O)c(O)c2)cc1,-4.643856189774724
NC1C=C(c2cc3c(cc2F)c(=O)c(C(=O)O)cn3C2CC2)CC1,3.321928094887362
CCCCCCCCCOc1ccc(CCN)cc1,-0.37851162325372983
CNc1cc(F)cc2c(NCCCN)c(C(=O)Nc3ccc(C(=O)O)cc3)c(=O)[nH]c12,-1.0
Cc1ccc2[nH]c3c(c2c1)CC1(C)C(CCC2(C)C1CC=C1C4C(C)C(C)CCC4(C(=O)O)CCC12C)C3(C)C,-4.963474123974886
Cc1cc(=O)oc2cc(OCCCCCCn3cncn3)ccc12,-5.0
CC(C)CC(N)C(=O)NS(=O)(=O)c1ccccc1,-3.0
O=C(Cn1nccn1)NC1CCN(c2c(F)cc3c(=O)c(C(=O)O)cn(C4CC4)c3c2Cl)C1,-4.0
O=C(Cn1ncc2cc([N+](=O)[O-])ccc21)NN1C(=O)CSC1c1ccccc1O,-4.0
CN1CCN(c2cc3c(cc2F)c(=O)c(C(=O)O)cn3C2CC2)CC1,7.310432456049533
CCCCCCCCCCCCn1cc(COc2ccc(C(=O)C(C)c3ccc(CC(C)C)cc3)c(O)c2)nn1,-3.584962500721156
O=C(C(=Cc1ccc(Cl)cc1)n1cnc2cc(Cl)ccc2c1=O)c1nccs1,-1.0
Cc1c(CNC2CCC(NC(=N)N)CC2)cc(-c2ccc(Cl)cc2)n1-c1ccc(Cl)cc1,-2.0
CC(=NNC(=N)N)c1sc(-c2ccc(C#CCCN3CCN(C)CC3)cc2)nc1C,-5.0
CC(C)(C)c1cc(C(=O)Nc2ccccc2C(=O)NCCCN)cc(C(C)(C)C)c1,-4.0
O=C(C=Cc1ccccc1O)c1ccc(-c2ccc(N3CC(CO)OC3=O)cc2)cc1,-1.6438561897747246
O=C(O)c1cn(-c2ccc(F)cc2)c2nc(N3CCNCC3)c(F)cc2c1=O,4.321928094887363
Cc1nc2c(CCC34CCC(NCc5ccc6c(n5)NC(=O)CO6)(CC3)CO4)ccnc2cc1C#N,-4.0
Nc1nc(C(=NOC2(C(=O)O)CCC2)C(=O)NC2C(=O)N(S(=O)(=O)O)C2Cn2cncn2)cs1,1.0
CNc1cc(F)cc2c(O)c(C(=O)Nc3ccc(C(=O)O)cc3CN3CCCCC3)c(=O)[nH]c12,6.058893689053568
OB(O)c1cccc(Cn2cc(-c3ccccn3)nn2)c1,5.058893689053568
Cc1ccccc1-n1cc(C(=O)O)c(=O)c2cc(F)c(N3CCN(C)CC3)cc21,-0.6415460290875237
CC(C)c1ccc(CCC(CCc2ccc(C(C)C)cc2)NCCNCCNCCN)cc1,-4.906890595608519
Clc1ccc(CN(CCBr)CCBr)cc1,-4.0
Cc1c(-c2nnc(-c3ccc(Cl)cc3)o2)sc2ncnc(N3CCCCC3)c12,2.425850039490298
c1ccc([P+](c2ccccc2)(c2ccccc2)c2ccccc2)cc1,2.0
O=C(Nc1ccccc1)Nc1ccc(CN2CCN(c3cc4c(cc3F)c(=O)c(C(=O)O)cn4C3CC3)CC2)cc1,-2.321928094887362
CC(O)C(NC(=O)c1ccc(C#Cc2ccc(C=NN3CCCCC3)nc2)cc1)C(=O)NO,-0.0
COc1ccc(C2SCC(=O)N2CCN2CCNCC2)cc1,-3.228049047884462
CC1NCCn2cc(-c3ccc4c(c3OC(F)F)N(C3CC3)CC(C(=O)O)C4=O)cc21,-2.0
CCn1cc(C=C(C#N)C(=O)N2CCN(c3cc4c(cc3F)c(=O)c(C(=O)O)cn4CC)CC2)c2ccccc21,-1.0
CSCCC(N)C(=O)NOCC1OC(n2cnc3c(N)ncnc32)C(O)C1O,-3.0
Nc1nc(C(=NOCC(=O)O)C(=O)NC2C(=O)N3C2SCC2CC(=O)OC23C(=O)O)ns1,3.0
CCN(CC)CCCNCCCOc1ccc(C=CC(=O)c2ccc3c(c2OC)C=CC(C)(CCC=C(C)C)O3)cc1,-1.0
O=S(=O)(NC1CCN(CCC(Oc2cccc(C(F)(F)F)c2)c2ccccc2)CC1)c1cccc(Cl)c1,-4.643856189774724
NCc1ccc2cc(-c3ccc(-c4cc5ccc(CN)cc5[nH]4)cc3)[nH]c2c1,-0.32192809488736235
O=C(CSc1nnc(-c2cc3ccccc3oc2=O)o1)Nc1ccc(Cl)cc1,-4.643856189774724
CN(CC(=O)O)NC(=O)CC(N)CC(O)CNCCc1ccccc1,-4.0
Cn1c(=O)cc(OCc2nn(CN3CCN(c4ccccc4F)CC3)c(=S)s2)c2ccccc21,-4.643856189774724
CC1CN(c2cc3c(cc2N)c(=O)c(C(=O)O)cn3C2CC2)CCS1,5.058893689053568
CCn1cc(C(=O)O)c(=O)c2ccc(N3CCNCC3)nc21,-2.643856189774725
COc1ccc2ncc(F)c(CCC34CCC(NCc5nc6c(c(C)c5F)OCC(=O)N6)(CC3)CO4)c2n1,-5.0
O=C(O)c1cn(C2CC2)c2c(cc(F)c3nc(-c4cccs4)[nH]c32)c1=O,-1.584962500721156
NC(C(=O)NC1C(=O)N2C(C(=O)O)=C(Cc3ccc(C(=O)O)cc3)CSC12)c1ccccc1,-3.643856189774725
CCCNCc1ccc2c(OC)c3c(c(O)c2c1)C(=O)C1=C(O)C2(O)C(=O)C(C(N)=O)=C(O)C(N(C)C)C2CC1C3,-0.0
Nc1ncc(C(=O)Nc2nc3ccccc3s2)c(N)n1,-4.643856189774724
O=c1cc(CC(O)CCN2CCN(c3nccc4ccc(F)cc34)CC2)c2ccccc2o1,-3.0
Cc1nc(-c2ccc(C(C)(C)C)cc2)sc1-c1nnc(NC2CCNC2)o1,-5.0
CCON=C(N)C1CN(c2c(F)cc3c(=O)c(C(=O)O)cn(C4CC4)c3c2OC)CC1=NOCC,-4.0
COc1ccc(C2(C)OC(Cn3c([N+](=O)[O-])cnc3C)=NN2C(C)=O)cc1,2.0
Cc1ccc(-n2c(=O)c3ccccc3n3c(-c4ccccc4)nnc23)cc1,-4.643856189774724
CN1CCN(c2cc3c(cc2F)c(=O)c(C(=O)O)cn3N)CC1,-0.963474123974886
CC1COc2c(N3CCN(C)CC3)c(F)cc3c(=O)c(C(=O)Nc4ccc(-c5n[nH]c(=S)o5)cc4)cn1c23,2.0
CCCN(Cc1cnc2nc(N)nc(N)c2n1)c1ccc(Cl)c(Cl)c1,-4.643856189774724
CC(CCC(=O)O)C1CCC2C3C(O)CC4CC(O)CCC4(C)C3CC(O)C12C,-2.0
CCCCC(CN(O)C=O)C(=O)N1CCCC1c1nnc(C2CCOC2)s1,-4.0
Cc1c2c(nn1CC(=O)NN=Cc1cccs1)-c1ccccc1S(=O)(=O)N2C,-4.523561956057013
CCON=C1CC(N)CN(c2c(F)cc3c(=O)c(C(=O)O)cn(C4CC4)c3c2OC)C1,2.0
FC(F)(F)c1nc(-c2cc(Cl)cc(Cl)c2)c(-c2cc(Cl)cc(Cl)c2)[nH]1,-4.0
CC(C)(N)C1CCN(c2cc3c(cc2F)c(=O)c(C(=O)O)cn3C2CC2)C1,4.321928094887363
Cn1c(C2CC(=O)N(c3cccc(Cl)c3F)C2)nc2ccccc21,-5.0
CCCOC(=O)c1ccc(OC)c(OC)c1,-3.643856189774725
O=C1CC(c2nc3ccccc3[nH]2)CN1c1cccc(Cl)c1F,-5.0
Oc1ccc(-c2nc3ccccc3[nH]2)cc1,-4.0
CCCC[n+]1ccc(SCC2=C(C(=O)O)N3C(=O)C(NC(=O)Cc4ccccc4)C3SC2)cc1,-2.0
CNC(C)C1CCN(c2cc3c(cc2F)c(=O)c(C(=O)O)cn3C2CC2)C1,3.321928094887362
CC1(c2ccccc2)NNC(=O)CO1,-4.643856189774724
COc1ccc(C=CC(=O)c2cc(Cl)c(Cl)[nH]2)cc1,-3.643856189774725
CCOC(=O)c1sc(N=C2NC(=O)C(=C3C(=O)N(C)c4ccccc43)S2)nc1C,-0.963474123974886
CC(ON=C(C(=O)NC1C(=O)N2C1SCC1CC(=O)OC12C(=O)O)c1csc(N)n1)C(=O)O,3.0
O=C(O)c1cccc(N2Cc3ccccc3C2=O)c1,0.6780719051126377
COc1ccc2nccc(CCN3CCC(NCc4ccc(I)c(F)c4F)CC3)c2n1,5.011587974275212
Cc1c(C(=O)NCCO)[n+]([O-])c2ccccc2[n+]1[O-],-3.0
Cc1c(N2CC(c3nc4ccccc4n3C)CC2=O)cccc1C(F)(F)F,-5.0
NCCCNc1cc(-c2cc3ccc(C4=NCCCN4)cc3[nH]2)ccc1-c1cc2ccc(C3=NCCCN3)cc2o1,0.6665762662748083
Nc1c(F)c(N2CCC(N)C2)c(Cl)c2c1c(=O)c(C(=O)O)cn2C1CC1,5.321928094887363
CC(C)NC(=N)c1ccc2[nH]c(-c3ccc(OCc4cn(-c5ccc(Cl)cc5)nn4)cc3)nc2c1,-3.0
CCOn1cc(C(=O)O)c(=O)c2cc3c(cc21)OCO3,-1.6461626571578936
CCCC(N)C(=O)NC(C)P(=O)(O)O,5.058893689053568
CN(C)c1ccc(C(N2CCOCC2)N2C(c3ccccc3)CC(O)N2c2ccc([N+](=O)[O-])cc2[N+](=O)[O-])cc1,-3.0
CON=C1CN(c2nc3c(cc2F)c(=O)c(C(=O)O)cn3C2CC2)CC1CN,7.158429362604483
CCOC=NC1=C(C#N)C(c2ccc(F)cc2)c2c(n(C)c(=O)n(C)c2=O)O1,-2.643856189774725
COc1c(C2CCCN2)cc(O)c2c1CC1CC3C(N(C)C)C(O)=C(C(N)=O)C(=O)C3(O)C(O)=C1C2=O,-1.0
CCOc1c(N2CCC(C)(CN)C2)c(F)c(N)c2c(=O)c(C(=O)O)cn(C3CC3)c12,3.321928094887362
COc1cccc(C=CC(=O)c2ccc(-n3cccc3)cc2)c1,-3.643856189774725
CC12CC=C3C(=O)OCC3C1CCc1ccccc12,0.3219280948873623
O=[N+]([O-])c1ccc2[nH]c(C=Cc3ccccc3)nc2c1,-4.965784284662087
O=C(NCCc1c[nH]c2ccccc12)Nc1cccc(Br)c1,-3.0
O=C1NC(c2cc3ccc(Br)cc3[nH]2)CNC1c1c[nH]c2cc(Br)ccc12,-4.643856189774724
COc1ccc(Br)c(C(=O)NN=Cc2ccccc2O)c1,-2.643856189774725
OB1OCc2cc(F)ccc21,-4.087462841250339
c1ccc2c(c1)c1ccccc1n2CCN1CCC(NCc2cc3c(cn2)OCCC3)CC1,-4.0
C[n+]1cc(-c2ccccc2)cc(C=Cc2ccc(C(C)(C)C)cc2)c1-c1ccccc1,-4.0
COc1ncc(O)c2c1CC1CC3C(N(C)C)C(O)=C(C(N)=O)C(=O)C3(O)C(O)=C1C2=O,2.0
c1cc2cc(-c3ccc(-c4cc5ccc(C6=NCCN6)cc5[nH]4)o3)[nH]c2cc1C1=NCCN1,0.6665762662748083
COc1ccc(C2CC(c3ccc(O)cc3)=NN2C(=O)c2cccnc2)cc1,-4.643856189774724
COc1ccc2nc(C)cc(-n3cc(CNC(=O)c4ccc(F)cc4)nn3)c2c1,2.321928094887362
O=C(NCC(OCc1ccc(C#Cc2ccc(CN3CCOCC3)cc2)cc1)C(=O)NO)c1cccc(-c2ccccc2)c1,2.9434164716336326
CON=C1CCN(C(=O)C2CC(SC3=C(C(=O)O)N4C(=O)C(C(C)O)C4C3C)CN2)C1,4.351074440546879
CCCCCCCN=c1ccn(CCCCCCCn2ccc(=NCCCCCC)cc2)cc1,-1.0
COc1ccc(-c2cc3c(s2)C(=O)N(CCC(C)(C(=O)NO)S(C)(=O)=O)C3)c(F)c1,4.058893689053568
COc1ccc2ncc(=O)n(CCN3CCC(NCc4ccc5c(n4)NC(=O)CO5)C(OC)C3)c2c1,-0.0
CN1Cc2c(c(F)cc3c(=O)c(C(=O)O)cn(C4CC4)c23)N2CCCC2C1,-1.0
N#Cc1c(-c2ccc([N+](=O)[O-])cc2)cc(-c2nc3ccccc3[nH]2)nc1N1C(=O)C(Cl)C1c1ccccc1,-4.643856189774724
Clc1cccc(-n2nc(C3CCNCC3)cc2C=Cc2ccc(Cl)c(Cl)c2)c1,-2.0
CC(=O)N1N=C(Cn2c([N+](=O)[O-])cnc2C)OC1(C)c1ccc(C)cc1,2.0
CCOc1nc(NC(=O)Nc2ccc(Cl)c(Cl)c2)sc1C#N,1.0
C#CCON=C(CS(=O)(=O)c1ccc(N)cc1)c1nccs1,-5.0
O=S(=O)(c1ccccc1)N1N=Cc2sc(Br)cc2B1O,-1.6415460290875237
CC(O)c1nccn1C(CN)c1cc(-c2ccc(C#CC34CC(N)(C3)C4)cc2)on1,1.0
Cc1cc(=O)oc2cc(OCC(=O)NNS(=O)(=O)c3cccc([N+](=O)[O-])c3)ccc12,-4.700439718141092
CCn1cc(C(=O)O)c(=O)c2cc(F)c(N3CCN(c4ccccc4)CC3)nc21,-3.643856189774725
O=[N+]([O-])c1ccc(Cn2cc(COCc3c(-c4ccccc4)nc4sc5ccccc5n34)nn2)cc1,-2.0
CC1NC(=O)C(C)(CC(=O)O)NC(CN)OC(CCS)NC(=O)c2ccccc2NC1=O,-1.8875252707415875
COc1ccc(C2=NN(C(C)=O)C(c3ccc(NC(=S)Nc4ccc(C#N)cc4)cc3)C2)cc1OC,-4.906890595608519
CON=C(C(=O)NC1C(=O)N2C(C(=O)O)=CCSC12)c1csc(N)n1,6.058893689053568
CC1CN(c2cc3c(cc2F)c(=O)c(C(=O)O)cn3-c2ccc(O)cc2)CC1N,4.321928094887363
Cc1nc2scc(-c3ccco3)c2c(=O)n1N=Cc1ccc([N+](=O)[O-])cc1,-3.584962500721156
Nc1cc(-c2cc3c(cc2F)c(=O)c2c(=O)[nH]sc2n3C2CC2)ccc1F,3.0
Cc1cc(OCc2cn(Cc3ccc([N+](=O)[O-])cc3)nn2)cc2oc(=O)ccc12,-1.0
Nc1ncc(-c2cn(Cc3cccc(Cl)c3)c3c(F)cc(F)cc3c2=O)s1,-5.0
Nc1nc(N)c2cc(S(=O)(=O)c3ccc(Br)cc3)ccc2n1,-1.3219280948873624
CCCC(=O)Oc1ccc(C2CC(=O)c3c(O)c(C)c(O)c(C)c3O2)cc1,-2.0
O=c1cc(-c2ccc3c(c2)OCCO3)oc2cc(OCCN3CCCCC3)cc(O)c12,-3.643856189774725
CCCCNC(=O)C[n+]1cccc(C(=O)N2CCN(c3cc4c(cc3F)c(=O)c(C(=O)O)cn4C3CC3)CC2)c1,-5.0
N#Cc1cccc(S(=O)(=O)Nc2ccc(-c3cc(Nc4cccc(C(F)(F)F)c4)ncn3)cc2)c1,-4.643856189774724
COc1c(N2CCNCC2)c(F)cc2c(=O)c(C(=O)O)cn(-c3ccc(O)cc3)c12,4.321928094887363
NCC[S+]([O-])C1CCC2CN1C(=O)N2OC(F)C(=O)O,-5.0
CCC(Cc1n[nH]c2cc(C#Cc3ccc(CN4CCOCC4)cc3)ccc12)N(O)C=O,-2.0
N=C(N)NCc1cn(CC2C(NC(=O)C(=NOC3(C(=O)O)CC3)c3csc(N)n3)C(=O)N2S(=O)(=O)O)nn1,5.058893689053568
C=CC1(C)CC(OC(=O)CSC2=NC(CCC)=C(C(=O)OC)C(C)N2)C2(C)C(C)CCC3(CCC(=O)C32)C(C)C1O,-4.0
N=C(N)NN=Cc1cn(-c2ccc([N+](=O)[O-])cc2[N+](=O)[O-])nc1-c1cccc(Br)c1,-1.0
CC(=O)OCC1=C(C(=O)OC(C)(C)C)N2C(=O)C(Nc3nc4cc([N+](=O)[O-])ccc4[nH]3)C2SC1,-3.0
Cc1ccc2oc(=O)cc(C3CC(=O)Oc4[nH]nc(C)c43)c2c1,-1.6438561897747246
CCc1[nH]c2nc(Sc3cnc4ccc[n+]([O-])c4c3)nc(N3CC4C(N)C4C3)c2c1Cl,2.9434164716336326
C=C1CC23C=CC(=O)C(C)(CCC(=O)Nc4c(O)ccc(C(=O)O)c4O)C2C(O)C1CC3,-5.0
Sc1nnc(COc2cccc3c2c2ccccc2n3CC2CC2)o1,-0.0
Cc1ccc(Cn2c(-c3cccc(N)c3)nc3ccccc32)cc1,-2.0
COc1ccc(-c2ccc(-c3nn4c(Cc5ccc(SC)cc5)nnc4s3)o2)c([N+](=O)[O-])c1,-4.643856189774724
CON=C(C(=O)NC1CN2CC(S(=O)(=O)c3ccccc3)=C(C(=O)O)N2C1=O)c1csc(N)n1,1.0
COCCNC(=N)c1ccc2cc(-c3ccc(-c4cc5ccc(C(=N)NCCOC)cc5[nH]4)cc3)[nH]c2c1,-1.0
O=C(CSc1nccs1)NC1C(=O)N2C(C(=O)O)=C(Cl)CSC12,-5.0
CNCCCOc1c(C(C)=O)ccc2c1C=CC(C)(CCC=C(C)C)O2,-4.0
COc1ccc2[nH]c(SCC(=O)NC3CCN(c4c(F)cc5c(=O)c(C(=O)O)cn(C6CC6)c5c4Cl)C3)nc2c1,-4.0
COC1CN(c2nc(C(=O)NCC3(C)OCCO3)c(C(=O)O)s2)CCC1NC(=O)c1[nH]c(C)c(Cl)c1Cl,1.0
Sc1nnc(Cn2c3ccccc3c3c(OCC4CCCCC4)cccc32)o1,2.0
CC(C)(ON=C(C(=O)NC1C(=O)N2C(C(=O)O)=C(CSc3nccc(O)n3)CSC12)c1cnc(N)s1)C(=O)O,-3.0
O=C(NNC(=O)c1ccccc1[N+](=O)[O-])c1ccc(-n2cccc2)cc1,-4.965784284662087
Cc1c(F)cc2c(=O)c(C(=O)O)cn3c2c1CCC3C,3.321928094887362
CC1CCC=CCC(=O)c2c(O)cc(O)cc2CC(=O)O1,-4.643856189774724
O=C(C=Cc1ccc(F)cc1)c1ccc(NC(=O)N2CCN(c3cc4c(cc3F)c(=O)c(C(=O)O)cn4C3CC3)CC2)cc1,0.9159357352115255
CCn1cc(C(=O)O)c(=O)c2cc(F)c(N3CCC(CNC(C)=O)CC3)nc21,-0.6415460290875237
Cc1ccc2c(-c3cc4ccccc4oc3=O)coc2c1,-2.643856189774725
CC(=O)OCC=C(CO)C(=O)OC1CC(C)=CCCC(CO)=CC2OC(=O)C(C)C21,1.7369655941662063
O=C(O)c1cn(C2CC2)c2cc(N3CCN(Cc4nc5ccc([N+](=O)[O-])cc5[nH]4)CC3)c(F)cc2c1=O,-2.0
O=C(O)c1cn(C2CC2)c2cc(N3CCN(Cn4nc(CN5CCSCC5)oc4=S)CC3)c(F)cc2c1=O,2.0588936890535687
COC1CN(CCn2c(=O)ccc3ccc(C#N)cc32)CCC1NCc1cc2c(cn1)OCCO2,-2.0
CCc1ccc(Oc2ccc(C(C)=O)cc2F)c(O)c1,-0.0
CCCCc1ccc(-c2nnc(C3CCCN3C(=O)C(CCCC)CN(O)C=O)s2)cc1,-4.0
CNCC1OCCC1SC1=C(C(=O)[O-])N2C(=O)C(C(C)O)C2C1C,4.058893689053568
CC(=NNC(=O)CSc1nnc(-c2nc(C(C)C)cs2)n1-c1ccccc1)c1ccc(O)cc1,-4.0
O=c1c(C=C(c2ccc([N+](=O)[O-])cc2)c2nnn[nH]2)coc2ccc(Br)cc12,-5.0
O=C(Nc1ccccc1)N(Cc1cc(Br)ccc1O)c1ccc(F)cc1,-0.6415460290875237
C=CCc1cccc(Oc2ccc(C(=O)CC)cc2)c1OCCC[N+](C)(C)CC(=O)NCCCCC,-4.0
Cc1ccc(-n2nc(C)c(C3C(C#N)=C(N)N(c4cccnc4)C4=C3C(=O)CC(C)(C)C4)c2Cl)cc1,-4.643856189774724
NC1CN(c2cc3c(cc2F)c(=O)c(C(=O)O)cn3C2CC2)CC1C1CC1,4.321928094887363
CC(CCN1Cc2cc(C#CC#CC3(F)CNC3)cn2C1=O)(C(=O)NO)S(C)(=O)=O,-0.0
CCOC(=O)C1=C(C)NC(=S)NC1c1cc(=O)oc2c1ccc1ccccc12,1.3219280948873622
CC(C)C(NC(=O)CC(NC(=O)C=Cc1ccc(Cl)c(Cl)c1)c1ccccc1)C(=O)C1C(=O)NC(=O)C1C,-0.0
O=c1oc2cc(O)ccc2c(O)c1-c1ccc(O)cc1O,-2.0
O=c1c2ccccc2nc(C=Cc2ccccc2)n1-c1nnc(-c2cccc(Cl)c2)s1,-3.356143810225275
C=CCN1C(=O)C(=Cc2ccc(-c3ccc(CCC(=O)O)cc3)o2)SC1=S,-3.643856189774725
CC12C=C3C(=O)OCC34C3(CCC5C(C)(C)C(=O)C=CC5(C)C3C(C1=O)C41CO1)C2,-5.0
O=Nc1c(-c2ccc(Cl)cc2)nc2sc(Cc3noc4ccccc34)nn12,-1.584962500721156
Cc1cc(=O)oc2cc(Oc3nc(Nc4ccc(N=Cc5ccc(O)cc5O)cc4)nc(N(C)C)n3)ccc12,-4.643856189774724
CCNc1cc(F)cc2c1[nH]c1ncc(-c3cncc(C#N)c3)c(-n3ncc4c3CCNC4)c12,-2.0
COc1ccc(Br)c(C(=O)NN2C(=O)CSC2c2ccccc2O)c1,-3.643856189774725
Cc1c(N2CCC(C(C)N)C2)c(F)cc2c(C(=O)O)cc(=O)n(C3CC3)c12,-5.0
CCn1cc(C(=O)O)c(=O)c2cc(F)c(N3CCC4(CCCN4)C3)c(F)c21,2.321928094887362
CC(C)CC(C(O)CC(O)CCCCCCCCNCc1ccccc1)C(O)c1cc(O)cc(O)c1,2.0
O=C(O)c1cn(-c2ccc(F)cc2F)c2nc(N3CCNCC3)c(F)cc2c1=O,5.965784284662087
CC1C(N)CN1c1c(F)cc2c(=O)c(C(=O)O)cn(-c3ccc(F)cc3F)c2c1F,4.058893689053568
CCn1cc(C(=O)O)c(=O)c2cc(F)c(N3CCN(O)CC3)cc21,1.3584539709124763
CC(C)(C)c1ccc(C(=O)Nc2ccc3oc(Cc4ccccc4)nc3c2)cc1,-4.643856189774724
CCc1nnc(Cn2c(C)nc3ccccc32)o1,-5.0
O=C1OC(c2ccc(O)c(Cl)c2)(c2ccc(O)c(Cl)c2)c2cccc3cccc1c23,-4.643856189774724
CCC(=O)N1CCN(N=Cc2ccc(C#Cc3ccc(C(=O)NC(C(=O)NO)C(C)O)cc3)cn2)CC1,-3.0
Cc1cc(=O)[nH]c2c1C(=O)c1c(C)cc(=O)n(C)c1C2=O,-4.584962500721156
CCOC(=O)c1c(N2CCN(c3ccccc3F)CC2)c2ccccc2n(C)c1=O,-1.9634741239748859
Nc1nc(N)c2c(Cl)c([S+]([O-])c3ccc(F)cc3)ccc2n1,2.0
O=C(O)c1cnn(-c2ccccc2)c1NC(=O)c1cc2cc(Cl)ccc2oc1=O,-5.0
CC(=O)N1CCCN(c2ccn3cc(-c4ccc(F)cc4)nc3n2)CC1,0.12029423371771177
CCCCCCCCC=CCCCCCCCCNC(=N)NCCCCN,-3.0
CCOc1c(C=NNC(=O)c2ccncc2)cccc1CN1CCOCC1,-2.643856189774725
CCOC(=O)c1c(C)nnn1Cc1cc(=O)oc2ccc(C)cc12,1.3219280948873622
Oc1ccc(Br)cc1C1=NOC(c2cc3ccccc3n3nnnc23)C1,-4.643856189774724
O=c1c2nc([N+](=O)[O-])cn2ccn1Cc1ccccc1,-5.0
NC(=O)c1cc2c3c(c(Cl)nc2nc1N)CC3,2.0
O=c1cc(NCC2CN(CC3Cc4ccnc(Cl)c4C3)C2)c2cc(F)ccc2o1,-1.0
NCC(=O)Nc1ccc(-c2cc3c(cc2F)c(=O)c2c(=O)[nH]sc2n3C2CC2)cc1,-0.0
CON=C(C(=O)NC1C(=O)N2C(C(=O)[O-])=C(C[n+]3cccc(Cl)c3)CSC12)c1csc(N)n1,4.058893689053568
CNC1C(O)C(OC2C(N)CC(N)C(OC3OC(CO)=CCC3N)C2O)OCC1(C)O,1.7369655941662063
Fc1ccc(-c2nc3ccccc3c3oc(Nc4cccc(Cl)c4)nc23)cc1,-2.643856189774725
CN=C(NC)c1ccc2cc(-c3ccc(Oc4ccc(-c5cc6ccc(C(=N)NC)cc6[nH]5)cc4)cc3)[nH]c2c1,-4.0
Clc1ccc(N=c2ccn(CCCCCCn3ccc(=Nc4ccc(Cl)cc4)cc3)cc2)cc1,-1.9634741239748859
Nc1nc(N)c2cc(Sc3c(F)c(F)cc(F)c3F)ccc2n1,-1.0
NCC1CCN(c2cc3c(c(=O)c(C(=O)O)cn3C3CC3)c3[nH]cnc23)C1,5.321928094887363
COc1ccc2nccc(-n3cc4c(n3)CCC(NC(=O)c3ccc5c(c3)NC(=O)CO5)C4)c2c1,-1.0
O=c1[nH]sc2c1c(=O)c1cc(F)c(-c3cccc(C4CCCCN4)c3)cc1n2C1CC1,3.0
CCCS(=O)(=O)CC(=O)NC1C(=O)N2C(C(=O)[O-])=C(CSc3nnnn3C)CSC12,-0.6780719051126377
Cc1ccc(NC(=O)c2nn(-c3ccccc3)c(-c3ccccc3)c2C(=NO)c2ccccc2)cc1,-4.839959587489532
O=c1ccc2ncc(F)c3c2n1CC3(O)CC12CCC(NCC=Cc3cc(F)ccc3F)(CC1)CO2,-2.0
O=C1Nc2ccc(Cl)cc2C1=NN1C(=O)C(Cl)C1c1ccc([N+](=O)[O-])cc1,-4.22881869049588
COc1ccc2nc(C)cc(N3CC(CNC(=O)c4ccc(C(F)(F)F)cc4)OC3=O)c2c1,1.3219280948873622
CC(=CC1C=CC2CCC(C)C2C1C(=O)c1cc(Cl)c(Cl)[nH]1)CC(C)C(=O)O,-4.0
CCCn1c(CN2CCN(c3cc4c(cc3F)c(=O)c(C(=O)O)cn4C3CC3)CC2)nc2ccccc21,-0.0
COc1ccnc(C=C2C(=O)N3C(C(=O)O)C(C)(COC(=O)Cc4ccc(O)c(O)c4)S(=O)(=O)C23)c1OC,-1.0
NC1=Nc2ccccc2NC=C1C(=O)Nc1nc2ccccc2s1,-4.643856189774724
NC1CCN(c2nc3c(cc2F)c(=O)c(C(=O)O)cn3C2CC2)C1,8.965784284662087
NCCNC(=O)OC1C(NC(=O)C(O)CCN)CC(N)C(OC2OC(CN)CCC2N)C1O,-5.0
O=C(Cn1c2ccccc2c2nc3ccccc3nc21)N1N=C(c2cc3ccccc3o2)CC1c1ccccc1Cl,-4.426264754702098
O=C(NCC1CN(c2ccc(N3CC4(COC4)C3)c(F)c2)C(=O)O1)c1ccno1,-2.189033824390017
CC1CC(N)CN1c1cc2c(cc1F)c(=O)c(C(=O)O)cn2-c1ccc(O)cc1,4.321928094887363
Cc1ccc(Cl)c(NCn2nc(-c3ccccc3COc3ccccc3C)oc2=S)c1,-4.643856189774724
O=C1SC(=Cc2ccc(S(=O)(=O)Nc3nc(-c4ccccc4)cs3)cc2)C(=O)N1C(=O)c1ccc(Cl)cc1,-4.643856189774724
CNC1CN(c2c(F)cc3c(=O)c(C(=O)O)cn(C4CC4)c3c2F)C1,5.058893689053568
NC1CCN(c2cc3c(cc2F)c(=O)c(C(=O)O)cn3C2CCC2)C1,1.3219280948873622
CC(O)C1C(=O)N2C(C(=O)O)=C(Sc3nc(-c4ccncc4)cs3)C(C)C12,-2.643856189774725
CC(C)=CC(=O)OCC1=C(C(=O)O)N2C(=O)C(NC(=O)C(=NO)c3cnc(N)s3)C2SC1,5.058893689053568
Cc1c(N2CC3CCCC(N)C3C2)c(F)c(N)c2c(=O)c(C(=O)O)cn(C3CC3F)c12,7.380821783940931
O=C1c2c([n+]([O-])c3ccccc3[n+]2[O-])CCN1CCO,-3.643856189774725
C=CCC(Nc1cccc2ccccc12)c1cc2ccccc2o1,-4.643856189774724
CON=C1CCN(c2nc3c(cc2F)c(=O)c(C(=O)O)cn3C2CC2)CC1N,-3.0
CC(O)C1C(=O)N2C(C(=O)O)=C(CN3CCCCC3C(N)=O)SC12,-0.0
COc1ccc(C=Nn2c(S)nnc2-c2cnccn2)cc1OC,-4.643856189774724
O=C(O)c1cn(C2CC2)c2cc(N3CCNCC(O)C3)c(F)cc2c1=O,2.0
CC1CCCCCCCCCC(OC(=O)CCC(=O)OC(C)(C)C)C(=O)CC(N2CCN(C)CC2)C(=O)O1,-5.0
O=C1NC(=O)C2(Cc3cc(N4CC(CO)OC4=O)ccc3N3CCOCC32)C(=O)N1,-5.0
O=C(CN1CCOCC1)Nc1nc(-c2ccc(F)cc2)cc(-c2cc3cc(Cl)ccc3nc2Cl)n1,-4.643856189774724
CCCCCCCCCCCCCCn1nnc(-c2n[nH]c(=S)n2N)c1-c1n[nH]c(=S)n1N,-0.0
CCCCC(CN(O)C=O)C(=O)N1CCCC1c1nnc(-c2ccccc2F)s1,-4.0
O=C(NN=Cc1ccc(Cl)cc1)c1cc(Cl)c(Cl)[nH]1,-1.6438561897747246
CCCCCCCC[N+](C)(C)CC(=O)Nc1ccc(C(=O)C=Cc2ncccc2F)cc1,-3.0
Cc1cccc(NC(=S)Nc2cc3c(Sc4nnc(-c5cccnc5)o4)ncnc3cc2N2CCN(C)CC2)c1,-4.643856189774724
C=CC(O)C#CC#CCC=CCCCCCCC,-2.643856189774725
Cc1ccc2c(c1)C=NN(S(=O)(=O)c1ccc(N)cc1Cl)B2O,-3.321928094887362
N#CC1=C(C(=O)O)N2C(=O)C(NC(=O)C(=NOCCCl)c3csc(N)n3)CN2C1,2.0
COc1ccc2ncc(F)c(CCC34CCC(NCc5nc6c(cc5Cl)OCC(=O)N6)(CC3)CO4)c2n1,-1.0
Cc1nc2c(=O)n(C3CC3)c3cc(N4CCC(N)C4)c(F)cc3c2o1,-0.0
Nc1ncc(C[S+]([O-])C2CCC3CN2C(=O)N3OC(F)C(=O)[O-])s1,-5.0
C=C(C)n1cc(C(=O)O)c(=O)c2cc(F)c(N3CCNCC3)cc21,2.9434164716336326
O=C1NC(=O)C(=Cc2ccc(C=CC(=O)c3cccs3)cc2)S1,-5.0
CC1(C)SC2C(NC(=O)C(C(=O)O)c3ccsc3)C(=O)N2C1C(=O)O,0.4150374992788438
Clc1cc(Cl)c(Cl)c(-c2nnc3sc(-c4ccncc4Br)nn23)c1,-2.643856189774725
Cc1cccc(OCc2ccccc2-c2nnc(SCc3ccccc3)o2)c1,-4.643856189774724
Nc1nc(N)c2c(ccc3c2ccn3Cc2ccc3occc3c2)n1,3.0
CC(=O)Nc1ccc2c(c1O)C(O)=C1C(=O)C3(O)C(O)=C(C(N)=O)C(=O)C(N(C)C)C3CC1C2,1.0
COC(=O)C(CCCCNC(=N)N)NC(=O)C(=O)c1cc(Br)ccc1NC(=O)c1ccc2ccccc2c1,-4.247927513443585
CON=C(C(=O)NC1C(=O)N2C(C(=O)O)=C(COC(C)=O)C[S+]([O-])C12)c1csc(N)n1,3.321928094887362
NC(=O)NN=Cc1ccccc1OCc1cn(-c2ccc(Cl)cc2)nn1,-4.643856189774724
CC(O)C1C(=O)N2C(C(=O)O)=C(SC(=S)N3CCCCC3)C(C)C12,-4.643856189774724
CC(=NNC(N)=O)C1=C(O)C(N)C2Cc3c(c(O)c4c(O)c(C)ccc4c3C)C(=O)C2(O)C1=O,-4.643856189774724
CC(CCN1Cc2cc(C#CC#CCN3CCOCC3)cn2C1=O)(C(=O)NO)S(C)(=O)=O,-1.0
COc1ccc(CSc2nc3cc(OC)c(OC)cc3c(=O)n2-c2ccccc2)cc1,-3.0
CNc1cc(F)cc2c(O)c(C(=O)Nc3ccc(C(=O)O)cc3)c(=O)[nH]c12,-0.0
CC(O)C1C(=O)N2C(C(=O)O)=C(SC3CNC(CN4CCOS4(=O)=O)C3)C(C)C12,4.351074440546879
O=C(COc1ccc(Cl)cc1Cl)N1N=C(c2ccc(Cl)cc2Cl)CC1(O)c1cc(F)c(Cl)cc1Cl,-3.643856189774725
CCn1cc(C(=O)O)c(=O)c2cc(F)c(N3CCN(CC(=NOC)c4ccc(F)cc4)CC3)cc21,-1.6461626571578936
COc1ccc(Cn2cnc3c(-c4ccco4)cc(Cl)nc32)cc1,-4.0
CCn1c2ccccc2c2cc(C=NNc3ccc4c5c(cccc35)C(=O)N(C(CO)CO)C4=O)ccc21,-3.0
COc1c(N2CC3CCOCC3(N)C2)c(F)cc2c(=O)c(C(=O)O)cn(C3CC3F)c12,7.380821783940931
COc1ccc(N=Nc2sc(N)nc2-c2ccc(NC(=O)c3ccccc3)cc2)cc1,7.002310160687201
O=C(Nc1ccc(F)c(F)c1F)NC1CCCCCCC1,-1.6415460290875237
CNC1CCN(c2ccc3c(=O)c(C(=O)O)cn(C4CC4)c3n2)CC1=NOC,1.0
CCCCCCCC(C)=CC(=O)CC(=N)OC(CCCC)C(=O)O,-5.0
COc1c2c(c(O)c3cc(CN(C)C)ccc13)C(=O)C1=C(O)C3(O)C(=O)C(C(N)=O)=C(O)C(N(C)C)C3CC1C2,-0.0
O=C(Cn1ncc2cc([N+](=O)[O-])ccc21)NN1C(=O)CSC1c1ccccc1Br,-4.087462841250339
COc1ccc2[nH]cc(-c3nc4ccccc4c4cc5ccccc5n34)c2c1,-2.321928094887362
CCCCCCCCCCn1c(Cn2cnc3c(N4CCOCC4)ncnc32)nc2ccccc21,-5.0
CC1CC(N)CN1c1nc2c(cc1F)c(=O)c(C(=O)O)cn2-c1ccc(F)cc1,4.321928094887363
Cc1cc(C)c(-c2cc(C)c(O)c3c(O)c4c(c(C)c23)CC2C(N)C(O)=C(C(N)=O)C(=O)C2(O)C4=O)c(C)c1,-3.0
CCNCC1(C)CN(c2c(F)cc3c(=O)c(C(=O)O)cn(C4CC4)c3c2F)C1,2.0
NC(=S)NN=Cc1ccccc1OCc1cn(Cc2ccc(Br)cc2)nn1,-2.643856189774725
CCc1[nH]c2nc(Sc3cnc4cccnc4c3)nc(N3CC4C(N)C4C3)c2c1Cl,2.0
CC1=CC(=O)C(C)=C2OC3(CC12C)C(C)CCC1C(C)(C)C(O)CCC13C,-5.0
COC1(NC(=O)Cc2ccccc2)C(=O)N2C(C(=O)[O-])=C(COC(C)=O)COC21,0.3584539709124763
Cc1ncc([N+](=O)[O-])n1CCCCCOCc1c(-c2ccccc2)nc2sc3ccccc3n12,-1.0
Clc1ccc(-c2nnc(-c3cnc4nc(-c5ccc(Br)cc5)c(Nc5ccccc5)n4c3)o2)cc1,-1.2265085298086797
Nc1nc(C(=NOCC(=O)O)C(=O)NC2C(=O)N3C2S(=O)(=O)CC2CC(=O)OC23C(=O)O)cs1,2.0
CCn1cc(C(=O)O)c(=O)c2cc(F)c(N3CCCC(N)C3)nc21,0.3584539709124763
CCCCN1CCN(c2cc3c(cc2F)c(=O)c(C(=O)O)cn3-c2ccc(F)cc2F)CC1,0.3219280948873623
CCNCC1CCN(c2c(F)cc3c(=O)c(C(=O)O)cn(C4CC4)c3c2F)C1,6.265344566520995
CCn1cc(C(=O)O)c(=O)c2cc(F)c(N3CC[N+]4(CC3)CN3C(C)=CC(C)=C(C(=O)O)C3=N4)cc21,-2.0
CON=C1CCN(c2c(F)cc3c(=O)c(C(=O)O)cn(C4CC4)c3c2C(C)=O)CC1(C)N,-0.0
COc1ccc2ccc(=O)n(CCNC3CCC4C(C3)OC(=O)N4c3ccc4c(n3)NC(=O)C(C)(C)O4)c2n1,5.058893689053568
COc1ccc(-c2nnc(-c3sc4ncnc(N5CCOCC5)c4c3C)o2)cc1,6.380821783940931
CCOC(=O)C1(C(=O)OCC)CC(c2c[nH]c3ccccc23)OC1c1cn(-c2ccccc2)nc1-c1ccc(Cl)cc1,-1.6438561897747246
CCNCC1CCN(c2nc3c(cc2F)c(=O)c(C(=O)O)cn3-c2ccc(F)cc2F)C1,2.321928094887362
N#CC(=Cc1cn(CCO)c2ccccc12)S(=O)(=O)c1ccc(N)cc1,1.0
Cc1nc(-c2ccccc2)sc1-c1nnc(S)n1N=Cc1ccc(F)cc1,-0.963474123974886
COc1cc(C=Cc2nnc(-c3cc(Br)c(Br)[nH]3)o2)ccc1O,-3.643856189774725
CCn1cc(C(=O)O)c(=O)c2cc(F)c(C3=NCCO3)cc21,-3.643856189774725
Cc1nc2c(c(=O)[nH]1)c1nnc(-c3ccccc3)n1n2-c1nnc(-c2ccccc2)c(-c2ccccc2)n1,-4.643856189774724
C[Si](C)(C)C(S)(C(=S)CCCCn1nnc(SC(=O)c2ccccc2)n1)[Si](C)(C)C,-1.9671686075326276
O=C(Nc1ccccc1)N(Cc1cc(Br)ccc1O)c1ccccc1F,-3.643856189774725
Cc1ccc2oc(=O)cc(C3C(C#N)=C(N)Oc4[nH]nc(C)c43)c2c1,-3.643856189774725
CCOc1c(C=NNC(=O)c2ccncc2)cccc1CN(C)C,-4.643856189774724
COc1ccc(C=CC(=O)O)cc1OC,-5.0
CCOC(=O)c1cn(Cc2ccccc2)c2cc(F)c(F)cc2c1=O,-1.0
CC1CCCC=CC=CC(O)CC(O)CC2OC2C=CC(O)CC=CC=CC(=O)O1,5.643856189774724
C=Cc1cc(C(=O)O)c(=O)n2cc(F)c(N3CCC(N)C3)c(C)c12,2.321928094887362
CC(C)(CF)n1cc(C(=O)O)c(=O)c2cc(F)c(N3CCC(N)C3)cc21,8.965784284662087
C=CC1(C)CC(OC(=O)CSc2nc(C)c(C(C)=O)c(C)n2)C2(C)C(C)CCC3(CCC(=O)C32)C(C)C1O,-4.0
C=Cn1cc(C(=O)O)c(=O)c2cc(F)c(N3CCC(N(C)C)C3)nc21,1.3584539709124763
O=c1c2ccccc2nc(C=Cc2ccc([N+](=O)[O-])cc2)n1-c1ccccc1O,-4.0
CC(Nc1ccc(O)cc1)(c1cccnc1)P(=O)(Oc1ccccc1)Oc1ccccc1,-3.321928094887362
CC(Nc1ccccc1)=C1C(=O)N2C(C(C)(C)C)OCC2(C)C1=O,-5.0
S=C(Nc1ccccc1)Nc1ccc(N=Cc2ccc(Cl)cc2Cl)cc1,-3.643856189774725
O=C(NN=Cc1ccc(Cl)cc1)c1cc(Cl)c[nH]1,-3.643856189774725
N#Cc1c(CNC23CCC(CC4(O)Cn5c(=O)ccc6ncc(F)c4c65)(CC2)OC3)ncc2c1OCCO2,-5.0
CCOC(=O)c1cn(CC2CCCC2)c2cc([C-](C#N)C(=O)OCC)c(F)cc2c1=O,-1.0
COc1ccc2nc(C)cc(-n3cc(CNS(=O)(=O)c4ccc(Cl)c(Cl)c4)nn3)c2c1,-3.643856189774725
O=C(Nc1cc(Cl)cc(C(=O)c2ccc(Cl)cc2)c1Cl)c1cc(Cl)cc(Br)c1O,-3.0
O=C(O)c1cn(C2CC2)c2cc(N3CC4CC3CN4)c(F)cc2c1=O,3.321928094887362
CON=C(C(=O)NC1C(=O)N2C(C(=O)[O-])=C(C[n+]3cccc4sccc43)CSC12)c1csc(N)n1,5.058893689053568
CCNC(=O)Nc1cc2cccc(C)c2cn1,-5.0
CC(C)c1cccc(-n2sc3ccccc3c2=O)c1,-3.963474123974886
Cn1cc(CCCNC(=O)CCc2cn(C)c3ccc(Cl)cc23)c2cc(Cl)ccc21,-4.643856189774724
CCCS(=O)(=O)N1N=Cc2cc(C)ccc2B1O,-2.643856189774725
CNC1C(O)C(OC2C(N)CC(N)C(OC3OC(C(C)N)CCC3N)C2O)OCC1(C)O,2.0
Cn1cnnc1SCC(=O)N1CCC2C1C(=O)N2S(=O)(=O)[O-],-3.0
Cc1c(N2CC3CCC3(N)C2)c(F)cc2c(CN)cc(=O)n(C3CC3)c12,2.0
CN(C)C1C(O)=C(C(N)=O)C(=O)C2(O)C(O)=C3C(=O)c4c(O)c(NC(=O)C5CCCN5)cc(F)c4CC3CC12,-0.0
COc1ccc2nc(C)cc(-n3cc(CNS(=O)(=O)c4ccccc4C(F)(F)F)nn3)c2c1,2.321928094887362
CC(CCN1Cc2cc(C#CC#CC3CCN(C4COC4)CC3)cn2C1=O)(C(=O)NO)S(C)(=O)=O,1.0
COc1ccc(Oc2ccc(NC(=Nc3ccccc3)NCCCNc3ccnc4cc(Cl)ccc34)cc2)cc1,-2.643856189774725
Fc1cccc(-c2nc3ccccc3c3oc(Nc4ccccc4)nc23)c1,-2.643856189774725
CCCCCCCCCNC1=NC(C)(C)NC(NCc2ccc(C)cc2)=N1,-4.643856189774724
COCC(O)CN1CC2C(C#Cc3ccc(-c4cc(Cn5ccnc5C(C)O)no4)cc3)C2C1,1.0
Cc1[nH]c2c(C)cc([N+](=O)[O-])cc2c(=O)c1CC(=O)O,-3.1651079851445365
COc1ccc2c(c1)CCC1C2=NN(C2=NC(=O)C(C)S2)C1c1ccc(Cl)cc1,-3.643856189774725
Cc1ccc(C=Cc2nc3ccccc3c(=O)n2-c2nnc(-c3ccccc3)s2)cc1,-3.613531652917927
CC(O)C1C(=O)N2C(C(=O)[O-])=C(Sc3nc(-c4ccc[n+](C)c4)cs3)C(C)C12,1.3584539709124763
NC1CCN(c2nc3c(cc2F)c(=O)c(C(=O)O)cn3CCF)C1,3.321928094887362
Oc1ccc(C=NNCc2cccc(C(F)(F)F)c2)cc1,-5.0
CN(C)C1C(O)=C(C(N)=O)C(=O)C2(O)C(O)=C3C(=O)c4c(O)c(NC(=O)c5nccs5)cc(F)c4CC3CC12,-5.0
CCn1cc(C(=O)O)c(=O)c2cc(F)c(N3CC(N)C(O)C3)nc21,-0.6415460290875237
CCCCCCC(=C1C(=O)N2C(C(C)(C)C)OCC2(C(=O)OC)C1=O)N1CCCCC1,-5.0
CN1CCN(c2cc3c(cc2F)c(=O)c(C(=O)O)cn3-c2ccc(Cl)cc2)CC1,-0.6415460290875237
O=C1c2ccccc2-[n+]2ccc3c([nH]c4ccc(-c5ccccc5)cc43)c21,-1.6415460290875237
CNC(=O)C(ON=C(C(=O)NC1C(=O)N(OS(=O)(=O)O)C1(C)C)c1csc(N)n1)c1cc(=O)c(O)cn1O,4.058893689053568
COc1ccc(-n2nc(C)n(-c3nnc(-c4ccccc4)s3)c2=O)cc1,-3.963474123974886
CC(O)C1C(=O)N2C(C(=O)O)=C(SC3CNC(CSc4nncn4C)C3)C(C)C12,5.321928094887363
C[n+]1cc(-c2ccccc2)c(C=Cc2ccc(Cl)c(Cl)c2)cc1-c1ccc(C(C)(C)C)cc1,-3.0
COC(=O)Nc1cccc(-n2c(C=Cc3ccc(C#N)cc3)nc3ccccc3c2=O)c1,-4.0
O=C1N2CC(CCC2Cn2nccn2)N1OS(=O)(=O)[O-],5.058893689053568
COc1ccc2c3c1OC1CC(OP(=O)(Oc4ccc([N+](=O)[O-])cc4)SCCO)C=CC31CCN(C)C2,1.5563933485243853
Cc1cc(C)nc(SCc2csc(-c3cc(Cl)cc(Cl)c3Cl)n2)n1,-2.643856189774725
c1ccc2c(c1)cc1c3ccccc3nc(-c3c[nH]c4ccccc34)n21,-1.3219280948873624
Cn1c(CN2CCCC2)cc2cc3c(cc21)OCCc1c-3[nH]c(=O)c(C(=O)O)c1O,2.0
CC(C)N1CCCC1C(=O)Nc1cc(F)c2c(c1O)C(=O)C1=C(O)C3(O)C(=O)C(C(N)=O)=C(O)C(N(C)C)C3CC1C2,-1.0
C[n+]1cc2c(c3ccccc31)Nc1ccc(Cl)cc1S2,-2.584962500721156
CCCC(NC(=O)C(CCC)NC(=O)C(NC)C(C)C)C(=O)NC(C)P(=O)(O)O,-4.0
CCn1cc(C(=O)O)c(=O)c2ccc(N=Nc3ccc(OC)c(C)c3)cc21,-4.0
Cc1cc2c(s1)B(O)N(S(=O)(=O)CC(C)C)C=C2,-2.643856189774725
O=C1c2cccc(O)c2C(=O)c2c3c(cc(O)c21)C12OC1(C(O)CO)C(C#CC=CC#CC2O)N3,14.931568569324174
Cc1ccccc1-c1nnc2n(-c3ccc(Cl)cc3)c(=O)c3ccccc3n12,-3.643856189774725
O=c1c2ccccc2nc(C=Cc2ccccc2)n1-c1nnc(-c2ccc(Cl)cc2)s1,-3.4208865749755315
O=C1CCc2c(cccc2NC(=O)Cn2cnc3ccccc32)N1,-5.0
CC(O)C1C(=O)N2C(C(=O)[O-])=C(CSC(=S)N(C)CCc3ccccn3)SC12,-1.0
CSc1c2sc(C3=C(C(=O)[O-])N4C(=O)C(C(C)O)C4C3C)cn2c[n+]1CC(N)=O,5.965784284662087
O=C(NN=Cc1ccc(F)cc1)c1ccc(-c2nc3ccccc3[nH]2)cc1,-4.643856189774724
CCC(C)NCc1cn(-c2cc(C)nc3ccc(OC)cc23)nn1,-2.643856189774725
Cc1ncc([N+](=O)[O-])n1CC(=O)NN=Cc1ccccc1[N+](=O)[O-],-4.643856189774724
COc1ccc(-c2cc(-c3ccc(Nc4cc(=O)oc5ccccc45)cc3)nc(N)c2C#N)cc1,-1.6415460290875237
COc1ccc2sc(CNc3nncc(-c4c(C)cccc4C)n3)nc2c1,-5.0
Fc1cc(-c2nnc3n2N=C(Nc2c(Cl)cccc2Cl)CS3)c(Cl)cc1Cl,-4.643856189774724
Cc1c(NCc2nnc(-c3cccs3)o2)c(=O)n(-c2ccccc2)n1C,-3.0
Cn1c(CN2CCCC2)cc2cc3c(cc21)COCc1c-3[nH]c(=O)c(C(=O)O)c1O,1.3584539709124763
Cc1ccc(-c2nnc3sc(-c4[se]c5ncnc(Nc6ccc(F)c(Cl)c6)c5c4C)nn23)cc1,-3.643856189774725
C=CC1=C(C(=O)O)N2C(=O)C(NC(=O)C(N)c3ccc(O)cc3)C2CO1,-1.0
O=[N+]([O-])c1ccc(-c2cn3nc(Cc4noc5ccccc45)sc3n2)cc1,-1.584962500721156
COC(=O)C1(C#N)Oc2c(c(=O)oc3ccccc23)C1c1ccc(F)cc1,-3.963474123974886
Cc1ccc(NC(=O)NNC(=O)c2cnc3c(C(F)(F)F)cccc3c2O)cc1,2.321928094887362
CC(O)C1C(=O)N2C(C(=O)[O-])=C(C=CCOC(N)=O)C(C)C12,2.321928094887362
COc1c(O)cc2oc3cc4c(c(O)c3c(=O)c2c1CC=C(C)C)CC(C(C)(C)O)O4,-4.643856189774724
Cc1cc(C)c2c(n1)NC(c1cc(C)c(O)c(C)c1)NC2=O,-2.643856189774725
COc1c(N2CCOC(CN)C2)c(F)cc2c(=O)c(C(=O)O)cn(C3CC3)c12,2.321928094887362
CCc1ccc(Oc2ccc(S(=O)(=O)CCC3OCCO3)cc2)c(O)c1,-4.0
CC(=O)C(=Cc1cn(CC(=O)N2CCOCC2)c2ccccc12)n1cc([N+](=O)[O-])nc1C,-5.0
NN=Cc1c(O)ccc2ccc(=O)oc12,-5.0
COc1ccc(CN2CCc3sc(C=C4C(=O)N5C(C(=O)[O-])=CSC45)cc3C2)cc1,-3.0
O=C(Cc1cccs1)NC(Cc1cccc(C(=O)O)c1)B(O)O,3.0
O=C1N2CCCC(C2)N1OS(=O)(=O)[O-],-5.0
CCCCCC(NC(C)CCCN(CC)CC)=C1C(=O)C(CCSC)N(C(=O)CC(C)CC(C)(C)C)C1=O,-5.0
Clc1ccc(CNCCCNc2nc3ccccc3o2)cc1Cl,-5.0
CN(C(=O)CN1CCC1)c1cc(F)c2c(c1)CC(CNCCC1CN(c3cnc4c(n3)NC(=O)CO4)C(=O)O1)C2,-0.0
[C-]#[N+]C(=C)C(Cc1ccc(OC)cc1)([N+]#[C-])C1CC(O)CCC1OC(=O)CO,-4.0
COc1c(N2CC3CCCN(C(=O)c4ccc(F)cc4)C3C2)c(F)cc2c(=O)c(C(=O)O)cn(C3CC3)c12,-0.29865831556451516
CC1(C)CN(c2c(F)c(N)c3c(=O)c(C(=O)O)cn(C4CC4)c3c2F)CCN1,5.321928094887363
CN1CCN(c2c(F)c(F)c3c(=O)c(C(=O)O)cn(-c4ccc(F)cc4)c3c2F)CC1,-0.0
Cc1ccccc1NC(=S)NN=Cc1cc2ccccc2nc1Cl,-5.0
CC(O)C1C(=O)N2C(C(=O)O)=C(CN(C)CC(=O)N(C)C)SC12,1.0
CC(=O)NCC1CN(c2ccc(C3=CC4CCC(C3)N4C(=O)OC(C)(C)C)c(F)c2)C(=O)O1,-1.8718436485093177
CC(=O)Nc1ccc(S(=O)(=O)CC(=NNc2ccc([N+](=O)[O-])cc2)c2nccs2)cc1,-5.0
Cc1cccc2nc(NN=Cc3ccc(O)cc3)sc12,-4.643856189774724
COC(=O)C(Cc1cnc[nH]1)NC(=O)C(Cc1cnc[nH]1)NC(=O)c1cc(-c2nc3cc(C)c(C)cc3[nH]2)ccc1O,-3.643856189774725
CC1CC(C)(O)CC(C(O)CC2CC(=O)NC(=O)C2)C1=O,-3.321928094887362
CC(C)=CCn1c2ccccc2c2c(OCc3nnn[nH]3)cccc21,-5.0
NCc1cc(O)cc(NCc2cccc(-c3ccc(C(=O)O)c(O)c3)c2)c1,-2.0
CC(C)(ON=C(C(=O)NC1C(=O)N(S(=O)(=O)O)C1CN1CC(CN)OC1=O)c1csc(N)n1)C(=O)O,1.0
CCCCCCCC[n+]1cnn(Cc2ccc(F)cc2F)c1,-4.0
FC(F)(F)c1nc2ccccc2n1CCn1cnc2c(N3CCOCC3)ncnc21,-5.0
O=[N+]([O-])c1cncn1CCN(CCBr)Cc1ccccc1Cl,-3.0
Cc1ccccc1-n1cc(CN2C(=O)COc3ccc(Cl)cc32)nn1,-1.9634741239748859
O=C1CSC(=S)N1Cc1nnc(-c2ccc(Cl)cc2)o1,-4.0
CNC(=N)c1ccc2cc(-c3ccc(Oc4ccc(-c5cc6ccc(C(=N)NC)cc6[nH]5)c(C(F)(F)F)c4)cn3)[nH]c2c1,-3.0
CCCc1ccc(C2CC(c3ccc(O)cc3)=NN2C(=O)c2cccnc2)cc1,-3.643856189774725
C=CCON=C(CN1CCN(c2cc3c(cc2F)c(=O)c(C(=O)O)cn3C2CC2)CC1)c1nccs1,1.0
CCNc1cc(F)cc2c1[nH]c1ncc(-c3cncc(C#N)c3)c(-n3cc(C(=O)O)c(C(F)(F)F)n3)c12,-4.0
CCn1cc(C(=O)O)c(=O)c2cc(F)c(N3CCNCC3)c(F)c21,3.321928094887362
COc1ccc(Cn2cnc3c(-c4ccco4)nc(Cl)nc32)cc1,-5.0
COc1cc(Cc2cnc(N)nc2N)cc2c(C)cc(C)nc12,-1.584962500721156
CC(=O)NCC1CN(c2ccc(NC3CN(c4nc5c(cc4F)c(=O)c(C(=O)O)cn5C4CC4)C3)c(F)c2)C(=O)O1,1.0
CCNCC1CCN(c2c(F)c(N)c3c(=O)c(C(=O)O)cn(C4CC4)c3c2Cl)C1,3.321928094887362
CC(=O)c1sc(NC23CC4CC(CC(C4)C2)C3)c(C(=O)Nc2ccc(S(=O)(=O)Nc3onc(C)c3C)cc2)c1N,7.158429362604483
O=C(C1CCCC1)N1CCN(c2ccc(N3CC(Cn4ccnn4)OC3=O)cc2F)CC1,-3.0
COc1cc2cc3c4cc(-c5ccc(-c6ccccc6)cc5)c(OC)c(OC)c4cc[n+]3c(C(C)C)c2cc1OC,-5.0
CCOC(=O)C1=C(C)NC(=S)NC1c1cc(=O)oc2cc(C)ccc12,-4.643856189774724
CCCC(CC)Oc1cc(C=Cc2ccc(C(F)(F)F)cc2)c(C(=O)O)c(O)c1CC=C(C)C,-5.0
CCN1CCN(CC2CN(CC(=O)Nc3cc(C)nc4ccc(OC)cc34)C(=O)O2)CC1,-0.6780719051126377
O=C(Cn1ncc2cc([N+](=O)[O-])ccc21)NN1C(=O)CSC1c1cccc(Br)c1,-3.9068905956085187
CN(C)C1C(O)=C(C(N)=O)C(=O)C2(O)C(O)=C3C(=O)c4c(cc5ccc(CN6CCC6)cc5c4O)CC3CC12,-0.0
c1cc2cc(-c3ccc(-c4cc5ccc(C6=NCCN6)cc5o4)cc3)[nH]c2cc1C1=NCCN1,2.0588936890535687
COc1cc(NS(=O)(=O)c2ccc(NC(=S)Nc3cc(=O)[nH]c(=O)[nH]3)cc2)nc(OC)n1,0.029146345659516508
CCNCc1ccc2c(F)c3c(c(O)c2c1)C(=O)C1=C(O)C2(O)C(=O)C(C(N)=O)=C(O)C(N(C)C)C2CC1C3,-0.0
COc1ccc2ncc(F)c(CC(O)C34CCC(NCc5ccc6c(n5)NC(=O)CO6)(CC3)CO4)c2n1,-1.0
CCn1cc(C(=O)O)c(=O)c2cc(F)c(N3CCN(CC(=NOC)c4ccccc4)CC3)cc21,-3.643856189774725
N#CC1=C(N)OC(c2c[nH]c3ccccc23)=C(C#N)C1c1ccccc1,-4.292781749227846
CNC1CN(c2c(F)cc3c(=O)c(C(=O)O)cn(-c4cc(N)c(F)cc4CO)c3c2Cl)C1,6.965784284662087
COc1ccc(-n2[se]c3ccccc3c2=O)cc1Cl,-5.0
CCCCCCCOC(=O)c1ccc(OC)c(OC)c1,-3.807354922057604
COc1ccc2cc3[n+](cc2c1OCCN(CCn1cncn1)Cc1ccc(F)cc1F)CCc1cc2c(cc1-3)OCO2,-2.0
CCCC(=O)NCC1CN(c2ccc(-c3nnc4ncccn34)cc2)C(=O)O1,-4.0
C=CC1(C)CC(OC(=O)CSC(C)(C)CNC(=O)OCc2ccccc2)C2(C)C(C)CCC3(CCC(=O)C32)C(C)C1O,-5.0
C=CC1(C)CC(OC(=O)CSc2nc(N)cc(NC(=O)CN(C)C)n2)C2(C)C(C)CCC3(CCC(=O)C32)C(C)C1O,-3.0
c1ccc(Cn2c(-c3ccccc3)nc3ccccc32)cc1,-4.0
O=C(Cn1nc(C(F)(F)F)c2c(-c3ccccc3)c3ccccc3nc21)N1CCCC1,-2.963474123974886
CC(O)C1C(=O)N2C(C(=O)O)=C(c3ccc(CN)nc3)C(C)C12,-0.5849625007211562
C=C(C(=O)OCC)C(O)c1ccccc1Cl,-4.0
CCCCC(CN(O)C=O)C(=O)N1CCCC1c1nnc(-c2ccc(Br)cc2)s1,-4.0
Cc1ccc(C2OC(c3ccc(C)cc3)C(C)C(=NNC(N)=S)C2C)cc1,-4.643856189774724
CCc1c(F)c(N2CCNCC2)cc2c1c(=O)c(C(=O)O)cn2C1CC1,1.3219280948873622
Cc1ccc(C(=O)C=Cc2ccc(C3N=C(N)NC(N(C)C)=N3)cc2)c(C)c1,-5.0
Cn1cc([N+](=O)[O-])cc1C(=O)NNC(=S)Nc1ccc([N+](=O)[O-])cc1,1.3584539709124763
COc1cc(-c2nnc(-c3ccccc3COc3cccc(C)c3)o2)cc(OC)c1OC,-2.643856189774725
O=c1c2cc(F)c(-n3ccnc3)cc2n(C2CC2)c(=O)n1O,-1.0
CC(O)C1C(=O)N2C(C(=O)O)=C(SC(=S)N3CCCC(O)CC3)C(C)C12,-3.643856189774725
COc1ccc(Nc2c3ccccc3[n+](C)c3c2[nH]c2ccccc23)cc1,-2.584962500721156
Nc1ccc(-c2nnc(SCCSc3nnc(-c4c[nH]c5ccccc45)n3N)o2)cc1,-1.0
COC1=C(C(=O)[O-])N2C(=O)C(C(C)O)C2C1,-0.0
O=[N+]([O-])c1ccc(-c2nnc3n2NC(c2ccc([N+](=O)[O-])o2)S3)o1,-4.643856189774724
NC1CCN(c2cc3c(cc2F)c(=O)c(C(=O)O)cn3C2CC2)C1,7.965784284662087
N#CC(=Cc1cn(CC2CC2)c2ccccc12)S(=O)(=O)c1ccc(N)cc1,-4.0
CCON=C(C(=O)NC1C(=O)N2C(C(=O)[O-])=C(C=CC[n+]3cccc(C([O-])=NC#N)c3)CSC12)c1csc(N)n1,3.0
Oc1ccc(N=C(Cc2ccc(Cl)cc2)c2ccc(O)c(O)c2O)cc1,-4.643856189774724
COc1cc(N2CCC(c3n[nH]c(=S)n3-c3cccc(C(F)(F)F)c3)CC2)ccc1Cl,-2.0
Cc1ccc2c(c1)c(=O)c1ccccc1n2Cc1cn(-c2ccccc2C)nn1,-3.3362833878644325
COc1ccc(-n2c(C)cc(CN3CCC4(CC3)OCCc3sccc34)c2C)cc1,-5.0
COc1ccc(Cn2ccc3c(-c4ccco4)ccnc32)cc1,-4.0
O=C(C(=Cc1ccccc1)n1cncn1)c1ccc(N2CCCC2)cc1N1CCCC1,-5.0
Cc1cccc2c1OCN(c1ccccc1)C2,-4.643856189774724
CCCCCCCN=c1ccn(CCCCn2ccc(=NCCCCCCC)cc2)cc1,-2.963474123974886
NCCn1[se]c2ccccc2c1=O,-2.0
CCOC(=O)ONC(=O)C(CC)c1ccccc1,-0.0
Cc1oc2c(N)cccc2c1CN(C)C(=O)C=Cc1cnc2c(c1)CCC(N1CCCC1)C(=O)N2,-3.0
COc1ccc(C2=NOC3C(CO)CC(CO)C23)cc1OC,0.12029423371771177
Nc1c(-c2ccc(Cl)cc2)n[nH]c1C(=O)NNc1nc(-c2ccccc2)cs1,-3.9068905956085187
CC1CCCC1=NNc1nc(-c2ccc(I)cc2)cs1,-5.0
Nc1nc(-c2ccc([N+](=O)[O-])cc2)cc(-c2cccc3ccccc23)n1,-4.0574502721839
Cc1cc[n+](C2=C(C(=O)[O-])N3C(=O)C(NC(=O)C(=NOCc4ccccc4)c4csc(N)n4)C3CC2)cc1C,-0.0
Nc1ccc(C#CC#Cc2ccc(C(=O)NC(Cc3c[nH]cn3)C(=O)NO)cc2)cc1,5.643856189774724
CCc1cc(C=CC(=O)c2ccccc2NC(=O)NS(=O)(=O)c2ccc(C)cc2)cc(OC)c1OC,-5.0
O=C1COc2ccc(CNC34CCC(CCc5c(F)cnc6ccc(OCC(F)(F)F)nc56)(CC3)OC4)nc2N1,-4.0
O=c1cc(-c2ccccc2)oc2cc(OCCCN3CCCC3)cc(O)c12,-0.6415460290875237
COc1cnc2ccc(=O)n3c2c1C(O)(CC12CCC(NCc4ccc5c(n4)NC(=O)CO5)(CC1)CO2)C3,-5.0
COC1(NC(=O)Cc2cccs2)C(=O)N2C(C(=O)O)=C(COC(N)=O)CSC21,3.9885043611621707
CNn1cc(C(=O)O)c(=O)c2cc(F)c(N3CCCC(O)C3)cc21,-1.9634741239748859
O=C(O)c1nccn1Cc1ccncc1,2.0
Oc1cc(Cl)ccc1Oc1ccccc1,3.8365012677171206
O=C1c2ccccc2-[n+]2ccc3c([nH]c4ccc(-c5ccccc5C(F)(F)F)cc43)c21,-3.643856189774725
CN(C)C1C(O)=C(C(N)=O)C(=O)C2(O)C(O)=C3C(=O)c4c(O)c(N)nc(F)c4CC3CC12,2.0
COc1c(N2CCN(C(O)Cn3cc([N+](=O)[O-])nc3Cl)CC2)c(F)cc2c(=O)c(C(=O)O)cn(C3CC3)c12,-2.0
COC(=O)Cc1ccccc1OC(=O)Cc1ccc(Cl)cc1,-2.643856189774725
CC(O)C1C(=O)N2C(C(=O)O)=C(CCC(N)C(=O)O)SC12,-1.2750070474998698
CC(C)Cc1cnc(N)n1CCCc1ccccc1,-4.0
NC1CCN(c2c(F)cc3c(=O)c(C(=O)O)cn(C4CC4)c3c2F)C1,8.380821783940931
CSc1ccc(-c2n[nH]cc2C=NNc2nc3cc(Cl)cc(Cl)c3o2)cc1,-3.643856189774725
S=C(Nc1ccccc1)Nc1ccc(N=Cc2ccc(Br)cc2)cc1,-4.643856189774724
Clc1ccc(-c2nn[se]c2C(c2ccccc2)C2CCCc3[se]nnc32)cc1,-4.643856189774724
CCOC(=O)C1=C(C)NC(=S)NC1c1ccc([N+](=O)[O-])cc1,-4.906890595608519
O=C(O)c1cn(C2CC2)c2c([N+](=O)[O-])c(N3CCNCC3)c(F)cc2c1=O,2.321928094887362
Fc1ccc(Nc2nc(NC(=S)N3N=C(c4ccccc4)CC3c3ccccc3)nc(Nc3ccc(F)cc3)n2)cc1,-3.9653225483672547
C=CC1=C(C(=O)O)N2C(=O)C(NC(=O)C(=NO)c3csc(N)n3)C2SC1,5.011587974275212
NC1CC2CCOc3c(c(F)cc4c(=O)c(C(=O)O)cn(C5CC5)c34)N2C1,7.965784284662087
Cc1c(CN(C)C(=O)C=Cc2cnc3c(c2)CCC(=O)N3)sc2ccccc12,-2.0
CCCCC(CN(O)C=O)C(=O)N1CCCC1c1nnc(C2CCCCC2)s1,-4.0
O=C(CC1CSC(N2N=C(c3ccccc3)CC2c2c(F)cccc2F)=N1)NN=Cc1ccc(Br)cc1,-2.0
Nc1nc(N)c2cc(S(=O)(=O)N3CCCCC3)ccc2n1,2.0
CC1Sc2c(C(=O)O)c(=O)c3cc(Cl)c(N4CCNCC4)cc3n21,4.321928094887363
C#CCn1cc(C=C(C#N)S(=O)(=O)c2ccc(NC(C)=O)cc2)c2ccccc21,-1.0
CCOP(=O)(OCC)C(OC(C)=O)c1cc2cccc(CC)c2n2nnnc12,-3.321928094887362
CC(C)(C)c1cc(C(=O)Nc2ccc(C(=O)NCCNC(=N)N)cc2)cc(C(C)(C)C)c1,-3.0
CCOC(=O)c1cn(CC)c2cc(F)c(F)cc2c1=O,-4.0
O=C(CN1CCN(c2cc3c(cc2F)c(=O)c(C(=O)O)cn3C2CC2)CC1)Nc1nc2ccc([N+](=O)[O-])cc2s1,-1.584962500721156
COc1cccc(CN2CCN(c3cc4c(cc3F)c(=O)c(C(=O)O)cn4C3CC3)CC2)c1OC,1.0
O=C1C(Cl)C(c2cc3ccccc3nc2S)N1c1ccc([N+](=O)[O-])cc1,-3.643856189774725
Cc1cccc2cc(C=NNC(=S)Nc3ccc([N+](=O)[O-])cc3)c(Cl)nc12,-5.0
CS(=O)(=O)c1ccc(Cc2n[nH]c(=S)n2N=Cc2ccccc2Cl)cc1,-2.643856189774725
O=C(O)c1cn(CC2CC2)c2cc(N3CCNCC3)c(F)cc2c1=O,1.0
COc1cc(C2CC(=O)c3c(cc(O)c(CC=C(C)CCC=C(C)C)c3O)O2)cc(O)c1O,-5.0
C=Cc1ccccc1-c1nc(N2N=C(c3ccccc3C(F)(F)F)CC2N2CCc3ccccc3C2)c(C)o1,-3.643856189774725
Nc1nc(C(=NOCCF)C(=O)NC2C(=O)N3C(C(=O)[O-])=C(Sc4ncccn4)CCC23)cs1,3.0
Cc1[nH]c(C(=O)Nc2nc3c(OC(CN4CCCCC4)c4ccccc4)cc(C(=O)O)cc3s2)c(Cl)c1Cl,3.0
CNCC(=O)NC(C)C(=O)NC(CCCN=C(N)N)C(=O)O,7.158429362604483
COc1c(N2CC3CCCN(C(=O)c4ccc(Br)cc4)C3C2)c(F)cc2c(=O)c(C(=O)O)cn(C3CC3)c12,-0.29865831556451516
CCc1cc(C(=O)O)c(=O)[nH]c1-c1ccc(N(C)C)cc1,5.058893689053568
Cc1ccc2occ(-c3cc4ccccc4oc3=O)c2c1,2.321928094887362
CON=C(C(=O)NC1C(=O)N2C(C(=O)[O-])=C(C[n+]3ccc4ccsc4c3)CSC12)c1csc(N)n1,6.965784284662087
CC(CCN1Cc2cc(C#CC#CC3CC3CO)cn2C1=O)(C(=O)NO)S(C)(=O)=O,3.0588936890535687
O=Cc1ccc(Br)o1,-5.0
O=C(O)c1cc(-c2ccc(Cl)s2)c(Cl)cc1O,-4.906890595608519
CN1CCN(c2c(F)c3c(c(=O)c(C(=O)O)cn3C3CC3)c3[nH]nnc23)CC1,5.321928094887363
Cc1cc(=O)oc2cc(OCc3ccc(Cn4cncn4)cc3)cc(OCc3ccc(Cn4cncn4)cc3)c12,-3.0
Clc1ccc(-c2cn3nc(Cc4noc5ccccc45)sc3n2)cc1,-0.5849625007211562
Nc1nc(-c2ccc(NC(=O)c3ccccc3)cc2)c(N=Nc2ccccc2)s1,4.0
O=c1cc(CCl)oc(CN2CCN(Cc3ccc(Cl)c(Cl)c3)CC2)c1O,-2.0
CCn1cc(C(=O)O)c(=O)c2cc(F)c(NCCN)cc21,-2.643856189774725
CON=C1CN(c2nc3c(cc2F)c(=O)c(C(=O)O)cn3C2CC2F)CC1N,2.0
CCOC(=O)c1cn(CC(O)Cn2cnc([N+](=O)[O-])c2)c2ccc(C)cc2c1=O,-3.0
CCCc1ccc(Oc2ccc(OC)cc2)c(O)c1,-2.0
FC1CN=C(c2ccc3cc(-c4ccc(-c5cc6ccc(C7=NCC(F)CN7)cc6o5)s4)[nH]c3c2)NC1,1.6896598793878495
CCc1ccc(S(=O)(=O)NCc2cn(-c3cc(C)nc4ccc(OC)cc34)nn2)cc1,-2.643856189774725
COc1ccc(C=NN=C2CC(c3ccccc3)SC(c3ccccc3)C2)cc1,-3.643856189774725
C=CCCn1c(C)cnc1C(=O)O,-0.0
CCCCCCCCCCC(=O)OCC[n+]1ccccc1,-4.0
COc1ccc(Oc2ccc(NC(=Nc3cccc(Cl)c3)NCCCNc3ccnc4cc(Cl)ccc34)cc2)cc1,-2.643856189774725
CN(C)Cn1nc2c(F)cc3c(=O)c(C(=O)O)cn(C4CC4)c3n2c1=S,-2.0
O=C(c1ccccc1)c1cc(Cl)ccc1OCc1nc(-c2ccc(F)cc2)no1,-4.944858445807539
Cc1ccc(OCC(=O)N2N=C(c3ccccc3)CC2(O)c2cc(F)c(Cl)cc2Cl)cc1,-3.643856189774725
Cc1ccc2nc(-c3ccc4nc(-c5cnc6ccc(Br)cc6c5)c(Nc5ccc(F)cc5)n4c3)[nH]c2c1,-2.634593268445757
CC1CN(c2cc3c(cc2F)c(=O)c(C(=O)O)cn3-c2ccc(F)cc2F)CCN1,8.965784284662087
CCOC(=O)CC1CN(CCCCn2c(=O)cc(Nc3ccc(C)c(CC)c3)[nH]c2=O)CCO1,-4.321928094887363
Cc1cccc2nc(NN=Cc3ccc(Br)cc3Br)sc12,-4.584962500721156
O=C1COc2ccc(CNC34CCC(CCc5c(F)cnc6ccc(OCCOCCO)nc56)(CC3)OC4)nc2N1,-5.0
CON=C(C(=O)N1CCN(c2ccc3c4c(cccc24)C(=O)N(c2ncc(C)s2)C3=O)CC1)c1csc(N)n1,-4.0
O=C(COc1ccc(-c2nc3ccc(C4=NCCCN4)cc3s2)cc1F)c1ccccc1,-4.0
O=C(O)CNC(=O)CNC(=O)c1cc(-c2nc3ccc([N+](=O)[O-])cc3[nH]2)ccc1O,-3.643856189774725
NC1CN(c2c(F)cc3c(=O)c(C(=O)O)cn(C4CC4)c3c2F)CC1c1ccccc1,5.321928094887363
CCn1cc(C(=O)O)c(=O)c2cc(F)c(N3CCN(Cc4cn(-c5ccc([N+](=O)[O-])cc5)nn4)CC3)cc21,3.0588936890535687
CC(C)(C)OC(=O)C(N)CCB1OC2(C)CCC3CC2(O1)C3(C)C,-3.0
CCn1cc(C(=O)O)c(=O)c2ccc3c(c21)CCC3,-0.6415460290875237
CCCCNc1cc(C=Cc2ccc(N(C)C)cc2)[n+](C)c2ccccc12,-5.0
CCCCNC(=O)c1ccc[n+](CC2=C(C(=O)[O-])N3C(=O)C(NC(=O)C(=NOC)c4csc(N)n4)C3SC2)c1,1.0
C#CC#CC#CC#CC(O)C=CC=CC,-4.643856189774724
O=C1SC(=Cc2sc(Cl)nc2Cl)C(=O)N1Cc1ccc(Br)cc1,-4.643856189774724
CNCC1=CCC(N)C(OC2C(N)CC(N)C(OC3OCC(C)(O)C(NC)C3O)C2O)O1,1.7369655941662063
NCC1CN(c2c(F)cc3c(=O)c(C(=O)O)cn(C4CC4)c3c2F)CC1c1ccc(N)cc1,3.321928094887362
CC(C)C(NC(=O)CC(NC(=O)C=Cc1cccc(F)n1)c1ccccc1)C(=O)C1C(=O)NC(=O)C1C,-0.0
CN(C)c1ccc(C=NNC(=O)c2cc(Cl)c[nH]2)cc1,-3.643856189774725
CN(Cc1ccccc1)c1cnc2nc(N)nc(N)c2n1,-3.321928094887362
CCOC(=O)Cn1cc(C=C(C#N)C(=O)N2CCN(c3cc4c(cc3F)c(=O)c(C(=O)O)cn4CC)CC2)c2ccccc21,2.0
O=C1CCCC2=C1C(c1cn(-c3ccccc3)nc1-c1ccccc1)CC(=O)N2c1ccc(F)cc1,1.0
COc1cc(C=NNC(=O)c2ccc(-c3ccc(Cl)cc3)nc2C)cc(OC)c1OC,-0.963474123974886
Nc1nc(N)c2nc(N3CCC(c4ccccc4)CC3)cnc2n1,-4.643856189774724
COc1ccc(-c2csc(-c3cc(Cl)cc(Cl)c3Cl)n2)cc1,-2.643856189774725
COc1ccc(-c2nnc(-c3cc(Cl)ccc3Br)o2)c(F)c1,-2.584962500721156
Cc1nc(-c2ccc3ccccc3c2)sc1-c1nnc(N2CCC(N(C)C)C2)o1,-5.0
CCCCC(C)=CC=CC(=O)c1c(O)cc(C(C)CCC=CNC(=O)OC)oc1=O,-5.0
O=C(CO)NCCOc1ccc2sc(CNc3nncc(-c4c(Cl)cccc4Cl)n3)nc2c1,-2.0
NCc1ccc(-c2cc3c(cc2F)c(=O)c2c(=O)[nH]sc2n3C2CC2)cc1,6.058893689053568
CC(C)CCCC(C)CCCC(C)CCNCCNC1C2CC3CC(C2)CC1C3,-2.963474123974886
O=C(O)c1cn(C2CC2)c2c(Cl)c(N3CCNCC3)c(F)cc2c1=O,5.321928094887363
N#CCc1ccc(-c2cc3c(cc2F)c(=O)c2c(=O)[nH]sc2n3C2CC2)cc1,5.643856189774724
OCCCC1CCN(c2c(-c3nnc(S)n3Cc3ccccc3)cnc3c(C(F)(F)F)cccc23)CC1,-3.643856189774725
CCn1cc(-c2nc(NC(=O)c3ccc(F)cc3)n[nH]2)c(=O)c2ccc(C)nc21,5.011587974275212
O=C1N2CC(CCC2Cn2cc(C3CCNCC3)nn2)N1OS(=O)(=O)O,5.058893689053568
CC1Cn2cc(C(=O)O)c(=O)c3cc(F)c(Cl)c(c32)S1,3.0588936890535687
Clc1nc2ccccc2cc1Cn1cc(-c2ccccc2)nn1,-3.9068905956085187
O=C1NC(c2cc3ccc(Br)cc3[nH]2)CN=C1c1c[nH]c2ccccc12,-3.643856189774725
CN(C)CCCNc1nc2cc([N+](=O)[O-])ccc2nc1NCc1cccc(Br)c1,-2.1984941536390834
CON=C(CN1CCN(c2cc3c(cc2F)c(=O)c(C(=O)O)cn3C2CC2)CC1)c1ccc(Cl)cc1,-0.6415460290875237
CC(C)(ON=C(C(=O)NC1CN(C(=O)NS(C)(=O)=O)C1=O)c1csc(N)n1)C(=O)[O-],0.3219280948873623
COCCCCn1c(=O)cc(Nc2ccc(C)c(C(C)=O)c2)[nH]c1=O,-4.321928094887363
O=[N+]([O-])c1cn(CCN(CCBr)Cc2ccccc2Cl)cn1,-5.0
CNc1cc(F)cc2c1[nH]c1nc(Oc3cnc(C)nc3)nc(N3CCC(=C(F)CN)CC3)c12,4.058893689053568
Cc1ccc(Oc2cccc(F)n2)c(O)c1,-4.0
COC(=O)N1CCC(Sc2cccc(C(CC#N)Nc3nc4nc(C)ccc4[nH]3)c2)CC1,4.058893689053568
COc1ccc(C=NN=c2scc(C3=CC(=O)C=CC3=O)n2-c2ccc(Cl)cc2)cc1O,-4.643856189774724
O=C1CCCC2=C1C(c1cn(-c3ccccc3)nc1-c1ccc([N+](=O)[O-])cc1)CC(=O)N2c1ccc(F)cc1,4.0
O=C([O-])C1=CSC2C(=Cc3cn4c(n3)sc3cc(F)ccc34)C(=O)N12,4.058893689053568
CC(=NNc1nc(-c2ccc(I)cc2)cs1)c1cc2ccccc2oc1=O,-4.0
CN1CCCC1C(=O)NCC=CC1=C(C(=O)O)N2C(=O)C(NC(=O)Cc3ccccc3)C2SC1,-5.0
CNC1CN(c2c(F)c(N)c3c(=O)c(C(=O)O)cn(C4CC4)c3c2F)CC1NC,4.058893689053568
CN(C)C1=NC(c2ccc3c(c2)c2ccccc2n3Cc2ccc(Cl)cc2Cl)N=C(N)N1,1.0
c1cc2cc(-c3ccc4cc(C5=NCCN5)[nH]c4c3)[nH]c2cc1C1=NCCN1,-0.13750352374993502
Cc1ccsc1C=NNC(=O)c1nnn(-c2cc(C(F)(F)F)nc3c(C(F)(F)F)cccc23)c1C,-2.643856189774725
COc1cc2c(cc1OC)-c1c(OC)c(OC)cc3c1C(CC2)N(S(=O)(=O)c1ccccc1)CC3,-3.643856189774725
CC(=O)N1N=C(c2ccc(Nc3cc(=O)oc4ccccc34)cc2)CC1c1ccc(O)cc1O,-4.643856189774724
COC(=O)CCCC1C2CCCN3CCCC(CN1C(=O)c1cc4ccc(Cl)cc4n1Cc1ccc(C)cc1)C23,-0.12035194036522208
Cc1ccc(-n2cc(C(=O)c3ccc(Cl)cc3)c(-c3ccc([N+](=O)[O-])s3)n2)cc1,3.0
C=CC1(C)CC(OC(=O)CSc2ccccc2NC(=O)CN(CC)CC)C2(C)C(C)CCC3(CCC(=O)C32)C(C)C1O,-5.0
Cc1noc(NS(=O)(=O)c2ccc(NC(=O)C(C#N)=Cc3ccccc3)cc2)c1C,-0.963474123974886
O=C1OC(c2ccc(Cl)cc2)C(Br)=C1O,-4.965784284662087
COC(=O)CNC(=O)CNC(=O)c1cc(-c2nc3ccc([N+](=O)[O-])cc3[nH]2)ccc1O,-3.643856189774725
CCCCCCn1c(-c2cc(-c3ccc(Cl)cc3)nc(N)n2)nc2ccccc21,-1.0
COc1ccccc1-c1nnc(Cn2c([N+](=O)[O-])cnc2C)o1,-0.6415460290875237
O=C(O)c1cn(C2CC2)c2cc(N3CCN(Cc4ccc([N+](=O)[O-])o4)CC3)c(F)cc2c1=O,-0.6415460290875237
CNCC1CCN(c2nc3c(cc2F)c(=O)c(C(=O)O)cn3C2CC2)C1,4.321928094887363
Cc1cccc(OCc2ccccc2-c2nnc(SCc3ccc(Cl)cc3Cl)o2)c1,-2.643856189774725
C#Cc1cccc(NC(=O)C(N)C(C)CC)c1,-3.963474123974886
O=C(C=Cc1ccc(F)cc1)c1ccc(-n2cccc2)cc1,-3.643856189774725
CCCCCCCC[N+]12CC[N+](CCCCC[N+]34CC[N+](CCCCCCCC)(CC3)CC4)(CC1)CC2,-3.643856189774725
NCc1ccc(C(=O)NC2Cc3cccc(C(=O)O)c3O[B-]2(O)O)cc1,1.0
Fc1cc2c(c3ncccc13)OCN(CCOc1ccc(Cl)cc1)C2,-3.643856189774725
CC(C)CCOc1ccc2ncc(F)c(CCC34CCC(NCc5ccc6c(n5)NC(=O)CO6)(CC3)CO4)c2n1,-4.0
NS(=O)(=O)c1ccc(NC(=S)NC(=O)c2cccc(Cl)c2)cc1,2.6803820657998387
CC1CNC(c2ccc3cc(-c4ccc(-c5cc6ccc(C7=NC(C)CN7)cc6o5)s4)[nH]c3c2)=N1,0.6665762662748083
O=c1[nH]sc2c1c(=O)c1cc(F)c(-c3ccc(F)nc3)cc1n2C1CC1,5.058893689053568
CCC(CO)=C1CN(c2nc(Oc3cnc(C)nc3)nc3[nH]c4c(NC)cc(F)c(F)c4c23)C1,2.0
COc1ccc(C2=NN(c3nc(-c4ccccc4)cs3)C(c3cccs3)C2)cc1,-2.643856189774725
CC(=O)Nc1c(F)c(N2CCNCC2)c(F)c2c1c(=O)c(C(=O)O)cn2C1CC1,-4.643856189774724
COc1ccc(C(=O)Nc2cccc(C)c2)cc1OC,-4.087462841250339
CCCCCCn1cc(COCc2c(-c3ccccc3)nc3sc4ccccc4n23)nn1,-5.0
CC(=O)c1c(C[S+]([O-])CCO)nc2ccccc2[n+]1[O-],-4.643856189774724
CCCC(CN)=C1CN(c2nc(Oc3cnc(C)nc3)nc3[nH]c4c(NC)cc(F)cc4c23)C1,4.058893689053568
Nc1ccc(O)c(NC(=O)c2ccccc2)c1,-4.965784284662087
CC(N)C(=O)NCCP(=O)(O)O,3.321928094887362
COC(=O)C1(C)CCCC2(C)c3ccc(C(C)C)cc3-c3c(c4ccccc4n3CCN3CCNCC3)C12,-3.963474123974886
Cc1ccc(Cn2c(-c3cccc(NS(=O)(=O)c4cccc(Cl)c4)c3)nc3ccccc32)cc1,3.0
CCc1c(N2CCC(N)C2)c(F)cn2c(=O)c(C(=O)O)cc(C3CC3)c12,3.321928094887362
COc1cc(C=O)cc(CN2CCN(c3cc4c(cc3F)c(=O)c(C(=O)O)cn4C3CC3)CC2)c1O,6.380821783940931
COc1c2c(c(O)c3cc(CNCC(C)C)ccc13)C(=O)C1=C(O)C3(O)C(=O)C(C(N)=O)=C(O)C(N(C)C)C3CC1C2,-0.0
CN1CCN(c2ccc(C3CC(c4ccc([N+](=O)[O-])o4)=NO3)cc2)C(=O)C1,-3.643856189774725
CNCC1OC(OC2C(N)CC(N)C(OC3OC(CO)C(O)C(N)C3O)C2O)C(O)C(O)C1O,-0.6415460290875237
Cc1ccc(NC(=O)CSc2nnc(-c3cc(F)c(Cl)cc3Cl)n2N)cc1,-2.643856189774725
COc1ccc(C=CC(=O)c2ccc(Cl)[nH]2)cc1OC,-4.643856189774724
CN(C)C(=N)c1ccc2cc(-c3ccc(Oc4ccc(-c5cc6ccc(C(=N)N(C)C)cc6[nH]5)cn4)cc3)[nH]c2c1,-2.0
CCCCCCCCCCNC(=N)NCCCCNC(=N)N,3.0
Cc1nnc(SCC2=C(C(=O)[O-])N3C(=O)C(NC(=O)CS(C)(=O)=O)C3SC2)[nH]1,-2.6322682154995127
CC1COc2c(N3CCN(C)CC3)c(F)c(N)c3c(=O)c(C(=O)O)cn1c23,3.321928094887362
COc1c(N2CCC(C3(N)CCC3)C2)c(F)cc2c(=O)c(C(=O)O)cn(C3CC3F)c12,8.380821783940931
Cc1cc(=O)oc2cc(N=C3SC(=Cc4ccco4)C(=O)N3CCO)ccc12,-2.0
NCc1cccc(NCc2ccc(-c3cccc(C(=O)O)c3O)o2)c1,-2.0
NCC1OC(OC2C(N)CC(N)C(OC3OC(CO)C(O)C(N)C3O)C2O)C(N)CC1O,5.058893689053568
CCOC(=O)N1CCN(c2nc3c(cc2F)c(=O)c(C(=O)O)cn3CC)CC1,-4.169925001442312
CCCCc1nn(CN2CCN(c3ncc4c(=O)c(C(=O)O)cn(CC)c4n3)CC2)c(=S)n1-c1cccc(OC)c1,0.029146345659516508
O=C(CCc1c[nH]c2ccc(Cl)cc12)NCc1c[nH]c2ccc(Cl)cc12,-2.643856189774725
CC(=O)OCC1=C(C(=O)O)N2C(=O)C(NC(=O)C(O)c3ccccc3)C2SC1,-1.0
Cc1c(O)cc(CCCCCCCCCC[P+](c2ccccc2)(c2ccccc2)c2ccccc2)c(O)c1C,0.7369655941662062
Cc1cc(=O)n(C)c2c(O)c3c(cc12)c(C)cc(=O)n3C,-4.584962500721156
COc1ccc(C=Cc2nc3cc([N+](=O)[O-])ccc3[nH]2)cc1OC,-4.965784284662087
COc1c(N2CCC(C(C)(C)N)C2)c(F)cc2c(=O)c(C(=O)O)cn(C3CC3)c12,3.321928094887362
CCNCC1CCN(c2c(F)c(NC)c3c(=O)c(C(=O)O)cn(C4CC4)c3c2F)C1,4.321928094887363
O=C(O)Cc1cc2c(cc1F)c(=O)c(C(=O)O)cn2Cc1ccccc1Cl,-3.0
Cc1cc(NCC(N)c2cccc(F)c2)n2nc(NC(CC#N)c3cccc(Cl)c3)nc2n1,2.0
CCCCC(CC(=O)NO)S(=O)(=O)c1cccc(OC)c1,-4.0
CC(C)CC(N)C(=O)NC(CCl)C(=O)O,-1.6415460290875237
COc1cc(C=CC(=O)N2CCN(C(C)=O)CC2)cc2c1OCO2,-4.169925001442312
CCOC(=O)c1c(C)nnn1Cc1cc(=O)oc2c3c(ccc12)OCO3,2.321928094887362
CCN(Cc1ccccc1)C(=O)Nc1cc(-c2ccc(Cl)cc2Cl)sc1C(=O)O,-3.0
Cc1ccc(C2c3c(Nc4cccc([N+](=O)[O-])c4)ncnc3Oc3c2c(=O)oc2ccccc32)cc1,-3.963474123974886
CN(c1cccc(C(=O)Nc2ccc(S(=O)(=O)N3CCN(c4cc(Cl)cc(Cl)c4)CC3)cc2)c1)S(C)(=O)=O,3.0
CCCCNC(=S)NCC1CN(c2ccc(-c3nnc4ncccn34)cc2)C(=O)O1,-4.0
CC1C(=NNc2nc3ccccc3s2)CC(c2ccccc2)NC1c1ccccc1,-4.643856189774724
COc1ccc2c(c1)CN(C1CC(c3ccc(-c4ccco4)cc3)=NN1c1nc(-c3ccc(F)cc3F)oc1C)CC2,0.3584539709124763
CC(C)(C)c1ccc(-c2nc3cc(Cl)ccc3n2C2CCCC2)cc1,-4.643856189774724
CC(O)C1C(=O)N2C(C(=O)O)=C(CN3CCCC3C(N)=O)SC12,1.0
CC(C)CC(=O)c1c(O)cc(O)c2c1OC1=C(C(=O)C(C)(C)C(=O)C1(C)C)C2CC(C)C,-5.0
Cc1cccc2c1CCC(Cn1cncn1)C2=NOCc1ccccc1,-4.643856189774724
NNC(=O)Cn1ncc2cc([N+](=O)[O-])ccc21,-5.0
CS(=O)(=O)c1ccc(OCc2nnc3sc(Cc4ccccc4)nn23)cc1,-3.643856189774725
CC1=C(C)C2(C)CC1(C)C1C(=O)N(Nc3nnnn3-c3cccc(C(F)(F)F)c3)C(=O)C12,1.3219280948873622
Cc1[nH]c(C(=O)N=c2sc3cc(C(=O)O)ccc3n2Cc2ccccc2)c(Cl)c1Cl,3.0
[O-]c1n[n+](C2OC(CO)C(O)C2O)ccc1Cl,2.321928094887362
CN(C)CCOC(=O)c1c2c(n3cc(Br)ccc13)C(=O)c1ncccc1C2=O,-1.0
CCNC1CN(c2cc3c(cc2F)c(=O)c(C(=O)O)cn3C2CC2)C1,4.058893689053568
O=C1COc2ccc(CNC34CCC(C(O)Cc5c(F)cnc6ccc(OCCCO)nc56)(CC3)OC4)nc2N1,-4.0
O=c1ccc2ncc(F)c(CC(O)C34CCC(NCC=Cc5cc(F)ccc5F)(CC3)CO4)c2n1CCO,-4.0
Cc1ccc(-c2nc3c(F)cc4c(=O)c(C(=O)O)cn(C5CC5)c4c3[nH]2)cc1,-1.584962500721156
N#CC(CN(Cc1ccccc1)C(=O)Nc1ccc(Cl)cc1)C(O)c1ccccc1,-3.643856189774725
COc1cc(CON=C2CN(c3nc4c(cc3F)c(=O)c(C(=O)O)cn4C3CC3F)CC2CN)cc(OC)c1,-1.0
O=C(NN=Cc1cn(-c2ccccc2)nc1-c1ccc([N+](=O)[O-])cc1)c1cccc(-n2cc(-c3ccccc3)nn2)c1,-1.0
O=c1c(Cc2ccc(Cl)cc2Cl)nnc2scc(-c3ccc(Cl)cc3)n12,-2.643856189774725
C=CC1(C)CC(OC(=O)CSc2nc(O)cc(Nc3ccc(C)cc3)n2)C2(C)C(C)CCC3(CCC(=O)C32)C(C)C1O,-5.0
O=C(c1ccncc1)N1N=C(c2ccc(F)cc2)CC1c1cc2ccccc2nc1Cl,-3.643856189774725
Cc1cc(=O)oc2cc(OCCCCn3cncn3)ccc12,-2.0
Cc1ccc(-c2nc3ccccc3c(=O)n2-c2cccc(O)c2)cc1,-4.0
CCCCCCNC(=O)C[N+](C)(C)CCCCOc1cc(C(C)C)ccc1C,-4.0
CC(O)C1C(=O)N2C(C(=O)[O-])=C(CSC(=S)N(C)C)SC12,3.0588936890535687
CCOC(=O)NCC1CN(c2ccc(-c3ccc4c(c3)CC3(C(=O)NC(=O)NC3=O)C3COCCN43)c(F)c2)C(=O)O1,-3.0
COc1ccc(-c2nnc(-c3cccc(C)c3C)o2)c(F)c1,-2.584962500721156
CC1C2CC(CN2)N1c1nc2c(cc1F)c(=O)c(C(=O)O)cn2C(C)(C)C,5.965784284662087
COc1ccc(-n2c(=O)c3ccccc3n3c(-c4ccccc4)nnc23)cc1,-3.643856189774725
CN1CN(C)C(Cl)=C1Cl,-1.0
CC(=O)Oc1ccc(-c2nc3cc(Cl)c(Cl)cc3n2C2CCCC2)cc1,-4.643856189774724
COc1cc(Cn2ccnc2)c2cc3[n+](cc2c1O)CCc1cc2c(cc1-3)OCO2,-5.0
CC(C)=CCc1c(OCCCC(F)(F)F)cc(C=Cc2ccc(C(F)(F)F)cc2)c(C(=O)O)c1O,-5.0
O=C(NCCn1[se]c2ccccc2c1=O)c1ccccc1,-4.0
CCCCCCN(CCCCCC)C(=O)C[N+](C)(C)CCCCCOc1cc(C(C)C)ccc1C,-3.0
Cc1c(N2CCC(C(C)N)C2)c(F)c(C(F)F)c2c(=O)n(N)c(=O)n(C3CC3)c12,-0.0
O=c1cc2n(C3CC3)c3cc(N4CCNCC4)c(F)cc3n2c(=O)n1O,2.0
CC(C)CCOc1ccc(NC(=O)Nc2ccc(OCCC(C)C)cc2)cc1,-1.6415460290875237
CN(C)c1cc(NS(C)(=O)=O)c(O)c2c1CC1CC3C(N(C)C)C(=O)C(C(N)=O)=C(O)C3(O)C(=O)C1=C2O,-1.0
COc1ccc(C=C2SC(=Nc3ccc4c(C)cc(=O)oc4c3)N(CCO)C2=O)cc1,-5.0
Cc1ccc2cc(C3CC(c4cccs4)=NN3C(N)=S)c3nnnn3c2c1,-1.6438561897747246
COc1cc(=O)n(C2CC2)c2c(C)c(N3CCC(C(C)N)C3)c(F)cc12,-0.0
O=c1[nH]c(=S)[nH]c2c1C(c1ccccc1)c1c(-c3ccccc3)nn(-c3ccc([N+](=O)[O-])cc3)c1N2,-2.321928094887362
CC(C)c1csc(C(=O)NN=Cc2ccccc2)n1,-4.965784284662087
CC(=O)Nc1ccc(S(=O)(=O)CC(CO)n2cnc(Br)c2)cc1,-5.0
CCn1cc(C(=O)O)c(=O)c2cc(F)c(N3CCCC4(CCCNC4)C3)c(F)c21,-1.632268215499513
CCN(Cc1ccccc1)C(=O)Nc1cc(-c2ccc(Cl)c(Cl)c2)sc1C(=O)O,-3.321928094887362
O=C(O)c1cn(C2CC2)c2c3c(c(F)cc2c1=O)N1CCCC1CCC3,2.473931188332412
N#CC(=Cc1cn(CCN2CCOCC2)c2ccccc12)S(=O)(=O)c1ccc(N)cc1,1.0
Cc1ccc(-n2nc(C)c(C=NNC(=O)Cn3c([N+](=O)[O-])cnc3C)c2Oc2ccc(Cl)cc2)cc1,-1.6415460290875237
Cc1nn(CC(=O)Nc2ccc([N+](=O)[O-])cc2)c2nc3ccccc3c(C)c12,-2.963474123974886
CCOc1c(C=NNC(=O)c2ccncc2)cccc1CN1CCCC1,-2.643856189774725
Nc1nnn(CC(=O)NC2CCN(c3c(F)cc4c(=O)c(C(=O)O)cn(C5CC5)c4c3Cl)C2)n1,-4.0
Cc1ccc(-n2nnc(C(=O)C=Cc3ccc(N4CCCCC4)cc3)c2C)cc1,-3.0443941193584534
COc1ccc(OC)c2nc(Cl)c(C=O)cc12,-5.0
O=C(Nc1ccc(Br)cc1C(=O)O)c1ccc(-c2ccccc2)cc1,-1.584962500721156
O=C(Cc1cccs1)NC1C(=O)N2C(C(=O)[O-])=C(C[n+]3ccccc3)CSC12,-0.0
CC(O)C12OC13c1cc(O)c4c(c1NC2C#CC=CC#CC3O)C(=O)c1c(O)cccc1C4=O,12.931568569324174
CCn1cc(C(=O)O)c(=O)c2c(O)c(F)c(N3CCNCC3)c(F)c21,1.3219280948873622
CC(C)(O)C1CC(C#Cc2ccc(N3CC(CC(C)(C(=O)NO)S(C)(=O)=O)OC3=O)cc2)C1,1.0
Nc1nc(N)c2c(ccc3c2ccn3Cc2cccc(F)c2)n1,8.965784284662087
c1ccc(-c2ccc(CNc3ccnc(N4CCNCC4)n3)s2)cc1,-5.0
C[Si](C)(C)c1cn(CC2CCC3CN2C(=O)N3OS(=O)(=O)[O-])nn1,5.058893689053568
Nc1nc(N)c2cc(Sc3ccccc3-c3ccccc3)ccc2n1,-1.3219280948873624
CC(=O)Nc1ccc(S(=O)(=O)C(C#N)=Cc2c[nH]c3c(C)cccc23)cc1,-2.0
C=C1CC23CCC1CC2C(C)(CCC(=O)Nc1c(O)ccc(C(=O)O)c1O)C(=O)C1OC13,-2.0
CC(=NNC(=N)N)c1cnn(-c2ccc(C#CC3CCCC3)cc2)c1C,-1.0
CON=C(C(=O)N1CCN(c2ccc3c4c(cccc24)C(=O)N(O)C3=O)CC1)c1csc(N)n1,-5.0
CCN(CC)[c+]1sc2c(s1)C(c1ccc(Br)cc1)Oc1ccc(F)cc1-2,-2.9653225483672547
C[n+]1ccc2sc(SC3=C(C(=O)[O-])N4C(=O)C([N-]C(=O)C(=NOCCF)c5csc(N)n5)C4CC3)nc2c1,2.0
CCC(CN)=C1CN(c2nc(Oc3cnc(CO)nc3)nc3[nH]c4c(NC)cc(F)cc4c23)C1,2.0
CC(N)C(=O)NCC1OCCC1SC1=C(C(=O)[O-])N2C(=O)C(C(C)O)C2C1C,4.058893689053568
Cc1ccc(CC(=O)Nc2ccc(-c3nc4ccccc4s3)cc2)cc1,7.965784284662087
CC1C(=NN2C(=O)CNC2=S)CC(c2ccc(F)cc2)NC1c1ccc(F)cc1,-3.643856189774725
O=c1oc2ccccc2cc1Sc1c(-c2ccc([N+](=O)[O-])cc2)nc2ccccc2c1-c1ccccc1,-3.643856189774725
CON=C1CC(N)CN(c2c(F)cc3c(=O)c(C(=O)O)cn(C4CC4)c3c2OC)C1,2.0
Fc1ccc(Cl)c(-c2nnc(-c3cc(Br)c(Br)[nH]3)o2)c1,-0.6415460290875237
NC1CCN2c3c(F)cc4c(=O)c(C(=O)O)cn(C5CC5)c4c3CCCC12,7.965784284662087
COc1ccc2[nH]cc(C=NNc3cc(C(F)(F)F)nc4c(C(F)(F)F)cccc34)c2c1,-2.643856189774725
CCCCN(CCc1ccccc1)C(=O)Nc1cc(-c2ccc(Cl)c(Cl)c2)sc1C(=O)O,-4.643856189774724
CCn1cc(C(=O)O)c(=O)c2cc(F)c(N3CCN(CC(=NOC(C)(C)C)c4nccs4)CC3)cc21,-0.0
Brc1ccc(-c2cn3nc(Cc4noc5ccccc45)sc3n2)cc1,-0.0
NC1CCN(c2cc3c(cc2F)n2cncc2c(=O)n3C2CC2)C1,-0.0
O=C(CN1C(=O)SC(=Cc2sc(Cl)nc2Cl)C1=O)c1ccc(Br)cc1,-2.643856189774725
CCCCC(CN(O)C=O)C(=O)N1CCCC1c1nnc(-c2nccs2)s1,-4.0
FC1CN=C(c2ccc3cc(-c4ccc(-c5cc6ccc(C7=NCC(F)CN7)cc6o5)cn4)[nH]c3c2)NC1,1.6896598793878495
CC1(C)CC(=O)C2=C(C1)Oc1ccc3ccccc3c1C2c1cn(-c2ccccc2)nn1,-3.643856189774725
CCC(CN)=C1CN(c2nc(Oc3cnc(C)nc3)nc3[nH]c4c(NC)cc(F)c(F)c4c23)C1,1.0
COc1ccc(-c2c(C#N)c(S)n(-c3ccc(S(=O)(=O)Nc4onc(C)c4C)cc3)c(=O)c2C#N)cc1,0.029146345659516508
CC(=O)Nc1ccc(Oc2ccc(N3CC(CN=C(S)NN)OC3=O)cc2F)cc1,-4.0
O=c1oc2ccccc2cc1Sc1c(-c2ccc(Cl)cc2)nc2ccccc2c1-c1ccccc1,-4.643856189774724
COc1ccc(-n2nc(C)n(CCS(=O)(=O)c3cccc(F)c3)c2=O)cc1,-3.228818690495881
CC(NC(=O)C1CCCN1C(=O)c1cc(-c2nc3ccc([N+](=O)[O-])cc3[nH]2)ccc1O)C(=O)O,-3.643856189774725
Nc1ncc2cc(-c3c(Cl)cccc3-c3ccncc3)c(N3CC4C(N)C4C3)nc2n1,6.058893689053568
CNCc1cccc(NCc2ccc(-c3ccc(C(=O)O)c(O)c3)o2)c1,-2.0
CS(=O)(=O)C=CC1=C(C(=O)O)N2C(=O)C(NC(=O)Cc3cccs3)C2SC1,1.0
CC(=O)Nc1ccc(S(=O)(=O)CC(=NNc2ccc([N+](=O)[O-])cc2[N+](=O)[O-])c2nccs2)cc1,-2.0
O=C1CNC(=O)C1=C(NCc1ccccc1)c1cccc2ccccc12,-5.0
CC1C(NC(=O)C(=NOCC(=O)N2CCCC2C(=O)O)c2nsc(N)n2)C(=O)N1S(=O)(=O)O,-0.0
CC(CF)(CF)n1cc(C(=O)O)c(=O)c2cc(F)c(N3CCC(N)C3)nc21,1.0
CCn1cc(C(=O)O)c(=O)c2ccc(-c3cc(C)nc(C)c3)cc21,2.0
CON=C1CCN(c2c(F)cc3c(=O)c(C(=O)O)cn(CCF)c3c2F)CC1CN,-3.0
CCNC(=O)Nc1cc2c(-c3cnn(C)c3)ccc(C)c2cn1,-4.0
C=Cn1cc(C(=O)O)c(=O)c2cc(F)c(N3CCN(C)CC3)cc21,3.321928094887362
CNC(C)C1CCN(c2c(F)cc3c(=O)c4c(=O)[nH]sc4n(C4CC4)c3c2OC)C1,5.058893689053568
NCC1CN(c2c(F)cc3c(=O)c(C(=O)O)cn(C4CC4)c3c2F)CC1c1ccccc1,6.265344566520995
Cc1oc(-c2ccccc2)nc1CCCc1nc2cc(CC(Oc3ccc(-c4ccccc4)cc3)C(=O)O)ccc2o1,-1.6415460290875237
COc1ccc(OC)c(CON=C2CN(c3nc4c(cc3F)c(=O)c(C(=O)O)cn4C3CC3)CC2CN)c1,4.058893689053568
O=C(C=Cc1ccc(O)c(O)c1)OC(Cc1ccc(O)c(O)c1)C(=O)O,3.0
CCCCCCCCOC1C(O)C(CO)OC(OC2C(N)CC(N)C(OC3OC(CN)C(O)C(O)C3N)C2O)C1O,-5.0
Clc1ccc2oc(NCCCNCc3ccc(Cl)c(Cl)c3)nc2c1,-5.0
CS(=O)(=O)c1ccc(Cc2nnc3n2N=C(c2cc(Cl)sc2S(N)(=O)=O)CS3)cc1,-2.643856189774725
CNc1cc(F)cc2c1[nH]c1nc(Oc3cnc(C)nc3)nc(N3CC(=C(CN)C(C)C)C3)c12,5.058893689053568
COc1ccc2ncc(F)c(CCN3CCC(CCc4ccc5c(c4)NC(=O)CO5)CC3)c2n1,-2.0
CC(=O)Nc1ccc(S(=O)(=O)C(C#N)=Cc2cn(Cc3ccccc3Cl)c3ccccc23)cc1,-0.0
COc1ccc2c3c1OC1CC(OP(=O)(OCCO)N(CCCl)CCCl)C=CC31CCN(C)C2,1.0
NC1CONC1=O,2.0
N#CC(Cc1ccc(F)c2ccccc12)(Cc1ccc(F)c2ccccc12)C(=O)NCCN,-2.0
COC(=O)C12COC(C(C)(C)C)N1C(=O)C(=C(C)Nc1ccccc1)C2=O,-5.0
Cc1cc(=O)n2nc(CC(=O)c3ccccc3)nc2[nH]1,-0.0
CC(=NC(Cc1c[nH]cn1)C(=O)Oc1cc(C(=O)O)cc(O)c1O)C1CCCc2c1[nH]c1c([N+](=O)[O-])cc([N+](=O)[O-])cc21,4.158429362604483
O=C(OCC1CN(c2ccc(-n3cc(-c4ccccn4)cn3)c(F)c2)C(=O)O1)c1ccccc1,-5.0
Cc1ccc2nc(Cl)c(Cn3cc(-c4ccccc4)nn3)cc2c1,-3.9068905956085187
O=C(O)c1cn(C2CC2)c2c3c(c(F)cc2c1=O)Sc1ccccc1N3,0.4150374992788438
COc1ccc2nc(C)cc(N3CC(CNC(=O)c4ccc(F)cc4)OC3=O)c2c1,2.321928094887362
CCOC(=O)c1sc2[nH]c(=O)n(CC=Cc3ccc(OC)cc3)c(=O)c2c1CCc1ccccc1,-5.0
CC(O)C1C(=O)N2C(C(=O)[O-])=C(SC(=S)N3CC[N+](C)(C)CC3)C(C)C12,3.321928094887362
COc1ccc(C2=CC(c3cc4cc(Cl)ccc4nc3Cl)NC(SCCC#N)=N2)cc1,-4.643856189774724
Cc1nc(-c2ccc(C(C)(C)C)cc2)sc1-c1nnc(NC2CCC(N)CC2)o1,-5.0
COC(=O)C1(C)CCCC2(C)c3ccc(C(C)C)c(NC(=O)Cn4cc(-c5nc(Cl)nc(Cl)n5)nn4)c3CCC12,-2.655351828612554
Clc1ccc(COc2ccc(C=Cc3cc(C4CCNCC4)[nH]n3)cc2)cc1Cl,-1.0
O=C1CSC(c2ccc(O)cc2)N1CCN1CCNCC1,-2.2265085298086795
COc1c(N2CCC(CN)C2)c(F)cc2c(=O)c(C(=O)O)cn(-c3ccc(O)cc3)c12,4.321928094887363
COc1c(N2CCC(C(C)N(C)C)C2)c(F)cc2c(=O)c3c(=O)[nH]sc3n(C3CC3)c12,4.058893689053568
Nc1nc(C(=NOCCF)C(=O)NC2C(=O)N3C(C(=O)[O-])=C(Sc4nc5cc(Cl)ccc5s4)CCC23)cs1,2.0
Cc1[nH]c2ccc(Cl)cc2c(=O)c1CC(=O)O,-3.1651079851445365
Cc1nc2c(=O)n(C3CC3)c3cc(N4CC5CNCC5C4)c(F)cc3c2o1,-2.0
CC(=O)OCCC1=C(C(=O)O)N2C(=O)C(NC(=O)Cc3ccccc3)C2C1,0.5353317329965558
CC1COc2c(N3CCN(Cc4ccc([N+](=O)[O-])o4)CC3)c(F)cc3c(=O)c(C(=O)O)cn1c23,0.3584539709124763
Cn1cc(-c2ccc(NC(=O)Cc3ccc(Cl)cc3)cc2)n2ccnc2c1=O,3.0
COC1C=CC(O)CC(O)CC=CC=CC(O)CC=CC=CC(=O)OC(C)CCCC1O,-4.0
CCC1CCN(c2c(F)cc3c(=O)c(C(=O)O)cn(C4CC4)c3c2F)CC1N,7.380821783940931
CC(N)C1CCN(c2nc3c(cc2F)c(=O)c(C(=O)O)cn3-c2ccc(F)cc2F)C1,3.321928094887362
CC(O)C(NC(=O)c1ccc(C#Cc2ccc(C=NN3CCN(C)CC3)nc2)cc1)C(=O)NO,-3.0
O=C(O)Cc1cc2c(cc1F)c(=O)c(C(=O)O)cn2Cc1ccccc1,-3.0
NCCC(O)C(=O)NC1CC(N)C(OC2OC(CN)CCC2N)C(O)C1OC1OC(CO)C(N)C(N)C1O,-4.0
CN1CCN(c2cc3c(cc2F)c(=O)c(C(=O)O)cn3-c2ccc(F)cc2)CC1=O,1.3584539709124763
Cc1c(N2CCNCC2)c(F)cc2c(CN)cc(=O)n(C3CC3)c12,4.058893689053568
Cc1cc(C#N)nc(N2CCN(S(=O)(=O)c3ccc(NC(=O)c4cccc(NS(C)(=O)=O)c4)cc3)CC2)n1,3.0
CC(C)(C)OC(=O)N1CCC(n2[se]c3ccccc3c2=O)C1,-3.0
C=CCC(CN)=C1CN(c2nc(Oc3cnc(C)nc3)nc3[nH]c4c(NC)cc(F)cc4c23)C1,4.058893689053568
CCNCC1CCN(c2c(F)cc3c(=O)c(C(=O)O)cn(C4(C)CC4)c3c2F)C1,0.3219280948873623
Cn1cc([N+](=O)[O-])cc1-c1nnc(-c2ccccc2Br)o1,-0.6415460290875237
CCCCC(CN(O)C=O)C(=O)N1CCCC1c1nnc(-c2ccc[nH]2)s1,-4.0
CCCCCCCC(=O)c1c(O)cc(O)c2c1OC1=C(C(=O)C(C)(C)C(=O)C1(C)C)C2CC(C)C,-5.0
CC(O)C1C(=O)N2C(C(=O)O)=C(SC3CNC(C=Cc4cc(C(=O)[O-])on4)C3)C(C)C12,5.321928094887363
C[n+]1cccc(N(CCCCCC2CCCCC2)c2cccc(C(F)(F)F)c2)c1,-4.321928094887363
CCCCn1cc(C(=O)O)c(=O)c2cc(F)c(CC#N)cc21,1.0
O=C(OCc1ccc([N+](=O)[O-])cc1)c1cn(C2CC2)c2cc(N3CCNCC3)c(F)cc2c1=O,3.9885043611621707
Cc1c(CN(C)C(=O)C=Cc2cnc3c(c2)CCC(=O)N3)oc2ccccc12,5.965784284662087
CCn1cc(C(=O)O)c(=O)c2cc(F)c(N3CCN(C)CC3)cc21,7.380821783940931
Cc1ccc(C2CC(c3ccccc3)=NN2C(=O)NNS(=O)(=O)c2ccc(F)cc2F)cc1,-4.643856189774724
C#CCn1[se]c2ccccc2c1=O,-3.0
CCCCCCCCCCNC1=NC(C)(C)NC(NCCc2ccccc2)=N1,-4.643856189774724
CCCCC(CN(O)C=O)C(=O)N1CC2(CC2)CC1C(=O)Nc1ccc(C)c(Nc2nccc(-c3cccnc3)n2)c1,-2.0
O=C(O)c1cn(C2CC2)c2cc(N3CCN(C(=O)CCl)CC3)c(F)cc2c1=O,3.321928094887362
CSCCC(NC(=O)c1ccccc1)C(=O)SCC(=O)O,-2.0
CCN(CC)CCNc1nc(SC)nc2c1sc1nc(C)c3c(c12)CC(C)(C)OC3,-5.0
NC1=CC(=O)c2ccccc2C1=O,-5.0
Cc1[nH]c(C(=O)N=c2sc3cc(C(=O)O)ccc3n2CC(=O)c2ccc(S(C)(=O)=O)cc2)c(Cl)c1Cl,-2.0
CCCCCCCN1CCCc2cc(OCC(=O)NC(CCCNC(=N)N)C(=O)OC)ccc21,-3.643856189774725
CCn1cc(C(=O)O)c(=O)c2cc(F)c(N3CCN(CC(=O)c4ccoc4)CC3)cc21,4.351074440546879
CCC(C)C1NC(=O)C2CCCN2C1=O,-4.321928094887363
Cc1ccc(C=CC(=O)NCC2CC3C4C=CC=C5C4C(=CN5C)CC3N(C)C2)cc1,-3.356143810225275
CC1=NN=C2OC(N)=C(C#N)C(c3ccc(Oc4nc(Cl)c(Cl)cc4Cl)cc3)C12,-0.6415460290875237
O=C(O)c1cccc(-n2c(C=Cc3ccc(F)c(F)c3)nc3ccccc3c2=O)c1,-4.0
CCC(N)COc1ccc(Cl)cc1C(=O)Nc1ccc([N+](=O)[O-])cc1Cl,-3.9068905956085187
O=c1cc(CO)oc(C2C=C(c3cccs3)Oc3ccccc32)c1O,-3.963474123974886
CCNc1cc(F)cc2c1[nH]c1ncc(-c3cncc(C#N)c3)c(-n3nc(C(F)F)c4c3CNC4)c12,-1.0
CCc1nc(N)nc(N)c1C#CCc1cc(OC)cc(-c2ccc(C(=O)O)cc2)c1,7.673002535434241
CCN(Cc1ccccc1)C(=O)Nc1cc(-c2cccc([N+](=O)[O-])c2)sc1C(=O)O,-4.459431618637297
N=C(N)SCc1ccc(Cl)c(Cl)c1,-1.0
O=C1COc2ccc(CNC34CCC(CC5(O)CN6C(=O)CCc7ncc(F)c5c76)(CC3)OC4)nc2N1,-5.0
Clc1cc(Cl)c(Cl)c(-c2nc(CN3CCOCC3)cs2)c1,-3.643856189774725
O=Cc1cc2ccc3ccccc3c2nc1S,-5.0
CC1=C(C)C2(C)CC1(C)C1C(=O)N(Nc3nnnn3-c3ccccc3Cl)C(=O)C12,1.3219280948873622
CSCCC(NC(=O)Cc1cccs1)C(=O)SCC(=O)O,1.0
O=C(c1cn(Cc2cn(-c3ccc(C(F)(F)F)cc3)nn2)c2cc(N3CCOCC3)c(F)cc2c1=O)N1CCOCC1,-4.22881869049588
Cc1ccc(N=C(Cc2ccc(Cl)cc2)c2ccc(O)c(O)c2)cc1,-4.643856189774724
CC1(C)CC(=O)C2C(=Nc3nn(-c4ccccc4)c(O)c3C2c2ccccc2Cl)C1,-0.0
COc1ccc(C=NNC(=O)CC2CSC(N3N=C(c4ccccc4)CC3c3c(F)cccc3F)=N2)cc1,-4.0
C[n+]1c2ccccc2c(Nc2ccc(Cl)cc2)c2oc3ccccc3c21,-3.584962500721156
CS(=O)(=O)c1ccc(Cc2n[nH]c(=S)n2N=Cc2c(F)cccc2Cl)cc1,-2.643856189774725
CC1Cn2cc(C(=O)O)c(=O)c3cc(F)c(N4CCN(Cc5cccc(F)c5)CC4)c(c32)S1,3.0588936890535687
O=C(O)c1cnn(-c2ccc(F)cc2)c1NC(=O)c1cc2cc(Cl)ccc2oc1=O,-5.0
COc1ccc(C=CC(=O)c2cc(Cl)c(Cl)[nH]2)cc1OC,-2.643856189774725
CCn1cc(C(=O)O)c(=O)c2cc(F)c(N3CC4CCCC(C3)N4C)cc21,-0.6415460290875237
Clc1cc(Cl)c(Cl)c(C=NNc2nc(-c3cccnc3)cs2)c1,-3.643856189774725
CCN1CCN(c2cc3c(cc2F)c(=O)c(C(=O)O)cn3NC)CC1,1.0
Fc1ccc(C=NNc2nc(-c3ccc(Cl)c(Cl)c3)cs2)cc1,-4.643856189774724
CN1CCN(c2c(F)cc3c(=O)c(C(=O)O)c4n5c3c2C(=O)CC5CS4)CC1,1.3584539709124763
Cc1c(CN(C)C(=O)C=Cc2cnc3c(c2)NCCC(=O)N3)sc2ccc(F)cc12,-0.0
CCn1cc(C(=O)O)c(=O)c2cc(F)c(N3CC[N+](CCO)(CCO)CC3)cc21,-2.0
NCC1CN(c2nc3c(cc2F)c(=O)c(C(=O)O)cn3C2CC2)CC1=NOCc1cc2c(cc1[N+](=O)[O-])OCO2,6.965784284662087
CCNC(=O)Nc1cc(Nc2ccccc2)c(C(=O)Nc2ccccc2)cn1,-3.0
CCn1cc(C(=O)O)c(=O)c2cc(N)c(N3CCNCC3)nc21,-1.6461626571578936
COc1ccc(-[n+]2noc([O-])c2C(=O)CSc2nnc(Cc3ccc(Br)cc3)c(=O)n2N)cc1,2.0
C=CC(C)(C=Cc1ccc(OCCCC[N+](C)(C)C)cc1)CCC=C(C)C,-2.643856189774725
C=CC1C(NC(=O)C(=NOC)c2csc(N)n2)C(=O)N1S(=O)(=O)[O-],3.321928094887362
C=CC1(C)CC(OC(=O)CSc2nnc(NC(=O)CN(C)C)s2)C2(C)C(C)CCC3(CCC(=O)C32)C(C)C1O,-5.0
NCCCCC(N)C(=O)NC1CCN(c2nc3c(cc2F)c(=O)c(C(=O)O)cn3C2CC2)C1,-3.643856189774725
[C-]#[N+]C(=C)C(Cc1ccc(OC)cc1)([N+]#[C-])C1CC(OC(=O)CO)CCC1O,1.9635318329307083
O=C(O)c1ccccc1C1CC(c2cc3ccccc3o2)=NN1C(=O)Cn1c2ccccc2c2nc3ccccc3nc21,-3.700439718141092
O=C(Cn1ncc2cc([N+](=O)[O-])ccc21)NN=Cc1ccccc1,-4.459431618637297
Nc1nc(O)cc(SCSC2=C(C(=O)O)N3C(=O)C(NC(=O)C(=NO)c4nc(N)sc4Cl)C3SC2)n1,2.0
Cn1cc(CNC(=O)CCc2c[nH]c3ccc(Cl)cc23)c2cc(Cl)ccc21,-3.643856189774725
O=C1NC(=S)SC1=CC=Cc1ccc([N+](=O)[O-])o1,-1.0
CN(Cc1ccc2ccccc2c1)c1cnc2nc(N)nc(N)c2n1,-4.643856189774724
CCCc1c(O)cc2oc3cccn3c(=O)c2c1O,-1.0
Clc1ccc(Cn2cc(Cn3nnc(C4=Cc5cc(Cl)ccc5OC4)n3)nn2)c(Cl)c1,-2.700439718141092
Cc1[nH]c(C(=O)Nc2nc3c(N4CC5CCC(C4)O5)cc(C(=O)O)cc3s2)c(Cl)c1Cl,-1.0
CCNCC1CCN(c2c(F)cc3c(=O)c(C(=O)O)cn(-c4ccccc4)c3c2F)C1,0.3219280948873623
COc1ccc(C2OC(Cn3c([N+](=O)[O-])cnc3C)=NN2C(C)=O)cc1,2.0
CN1CCN(c2cc3c(cc2F)c(=O)c(C(=O)O)cn3-c2cc([N+](=O)[O-])cn2C)CC1,-1.6438561897747246
Cc1ncc([N+](=O)[O-])n1Cc1nnc(-c2ccc(Cl)cc2)o1,-3.643856189774725
CCNC1CC(N)C(OC2OC(CNC(=O)C(C)N)=CCC2N)C(O)C1OC1OCC(C)(O)C(NC)C1O,-5.0
CCN(Cc1ccccc1)C(=O)Nc1cc(-c2ccc(Cl)cc2)sc1C(=O)OC,-4.643856189774724
O=c1oc2ccccc2cc1-c1nc2ccccc2c2nc3ccccc3n12,-4.643856189774724
CC1(C)SC2C(n3cc(-c4cccnc4)nn3)C(=O)N2C1C(=O)O,-3.0
CCON=C1CN(c2nc3c(cc2F)c(=O)c(C(=O)O)cn3-c2nc(N)c(F)cc2F)CC1CN,1.0
CC(O)C1C(=O)N2C(C(=O)[O-])=C(SCCNc3cccc[n+]3C)CC12,-4.672425341971495
Cc1[nH]c(C(=O)NC2CCN(c3ncc(C(=O)O)s3)CC23OCCO3)c(Cl)c1Cl,-0.0
COc1ccccc1Nc1nc2c(-c3ccc(F)cc3)nc3ccccc3c2o1,-2.643856189774725
CSCC(=CC1CCCN1)C1=C(C(=O)O)N2C(=O)C(C(C)O)C2C1,0.3584539709124763
CN1CC(=O)Nc2ncc(C=CC(=O)N(C)Cc3cc4ccccc4n3C)cc2C1,-5.0
O=C(Cn1cnc2ccccc21)NC1CCN(c2c(F)cc3c(=O)c(C(=O)O)cn(C4CC4)c3c2Cl)C1,-4.0
CC(C)=CCc1c(OC2CCC2)cc(C=Cc2ccc(C(F)(F)F)cc2)c(C(=O)O)c1O,-5.0
COc1ccc(N2C(=O)N(Cc3ccccc3)C(=N)C2=S)c(OC)c1,-4.008988783227255
COc1ccc2nccc(C=CC3CCC(NCc4cc5c(cn4)OCCO5)CO3)c2n1,6.965784284662087
CCCCCCN(Cc1c2ccccc2c(Cl)c2ccccc12)C(=O)C(N)CCCCN,-1.8073549220576042
COC(=O)Cc1cc(O)cc2oc(-c3ccc(O)c(OC)c3)cc(=O)c12,-2.0
Cn1nnnc1SCC1=C(C(=O)[O-])N2C(=O)C(NC(=O)C(C(=O)[O-])c3ccc(O)cc3)C2OC1,1.7858751946471527
N#CC(=Cc1cn(Cc2ccccc2Cl)c2ccccc12)S(=O)(=O)c1ccc(N)cc1,-5.0
O=C1CC(c2ccco2)NC(c2ccco2)C1Cc1ccccc1,-3.643856189774725
O=C(Cn1cncn1)c1ccc(F)cc1F,-5.0
NC1CN(c2c(F)cc3c(=O)c(C(=O)O)cn(C4CC4)c3c2F)CC1=NO,6.965784284662087
NC1CCN(c2c(F)cc3c(=O)n(N)c(=O)n(C4CC4)c3c2C(F)(F)F)C1,2.0
CCCCCCCCCOc1ccc(F)c(C(=O)NCCN)c1F,-4.321928094887363
COC(=O)C(Cc1ccccc1)NP(=O)(OCCN(C)c1cc(=O)oc2cc(C)ccc12)Oc1ccccc1,-4.0
COc1ccc(C(NC(=O)c2ccccc2)c2ccc3cccnc3c2O)cc1OC,-3.0
CN(C)C1C(O)=C(C(N)=O)C(=O)C2(O)C(O)=C3C(=O)c4c(cc5ccc(F)cc5c4O)CC3CC12,-4.0
CCCCc1ccc(CNC2CCCCC2NCc2ccc(CCCC)cc2)cc1,6.965784284662087
CCCCOC(=O)CN(C)CC1=C(C(=O)O)N2C(=O)C(C(C)O)C2S1,-0.0
CCOC(=O)Cc1ccccc1OC(=O)Cc1cccc(OC)c1,-4.643856189774724
O=C(O)CCN1C(=O)C(=Cc2cc3cc(F)ccc3nc2Cl)SC1=S,-4.906890595608519
COc1c(C(=O)C=Cc2ccc(OCCCN)cc2)ccc2c1C=CC(C)(CCC=C(C)C)O2,-3.0
CCCCCC#CC[n+]1ccn(CCCCCCCCCC)c1C,-1.6461626571578936
NC(Cc1ccccc1)C(=O)NC1CCN(c2c(F)cc3c(=O)c(C(=O)O)cn(C4CC4)c3c2F)C1,0.3219280948873623
CCON=C1CC(NC)CN(c2c(F)cc3c(=O)c(C(=O)O)cn(C4CC4)c3c2OC)C1,2.0
COC(=O)C1(O)C=Cc2cnc(C(N)=O)cc21,-4.643856189774724
N#Cc1cc(OC2CNC2)cc2c1CC(CNCCC1CN(c3ccc4c(n3)NC(=O)CO4)C(=O)O1)C2,4.058893689053568
CC(=NNC(=S)Nc1ccc(C(=O)NCC(=O)O)cc1)c1ccc(C)cc1,-2.643856189774725
COc1ccccc1C(=O)N1CCN(c2ccc(N3CC(Cn4ccnn4)OC3=O)cc2F)CC1,-3.0
NCCCCOc1ccc(Cl)cc1C(=O)Nc1ccc([N+](=O)[O-])cc1Cl,-3.9068905956085187
CCc1cc(Nc2cc(=O)n(CCCCOC)c(=O)[nH]2)ccc1C,-4.321928094887363
CC1COc2c(N3CCN(CC(=O)c4ccc(Cl)cc4Cl)CC3)c(F)cc3c(=O)c(C(=O)O)cn1c23,-0.0
Cn1cnnc1SCC1=C(C(=O)[O-])N2C(=O)C(NC(=O)CS(C)(=O)=O)C2SC1,-2.6322682154995127
Cc1ccsc1-c1ccc(O)c(O)c1,-1.584962500721156
CC(C)c1ccc2c(c1)c(O)c(C(C)C)c(=O)n2CC(C)(C)C,-5.0
CC1=C(C(=O)OC(c2ccccc2)c2ccccc2)N2C(=O)C(NC3=NCCN3C)C2SC1,-5.0
CN(C)C1C(O)=C(C(N)=O)C(=O)C2(O)C(O)=C3C(=O)c4c(cc5ccc(CN(C)S(C)(=O)=O)cc5c4O)CC3CC12,-5.0
CC1CN(c2nc3c(cc2F)c(=O)c(C(=O)O)cn3-c2ccc(F)cc2)CCN1,4.321928094887363
Cc1ccc(C)c(C(=O)Nc2ccc3oc(Cc4ccc(Cl)cc4)nc3c2)c1,-3.643856189774725
Clc1ccccc1-n1cc(CN(Cc2cn(-c3ccccc3Cl)nn2)c2nc3ccccc3s2)nn1,-3.643856189774725
COc1ccc2nc(C)cc(NC(=O)CN3CC(CNC4CC4)OC3=O)c2c1,-3.643856189774725
COc1cc(OC)c(-n2c(=O)c3ccccc3c3ccccc3c2=O)c(OC)c1,-1.3219280948873624
NC(=O)c1cccc(-n2c(C=Cc3ccc(F)cc3)nc3ccccc3c2=O)c1,-4.0
CNC1CCC(c2ccc(Cl)c(Cl)c2)c2ccccc21,-5.0
CNc1c2c(c(O)c3cc(CN4CCC4)ccc13)C(=O)C1=C(O)C3(O)C(=O)C(C(N)=O)=C(O)C(N(C)C)C3CC1C2,-2.0
Cc1cc(C)n(CC(=O)c2ccc3ccccc3c2)n1,-4.0
CC(C)=CCOc1ccc(S(=O)(=O)c2ccc(OCCCCNC(=N)N)cc2)cc1,-3.643856189774725
Cc1ccccc1-c1nnc(CN2C(=O)CSC2=S)o1,-4.0
O=C(Cc1cccs1)NC1C(=O)N2C(C(=O)O)=C(Cc3cccnc3)CSC12,-4.643856189774724
O=C1Nc2cc(Br)ccc2C1=C1Nc2c(Cl)cccc2C1=NO,-1.0
CCCC(O)C(O)CC1OCc2cccc(OC)c21,-3.0
Cc1ccc(N2CC(Cn3sccc3=O)OC2=O)cc1,-4.643856189774724
O=c1ccc2ccccc2n1CCN1CCC(NCc2cc3c(cn2)OCCC3)CC1,-4.0
O=C1COc2ccc(CNC34CCC(CCc5c(F)cnc6ccc(OCCCCCO)nc56)(CC3)OC4)nc2N1,-3.0
COCCOC1CCCC2C1=C(C(=O)[O-])N1C(=O)C(C(C)O)C21,1.0
C#CCOc1ccc(-c2nc3ccc(N4CCN(C)CC4)cc3[nH]2)cc1,-4.0
CCn1c(-c2cccs2)nn(CN2CCOCC2)c1=S,-2.643856189774725
CON=C(C(=O)NC1C(=O)N2C(C(=O)O)=C(CSc3cnns3)CSC12)c1csc(N)n1,3.0
COC(=O)C1OC(CN)C1SC1=C(C(=O)O)N2C(=O)C(C(C)O)C2C1C,2.0
CCn1cc(C(=O)O)c(=O)c2cc(F)c(N3CCN(CC(=O)c4ccoc4)CC3)nc21,4.351074440546879
Clc1ccc(Cn2cnc3ccccc32)cc1Cl,-4.643856189774724
Nc1c(F)c(N2CCNCC2)c(Cl)c2c1c(=O)c(C(=O)O)cn2C1CC1,5.321928094887363
FC(F)(F)c1cccc(Nc2cc(-c3ccc(NC(=S)Nc4ccc(Cl)cc4)cc3)ncn2)c1,-4.906890595608519
CN(C)CCCOC(=O)c1c2c(n3cc(Br)ccc13)C(=O)c1ncccc1C2=O,-0.0
CCOC=NC1=C(C#N)C(c2ccc(Cl)cc2)c2c(n(C)c(=O)n(C)c2=O)O1,-2.643856189774725
COc1ccccc1-n1c(S)nnc1-c1csc(NC(=S)Nc2ccccc2)n1,0.3219280948873623
Nc1nc(N)c2c(ccc3c2ccn3Cc2ccc3ncsc3c2)n1,2.0
CC(C)(ON=C(C(=O)NC1C(=O)N(S(=O)(=O)O)C1Cn1cc(CO)nn1)c1csc(N)n1)C(=O)O,1.0
NCCNC(=O)C(CN)(Cc1ccc(C(F)(F)F)cc1)Cc1ccc(C(F)(F)F)cc1,-4.0
CCCOC(=O)C1=C(C(=O)O)N2C(=O)C(NC(=O)C(=NOC)c3csc(N)n3)CN2C1,-5.0
O=c1ccsn1-c1ccc(F)cc1,-2.584962500721156
CNC(=N)c1ccc2cc(-c3ccc(Oc4ccc(-c5cc6ccc(C(=N)NC)cc6[nH]5)c(OC)c4)cc3)[nH]c2c1,-4.0
NC12CCCC1CNC2,5.321928094887363
CON=C(CNS(C)(=O)=O)C1CC(SC2=C(C(=O)O)N3C(=O)C(C(C)O)C3C2C)CN1,2.358453970912476
NCCCCN1C(=O)N(CCCCN)C(=O)C(Cc2ccc(F)c3ccccc23)(Cc2ccc(F)c3ccccc23)C1=O,-4.0
COC1CN(c2nc(-c3ncccn3)c(C(=O)O)s2)CCC1NC(=O)c1[nH]c(C)c(Cl)c1Cl,1.0
O=c1c2nc([N+](=O)[O-])cn2ccn1Cc1ccc2c(c1)OCO2,-5.0
CC(=O)N(O)CCCP(=O)([O-])O,-3.643856189774725
CCCCCCCCCCCCn1c(Cn2cnc3c(N4CCOCC4)ncnc32)nc2ccccc21,-5.0
CN(C)c1ccc(C(=C2C=CC(=[N+](C)C)C=C2)c2ccc(N(C)C)cc2)cc1,1.0
NC(=O)c1cc2ccc(C(F)(F)F)nc2nc1N,3.0
COc1cc(O)c(-c2cc(O)cc3cc4c(c(O)c23)C(=O)c2c(O)cc(O)cc2C4(C)C)c(C)c1Cl,-1.6461626571578936
CC1(C)SC2C(n3cc(-c4ccccc4-c4ccccc4)nn3)C(=O)N2C1C(=O)O,-3.0
CCCCCCCCCCCCCCCC(=O)NN1C(=O)CSC1c1ccc([N+](=O)[O-])cc1,1.5145731728297582
COC(=O)N1CC=C(c2ccc(-c3cc(CNC(C)=O)on3)cc2)CC1,-4.0
CC(C)c1csc(-c2nnc(S(=O)(=O)Cc3ccc(Br)cc3F)n2-c2ccccc2)n1,-3.0
CN(C)C1C(O)=C(C(N)=O)C(=O)C2(O)C(O)=C3C(=O)c4c(c(F)c5ccc(CN6CC(F)C6)cc5c4O)CC3CC12,-2.0
CCc1c(F)c(N2CCC(N)C2)nc2c1c(=O)c(C(=O)O)cn2C1CC1,2.0
CCOc1c(N2CCC(C)C2)c(F)cc2c(=O)c(C(=O)O)cn(C3CC3)c12,4.321928094887363
CC(=O)Nc1ccc(C=c2c3ccccc3c3c2n2ccnc2c(=O)n3C)cc1,3.9885043611621707
CNc1cc(F)cc2c1[nH]c1nc(CNC(=O)c3ccco3)nc(N3CCC(N(C)C)C3)c12,1.0
CC1CC2C(CCC(C)(O)C=C3C(O)C(C)CC3(O)C1=O)C2(C)C,-2.2265085298086795
CN(C)C(=N)c1ccc2cc(-c3ccc(-c4cc5ccc(C(=N)N(C)C)cc5[nH]4)cc3)[nH]c2c1,-0.0
C=C1C(=O)OC2C=C(C)C(O)CCC3(C)CC3C(O)C12,-4.643856189774724
CC=CC=CC=CC(=O)NC(CC(=O)NC(C(=O)C1C(=O)NC(=O)C1C)C(C)C)c1ccccc1,-5.0
O=C(Nc1ccc([N+](=O)[O-])cc1)C1=C2c3ccccc3S(=O)(=O)N2CC1,-4.584962500721156
CCCCCCCC[N+](C)(C)CC(=O)Nc1ccc(C(=O)C=Cc2ccc(F)cc2F)cc1,-1.0
Cc1cccc2nc(NN=Cc3cc(O)c(O)c(O)c3)sc12,-4.247927513443585
O=C1c2ccccc2-[n+]2ccc3c([nH]c4ccc(-c5ccccc5Cl)cc43)c21,-3.643856189774725
CNc1ccc(C(=O)OC2OC(C)C(O)C(O)C2O)cc1,-4.643856189774724
COC1CN(c2nc(-c3nccs3)c(C(=O)O)s2)CCC1NC(=O)c1[nH]c(C)c(Cl)c1Cl,2.9434164716336326
Cc1c(C=O)[nH]c(-c2ccc3c(n2)C(=O)C(=N)C=C3O)c2nc3ccccc3c1-2,-0.0
CCn1cc(C(=O)O)c(=O)c2cc(F)c(-c3ccncc3)cc21,3.0
Clc1ccccc1C1NC(c2ccccc2Cl)C2CCCC1C2=NN=c1[nH]c(-c2ccccc2)cs1,-2.643856189774725
FC(F)(F)c1cc(NC(=S)NC(Cc2ccccc2)c2nc3ccccc3[nH]2)cc(C(F)(F)F)c1,-3.643856189774725
CCn1cc(C(=O)O)c(=O)c2cc(F)c(Cl)cc21,1.4941090702700428
O=C(CCl)N1CCN(CCC2CCCCC2)CC1,-4.0
COc1cc(C=NNC(=O)c2ccc(-c3cccc(Cl)c3)nc2C)cc(OC)c1OC,1.0291463456595165
Cc1nc2ccccc2n1Cc1nnc(-c2ccccc2)o1,-5.0
CC(=O)c1ccc2c(c1OCCCN(C)C)C=CC(C)(CCC=C(C)C)O2,-5.0
CSCCC(N)C(=O)NO,1.0
COc1c(N2CC3CCCN(S(=O)(=O)c4ccc(Cl)cc4)C3C2)c(F)cc2c(=O)c(C(=O)O)cn(C3CC3)c12,-1.2750070474998698
NCC(=O)NC1CCN(c2nc3c(cc2F)c(=O)c(C(=O)O)cn3C2CC2)C1,2.321928094887362
CCCCCC[N+](C)(C)CCCCCCCCCCC(=O)OC,-4.963474123974886
CCn1cc(C(=O)O)c(=O)c2cc(F)c(N3C=CC=CC=C3)nc21,-2.643856189774725
Clc1cc(Cl)c(Cl)c(-c2nc(CN3CCCCC3)cs2)c1,-4.643856189774724
CC1=C(C(=O)OC(c2ccccc2)c2ccccc2)N2C(=O)C(NC3=NCCN3)C2SC1,-1.0
O=C(Cn1ncc2cc([N+](=O)[O-])ccc21)NN1C(=O)CSC1c1ccc(Cl)cc1,-3.700439718141092
COc1cc(C#CC#CC2CC2)ccc1N1CC(C(=O)NO)OC1=O,1.0
O=C(O)c1cn2c3c(c(N4CCCC4)c(F)cc3c1=O)SCC2,-0.6415460290875237
Nc1nc(-c2cc3ccccc3o2)cc(-c2cccs2)n1,-2.111031312388744
CCN(CC)c1ccc2cc(-c3nc4sc(S(=O)(=O)N=CN(C)C)nn4c3C=O)c(=O)oc2c1,-2.0
CC(=O)Nc1cccc(OCc2cc(=O)oc3ccc(Br)cc23)c1,-3.643856189774725
CCNC1CCN(c2c(F)cc3c(=O)c(C(=O)O)c4scc5n4c3c2OC5)C1,1.3584539709124763
Cc1ccc(OCc2ccccc2-c2nnc(SCc3cccc(C)c3)o2)cc1,-3.643856189774725
O=[N+]([O-])c1ccc(C2=NOC(c3ccc(N4CC[S+]([O-])CC4)cc3)C2)o1,-2.643856189774725
O=C(NCC(OCc1ccc(C#Cc2ccc(CN3CCOCC3)cc2)cc1)C(=O)NO)c1ccccc1,2.9434164716336326
O=C(O)c1cn(C2CC2)c2c3c(c(F)cc2c1=O)N1CCCC1CS(=O)(=O)C3,2.0
COc1cc(C2C=C(c3ccc(N)cc3)N=C(SCCCC#N)N2)ccc1O,-4.643856189774724
OCCCCSc1nc(Cl)cc(Sc2nnc(-c3cc(C(F)(F)F)cc(C(F)(F)F)c3)[nH]2)n1,-0.6780719051126377
CC(O)CCCC=CC=CC(O)CC(O)CC=CC=CC(=O)O,-4.0
O=C(CSc1nc2ccccc2o1)NN=Cc1c[nH]nc1-c1ccc(Cl)cc1Cl,-1.6438561897747246
O=c1c2cncn2c2cc(F)c(-c3ccncc3)cc2n1C1CC1,2.0
Fc1ccc(C=Nc2ccc(N3CCOCC3)c(F)c2)cc1,-4.906890595608519
O=c1ccc2ncc(F)c3c2n1CC3(O)CC12CCC(NCc3ccc4c(n3)NCCO4)(CC1)CO2,-5.0
OCC1OC(Oc2cc(Cl)ccc2Oc2ccc(Cl)cc2Cl)C(O)C(O)C1O,1.0
N=C(c1ccc2cc(-c3ccc(Oc4ccc(-c5cc6ccc(C(=N)N7CCCC7)cc6[nH]5)cc4)cc3)[nH]c2c1)N1CCCC1,-4.0
CCCCCCCC[N+](C)(C)CC(=O)Nc1ccc(C(=O)C=Cc2ccc(C(C)(C)C)cc2)cc1,-4.0
CON=c1[nH]cnc2c1[n+](Cc1ccccc1)cn2C,-5.0
CCn1cc(C(=O)O)c(=O)c2cc(F)c(N3CCN(CC(O)CSc4nnnn4C)CC3)cc21,-3.0
COc1ccc(C=NN=c2scc(-c3cc(O)ccc3O)n2-c2ccc(C)cc2)cc1,-3.643856189774725
CC(=O)N1N=C(c2ccc(Br)cc2)CC1c1ccc(Cl)cc1,-4.643856189774724
Cc1ccc(C(C)C)c(Oc2ccc(Cl)cc2NC(=O)c2cc(Cl)cc(Cl)c2O)c1,-3.0
CCS(=O)(=O)NCC=CC1=C(C(=O)O)N2C(=O)C(NC(=O)CSc3ccc4ccccc4c3)C2SC1,-5.0
Cn1cc(NC(=O)c2cc(NC(=O)c3ccc(C=Cc4cnc5ccccc5c4)cc3)cn2C)cc1C(=O)NCCC(=N)N,-5.0
Cn1nnnc1SCC1=C(C(=O)[O-])N2C(=O)C(NC(=O)C(NC(=O)CSCC(=O)[O-])c3ccccc3)C2SC1,-2.655351828612554
N=C(N)SCc1ccc([N+](=O)[O-])cc1,-5.0
CCn1cc(C(=O)O)c(=O)c2cc(F)c(N3CCN(c4ccc(NC(=S)NCc5ccccc5)cc4F)CC3)cc21,-0.925999418556223
NC1CC(N)CN(c2nc(Nc3ccc(F)cc3)nc(N3CC(N)CC(N)C3)n2)C1,-2.0
ON=C1CC(c2ccco2)NC(c2ccco2)C1Cc1ccccc1,-3.643856189774725
CCCCCNC(=O)Nc1c(-c2ccc(F)cc2)nc2ccccc2c1O,-2.643856189774725
CON=C(C(=O)NC1C(=O)N2C(C(=O)[O-])=C(CO)CSC12)c1csc(N)n1,2.0
Cc1[nH]c(C(=O)Nc2ccc(-n3nn[nH]c3=O)cc2N2CCC(N)CC2)c(Cl)c1Cl,-5.0
COc1ccc(Br)c(C(=O)NN2C(=O)CSC2c2ccccc2OC)c1,-3.643856189774725
CSCC(NC(C)=O)C(=O)Oc1cc(C(C)C)ccc1C,-3.321928094887362
CON=C1CCN(c2c(F)cc3c(=O)c(C(=O)O)cn(C4CC4)c3c2F)CC1CN,-0.0
Oc1ccc(Br)cc1CNc1ccccc1F,-4.643856189774724
Cc1cc(C(=O)NN=Cc2ccc([N+](=O)[O-])o2)[nH]n1,-3.643856189774725
C#CCC(NC(=O)C(N)CCl)C(=O)O,-1.6415460290875237
COc1ccc2cc1Oc1cc(ccc1OC)CCC(NCCc1ccc(Cl)cc1)CCCC2,-2.643856189774725
CCCCCCCCNC1=NC(C)(C)NC(NCc2ccccc2Cl)=N1,-4.643856189774724
N=C(N)NN=Cc1ccc(C=CC(=O)c2ccccc2F)cc1,-3.0
CN(C)C1C(O)=C(C(N)=O)C(=O)C2(O)C(O)=C3C(=O)c4c(O)c(NC(=O)CN5CCCC5)cc(F)c4CC3CC12,6.058893689053568
Cc1c(-c2nnc(-c3ccccc3)o2)c(-c2ccc([N+](=O)[O-])cc2)nn1-c1ccccc1,-4.643856189774724
CN(C)CCNc1c(F)c(N2CCN(C)CC2)c(F)c2c1c(=O)c(C(=O)O)cn2C1CC1,4.321928094887363
Fc1ccccc1-n1nnnc1NCc1ccco1,-1.0
COc1ccc(C2=NN(C(C)=O)C(c3ccc(NS(=O)(=O)c4ccc(Br)cc4)cc3)C2)cc1OC,-4.906890595608519
O=C(O)c1cn(CC(O)Cn2cncn2)c2ccc(F)cc2c1=O,-5.0
CN1CCc2c([nH]c3ccccc23)C1c1ccc(NC(=O)c2ccc(F)c(C(F)(F)F)c2)cc1,-4.0
NCc1ncc(-c2ccc(N3CC(CO)OC3=O)cc2F)cc1O,-5.0
N#Cc1ccc(C=NNC(=O)c2ccc(-c3nc4ccccc4[nH]3)cc2)cc1,-4.643856189774724
O=C(C=Cc1ccccc1F)c1ccc(-c2ccc(N3CC(CO)OC3=O)cc2)cc1,-1.6438561897747246
C=CC=C(C)CCC(O)CC(O)CC(=O)OC,-5.0
O=c1cc(CCl)oc(CN2CCC(O)(c3ccc(Br)cc3)CC2)c1O,-2.0
Nc1ccccc1C(=O)NNC(=O)c1ccc(-n2cccc2)cc1,-3.643856189774725
Cc1cccc(OCc2ccccc2-c2nnc(-c3ccccc3)o2)c1,-4.643856189774724
COc1ccc(OC)c(NC(=O)NNC(=O)c2cc([N+](=O)[O-])cn2C)c1,-0.6415460290875237
CCOc1ccc(C=NNCc2ccc(Cl)c(Cl)c2)c(O)c1,-5.0
CC1C(N)CN1c1cc2c(cc1F)c(=O)c(C(=O)O)cn2CCF,2.0
C#Cc1ccc(-c2cn(CCOc3ccc(-c4nc5ccc(N6CCN(C)CC6)cc5[nH]4)cc3)nn2)cc1,-4.0
CCn1cc(C(=O)O)c(=O)c2cc(F)c(-n3cccn3)cc21,-3.643856189774725
Brc1cccc(-c2cc(-c3ccc(-n4cccc4)cc3)on2)c1,-4.643856189774724
CC(O)C1C(=O)N2C(C(=O)[O-])=C(c3cn4cnc(C(=O)c5ccc[n+](C)c5)c4s3)C(C)C12,3.9885043611621707
O=CN(O)CCn1ccc2cc(C#Cc3ccc(CN4CCOCC4)cc3)ccc21,-1.0
COC(=O)N1CCC(Cc2cccc(C(CC#N)Nc3nc4nc(C)ccc4[nH]3)c2)CC1,3.0
O=C(O)c1cn(C2CC2)c2cc(N3CCN(c4nnc(SCc5ccccc5[N+](=O)[O-])s4)CC3)c(F)cc2c1=O,-1.0
CSc1ccc(Cc2nnc3sc(-c4ccc(-c5ccc(Cl)cc5)o4)nn23)cc1,-2.584962500721156
Cc1ccc(NC(=S)NNC(=O)c2cnc3c(C(F)(F)F)cccc3c2O)cc1,-3.643856189774725
Cc1c(C(=O)NN=Cc2ccc([N+](=O)[O-])o2)[n+]([O-])cn1Cc1ccccc1,-3.4594316186372973
c1ccc(-c2nc3ccccc3c3nc4ccccc4n23)nc1,-3.9068905956085187
CCCCCCCCCCCCCCCC(=O)NN1C(=O)CSC1c1ccccc1,1.5145731728297582
O=CNc1c2sscc-2[nH]c1=O,-0.0
COc1ccc(N2CCN(Cn3nc(C(C)c4ccc(CC(C)C)cc4)oc3=S)CC2)cc1,-2.643856189774725
Cc1nc2ccccc2c(=O)n1-c1ccc(NC(=O)CNN=Cc2ccc(C(F)(F)F)cc2)cc1,-4.965784284662087
CCOC(=O)C(C#N)C(c1cc2ccc(OC)cc2n2nnnc12)P(=O)(OCC)OCC,-3.321928094887362
Nc1c(-c2ccc(Cl)cc2)n[nH]c1-c1nncs1,-3.321928094887362
Nc1nc(-c2cc3cc(Br)ccc3o2)cc(-c2cccs2)n1,-2.111031312388744
CON=C(C(=O)NC1C(=O)N2C(C(=O)[O-])=C(C[n+]3ccn4ncccc43)CSC12)c1nsc(N)n1,6.965784284662087
NC1CC(N)CN(c2nc(Nc3ccc(-c4ccccc4)cc3)nc(N3CC(N)CC(N)C3)n2)C1,-4.0
CCn1cc(C(=O)O)c(=O)c2cc(F)c(N3CCC(O)CC3)nc21,-1.6461626571578936
O=[N+]([O-])c1ccc(-c2nnc3n2NC(c2ccc[nH]2)S3)o1,-4.643856189774724
O=C1C=C(c2ccc(Cl)cc2)OC1=NC12CC3CC(CC(C3)C1)C2,-2.963474123974886
CCOC(=O)C12COC(C(C)(C)C)N1C(=O)C(=C(C)NCc1ccc(C)o1)C2=O,-5.0
CCNCC1CCN(c2c(F)c(O)c3c(=O)c(C(=O)O)cn(CC)c3c2F)C1,1.3219280948873622
CC1(C=CC#N)C(C(=O)[O-])N2C(=O)CC2S1(=O)=O,-2.0
Fc1cc(F)c2c(c1)[nH]c1ccc(F)cc12,-0.5849625007211562
N#Cc1ccc(-c2nnc(-c3cc([N+](=O)[O-])c[nH]3)o2)cc1,-1.6438561897747246
O=C(O)c1ncc(-c2ccccc2)n1Cc1ccccc1,1.0
C=C(C(=O)OC)C(O)c1ccccc1,-4.459431618637297
O=C(O)c1cn2c3c(cc(Cl)cc3c1=O)SCC2,-1.6415460290875237
CC(=O)Nc1cccc(-n2c(C=Cc3ccc(C#N)cc3)nc3ccccc3c2=O)c1,-4.0
CCCCCCOc1ccc2[nH]cc(CCN)c2c1,9.965784284662087
C=CCN(CCCO)C(=S)SC1=C(C(=O)O)N2C(=O)C(C(C)O)C2C1C,-3.643856189774725
CCCCCCCCCCCC(=O)OCC[N+](CC)(CC)CC,-4.0
CC1(C)SC2C(NC(=O)C(CCCCN)c3ccccc3)C(=O)N2C1C(=O)O,-2.321928094887362
CCCCCC(O)C(C(CCCCCCC(=O)OCCn1c(C)cnc1[N+](=O)[O-])n1nnnc1C)n1nnnc1C,-4.700439718141092
CC(C)C(C)C=CC(C)C1CCC2C3=CC(=O)OC3(O)CCC21C,-3.321928094887362
Cn1cccc1-c1n[nH]c(=S)n1CC1OC(=O)c2ccccc21,-5.0
O=C(NN=Cc1ccc(O)cc1)c1ccc(-c2nc3ccccc3[nH]2)cc1,-4.643856189774724
CCn1cc(C(=O)O)c(=O)c2cc(F)c(N3CCCC(O)C3)nc21,-1.6461626571578936
CCCCCCCCn1c(C(=O)C=Cc2ccc(Cl)cc2)nc2ccccc21,-3.0
Cc1oc(-c2ccccc2)nc1CCCc1nc2cc(CC(Oc3ccc(C(F)(F)F)cc3)C(=O)O)ccc2o1,-3.643856189774725
Clc1cc(Cl)c(Cl)c(-c2nnc3n2N=C(c2ccccc2)CS3)c1,-3.584962500721156
CCn1cc(C(=O)O)c(=O)c2cc(F)c(N3CCN(CC(=NOC)c4ccc(C)cc4)CC3)cc21,-4.643856189774724
CCOC1=C(C(=O)[O-])N2C(=O)C(C(C)O)C2S1,-2.769771739249448
Cc1ccc(-n2nnc(C3=NN(c4nc(-c5ccc(Br)cc5)cs4)C(c4ccc(F)cc4)C3)c2C)cc1,-4.044394119358453
CC1=C(C(=O)O)N2C(=O)C(NC(=O)C(N)c3ccc4c(c3)OCO4)C2SC1,-4.643856189774724
CC(C)(C)OC(=O)N1CCC2C1C(=O)N2S(=O)(=O)[O-],-4.0
CCC(C)Oc1cc(C=Cc2ccc(C(F)(F)F)cc2)c(C(=O)O)c(O)c1CC=C(C)C,-5.0
Nc1nc(-c2ccc(Cl)cc2)cc(-c2nc3ccccc3[nH]2)n1,-5.0
O=C(O)c1cn(C2CC2)c2nc(N3CCN(CC(=NOCc4ccccc4)c4ccoc4)CC3)c(F)cc2c1=O,4.351074440546879
c1cc2cc(-c3ccc(-c4nc5ccc(C6=NCCCN6)cc5[nH]4)cc3)[nH]c2cc1C1=NCCCN1,1.6896598793878495
CCn1cc(C(=O)O)c(=O)c2c(N)c(F)c(N3CC(C)NC(C)C3)c(Cl)c21,-0.6780719051126377
Cc1ccc(C2C3(SC(=S)NC3=O)C3CCCN3C23C(=O)Nc2ccccc23)cc1,-4.20945336562895
CN(C)CCCn1cnc(NC(=O)c2cc(NC(=O)c3cc(NC(=O)c4cc5ccccc5cn4)cn3C)cn2C)c1,-5.0
CCCCCCCCCCCCCC1CC(=O)NCCCN(C)CCCCN(C)CCCN1,-4.906890595608519
Cc1cc(C)c2c(=O)[nH]c(-c3cc(C)c(O)c(C)c3)nc2n1,-2.643856189774725
CN(C)C1=NC(c2cn(-c3ccccc3)nc2-c2cccc(Cl)c2)N=C(N)N1,-3.0
O=C(Cn1ccnc1)NC1CCN(c2c(F)cc3c(=O)c(C(=O)O)cn(C4CC4)c3c2Cl)C1,-4.0
CCCCON=C(CS(=O)(=O)c1ccc(NC(C)=O)cc1)c1nccs1,-4.0
O=c1ccc2ncc(F)c3c2n1CC3(O)CC12CCC(NCc3cc4c(cn3)SCCO4)(CC1)CO2,-4.0
CC(=O)NCC1CC(c2ccc(-n3ccc(C#N)c3)c(F)c2)=NO1,-4.0
CCSCCSc1nnc(-c2ccc([N+](=O)[O-])cc2)s1,-5.0
NC(=O)c1cc2c(N3CC(O)C3)c(Br)c(C(F)(F)F)nc2nc1N,3.0
Nc1nc(N)c2cc(Sc3cc(Cl)ccc3Cl)ccc2n1,-0.0
CCc1nn(CN2CCN(c3ncc4c(=O)c(C(=O)O)cn(CC)c4n3)CC2)c(=S)n1-c1cccc(OC)c1,0.029146345659516508
O=C(C(=Cc1ccc(C(F)(F)F)cc1)n1cnc2c(Cl)cc(Cl)cc2c1=O)c1nccs1,-2.0
CC(C)(ON=C(C(=O)NC1C(=O)N(S(=O)(=O)O)C1Cn1nccn1)c1csc(N)n1)C(=O)O,1.0
O=C(O)c1cn(C2CC2)c2c(F)c(N3CCCNCC3)c(F)cc2c1=O,5.058893689053568
CC=CC1=C(C(=O)O)N2C(=O)C(NC(=O)C(N)c3ccc(O)cc3)C2SC1,-0.0
CC(C)=CCN1CCCc2cc(OCCCCCCCCNC(=N)N)ccc21,-1.6438561897747246
CC(O)C1C(=O)N2C(C(=O)O)=C(SC3CNC(C(=O)N4CC(OC(N)=O)C(OC(N)=O)C4)C3)C(C)C12,5.321928094887363
O=C([O-])C1=CSC2C(=Cc3cn4c(n3)CNCC4)C(=O)N12,-1.0
CCn1cc(C(=O)O)c(=O)c2cc(F)c(N3CCN(CC(O)Cn4cc([N+](=O)[O-])nc4Cl)CC3)c(OC)c21,-5.0
Nc1nc(N)c2c(ccc3c2ccn3Cc2cc3ccccc3o2)n1,2.0
COc1c(N2CC(CO)C(C(F)(F)F)C2)c(F)cc2c(=O)c(C(=O)O)cn(C3CC3)c12,2.321928094887362
CC1(C)CC(=O)C2=C(C1)N(c1ccc(F)cc1)C(=O)CC2c1cn(-c2ccccc2)nc1-c1ccc(Br)cc1,1.0
O=C(O)C1CC(C(=O)O)C2C(c3ccc(Br)cc3)=NOC12,-1.1375035237499351
COC1CC(c2ccccc2)=NN1C(C)=NOC(=O)c1ccco1,-2.643856189774725
c1cncc(C(c2c[nH]c3ccccc23)c2c[nH]c3ccccc23)c1,-4.963474123974886
CON=C1CN(c2nc3c(cc2F)c(=O)c(C(=O)O)cn3C2CC2F)CC1(C)N,1.0
COc1cc(Cc2cnc(N)nc2N)cc2c1NC(C)(CF)C=C2CF,-3.321928094887362
CNC1C(O)C(OC2C(NC(=O)C(O)CCN)CC(N)C(OC3OC(CNCCO)=CCC3N)C2O)OCC1(C)O,2.0
COc1cc(F)c(CON=C2CN(c3nc4c(cc3F)c(=O)c(C(=O)O)cn4C3CC3)CC2CN)cc1OC,3.0
CC1OC2CC(=O)OC2C2=C1C(=O)c1c(ccc(C3CC(N(C)C)C(O)C(C)O3)c1O)C2=O,-1.0
CC(C)(ON=C(C(=O)NC1C(=O)N(S(=O)(=O)O)C1CN1CCNC1=O)c1csc(N)n1)C(=O)O,1.0
CCn1cc(C(=O)O)c(=O)c2cc(F)c(N3CCN(c4ncc(F)cn4)CC3)cc21,-4.0
COc1ccc2ncc(F)c(CC(NOC(C)=O)C34CCC(NCc5ccc6c(n5)NC(=O)CO6)(CC3)CO4)c2n1,-5.0
Cc1ccc(S(=O)(=O)NC(=O)Nc2ccccc2C(=O)C=Cc2ccccc2[N+](=O)[O-])cc1,-5.0
O=c1c(-c2ccc(O)cc2)coc2cc(O)ccc12,-4.0
CC(=NN1CCOCC1)C1=C(O)C(N)C2Cc3c(c(O)c4c(O)c(C)ccc4c3C)C(=O)C2(O)C1=O,-4.643856189774724
Nc1nc(N)c2cc([S+]([O-])c3ccc4ccccc4c3)ccc2n1,2.0
CCn1cc(C(=O)O)c(=O)c2cc(F)c(N3CCCNCC3)nc21,0.3584539709124763
O=C(O)c1cn(C2CC2)c2nc(N3CC4CC3C[S+]4[O-])c(F)cc2c1=O,1.0
COC1(NC(=O)Cc2ccccc2)C(=O)N2C(C(=O)[O-])=C(C[n+]3ccccc3)COC21,-3.643856189774725
CCCCC(CN(O)C=O)C(=O)N1CCCC1c1nnc(-c2c(F)cccc2[N+](=O)[O-])s1,-4.0
Nc1nc(N)c2c(ccc3c2ccn3Cc2ccc3scnc3c2)n1,4.058893689053568
Nc1nc(N)c2c(ccc3c2ccn3Cc2ccc3sc(N)nc3c2)n1,-3.0
CN1C=C2CC3C(CC(CNC(=O)C=Cc4ccc(C(F)(F)F)cc4C(F)(F)F)CN3C)C3C=CC=C1C23,-2.356143810225275
COc1cnc2ccc(=O)n(CC(N)C3CCC(NCc4ccc5c(n4)NC(=O)CO5)CO3)c2c1,-0.0
CN(C)C=O,1.7369655941662063
N=C1C(Cl)=C(O)OC1O,-5.0
CCn1cc(C(=O)O)c(=O)c2c(N)c(F)c(N3CCNCC3)cc21,2.321928094887362
CCn1cc(C(=O)O)c(=O)c2cc(F)c(N3CCN(Cn4nc(-c5cnccn5)oc4=S)CC3)cc21,3.0
O=C1N(Cc2ccccc2)CCS1(=O)=O,-2.722466024471091
COc1ccc(-c2csc(N3N=C(c4ccc(Br)cc4)CC3c3cccs3)n2)cc1,-2.643856189774725
CNn1cc(C(=O)O)c(=O)c2cc(F)c(N3CCN(C)CC3)cc21,5.321928094887363
O=C(NNc1ccc(Cl)cc1)c1ccc(F)cn1,-4.0
NC1CCN(c2cc(F)c3c(=O)n(N)c(=O)n(C4CC4)c3c2F)C1,-2.0
CCCCCn1c(CCCC)nc(Cl)c1C(Nc1ncccn1)P(=O)(OCC)OCC,-4.0
COc1ccc2oc(=O)cc(COc3cccc(O)c3)c2c1,-3.643856189774725
CC(N)C(=O)NC(C)P(=O)(O)O,1.0
CN1C2CCC1CN(c1cc3c(cc1F)c(=O)c(C(=O)O)cn3C1CC1)C2,3.321928094887362
Cc1ccc(N2C(=O)CSC2=NN=Cc2cn(-c3ccc(S(=O)(=O)N=CN(C)C)cc3)nc2-c2ccccc2)cc1,-4.643856189774724
O=C(NC(c1ccc2c(c1)OCO2)c1ccc2cccnc2c1O)c1ccccc1,-5.0
CCCCCCCCCCNC(=N)NCCCCN1CCCC1,3.0
CC(N)C(=O)NC(C)C(=O)NC(CCCCC(=O)O)C(=O)O,-4.954196310386875
O=C(O)c1cn(C2CC2)c2c(F)c(Oc3ccccc3)c(F)cc2c1=O,-1.6461626571578936
CC(O)C1C(=O)N2C(C(=O)O)=C(c3cn4cnc(C(=O)C5CCNCC5)c4s3)C(C)C12,3.9885043611621707
CC(C)c1ccc(C=CC(=O)c2ccc(-n3cccc3)cc2)cc1,-3.643856189774725
N#CC(=Cc1ccc(Cl)c(Cl)c1)CNC(=O)Nc1ccc(Cl)c(Cl)c1,0.3584539709124763
Nc1ccc(C=Cc2nc3ccccc3c(=O)n2-c2cccc(O)c2)cc1,-4.0
Cc1nc(CC(=O)NC2C(=O)N3C(C(=O)O)=C(Cl)CSC23)cs1,-4.0
COc1c(N2CCC(C(C)(C)N)C2)c(F)cc2c(=O)c3c(=O)[nH]sc3n(C3CC3)c12,4.058893689053568
COc1c(N2CCN(c3nnc(-c4ccccc4[N+](=O)[O-])s3)C(C)C2)c(F)cc2c(=O)c(C(=O)O)cn(C3CC3)c12,-4.0
C=CCOC(=O)C1=C(C)N=C(SCC(=O)OC2CC(C)(C=C)C(O)C(C)C34CCC(=O)C3C2(C)C(C)CC4)NC1C,-4.0
NCCCCC(N)C(=O)NC1CCN(c2c(F)cc3c(=O)c(C(=O)O)cn(C4CC4)c3c2F)C1,-2.655351828612554
CCn1cc(C(=O)O)c(=O)c2cc(F)c(-n3cnc4ccccc43)c(F)c21,-0.6415460290875237
Nc1nc(C(=NO)C(=O)NC2C(=O)N3C(C(=O)O)=C(C=C4CCN(C5CC5)C4=O)CSC23)cs1,4.058893689053568
O=C1OC(CNC(=O)C(F)(F)F)CN1c1ccc(-n2cc(-c3ccccn3)cn2)c(F)c1,-5.0
CN1CCN(N(Cn2nc3c(F)cc4c(=O)c(C(=O)O)cn(C5CC5)c4n3c2=O)N2CCN(C)CC2)CC1,2.0
CCOC(=O)C(C)NC(=O)c1cn(CC)c2cc(C(F)(F)F)ccc2c1=O,-4.643856189774724
Clc1ccc2nc(NCCCNCc3ccc(Cl)c(Cl)c3)oc2c1,-5.0
O=C([O-])C1=CSC2C(=Cc3cc4n(n3)CCS(=O)(=O)C4)C(=O)N12,-2.0
C[n+]1cc(-c2ccccc2)c(C=Cc2ccc(N3CCCCC3)cc2)cc1-c1ccc(C(C)(C)C)cc1,-2.0
COc1ccc(N2CC(c3nc4ccccc4n3C)CC2=O)cc1OC,-5.0
CCN1CCN(c2cc3c(cc2F)c(=O)c(C(=O)O)cn3CC)CC1,3.321928094887362
CCNn1cc(C(=O)O)c(=O)c2cc(F)c(N3CCN(C)CC3)cc21,1.0
CCCCCOc1ccc2c(c1)N(CCCCNC(=N)N)c1ccccc1S2,-2.643856189774725
O=C1C(=O)N(CN2CCN(c3cc4c(cc3F)c(=O)c(C(=O)O)cn4C3CC3)CC2)c2ccccc21,3.321928094887362
C[n+]1c(C=Cc2cc3ccccc3[nH]2)cc(N2CCCCC2)c2ccccc21,-3.0
Oc1ccc(Cl)cc1C=NNc1nc(-c2ccc(Cl)c(Cl)c2)cs1,-3.643856189774725
COc1ccc2nc(C)cc(-n3cc(CN4CCCCC4)nn3)c2c1,-3.643856189774725
CCSCCSc1nnc(-c2ccc([N+](=O)[O-])o2)s1,-5.0
CCn1cc(C(=O)NNC(N)=S)c(=O)c2ccc(C)nc21,3.0588936890535687
O=C(NO)C1CN(c2ccc(C#CC#Cc3ccccc3)cc2)C(=O)O1,3.0588936890535687
COC1CN(c2nc(-c3ccncn3)c(C(=O)O)s2)CCC1NC(=O)c1[nH]c(C)c(Cl)c1Cl,1.0
COc1ccc(C(=O)c2cn(-c3ccccc3)nc2-c2ccc([N+](=O)[O-])s2)cc1,2.0
N=C(N)NN=Cc1cn(-c2ccccc2)nc1-c1cccc(Cl)c1,-0.0
COc1ccc(-c2nnc(-c3c([N+](=O)[O-])ccc(F)c3F)o2)c(F)c1,-3.643856189774725
Cc1nc2scc(-c3ccco3)c2c(=O)n1NC(=O)c1ccc([N+](=O)[O-])cc1,-2.807354922057604
COc1ccc2nc(C)cc(-n3cc(CNC4CCCCC4)nn3)c2c1,-3.643856189774725
OC1CCCc2nc(Nc3ccc(Cl)cc3)sc21,3.0
CC(C)(N)C1CCN(c2cc3c(cc2F)c(=O)n(O)c(=O)n3C2CC2)C1,1.0
C#CCNC(=O)c1cc(OCCC(C)C)c2ccccc2c1,-1.0
CC(C)OCCNc1nc(Cl)c2c(c1O)C(=O)C1=C(O)C3(O)C(=O)C(C(N)=O)=C(O)C(N(C)C)C3CC1C2,-3.0
Cn1c(C2CC(=O)N(c3cccc4ccccc34)C2)nc2ccccc21,-5.0
O=C(CSc1c[nH]nn1)Nc1ccccc1F,-0.6780719051126377
CC(=O)C1=C(C)OC(N)=C(C#N)C12C(=O)Nc1ccc(S(=O)(=O)N3CCOCC3)cc12,-2.643856189774725
Cc1nc2c(=O)n(C3CC3)c3cc(N4CCC(CN)C4)c(F)cc3c2o1,-1.0
COc1ccc(Br)c(C(=O)NN=Cc2ccc([N+](=O)[O-])cc2)c1,-2.643856189774725
CSc1ccc(C=Nn2c(Cc3ccc(SC)cc3)nn(CN3CCN(C)CC3)c2=S)cc1,-4.643856189774724
CCON=C1CN(c2cc3c(cc2F)c(=O)c(C(=O)O)cn3C2CC2F)CC1CN,4.058893689053568
CCCCCC#CC[n+]1ccn(CCCCC[Si](C)(C)C)c1,-4.643856189774724
N#CCOc1cc(F)c2c(c1)CC(CNCCC1CN(c3ccc4c(n3)NC(=O)CO4)C(=O)O1)C2,4.058893689053568
N=C(N)SCc1ccc(Cl)cc1,-1.0
COc1ccc(CN2CCc3c(sc(NC(=O)c4cc(OCCNC(=N)N)ccc4Cl)c3C#N)C2)cc1,-3.0
CON=C(C(=O)NC1C(=O)N2C(C(=O)O)=CCOC12)c1csc(N)n1,2.321928094887362
NCc1cc(F)c(-c2ccc(N3CC(CO)OC3=O)cc2F)cc1O,-5.0
Cc1cc(OCc2cn(Cc3cccc(Cl)c3)nn2)cc2oc(=O)ccc12,-1.0
CC(C)CNc1nccc(NCc2csc(-c3ccccc3)n2)n1,-5.0
COc1ccc(C2=NN(C(C)=O)C(c3ccc(NC(=O)Nc4ccc(C(F)(F)F)cc4)cc3)C2)cc1OC,-3.9068905956085187
COc1ccc(C2OC(c3ccc(OC)cc3)C(C)C(=NNC(=S)Nc3ccccc3)C2C)cc1,-4.643856189774724
COC(=O)C1CCCN1CC1=C(C(=O)O)N2C(=O)C(C(C)O)C2S1,-1.0
O=c1nc(NCC(O)CN2CCN(c3nccc4ccc(F)cc34)CC2)c2ccccc2o1,-2.0
NCCCN(CCCN)CCOc1ccc2sc(CNc3nncc(-c4c(Cl)cccc4Cl)n3)nc2c1,-1.0
CCOC(=O)C1=C(C)NC(=S)NC1c1ccc(NC(=S)Nc2ccccc2F)cc1,-3.321928094887362
CC(O)C1C(=O)N2C(C(=O)O)=C(c3cn4cnc(C(=O)c5cccnc5)c4s3)C(C)C12,-0.0
NC1CC(N)CN(c2cc(Nc3ccc(NC(=O)c4ccc5ccccc5c4O)cc3)nc(N3CC(N)CC(N)C3)c2)C1,-1.0
CCNc1cc(F)cc2c1[nH]c1ncc(-c3cncc(C#N)c3)c(-n3ccc(C#N)n3)c12,5.965784284662087
Fc1cc2c(c3ncccc13)OCN(CCc1cccc(Br)c1)C2,-2.643856189774725
COC1CCN(Cc2ccc(C#Cc3ccc4c(c3)CCC4NC(C(=O)NO)C(C)O)cc2)CC1,1.0
Cc1cc(=O)oc2cc(OCCCCCCn3cncn3)cc(OCCCCCCn3cncn3)c12,-3.0
Cc1c(N2CC(C)OC(C)C2)c(N)cc2c(=O)c(C(=O)O)cn(C3CC3)c12,6.965784284662087
CC(C)C(NC(=O)Cc1cccs1)C(=O)SCC(=O)O,1.0
O=C(O)c1cn(C2CC2)c2c(cc(F)c3nc(-c4ccco4)[nH]c32)c1=O,-1.584962500721156
O=c1cc(NCCCN2CCN(c3nc(F)cc4ccccc34)CC2)c2ccccc2o1,-2.0
O=C1CC(c2ccccc2)=NN1C1CC(C(F)(F)F)Nc2c1cccc2C(F)(F)F,-3.643856189774725
CCOc1c(N2CCCC(CN)C2)c(F)cc2c(=O)c(C(=O)O)cn(C3CC3)c12,3.321928094887362
Cc1c(N2CCCN2C)c(F)cn2c(=O)c(C(=O)O)cc(C3CC3)c12,-1.632268215499513
O=C(Cn1cncn1)c1ccc(Cl)c(Cl)c1,-5.0
C[n+]1cccc(N(CCCCCC2CCCCC2)c2ccc(F)cc2)c1,-4.321928094887363
Cc1cc(NCC(N)c2ccccn2)n2nc(NC(CC#N)c3cccc(Cl)c3)nc2n1,-1.0
COC(=O)C1(C)CCCC2(C)c3ccc(C(C)C)c(NC(=O)Cn4cc(-c5ccc(C#N)cc5)nn4)c3CCC12,-3.643856189774725
C[N+]1(CC2=C(C(=O)[O-])N3C(=O)C(NC(=O)COc4ccccc4)C3SC2)CCN(c2ccccc2)CC1,-5.0
Cc1c(Cc2ccccc2)c(Cl)nc2nc(N)c(C(N)=O)cc12,3.0
N=C(N)NCCCCCCCCNCCCCCCCCNC(=N)NCc1ccccc1,-3.0
CC(C)(C)C1OCC2C(=O)C(=C(NCCCCN)c3ccccc3)C(=O)N21,-5.0
CCCCCCCCC=CCCCCCCCC(=O)NCCCCN,-3.0
O=C(Nc1ccccc1)c1cc(OCc2ccccc2)c2ccccc2c1,-1.0
CCCCC(CN(O)C=O)C(=O)N1CC2(CC2)CC1c1nc(-c2cccnc2)no1,-0.0
CCON=C1CCN(c2nc3c(cc2F)c(=O)c(C(=O)O)cn3-c2ccc(F)cc2F)CC1CN,-1.0
O=C(O)CN1C(=O)C(=Cc2cc3cc(Cl)ccc3nc2Cl)SC1=S,-4.906890595608519
N=C(N)NN=Cc1ccc(C=CC(=O)c2ccc(Br)cc2)cc1,-1.0
CCn1cc(C(=O)O)c(=O)c2c(C)c(F)c(N3CC(C)NC(C)C3)cc21,2.321928094887362
O=C(CCc1ccccc1)NOC(=O)OCc1ccccc1,-0.0
COC1C=CC(=O)C(C)(c2ccc(-c3ccccc3)cc2)O1,-2.6322682154995127
COc1ccc2cc(-c3cn(C4C(=O)N5C4SC(C)C5C(=O)O)nn3)ccc2c1,-3.0
CC(C)(C)c1cc(C(C)(C)C)cc(S(=O)(=O)Nc2ccccc2C(=O)NCCNC(=N)N)c1,-5.0
CC(O)C(N)C(=O)NCC=CCn1cnc2cc(Br)c(Cl)cc2c1=O,-5.0
O=C1OC(Cn2ccnn2)CN1c1ccc(N2CCOCC2)c(F)c1,-3.0
CN1CCN(c2ccc3nc(-c4ccc(OCCN=[N+]=[N-])cc4)[nH]c3c2)CC1,-4.0
CC(=O)NC1C(=O)N2C(C(=O)O)=C(COC(=O)c3cn(C4CC4)c4cc(N5CCNCC5)c(F)cc4c3=O)CSC12,2.473931188332412
O=[N+]([O-])c1ccc(-c2nnc3n2ccc2nnc(-c4ccc([N+](=O)[O-])cc4)n23)cc1,-1.0
CC(C)(C)c1ccc(C(O)CCCN2CCC(C(O)(c3ccccc3)c3ccccc3)CC2)cc1,-3.0
O=c1c2ccccc2[se]n1CCN1CCOCC1,-4.0
O=C1OC(CNS(=O)(=O)c2cccc(C(F)(F)F)c2)CN1c1ccc(N2CC3(COC3)C2)c(F)c1,-1.5993177936982261
COc1ccc(Oc2ccc(NC(=Nc3ccc(Cl)cc3)NCCCNc3ccnc4cc(Cl)ccc34)cc2)cc1,-3.643856189774725
Nc1nc(C(=NOCCF)C(=O)NC2C(=O)N3C(C(=O)[O-])=C(Sc4nc(-c5ccncc5)cs4)CCC23)cs1,2.0
CC([O-])C1C(=O)N2C(C(=O)[O-])=C(C=CCn3cc[n+]4ccccc34)C(C)C12,3.321928094887362
CSc1ccc(OCc2nnc3n2N=C(NC(=O)c2ccccc2O)CS3)cc1,-4.643856189774724
Cc1ccc2oc(=O)c(C(=O)Nc3c(C#N)cnn3-c3ccc(Cl)cc3)cc2c1,-2.0
CC(C)c1csc(-c2nnc(SCC(=O)NN)n2-c2ccccc2)n1,-3.0
c1cc2cc(-c3ccc4cc(-c5ccc6oc(C7=NCCN7)cc6c5)[nH]c4c3)[nH]c2cc1C1=NCCN1,-0.48542682717024166
COc1ccc(N2CCN(Cn3nc(COc4cc(=O)n(C)c5ccccc45)oc3=S)CC2)cc1,-4.643856189774724
CC(C)(C)c1ccc(C[n+]2ccc(C(=O)N3CCN(c4cc5c(cc4F)c(=O)c(C(=O)O)cn5C4CC4)CC3)cc2)cc1,-2.0
CCOC(=O)c1c(Nc2c(C)n(C)n(-c3ccccc3)c2=O)csc1N,-4.247927513443585
CCON=C1CCN(c2c(F)cc3c(=O)c(C(=O)O)cn(C4CC4)c3c2F)CC1CN,-0.0
Cc1cc(=O)oc2cc(N=C3SC(=Cc4ccc(Cl)cc4)C(=O)N3CCO)ccc12,-1.0
CCCN(CCC)CCOc1cc(O)c2c(=O)cc(-c3ccc4c(c3)OCCO4)oc2c1,-4.643856189774724
C#CCN(Cc1ccccc1)S(=O)(=O)c1ccc([N+](=O)[O-])cc1[N+](=O)[O-],-5.0
CN(C)CCNc1nc(Cl)c2c(c1O)C(=O)C1=C(O)C3(O)C(=O)C(C(N)=O)=C(O)C(N(C)C)C3CC1C2,-2.0
CON=C(C(=O)N1CCN(c2ccc3c4c(cccc24)C(=O)N(Oc2ccccc2)C3=O)CC1)c1csc(N)n1,-1.0
CC(=O)NC1CCN(c2cc3c(cc2N)c(=O)c(C(=O)O)cn3C2CC2)C1,-2.0
O=C(O)c1cn(-c2ccc(F)cc2F)c2cc(N3CC4CC3CN4)c(F)cc2c1=O,4.321928094887363
NC1=NC(c2cn(-c3ccccc3)nc2-c2ccc(Br)cc2)N=C(N2CCOCC2)N1,-4.0
C=CC1(C)CC(OC(=O)CSc2nc(C)cc(N3CCN(CC)CC3)n2)C2(C)C(C)CCC3(CCC(=O)C32)C(C)C1O,-1.9656919492247047
O=C(NN=Cc1ccc(Cl)cc1Cl)c1ccc2c(c1)OCCCO2,-2.643856189774725
O=C1NC(=O)C(c2ccc(O)cc2)=C1c1ccccc1,-4.643856189774724
Brc1cc(-c2nnc(C=CC3=COc4ccccc4C3)o2)[nH]c1Br,-1.6438561897747246
NC12CCCCC1CNC2,7.380821783940931
CCON=C1CCN(c2c(F)cc3c(=O)c(C(=O)O)cn(CC)c3c2F)CC1CN,-3.0
CCOC(=O)C(C#N)C(c1cc2c(OC)cccc2n2nnnc12)P(=O)(OCC)OCC,-3.321928094887362
Cc1c(N2CCCC2)c(F)cc2c(CN)cc(=O)n(C3CC3)c12,4.058893689053568
C=C1CCOC2(C(O)C(C)(O)CO)NC(=O)C1(N(C)C)NC2=O,-5.0
O=C1NC(=O)C(=Cc2ccc(C=CC(=O)c3ccc(Cl)cc3)cc2)S1,-5.0
C=CC1(C)CC(OC(=O)Cn2cc(C=CCn3cc(C)c(=O)[nH]c3=O)nn2)C2(C)C(C)CCC3(CCC(=O)C32)C(C)C1O,-5.0
O=C1c2cccc3c(NN=Cc4ccco4)ccc(c23)C(=O)N1C(CO)CO,-5.0
COc1cc2c(c(-c3c(O)cc(OC)c(Cl)c3C)c1)C(=O)C1(O)C(=O)c3c(O)cc(O)cc3C(C)(C)C1C2,-1.6461626571578936
CN(C)C1C(O)=C(C(N)=O)C(=O)C2(O)C(O)=C3C(=O)c4c(O)c(CNC(=O)CNC(C)(C)C)cc(F)c4CC3CC12,-5.0
O=C1NCC(c2c[nH]c3cc(Br)ccc23)NC1c1c[nH]c2cc(Br)ccc12,-4.643856189774724
COc1ccccc1C=Nn1c(S)nnc1-c1cnccn1,-3.643856189774725
CCN(Cc1ccccc1)C(=O)Nc1cc(-c2ccc(OC(F)(F)F)cc2)sc1C(=O)O,-4.392317422778761
CC(=NNC1=NCCN1)c1cnn(-c2ccc(C#CC3CCCC3)cc2)c1C,-2.0
C=CC1(C)CC(OC(=O)CSc2nc(-c3ccncc3)cs2)C2(C)C(C)CCC3(CCC(=O)C32)C(C)C1O,-5.0
CC(=O)NCC1CN(c2ccc(OCC3CCN(c4nc5c(cc4F)c(=O)c(C(=O)O)cn5C4CC4)C3)c(F)c2)C(=O)O1,4.058893689053568
NC(=O)c1cc2c(N3CCC(O)CC3)c(Br)c(C(F)(F)F)nc2nc1N,2.0
CNc1cc(F)cc2cc(C(=O)Nc3ccc(C(=O)O)cc3)c(=O)[nH]c12,6.058893689053568
CON=C1CN(c2c(F)cc3c(=O)c(C(=O)O)cn4c3c2OCC4C)CC1(C)CNC1CC1,-1.0
CC(=O)N1CCN(c2ccc(N3CC(CNO)OC3=O)cc2F)CC1,-5.0
Cc1c(N2CC3CC3(N)C2)c(F)cc2c(CN)cc(=O)n(C3CC3)c12,4.058893689053568
NC(=O)c1cc2cc(C3CCCC3)c(C(F)(F)F)nc2nc1N,-2.0
O=C(O)CN(CCN(CC(=O)O)CC(=O)O)CC(=O)O,2.0
COCC1=C(C(=O)O)N2C(=O)C(NC(=O)COc3ccccc3)C2CC1,-5.0
COc1ccc2c(-c3ccccc3)cc(=O)n(Cc3nnc(S)n3N)c2c1,-3.0
CCCC(NC(=O)C(CC(C)C)NC)C(=O)NC(CCC)C(=O)NC(C)P(=O)(O)O,-1.0
CNC1CN(c2cc3c(cc2F)c(=O)c(C(=O)O)cn3-c2ccccc2F)CC1NC,1.0
Cc1[nH]c(C(=O)NC2CCN(c3ncc(C(=O)O)s3)CC2O)c(Cl)c1Cl,-0.0
COc1cc(N2CCC(c3n[nH]c(=S)n3-c3cc(Cl)cc(Cl)c3)CC2)ccc1Cl,-3.0
CC(O)C1C(=O)N2C(C(=O)O)=C(SC3CNC(c4ccc(C(C)(C)N)cc4)C3)C(C)C12,4.321928094887363
CNc1cc(F)cc2c1[nH]c1nc(Oc3cnc(C)nc3)nc(N3CC(=C(C)CO)C3)c12,2.0
CC(C)CNc1nccc(NCCCNC2CCCc3c2[nH]c2ccccc32)n1,-3.643856189774725
CN(C)c1ccc(C=Cc2cc(N3CCCCC3)[n+](C)c3ccccc23)cc1,-4.0
COc1ccc(C(=O)Nc2cccc(Cl)c2)cc1OC,-4.087462841250339
COc1ccc(O)c(-c2n[nH]c(=S)n2Cc2ccccc2)c1,-5.0
O=C(O)C1C(=CCO)OC2CC(=O)N21,4.058893689053568
CC(=O)OC1CC2(C)C(CCC3C4(C)C=CC(=O)C(C)C4C(OC(C)=O)C(=O)C32C)C1=C(CCC=C(C)C)C(=O)O,-1.6415460290875237
Cc1oc2c(N)cccc2c1CN(C)C(=O)C=Cc1cnc2c(c1)NC(C)C(N)C(=O)N2,-2.0
CC(=Nc1ccc(CC(=O)O)cc1)C1=C(O)C(N)C2Cc3c(c(O)c4c(O)c(C)ccc4c3C)C(=O)C2(O)C1=O,-2.6322682154995127
COc1ccc(-c2sc([S-])n[n+]2C(=O)c2ccc(Nc3nc(-c4ccccc4)nc4ccccc34)cc2)cc1[N+](=O)[O-],-2.0
COc1ccc2cc1Oc1cc(ccc1OC)CCC(NCc1ccc(C(F)(F)F)cc1)CCCC2,-2.643856189774725
CC(O)C(NC(=O)N1CCC(c2ccc(C#Cc3ccccc3)cc2)C1)C(=O)NO,-3.643856189774725
COc1ccc(-c2nc(C3CC(c4ccc(O)cc4)=NN3c3ccccc3)no2)cc1OC,-4.643856189774724
O=C(NNC(=S)Nc1ccc(F)cc1)c1cc([N+](=O)[O-])c[nH]1,-0.6415460290875237
O=c1oc2c(O)c(O)cc3c(=O)oc4c(O)c(O)cc1c4c23,-1.0
O=CNCC1CN(c2ccc(-n3cc(-c4ccccn4)cn3)c(F)c2)C(=O)O1,-5.0
CN(C)c1ccc(-c2[nH]c(=O)c(C(=O)O)c(O)c2C2CC2)cc1,-0.6415460290875237
O=C(NO)C1CN(c2ccc(C#CC#CCCO)cc2)C(=O)O1,3.0
COCC1CC1C#CC#Cc1ccc(C(=O)NC(C(=O)NO)C(C)(C)N)cc1,3.0588936890535687
COc1ccc(C(=O)NCC2CN(c3cc(C)nc4ccc(OC)cc34)C(=O)O2)c(C)c1,-0.6780719051126377
CCN(CC)c1cccc(OCc2cc(=O)oc3ccc(Br)cc23)c1,-3.643856189774725
CC1CN(c2c(F)cc3c(=O)c(C(=O)O)cn(C4CC4)c3c2F)CC(C)N1,7.310432456049533
C=CCN1C(c2ccc(C)cc2)CC(=O)C(C)C1c1ccc(C)cc1,-4.643856189774724
COc1ccc(Br)c(C(=O)NN2C(=O)CSC2c2ccc(F)cc2)c1,-2.643856189774725
CN(C=O)c1c2sscc-2[nH]c1=O,1.0
CCn1cc(C(=O)O)c(=O)c2ccc(N3CCNCC3)c(Cl)c21,1.3584539709124763
CCOC(=O)C1=C(C)NC2=C(C(=O)CC(C)(C)C2)C1c1ccc2c(c1)c1ccccc1n2CC,-4.0
CS(=O)(=O)C1=C(C(=O)O)N2C(=O)C(NC(=O)C(=NOCC(=O)O)c3csc(N)n3)CN2C1,4.058893689053568
Cc1ccc(C=Nn2c(-c3ccccc3)nc3c(Br)cc(Br)cc3c2=O)cc1,-4.307428525192248
CC=C(CO)C(=O)OC1C2=C(C)C(=O)OC2(O)CC23OC2CCC(C)C13C,-2.8579809951275723
C[n+]1cc(-c2ccccc2)c(C=Cc2ccc(N3CCCC3)cc2)cc1-c1ccc2ccccc2c1,-2.0
CCNC(=O)Nc1cc(-c2nc(C(F)(F)F)cs2)c(-c2cc3ncccc3nc2N2CCN(C)CC2)cn1,-0.11103131238874395
CCn1c2cc(N3CCN(C)CC3)c(F)cc2n2c(=O)n(O)c(=O)cc12,-0.0
C=CC1(C)CC(OC(=O)CSc2nc(C)c(C(=O)OC)c(CCC)n2)C2(C)C(C)CCC3(CCC(=O)C32)C(C)C1O,-4.0
CON=C1CC(N)CN(c2cc3c(cc2F)c(=O)c(C(=O)O)cn3C2CC2)C1,2.0
c1ccc(-c2ccc(OCc3nnc4sc(-c5ccccc5)nn34)cc2)cc1,-4.643856189774724
Cc1ccc(OCc2ccccc2-c2nn(CNc3cc(C)ccc3Cl)c(=S)o2)cc1,-4.643856189774724
COc1cccc(C=C2SC(c3ccccc3)N(NC(=O)c3ccc(-c4ccccc4)cc3)C2=O)c1,-2.643856189774725
CC(=O)CSc1nnc(CS(=O)(=O)c2ccc(NC(C)=O)cc2)o1,-4.0
OC1(c2ccc(-c3ccccc3)cc2)C[N+](c2ccc3c(c2)OCO3)=C2CCCCCN21,-5.0
CCN(Cc1ccccc1)C(=O)Nc1cc(-c2ccc(C(F)(F)F)cc2)sc1C(=O)O,-4.392317422778761
Cc1c(N2CCN(C)CC2)c(N)cc2c(=O)c(C(=O)O)cn(-c3ccc(O)cc3)c12,3.0
Fc1ccc(CN2COc3c(cc(Cl)c4cccnc34)C2)c(F)c1,-2.643856189774725
CCn1cc(-c2csc(N)n2)c(=O)c2cc(F)c(N3CCN(C(=O)OC(C)(C)C)CC3)cc21,-3.4195388915137843
C=Cn1cc(C(=O)O)c(=O)c2cc(F)c(N3CCC4CCC(C3)N4C)cc21,0.3584539709124763
CC1OC(OC2C(O)C(N)CC(N)C2OC2OC(CN)CCC2N)C(O)C(O)C1N,-4.0
CCOC(=O)C12COC(C(C)(C)C)N1C(=O)C(=C(C)N1CCN(C3CCCCC3)CC1)C2=O,-5.0
O=C(c1cccnc1)N(N=Nc1ccc([N+](=O)[O-])cc1Br)c1ccc([N+](=O)[O-])cc1Br,-4.0
CCOC(=O)C1=C(C)NC(=S)NC1c1ccc(NC(=S)Nc2ccc(OC)cc2)cc1,-3.321928094887362
CCCCCCc1ccc(-c2cn(C(C)C)c(N)n2)cc1,10.994930630321603
Cc1c(N2CCC(CN)(C(F)(F)F)C2)c(F)cn2c(=O)c(C(=O)O)cc(C3CC3)c12,1.3584539709124763
CC(C)C(O)C1=C(C(=O)[O-])N2C(=O)C(C(C)O)C2C1C,4.351074440546879
CCSc1nnc(-c2cc(Br)c(Br)[nH]2)o1,-3.643856189774725
Cc1cc2c(N)nc(N)nc2cc1-c1ccc(N)cc1,-3.0
N#Cc1ccc(CN2CCc3c(sc(NC(=O)c4cc(OCCNC(=N)N)ccc4Cl)c3C#N)C2)cc1,-4.0
CC(C)(C)NC(=O)NCC1CN(c2ccc(-c3nnc4ncccn34)cc2)C(=O)O1,-4.0
COc1ccc2[nH]cc(CN3CCN(Cc4ccc(C(F)(F)F)cc4N4CCCC4)CC3)c2c1,-5.0
Cc1cc(C(F)(F)F)nc2nc(N)c(C(N)=O)cc12,2.0
Cc1ncc([N+](=O)[O-])n1CCOC(=O)c1ccccc1OCc1cccc(Cl)c1F,-3.643856189774725
CNC(=N)c1ccc2cc(-c3ccc(-c4cc5ccc(C(=N)NC)cc5[nH]4)cc3)[nH]c2c1,-2.0
Cc1ccccc1-c1c[n+](C)c(-c2ccc(C(C)(C)C)cc2)cc1C=Cc1ccc(O)cc1,-5.0
NCC(Nc1n[nH]c2ccc(-c3ccccc3Cl)cc12)c1ccccc1,-2.0
CCOC(=O)C1(C)C(C)NC(=O)N(C)C1c1ccccc1[N+](=O)[O-],-5.0
CCNc1cc(F)cc2c1[nH]c1ncc(-c3cnc(NC4CCNCC4)nc3)c(-n3ccc(C(F)(F)F)n3)c12,0.6665762662748083
COc1cc2c(cc1OC)C1=NN(C(N)=S)C(c3ccccc3Cl)C1C2,-3.0
O=C(O)c1c2n(c3cc(N4CCNCC4)c(F)cc3c1=O)C(c1ccc(F)cc1)S2,5.321928094887363
COc1nc2c(CCC34CCC(NCc5ccc6c(n5)NC(=O)CO6)(CC3)CO4)ccnc2cc1Cl,-5.0
COc1ccc(-c2cn3nc(Cc4noc5ccccc45)sc3n2)cc1,-1.584962500721156
COc1c(N2CCC(CN)(CF)C2)c(F)cc2c(=O)c(C(=O)O)cn(C3CC3)c12,4.321928094887363
O=C(O)c1cn2c3c(c(Cl)c(F)cc3c1=O)SC(c1ccccc1F)C2,3.0588936890535687
CCc1ccc(CNC2CCCCC2NCc2ccc(CC)cc2)cc1,6.965784284662087
CC(C)c1csc(-c2nn(CN3CCN(C)CC3)c(=S)n2N=Cc2ccc(N(C)C)cc2)n1,-4.0
COc1ccc2nc(N3C(=O)CSC3N3CCN(c4cc5c(cc4F)c(=O)c(C(=O)O)cn5C4CC4)CC3)sc2c1,-1.0
CCC(CN)=C1CN(c2nc(C#N)nc3[nH]c4c(NC)cc(F)cc4c23)C1,2.0
CCNc1cc(F)cc2c1[nH]c1ncc(-c3cncc(C(=N)NC)c3)c(-n3ccc(C(F)(F)F)n3)c12,1.0
O=C1C(Cl)C(c2ccc([N+](=O)[O-])cc2)N1N=CCCn1nnc2ccccc21,1.0
CCC(C(CC(C)O)c1n[nH]c2cc(C#Cc3ccc(CN4CCOCC4)cc3)ccc12)N(O)C=O,-0.0
NC(=O)c1cc(OCCN2CCN(c3ccccc3)CC2)c2ccccc2c1,-1.0
O=[N+]([O-])c1ccc(OCc2nc3cc(Br)ccc3n2S(=O)(=O)c2cc(F)ccc2F)cc1,-5.0
Cc1ccc(C(C)C)cc1O,0.7369655941662062
CC(=O)N1N=C(c2ccc(-n3c(C)ccc3C)cc2)OC1c1c(Cl)cccc1Cl,-4.0
CN1CCN(c2nc3c(cc2F)c(=O)c(C(=O)O)cn3-c2ccc(O)cc2)CC1,4.321928094887363
CN(C)C1C(O)=C(C(N)=O)C(=O)C2(O)C(O)=C3C(=O)c4c(O)c(N)nc(Cl)c4CC3CC12,2.0
COc1ccc2nc(C)cc(-n3cc(CN4CCN(C(C)C)CC4)nn3)c2c1,-2.643856189774725
O=C(CC(c1ccccc1)C1CCCc2[se]nnc21)c1ccc2ccccc2c1,-4.643856189774724
CC(=O)N(O)CC1CN(c2ccc(N3CCN(C(C)=O)CC3)c(F)c2)C(=O)O1,-5.0
C=C1C2C(NC(=O)C(N)c3ccccc3)C(=O)N2C(C(=O)O)=CC1(C)C,-2.321928094887362
O=C(c1cccnc1)N(N=Nc1ccc([N+](=O)[O-])cc1)c1ccc([N+](=O)[O-])cc1,-3.0
COc1ccc2ncc(F)c(CCN3CCC(C(O)Cc4ccc(C)cc4)CC3)c2n1,-4.0
O=C1CSC2(CCCCC2)N1c1ccc(Br)cc1,2.321928094887362
O=C(Cc1ccccc1)NC1C(=O)N2C(C(=O)O)=C(C=CCNC(=O)c3cccnc3)CSC12,-5.0
CC1=NN(C(=O)c2sc3ccccc3c2Cl)C(=O)C1=NNc1ccccc1,-2.584962500721156
CC(NC(=O)C(N)CCCN=C(N)N[N+](=O)[O-])P(=O)(O)O,1.0
CC(C)(C)n1cc(C(=O)O)c(=O)c2cc(F)c(N3CCNC(CF)C3)nc21,2.9434164716336326
Oc1ccc(C(Cc2ccc(Cl)cc2)=Nc2ccc(Cl)cc2)cc1O,-2.643856189774725
CC(C)c1cc2c(c(O)c1O)C1(C(=O)O)CCCC(C)(C)C1CC2,-2.0
COc1ccc2ncc(F)c(CC(O)C3CCC(NCc4ccc5c(n4)NC(=O)CO5)CO3)c2n1,7.965784284662087
NC1CN(c2c(F)cc3c(=O)c(C(=O)O)cn(C4CC4)c3c2F)CC1c1ccc(Cl)c(Cl)c1,3.321928094887362
O=C1CCCC2=C1C(c1cn(-c3cccc(C(F)(F)F)c3)nn1)c1c(ccc3ccccc13)O2,-3.643856189774725
O=C(NCCc1c[nH]c2ccc(Br)cc12)c1ccc(Cl)c(Cl)c1,2.0
COc1c(F)cc2c(=O)c(C(=O)O)c3scc4n3c2c1OC4,0.3584539709124763
O=c1ccc2ncc(F)c3c2n1CC3(O)CC12CCC(NCc3cc4c(cc3Cl)OCCO4)(CC1)CO2,-5.0
O=[N+]([O-])c1ccc(-c2csc(NN=Cc3cc(Cl)cc(Cl)c3Cl)n2)cc1,-4.643856189774724
CCn1cc(C(=O)O)c(=O)c2cc(F)c(N3CCN(CC(=NOC)c4nccs4)CC3)cc21,2.0
CCCCC(CC(=O)NO)S(=O)(=O)c1ccc(Br)cc1,-4.0
CCc1nc(N)nc(N)c1C#CCc1cc(-c2ccccc2C(=O)O)ccc1OC,-4.321928094887363
NCC1CC(OC2C(N)CC(N)C(OC3OC(CN)C(O)C(O)C3N)C2O)C(N)CC1O,-5.0
COc1c(-c2cc3n(c2)CCNC3)c(F)cc2c1N(C1CC1)CC(C(=O)O)C2=O,-0.0
CC(O)C1C(=O)N2C(C(=O)O)=C(CN(C)CC(=O)N3CCN(C)CC3)SC12,1.0
CON=C1CN(c2nc3c(cc2F)c(=O)c(C(=O)O)cn3-c2nc(N)c(F)cc2F)CC1CN,-1.0
CCn1cc(C(=O)O)c(=O)c2cc(F)c(N3CCC(CN)C3)cc21,1.3219280948873622
O=C(O)c1cn(C2CC2)c2c(F)c(N3CCc4sccc4C3)c(F)c(F)c2c1=O,1.0
Cc1ncc([N+](=O)[O-])n1CC(C)OC(=O)C=Cc1ccc(OCc2ccccc2)cc1,-1.6461626571578936
COC1CCCC(C)OC(=O)Cc2cc(O)cc(O)c2C(=O)C1,-4.643856189774724
NC1CCN(c2c(F)cc3c(=O)c(C(=O)O)c4scc5n4c3c2OC5)C1,3.321928094887362
Cc1c2c(nn1CC(=O)NN=Cc1ccccn1)-c1ccccc1S(=O)(=O)N2C,-4.807354922057604
CCNc1nccc(NCc2ccc(-c3ccccc3)s2)n1,-4.0
COc1ccc(C=NN=c2scc(-c3cc(O)ccc3O)n2-c2ccc(C)cc2)cc1O,-4.643856189774724
CC(=O)NCC1CC(c2ccc(-n3cc(C#N)cn3)c(F)c2)=NO1,-4.0
O=C1C=CC(=O)N1CC(=O)N1c2ccccc2Sc2ccc(C(F)(F)F)cc21,-3.321928094887362
CCC1(C)CC(OC(=O)CSc2nnc(N)[nH]2)C2(C)C(C)CCC3(CCC(=O)C32)C(C)C1O,-2.0
C=C(C#N)C(O)c1ccccc1,-4.247927513443585
CCOC(=O)C1=C(C)N=C2Sc3ccccc3N2C1c1ccc(O)cc1,-2.643856189774725
COc1cc(NS(=O)(=O)c2c(F)ccc(C(F)(F)F)c2Cl)ccc1-n1cnc(Cl)c1,-2.0
O=C1c2cccc3c(N4CCNCC4)ccc(c23)C(=O)N1Nc1nccs1,-2.0
CCNc1cc(F)cc2c1[nH]c1ncc(-c3cncc(C#N)c3)c(-n3ccc(CN)n3)c12,-1.0
COc1ccc2nc(C)cc(-n3cc(CN4CCC(c5ccccc5)CC4)nn3)c2c1,-3.643856189774725
NCC1OB(O)c2c(OCCCO)cccc21,-0.0
CCCCCCCCNC1=NC(C)(C)NC(NCc2ccc(C)cc2)=N1,-3.643856189774725
CN(C)Cc1cn(CC2CCC3CN2C(=O)N3OS(=O)(=O)[O-])nn1,5.058893689053568
Cn1c(=O)c2nccn2c2c(=Cc3ccncc3)c3ccccc3c21,5.965784284662087
O=C1SC(=Cc2sc(Cl)nc2Cl)C(=O)N1Cc1ccccc1,-4.643856189774724
NC1CCN(c2cc3c(cc2F)c(=O)c(C(=O)O)cn3C=CF)C1,4.321928094887363
C=C(CCC(C)C1CC(O)C2C3CC(O)C4C(O)C(O)CCC4(C)C3CCC12C)C(C)CO,-4.643856189774724
CC(C)=CCCC1(C)C2C=C(C(=O)O)CC(O)C21,-2.321928094887362
O=[N+]([O-])c1cccc2c1NCC1C2=NN(c2ccccc2)C1c1ccc(F)cc1,-4.087462841250339
CCNC(=O)Nc1cc(-c2ccncc2)c(-c2cncc(C(=O)O)c2)cn1,-3.169925001442312
CS(=O)(=O)c1ccc(Cc2nnc3n2N=C(c2ccc(Cl)cc2Cl)CS3)cc1,-1.6438561897747246
CCOC(=O)c1cn(CC)c2cc(N3CCNCC3)c(F)cc2c1=O,-3.643856189774725
O=C(O)c1cn(C2CC2)c2c3c(c(F)cc2c1=O)N1CCCC1CN=C3,2.0
CC(C)(ON=C(C(=O)NC1C(=O)N2C1SCC1CC(=O)OC12C(=O)O)c1csc(N)n1)C(=O)O,1.0
COC1(NC(=O)Cc2ccc(O)cc2)C(=O)N2C(C(=O)[O-])=C(CSc3nnnn3C)COC21,3.643856189774725
O=C(NNS(=O)(=O)c1ccc(F)cc1)N1N=C(c2ccccc2)CC1c1ccc(F)cc1,-4.643856189774724
CCn1cc(C(=O)O)c(=O)c2cc(F)c(-n3cnc(C=NO)c3)c(F)c21,-2.643856189774725
NC1CCN(c2cc3c(cc2F)c(=O)c(C(=O)O)cn3-c2ccc(O)cc2)C1,4.321928094887363
CC(C)(C)n1cc(C(=O)O)c(=O)c2cc(F)c(N3CC(N)C(F)C3)nc21,2.0
COc1c(N2CC3CCCN(Cc4ccccc4)C3C2)c(F)cc2c(=O)c(C(=O)O)cn(C3CC3)c12,-1.2570106182060239
CCC(C)C(NC(=O)c1cnc2cc(C(F)(F)F)ccc2c1O)C(=O)O,-4.643856189774724
CC(=O)Oc1cccc(C(=O)OCC2=C(C(=O)[O-])N3C(=O)CC3S2)c1OC(C)=O,1.0
C=CCCCCCCCCc1nnc(Nc2ccccc2)o1,-3.643856189774725
CC(C)CCC(O)CCCCCCCCCC1NC(CO)C1O,-4.06177619758669
Cc1ccc(-n2cc(C(=O)O)c(=O)c3cc(F)c(N4CCNCC4)cc32)c(F)c1,2.321928094887362
NC(=NO)c1ccc(-c2ccc(N3CC(CO)OC3=O)cc2)cc1,-3.0
OB(O)c1cc(Cn2cc(-c3ccsc3)nn2)ccc1F,4.058893689053568
CCOC(=O)C1CC1C1CN(c2cc3c(cc2F)c(=O)c(C(=O)O)cn3C2CC2)CC1N,2.321928094887362
CC(C)(OC(=O)NCCCn1[se]c2ccccc2c1=O)C(F)(F)F,-3.0
CN(C)c1cc(NC=O)c(O)c2c1CC1CC3C(N(C)C)C(=O)C(C(N)=O)=C(O)C3(O)C(=O)C1=C2O,2.0
COc1cccc(OCCNC(=O)c2c(C)nc3ccc(C)cn23)c1,-5.0
Cc1cc(C)cc(Nc2c3ccccc3[n+](C)c3c2[nH]c2ccccc23)c1,-3.0
O=C(Cc1ccccc1)Nc1ccc(-c2nc3ccccc3s2)cc1,3.0
CC(C)=CCc1c(CC2C(=O)N3CCCC3C(=O)N2C(=O)OC(C)(C)C)c2ccccc2n1C(=O)OC(C)(C)C,-4.247927513443585
CCn1cc(C(=O)O)c(=O)c2cc(F)c(N3CCC(NC)C(=NOC)C3)c(F)c21,1.0
CN(C)C1C(O)=C(C(N)=O)C(=O)C2(O)C(O)=C3C(=O)c4c(cc5ccc(CN6CC(F)(F)C6)cc5c4O)CC3CC12,-5.0
CC(C)c1csc(-c2nnc(S)n2N=Cc2ccc(N(C)C)cc2)n1,-4.0
Brc1cc2c(c3ncccc13)OCN(CCc1ccccc1)C2,-4.643856189774724
N#Cc1ccc(Cn2cc(CN3c4ccccc4Sc4ccccc43)nn2)cc1,-3.643856189774725
N=C(N)NCCc1ccc(OCc2ccccc2COc2ccc(CCNC(=N)N)cc2)cc1,-3.0
Sc1nnc(COc2cccc3[nH]c4ccccc4c23)o1,-0.0
COc1ccc2oc(=O)cc(C(CC(=O)O)c3c(C)n[nH]c3O)c2c1,-1.6438561897747246
O=C(O)c1ccc(CN2C(=O)SC(=Cc3cccs3)C2=O)cc1,-3.0
CCn1cc(C(=O)NNS(=O)(=O)c2ccc(C)cc2)c(=O)c2cc(Cl)ccc21,4.0
Cc1c(-c2nnc(-c3ccc([N+](=O)[O-])cc3)o2)c(-c2ccccc2)nn1-c1ccccc1,-4.643856189774724
CCn1cc(-c2csc(N)n2)c(=O)c2cccc(F)c21,-3.2172307162206693
NS(=O)(=O)NC(=O)c1nn(-c2ccccc2)c(-c2ccccc2)c1C(=O)c1ccccc1,-5.0
CCc1cc(C(=O)O)c(=O)n2cc(F)c(N3CCC(N)C3)c(C)c12,6.643856189774724
CCNCC1CCN(c2cc3c(cc2F)c(=O)c(C(=O)O)cn3C2CC2)C1,7.965784284662087
CCCCCCCC=CC(O)C#CC#CC(O)CC,-2.643856189774725
O=C(C=Cc1ccc[nH]1)c1ccccc1,-3.321928094887362
CC(O)C1C(=O)N2C(C(=O)O)=C(SC3CNC(CSc4cnns4)C3)C(C)C12,6.265344566520995
O=C1OC(=Cc2ccc(O)c(Br)c2)C(c2ccc(O)c(Br)c2)=C1C(=O)c1ccc(O)cc1,-3.9653225483672547
CN(C(=O)NC1C2CC3CC(C2)CC1C3)c1ccc(F)c(F)c1F,-4.643856189774724
C=CCc1cc(Cc2cnc(N)nc2N)cc(OC)c1O,-0.0
NCC1OC(OC2C(N)CC(N)C(OC3OCC(O)C(O)C3O)C2O)C(N)C(O)C1O,-5.0
Cc1nc2ccccc2c(=O)n1-c1ccc(NC(=O)CNN=Cc2ccc(Cl)cc2)cc1,-4.965784284662087
CC(O)C1C(=O)N2C(C(=O)[O-])=C(SC3CCOC3CN=CN)C(C)C12,4.058893689053568
CCON=C1CCN(c2c(F)cc3c(=O)c(C(=O)O)cn(CC)c3c2F)CC1(C)N,-3.0
CNc1cc(F)cc2cc(C(=O)Nc3ccc(CO)cc3CN(CCO)C3CCCCC3)c(=O)[nH]c12,5.058893689053568
CC(=O)OCC1=C(C(=O)[O-])N2C(=O)C(NC(=O)C(NC(=O)C3CO3)c3ccccc3)C2SC1,-4.643856189774724
CCc1[nH]c2nc(Sc3cnc4nccnc4c3)nc(N3CC4C(C3)C4NC(=N)N)c2c1Cl,-1.0
COC1=CC(=O)N(C(=O)C2CSC(C(CO)NC(=O)c3csc(C=NO)n3)=N2)C1,-0.0
CC(=O)OCC1=C(C(=O)[O-])N2C(=O)C(NC(=O)C[S+]([O-])CC(F)(F)F)C2SC1,-2.655351828612554
COc1cccc(-c2nnc(Cn3c([N+](=O)[O-])cnc3C)o2)c1,-3.643856189774725
O=C(O)c1cn(C2CC2)c2c(F)c(N3CCN(O)CC3)c(F)cc2c1=O,3.321928094887362
CC(CC1CN(c2ccc(C#CC3CC3)cc2)C(=O)O1)(C(=O)NO)S(C)(=O)=O,3.0
Cc1ccc(-n2cc(C(=O)c3ccccc3)c(-c3ccc([N+](=O)[O-])s3)n2)cc1,2.0
CCCCCCNC(=O)C[N+](C)(C)CCCOc1ccc2ccc(=O)oc2c1CC=C(C)C,-5.0
COc1cccc(C=C2SC(=O)N(Cc3ccc(C(=O)O)cc3)C2=O)c1,-3.0
CCCCCCCCCCCCOC(=O)CC(C[N+](C)(C)C)OC(=O)C(C)C,-4.643856189774724
CC#CCOC(=O)NCc1cc(-c2sc(-c3cccnc3)nc2N2CCCCC2)n[nH]1,1.0
CC(=O)Nc1ccc(S(=O)(=O)CC(=NOCC#N)c2nccs2)cc1,-5.0
Cc1c(N2CC3COCC3(CN)C2)c(F)cn2c(=O)c(C(=O)O)cc(C3CC3)c12,3.321928094887362
COc1ccccc1C=CC(=O)C=CC1=C(C)CCCC1(C)C,-4.977279923499917
COc1cc(OS(=O)(=O)C(F)(F)F)c2c(c1C(C)=O)OC(C)(C)C=C2,0.6438561897747247
O=[N+]([O-])[O-],-3.0
Fc1ccc(Nc2c(-c3c[nH]c4ccc(F)cc34)nc3sc4cc(F)ccc4n23)cc1,2.8365012677171206
O=C(NCc1cn(Cc2ccccc2F)nn1)c1cccnc1,-4.643856189774724
O=c1cc(-c2ccccc2)c2cc(Cl)ccc2n1Cc1nnc2n1N=C(c1ccccc1)CS2,-1.0
CON=C(C(=O)NC1C(=O)N2C(C(=O)[O-])=C(C[n+]3csc4c3CCCC4)CSC12)c1csc(N)n1,5.058893689053568
CCOC(=O)C1=C(N)OC(C)=C(C(C)=O)C12C(=O)Nc1ccc(S(=O)(=O)N3CCOCC3)cc12,-1.9634741239748859
O=C1N2CC=CC(C2)N1OS(=O)(=O)[O-],-4.0
CN1CCN(C(=O)c2ccc3c(c2)OCCCO3)CC1,-2.643856189774725
COc1ccc2nc(Cl)c(C(=O)NCc3cn(C(=O)c4ccc(F)cc4)nn3)cc2c1,-2.643856189774725
O=C1CCc2c(cccc2NC(=O)CN2CCOCC2)N1,-5.0
Cc1ncc([N+](=O)[O-])n1CC(O)CNC1CCN(c2c(F)cc3c(=O)c(C(=O)O)cn(C4CC4)c3c2Cl)C1,-1.0
Cc1[nH]c(C(=O)Nc2nc3c(OC(CN4CCOCC4)C4CC4)cc(C(=O)O)cc3s2)c(Cl)c1Cl,3.0
Cc1[nH]c(C(=O)Nc2nc3c(OC(C)c4ccc(CN5CCOCC5)cc4)cc(C(=O)O)cc3s2)c(Cl)c1Cl,3.0
COC(=O)Cc1ccccc1OC(=O)c1cccc([N+](=O)[O-])c1,-1.6438561897747246
CC(CCN1Cc2cc(C#CC#CC3CN(CCO)C3)cn2C1=O)(C(=O)NO)S(C)(=O)=O,1.0
CCNCC1CCN(c2c(F)cc3c(=O)c(C(=O)O)cn(C4CCCC4)c3c2F)C1,0.3219280948873623
O=CN1CCN(c2cc3c(cc2F)c(=O)c(C(=O)O)cn3C2CC2)CC1,5.058893689053568
COc1ccc(Sc2nc3ccccc3nc2Sc2ccc(OC)cc2)cc1,-1.3219280948873624
CCN1CCN(N(Cn2nc3c(F)cc4c(=O)c(C(=O)O)cn(C5CC5)c4n3c2=O)N2CCN(CC)CC2)CC1,3.0
CC(C)Cc1ccc(C(C)C(=O)c2ccc(OCc3cn(-c4ccc(Br)cc4)nn3)cc2O)cc1,-3.584962500721156
CC1CCN(S(=O)(=O)c2ccc(-n3cnc4c(=O)[nH]c(N)nc43)c(Cl)c2)CC1,-4.0
C=CCSc1nc2ccc(NC(=O)C=Cc3ccccc3)cc2c(=O)n1Cc1ccccc1,-3.0
Clc1cc(Cl)c2oc(NN=Cc3c[nH]nc3-c3cc(Cl)sc3Cl)nc2c1,-1.6438561897747246
CC1(CNC2CC2)CN(c2nc3c(cc2F)c(=O)c(C(=O)O)cn3C2CC2)CC1=NOCc1ccccc1,-0.0
Cc1ccc(-c2cc(-c3cc4cc(Br)ccc4o3)nc(O)n2)s1,-2.111031312388744
O=C1COc2cnc(CNC34CCC(CC5(O)Cn6c(=O)ccc7ncc(F)c5c76)(CC3)OC4)nc2N1,-3.0
Cc1ccc(-c2nn(-c3ccc([N+](=O)[O-])cc3[N+](=O)[O-])cc2C2N=C(N)NC(N(C)C)=N2)cc1,-4.0
c1ccc(Cn2cc(COc3ccc(-c4nc5ccc(C6=NCCCN6)cc5s4)cc3)nn2)cc1,-5.0
CC(C)=CCCC(C)=CCc1c(O)cc(O)c(C(=O)C(C)C)c1O,-0.0
COc1c(N2CC3CCCN(S(=O)(=O)c4ccccc4)C3C2)c(F)cc2c(=O)c(C(=O)O)cn(C3CC3)c12,-1.2750070474998698
O=c1c2c(n(C3CC3)c3cc(N4CCNCC4)c(F)cc13)COB2O,-4.0
CCC(CN)=C1CN(c2nc(Oc3cnc(C4CC4)nc3)nc3[nH]c4c(NC)cc(F)cc4c23)C1,6.058893689053568
Cc1c(C(=O)Nc2nnc(-c3cc(Cl)ccc3Cl)o2)c(-c2ccccc2)nc2ccccc12,1.3584539709124763
CCc1[nH]c2nc(Sc3ccc4ccc(C(=O)O)nc4c3)nc(N3CCC(N)C3)c2c1Cl,-3.0
COc1ccc(C=Nn2c(-c3ccccc3)nc3c(Br)cc(Br)cc3c2=O)cc1,-4.902073579310743
CON=C1CCSC2=C1CN(c1cc3c(cc1N)c(=O)c(C(=O)O)cn3C1CC1)CC2,-4.0
CC(C)c1csc(-c2nnc(S(=O)(=O)Cc3ccc(Br)cc3)n2N=Cc2c(F)cccc2F)n1,-3.0
CC(C)(C)OC(=O)n1cc(CC2NC(=O)C3CCCN3C2=O)c2ccccc21,-4.321928094887363
C[n+]1cc(-c2ccccc2)c(C=Cc2ccc(C(C)(C)C)cc2)cc1-c1ccc(C(C)(C)C)cc1,-1.0
O=C(NCc1c[nH]c2ccccc12)Nc1cc(C(F)(F)F)cc(C(F)(F)F)c1,4.997693532616831
O=C1NC(=S)SC1=Cc1ccc(C=Nn2c(-c3ccccc3Cl)n[nH]c2=S)cc1,-4.0
Cc1c2c(nn1CC(=O)NN=Cc1cccnc1)-c1ccccc1S(=O)(=O)N2C,-4.754887502163468
CC1COc2c(N3CCN(CC(=O)c4ccc(Cl)cc4)CC3)c(F)cc3c(=O)c(C(=O)O)cn1c23,1.0
O=C1c2cccnc2C(=O)c2c1c(C(=O)OCCCCN1CCOCC1)c1ccc(Br)cn21,-4.0
CON=C(C(=O)NC1C(=O)N2C(C(=O)[O-])=C(C[n+]3ccc(C(N)=S)cc3)CSC12)c1csc(N)n1,5.058893689053568
COc1ccc(Oc2c(C=NNC(=O)Cn3c([N+](=O)[O-])cnc3C)c(C)nn2-c2ccccc2)cc1,-1.6415460290875237
COc1ccc2c(C)nc(=O)n(CCN3CCC(NCc4cc5c(cn4)OCCO5)CC3)c2c1,-3.0
CC(O)C1C(=O)N2C(C(=O)[O-])=C(C[n+]3ccccc3)C(C)C12,3.321928094887362
Ic1ccc(-c2csc(NN=Cc3ccco3)n2)cc1,-5.0
COc1cc(-c2[nH]c(=S)n3nnnc3c2C#N)cc(OC)c1OC,-5.0
Cc1cc(=O)oc2cc(OCCCCCn3cncn3)ccc12,-5.0
COc1ccc(C(=O)Nc2ccc(Cl)cc2)cc1OC,-4.087462841250339
CCSc1ccc(OCc2nnc3n2N=C(c2ccc(Cl)cc2)CS3)cc1,-4.643856189774724
CC(C)(C)n1cc(C(=O)O)c(=O)c2cc(N)c(N3CCc4ccccc4C3)cc21,3.0588936890535687
CC(C)(ON=C(C(=O)NC1C(=O)N2C(C(=O)O)=C(CCc3ccc(O)c(O)c3)CSC12)c1csc(N)n1)C(=O)O,5.058893689053568
CN(C)CCCNc1nc2cc([N+](=O)[O-])ccc2nc1NCc1ccc(Br)cc1,-2.1984941536390834
CCCCCCCC(C)=CC(=O)C=C1NC(=O)C(CCCC)O1,-5.0
CCCCn1cc(C(=O)OCC)c(=O)c2cc(F)c(F)cc21,-4.0
CCCCCCN1C(=O)CSc2cc(Cl)ccc21,-5.0
CCn1cc(C(=O)O)c(=O)c2cc(F)c(N3CCC(CNC)C3)cc21,2.321928094887362
O=C(Cn1nnc2ccccc21)NC1CCN(c2c(F)cc3c(=O)c(C(=O)O)cn(C4CC4)c3c2Cl)C1,-4.0
CC(C)CNCc1ccc2cc3c(c(O)c2c1)C(=O)C1=C(O)C2(O)C(=O)C(C(N)=O)=C(O)C(N(C)C)C2CC1C3,-0.0
COc1cc(Cc2cnc(N)nc2N)cc2c1NCCC2,-3.321928094887362
Cc1ccc2cc(C3CC(c4ccc(Cl)cc4)=NN3C(N)=S)c3nnnn3c2c1,-1.6438561897747246
O=C(CN1C(=O)SC(=Cc2sc(Cl)nc2Cl)C1=O)c1ccccc1,-4.643856189774724
CCOC(=O)C1(C(C)=O)C(c2ccc(N(C)C)cc2)N1c1ccc(N=Nc2cccc(OC)c2)cc1,14.49694034168745
CC(c1c[nH]c(N)n1)c1ccc(O)c2[nH]cc(-c3cnc(-c4c[nH]c5cc(Br)ccc45)c(O)n3)c12,-3.963474123974886
O=C1C(Cl)C2(C(=O)Nc3c(Br)cc(Br)cc32)N1c1ccc([N+](=O)[O-])cc1,-2.643856189774725
Cc1n[nH]c2c1C(c1cc(=O)oc3ccc(Cl)cc13)C(C#N)=C(N)O2,-1.6438561897747246
CCc1c(-c2ccc(N(C)C)c(F)c2)[nH]c(=O)c(C(=O)O)c1O,1.3584539709124763
Cn1cc(CCCNC(=O)CCc2c[nH]c3ccc(Cl)cc23)c2cc(Cl)ccc21,-3.643856189774725
Cc1nn2c(C=NNc3nc(-c4ccc(F)cc4)cs3)c(-c3ccc(Cl)cc3)nc2s1,-4.643856189774724
CCn1cc(C(=O)NN)c(=O)c2cc(F)ccc21,4.0
O=C(O)c1cn(-c2ccc(O)cc2)c2cc(N3CC4CC3CN4)c(F)cc2c1=O,4.321928094887363
CCCCCC=CCCC(O)CCCCCCCC(=O)Oc1ccc2ccc(=O)oc2c1,-5.0
O=C1OC(Cn2sccc2=O)CN1c1ccccc1,6.643856189774724
CC(CCN1Cc2cc(C#Cc3ccc(C4(O)COC4)cc3)cn2C1=O)(C(=O)NO)S(C)(=O)=O,3.0588936890535687
CC(=O)N1N=C(Cn2c([N+](=O)[O-])cnc2C)OC1(C)c1ccccc1,2.0
O=C1c2ccccc2-[n+]2ccc3c([nH]c4ccc(-c5ccc(F)cc5F)cc43)c21,-0.6415460290875237
CCON=C1CCN(c2c(F)cc3c(=O)c(C(=O)O)cn(C4CC4)c3c2OC(F)F)CC1CN,-2.0
COc1ccc2c3c1OC1CC(OP(=O)(SCCO)N(CCCl)CCCl)C=CC31CCN(C)C2,1.9434164716336324
Cc1[nH]c(C(=O)Nc2nc3c(OCc4ccccc4)cc(C(=O)O)cc3s2)c(Cl)c1Cl,3.0
O=c1[nH]sc2c1c(=O)c1cc(F)c(-c3ccccc3)cc1n2C1CC1,4.058893689053568
COC(=O)CSc1c(-c2ccc(C)cc2)nc2ccccc2c1-c1ccccc1,-4.643856189774724
COc1ccc(Br)c(C(=O)NN2C(=O)CSC2c2ccccc2)c1,-3.643856189774725
COc1cc(C=NNc2ccc3c4c(cccc24)C(=O)N(C(CO)CO)C3=O)ccc1O,-4.0
Nc1ccc(-c2nnc(-c3cn(C4CC4)c4cc(N5CCNCC5)c(F)cc4c3=O)o2)c(O)c1,1.7369655941662063
CCOC(=O)c1cnn(-c2ccccc2)c1NC(=O)c1cc2cc(Cl)ccc2oc1=O,-4.0
COc1ccc2oc(=O)cc(COc3cccc(NC(C)=O)c3)c2c1,-3.643856189774725
CCn1cc(C(=O)O)c(=O)c2cc(F)c(N3CCN(C(=O)C(C#N)=Cc4cn(CC5CCC5)c5ccccc45)CC3)cc21,1.0
COC(=O)C1(C)CCCC2(C)c3ccc(C(C)C)cc3-c3[nH]c4ccc(Br)cc4c3C12,-4.963474123974886
CCCCCCC(O)CC=CCCCCCCCc1nnc(Nc2ccccc2)s1,-2.700439718141092
NC(=O)c1cc(Br)c2c(c1)nc(NCc1ccccc1Cl)n2CC1CCCCCC1O,1.3219280948873622
Cc1nnn(Cc2cc(=O)oc3ccc4c(c23)OCO4)c1C(=O)O,2.321928094887362
O=C1Oc2cc([N+](=O)[O-])ccc2NC1=CC(=O)c1ccc(C2CCCCC2)cc1,-4.643856189774724
CCNCC1CCN(c2c(F)cc3c(=O)c(C(=O)O)cn(C4CC4)c3c2OC)C1,4.321928094887363
O=c1c2nc([N+](=O)[O-])cn2ccn1CCO,-5.0
O=C1C(Cl)C(c2ccccc2Cl)N1N=CCCn1nnc2ccccc21,3.321928094887362
N#Cc1cnc(NC(=O)Nc2ccc(Cl)c(Cl)c2)s1,-2.0
Cc1cc(=O)oc2cc(Oc3nc(Nc4ccc(N5C(=O)CSC5c5ccc(O)cc5O)cc4)nc(N(C)C)n3)ccc12,-4.643856189774724
O=NN(O)c1ccc(Cl)cc1,-4.321928094887363
CC(C)(C)c1ccc(NC(=O)CCCCN)c(-c2ccc(-c3cc(C(C)(C)C)ccc3NC(=O)CCCCN)nn2)c1,-4.643856189774724
CCCCn1cc(C=C(C#N)S(=O)(=O)c2ccc(NC(C)=O)cc2)c2ccccc21,-2.0
CC(O)C(NC(=O)N1CCN(c2ccc(C#Cc3ccc(CC#N)cc3)cc2)CC1)C(=O)NO,0.3219280948873623
Cc1ccc2ncc(F)c(CCC34CCC(NCc5ccc6c(n5)NC(=O)CO6)(CC3)CO4)c2n1,-3.0
NC(=O)c1cc2c(N3CCC(N)C3)c(Br)c(C(F)(F)F)nc2nc1N,-0.0
C[n+]1c2ccccc2c(Nc2ccc(F)cc2F)c2[nH]c3ccccc3c21,-3.0
CCOC(=O)c1sc(N=C2NC(=O)C(=C3C(=O)Nc4ccccc43)S2)nc1C,-0.963474123974886
COc1ccc(Cn2cnc3c(-c4ccco4)nc(C(C)=O)nc32)cc1,-5.0
Cc1ccc(-[n+]2cc(-c3ccc(-c4ccccc4)cc3)n3c2CCCCC3)cc1,-5.0
CC(O)C1C(=O)N2C(C(=O)O)=C(SC3CNC(c4cccc(CN)c4)C3)C(C)C12,3.321928094887362
CN(C)C1C(O)=C(C(N)=O)C(=O)C2(O)C(O)=C3C(=O)c4c(O)cc(C5CCCN5)c(F)c4CC3CC12,3.0
CC1=C(C(=O)OC(C)C)C(c2ccc(F)cc2)NC(=O)N1,-4.643856189774724
Cn1cc(NC(=O)c2cc3cc4c(cc3s2)OCO4)cc1-c1nc2cc(C(=O)NCCN3CCOCC3)ccc2[nH]1,1.0
Clc1ccc(C[N+]2=CN3CCCCC3C2)c(Cl)c1,-1.6415460290875237
CC(C)(C)c1cc(C(C)(C)C)cc(S(=O)(=O)NCc2ccc(C(=O)NCCNC(=N)N)cc2)c1,-5.0
CCCCCCCNC(=O)C(C)CNC(=O)C(O)C(C)(C)CO,-5.0
Cc1cccc(-c2n[nH]c(=S)n2N=Cc2ccc(C=C3SC(=S)N(CC(=O)O)C3=O)cc2)c1,-5.0
CC(O)C1C(=O)N2C(C(=O)O)=C(SC3CNC(C(=O)NCCS(N)(=O)=O)C3)C(C)C12,6.265344566520995
CCn1cc(C(=O)NNS(=O)(=O)c2ccc(C)cc2)c(=O)c2cc(F)ccc21,4.0
CCN(CC)C(=S)SSC(=S)N(CC)CC,-4.0
Cn1cc(C(=O)C(=O)NCCc2c[nH]c3ccccc23)c2ccccc21,-3.643856189774725
Cn1c(C2CC(=O)N(c3cccc(Br)c3F)C2)nc2ccccc21,-5.0
COc1ccc(C2NC(=O)c3c(C)cc(C)nc3N2)c(OC)c1,-4.643856189774724
O=C(COc1ccc(-c2nc3ccc(C4=NCCCN4)cc3s2)cc1)c1ccccc1,-5.0
O=Cc1cn(-c2ccccc2)nc1-c1cc(Cl)ccc1OCc1cn(Cc2cccc(Cl)c2)nn1,-2.4594316186372973
CNC1CN(c2nc3c(cc2F)c(=O)c(C(=O)O)cn3C2CC2)CCC1=NOCc1ccccc1,-4.0
O=C1COc2cc(Br)ccc2N1C1CCCCC1,-4.0
CN(C)C1=NC(c2ccc(OCc3ccccc3)cc2)N=C(N)N1,-5.0
C=CCc1cccc(Oc2ccc(C(=O)CC)cc2)c1OCC[N+](C)(C)CC(=O)NCCCCCC,-3.0
CC(C)(C)NCC(=O)Nc1cccc2c1CCC(=O)N2,-5.0
CCn1cc(C(=O)NC(Cc2ccccc2)C(=O)O)c(=O)c2ccc(C(F)(F)F)cc21,-3.643856189774725
CCn1cc(C(=O)O)c(=O)c2cc(F)c(N3CCC(N(C)C)CC3)cc21,3.321928094887362
CC(N)C1CCN(c2c(F)cc3c(=O)c(C(=O)O)cn(C4CC4)c3c2C(F)(F)F)C1,2.321928094887362
C=CC1(C)CC(OC(=O)CSc2nc(NCCO)c3ccsc3n2)C2(C)C(C)CCC3(CCC(=O)C32)C(C)C1O,7.0397848661058635
NC(=O)NN=Cc1ccccc1OCc1cn(-c2ccccc2)nn1,-4.643856189774724
NC1CCN(c2c(F)cc3c(=O)n(O)c(=O)n(C4CC4)c3c2Cl)C1,1.0
Cc1nn(CNCCN2CCNCC2)c(=O)n1CCCn1ccnc1,-0.2630344058337938
COc1ccc2nc(Cn3ccc4c5c(N)nc(N)nc5ccc43)sc2c1,-1.0
CC(CCN1Cc2cc(C#Cc3ccc(CNS(C)(=O)=O)cc3)cn2C1=O)(C(=O)NO)S(C)(=O)=O,2.0
Cc1ncc([N+](=O)[O-])n1CC(C)OC(=O)C=Cc1ccc(Br)cc1,-2.643856189774725
Cn1cc(NC(=O)c2ccc(Cl)cc2F)cc1-c1nc2cc(C(=O)NCCN3CCOCC3)ccc2[nH]1,-5.0
CON=C(C(=O)NC1C(=O)N2C(C(=O)[O-])=C(C[n+]3ccc4[nH]cnc4c3)CSC12)c1csc(N)n1,6.965784284662087
CSCCC(N)C(=O)OCC1OC(n2cnc3c(N)ncnc32)C(O)C1O,1.0
O=C(Nc1ccc(Cc2nc3ccccc3s2)cc1)c1ccc(Br)cc1,5.058893689053568
O=C(NN=Cc1cc(Cl)cc(Cl)c1O)c1ccc2c(c1)OCCCO2,-3.643856189774725
O=C(O)c1cn(C2CC2)c2c(F)c(N3CCOCC3)c(F)cc2c1=O,3.321928094887362
COCCCCn1c(=O)cc(Nc2ccc(C)c(CSC#N)c2)[nH]c1=O,-4.321928094887363
COc1ccc(NC(=O)N2CCOCC2)cc1,-2.9068905956085187
CC1SC(N2N=C3c4ccccc4CCC3C2c2ccc(Cl)cc2)=NC1=O,-3.643856189774725
Clc1ccc(CNCCNc2nc3ccccc3s2)c(Cl)c1,-5.0
CNC1CCN(c2nc3c(cc2F)c(=O)c(C(=O)O)cn3C(C)(C)C)C1,5.058893689053568
C=Cn1c(SCC(=O)N2CCN(c3cc4c(cc3F)c(=O)c(C(=O)O)cn4C3CC3)CC2)nnc1-c1ccccc1,-0.765534746362977
Cc1ccc(Nc2cc(C)nc(SCc3nc4ccccc4[nH]3)n2)cc1,-5.0
CCCCCCCn1c(COc2c(OC)ccc3cc4[n+](cc23)CCc2cc3c(cc2-4)OCO3)nc2ccccc21,-2.0
Oc1ccc(N=C(Cc2ccc(Cl)cc2)c2ccc(O)c(O)c2)cc1,-4.643856189774724
NCC1OC(OC2C(N)CC(N)C(O)C2OC2OC(CO)C(O)C2O)C(N)CC1O,-1.0
O=C(NC1CCC1)c1ccc(-c2ccc(O)c(O)c2)o1,-4.857980995127572
Cc1ccc([N+]2=C3CCCCCN3C(O)(c3ccc(-c4ccccc4)cc3)C2)cc1,-5.0
O=C(C=Cc1ccc(Cl)cc1)c1ccc(-c2ccc(N3CC(CO)OC3=O)cc2)cc1,-1.6438561897747246
CN1CCN(c2c(F)cc3c(=O)c(C(=O)O)cn4c3c2SCC4)CC1,2.0
N#CC(=CNN)C(=O)Nc1nc2ccccc2s1,-4.643856189774724
CON=C(CN1CCN(c2cc3c(cc2F)c(=O)c(C(=O)O)cn3C2CC2)CC1)c1ccccc1,-2.643856189774725
CC(C)(ON=C(C(=O)NC1C(=O)N(S(=O)(=O)O)C1Cn1cncn1)c1nsc(N)n1)C(=O)O,-0.0
Fc1ccc(Nc2c(-c3cnc4ccc(Br)cc4c3)nc3sc4cc(F)ccc4n23)cc1,1.5145731728297582
CON=C(Cc1c(F)cnc2ccc(OC)nc12)C12CCC(NCc3ccc4c(n3)NC(=O)CO4)(CC1)CO2,-4.0
C=CCSCC(NC(C)=O)C(=O)Oc1cc(C(C)C)ccc1C,-1.3219280948873624
COc1ccc(Cn2cnc3c(-c4ccco4)cccc32)cc1,-4.0
CCCCn1cc(C(=O)O)c(=O)c2cc(F)c(N3CCNCC3)cc21,-1.0
Cc1[nH]c(C(=O)NC2CCN(c3ncc(C(=O)O)s3)CC2Cl)c(Cl)c1Cl,1.5145731728297582
CN1C(NNC(=O)c2ccc(-c3ccccc3[N+](=O)[O-])o2)=NS(=O)(=O)c2cc(Cl)ccc21,-4.22881869049588
Cc1ccc(NC(=O)c2nn(-c3ccccc3)c(-c3ccccc3)c2C(=O)c2ccccc2)cc1,-4.012568673503056
O=C(NNS(=O)(=O)c1ccccc1)c1cccnc1Nc1ccccc1,-4.321928094887363
NCCCCN=C(N)N,-5.0
COc1cc2c(cc1OC)C1=NN(C(N)=O)C(c3ccccc3Cl)C1C2,-4.0
O=C1CSC(=S)N1Cc1nnc(-c2ccccc2Br)o1,-4.0
COc1ccc2nc(C)cc(-n3cc(CN4CCN(c5ccc(F)cc5)CC4)nn3)c2c1,-2.643856189774725
C=CC1(C)CC(OC(=O)COC(=O)C=Cc2ccc(N(C)C)cc2)C2(C)C(C)CCC3(CCC(=O)C32)C(C)C1O,-4.0
CC(N)C(=O)NC(CCCCC(=O)O)C(=O)O,-4.0
Cn1nnnc1SCC1=C(C(=O)[O-])N2C(=O)C(Nc3cc[n+](C)cc3)C2SC1,1.0
C#CCNCc1cc2cc(OCc3ccccc3)ccc2[nH]1,-5.0
COn1cc(C(=O)O)c(=O)c2ccc3c(c21)CCC3,-3.643856189774725
OB(O)c1cc(-n2cc(-c3ccsc3)nn2)c(F)cc1F,4.058893689053568
N#Cc1c(Cl)c(Cl)c(Nc2ccc(N3CCCCC3)c3c(=O)[nH]cnc23)c(C#N)c1Cl,-0.0
CON=C(C(=O)NC1C(=O)N2C(C(=O)O)=CCOC12)c1ccccc1,-4.643856189774724
COC(=O)N1CCC(S(=O)(=O)c2cccc(C(CC#N)Nc3nc4nc(C)ccc4[nH]3)c2)CC1,-1.0
Cc1cccc(NC(=O)c2cccc(NC(=O)c3nc4ccccc4n3C)c2)c1C,-5.0
Cc1c(CNC2CCCCCC2)cc(-c2ccc(Cl)cc2)n1-c1ccc(C(C)C)cc1,-1.0
CC(NC(=O)C(N)CCCCN=C(N)N)P(=O)(O)O,2.0
COc1c(N2CC(N)C3(CC3)C2)c(F)cc2c(=O)c(C(=O)O)cn(C3CC3F)c12,7.380821783940931
COc1ccc2nc3c(cc2c1)C=NN=C(Nc1cccc(Cl)c1)S3,-4.906890595608519
CC(C)c1csc(C(=O)NN=Cc2ccc([N+](=O)[O-])cc2)n1,-4.965784284662087
Cc1ccccc1Nc1c2ccccc2[n+](C)c2c1[nH]c1ccccc12,-3.584962500721156
OB(O)c1ccc(Cn2cc(-c3ccccn3)nn2)cc1,5.058893689053568
COc1ccc2cc3[n+](cc2c1OCCCOc1ccc(Cl)cc1)CCc1cc2c(cc1-3)OCO2,-5.0
Nc1cc(N)nc(SCSC2=C(C(=O)O)N3C(=O)C(NC(=O)C(=NO)c4nc(N)sc4Cl)C3SC2)n1,-0.0
CCCCc1nc(Cl)c(C2CC(c3ccc(OC)cc3)=NN2c2nc(-c3ccc(Cl)cc3)cs2)[nH]1,-4.643856189774724
O=C(O)c1cn(-c2ccc(F)cc2)c2cc(N3CC4CC3CN4)c(F)cc2c1=O,3.321928094887362
CCCCN(c1ccccc1OC)S(=O)(=O)c1ccc([N+](=O)[O-])cc1[N+](=O)[O-],-5.0
COCCc1cc(C(=O)O)c(=O)n2cc(F)c(N3CCC(N)C3)c(C)c12,-3.643856189774725
CNn1cc(C(=O)O)c(=O)c2cc(F)c(N3CCCN(C)CC3)cc21,-0.963474123974886
COc1ccc2c(c1)CN(C1CC(c3ccccc3)=NN1c1nc(-c3ccccc3C(F)(F)F)oc1C)CC2,-4.643856189774724
CC1(N)CN(c2cc3c(cc2F)c(=O)c(C(=O)O)cn3-c2ccc(F)cc2F)C1,3.0588936890535687
CC(C)=CCc1c(OC2CCC2)cc(C=Cc2ccc(F)cc2)c(C(=O)O)c1O,-5.0
O=C1SC(=Cc2sc(Cl)nc2Cl)C(=O)N1Cc1ccc(Cl)cc1,-4.643856189774724
CCc1cnc(N2CCN(c3cc4c(cc3F)c(=O)c(C(=O)O)cn4CC)CC2)nc1,-0.0
CC1C(NC(=O)C(=NOCC(=O)N2C(C(=O)O)CC3CCCC32)c2csc(N)n2)C(=O)N1S(=O)(=O)O,-0.0
CC(C)c1c(O)cc2c3c1OC(C)(C)C1CCC(C)(CC31)O2,-0.0
CN1CCN(c2cc3c(cc2F)c(=O)c(C(=O)O)c2n3C(CF)S2)CC1,4.321928094887363
COc1c(N2CCN(CC(O)Cn3cc([N+](=O)[O-])nc3C)C(C)C2)c(F)cc2c(=O)c(C(=O)O)cn(C3CC3)c12,-3.0
C=C(C#N)C(O)c1ccccc1[N+](=O)[O-],-4.087462841250339
CC(C)(C)n1cc(C(=O)O)c(=O)c2cc(F)c(N3CCNC(c4ccccc4)C3)cc21,4.058893689053568
CC1C(=O)CC(c2ccco2)NC1c1ccco1,-3.643856189774725
C[n+]1cccc2c1c1cc(C(F)(F)F)ccc1n2CCCCCC1CCCCC1,-4.321928094887363
Cc1cc(NS(=O)(=O)c2ccc(N=C3C(=O)Nc4ccc(Cl)cc43)cc2)no1,-0.0
COc1ccc(Nc2nn3c(-c4ccccc4)cc(-c4ccccc4)nc3c2C(N)=O)cc1,-1.9634741239748859
Cn1c([N+](=O)[O-])cnc1-c1nnc(N2CCN(c3cc4c(cc3F)c(=O)c(C(=O)O)cn4C3CC3)CC2)s1,-1.0
C=C1C2C(=O)C3(C)C=C4C(=O)OCC14C1(CCC4C(C)(C)C(=O)C=CC4(C)C21)C3,-5.0
Nc1nc(C(=NO)C(=O)NC2C(=O)N3C(C(=O)O)=C(C=C4CCN(CC(F)(F)F)C4=O)CSC23)cs1,4.058893689053568
COc1cc(-c2nnc(Sc3cc(Cl)nc(Sc4ccccc4)n3)[nH]2)ccc1O,-0.6780719051126377
Cc1ccccc1OCc1ccccc1-c1nnc(-c2ccccc2F)o1,-2.643856189774725
Nc1nc(N)c2c(ccc3c2ccn3Cc2cc3ccccc3s2)n1,2.0
C#CCSCC(NC(C)=O)C(=O)Oc1cc(C(C)C)ccc1C,-3.321928094887362
CN(C)Cc1cc2cc(-c3cc(O)c(C(=O)O)c(=O)[nH]3)ccc2n1C,-3.643856189774725
COc1ccc(C2C(Cl)C(=O)N2CCN2CCN(C(=O)CCl)CC2)cc1,-2.2265085298086795
CCCCCCCCCCCC(NCCCOC(C)C)=C1C(=O)CNC1=O,-5.0
CC(=Nc1ccc(C(=O)O)cc1)C1=C(O)C(N)C2Cc3c(c(O)c4c(O)c(C)ccc4c3C)C(=O)C2(O)C1=O,-2.6322682154995127
CCC=CC=CC1(C)OC(c2cc(C(=O)O)sc2C)=C(C(=O)OC)C1=O,0.15200309344504995
COc1ccc(CCN2CN=C(SCc3ccc(Cl)cc3)NC2)cc1OC,-3.0
O=C(Cc1ccc(Br)cc1)Nc1ccc2oc(Cc3ccccc3)nc2c1,-4.643856189774724
CC(C)CNc1nccc(NCCCCNC2CCCc3c2[nH]c2ccc(OC(F)(F)F)cc32)n1,-1.6461626571578936
CN1CCN(c2cc3ncnc(Sc4nnc(-c5cccnc5)o4)c3cc2NC(=O)Nc2ccc(Cl)cc2)CC1,-3.643856189774725
CC(=O)c1cccc(NC2C(N)C(NC(=O)N(C)C)(C(C)O)C(C)(O)C2(O)COC(=O)c2c(C)cccc2O)c1,-4.0
Cc1c(N2CCC(N)C2)c(F)cc2c(CN)cc(=O)n(C3CC3)c12,1.0
COCC1C(NC(=O)C(=NOC(c2cc(=O)c(O)cn2O)C(C)C)c2csc(N)n2)C(=O)N1S(=O)(=O)O,3.0
Cc1ccccc1-c1c[n+](C)c(-c2ccc(C(C)(C)C)cc2)cc1C=Cc1ccc(F)cc1,-2.0
CON=C1CN(c2c(F)cc3c(=O)c(C(=O)O)cn4c3c2OCC4C)CC1CNC1CC1,1.0
COc1c2c(cc(F)c1N1CC3CCC[N+]4(CN5C(=N4)C(C(=O)O)=Cc4ccccc45)C3C1)C(=O)C(C(=O)O)=CC2C1CC1,-3.0
CC1CC(=O)Nc2c1c(Br)nc1nc3c(c(N)c21)CCCC3,-5.0
COc1ccc2cc(C(C)C3=NC(=Cc4ccc(F)cc4)C(=O)O3)ccc2c1,-3.9662458732249397
O=c1[nH]sc2c1c(=O)c1cc(F)c(-c3ccc4ncccc4c3)cc1n2C1CC1,2.9434164716336326
COc1c(N2CCCC(N)C2)c(F)c(N)c2c(=O)c(C(=O)O)cn(C3CC3)c12,4.321928094887363
O=C1COc2ccc(N3C(=O)OC4CC(NCCCn5c(=O)cnc6ccc(F)cc65)CCC43)nc2N1,3.0588936890535687
Cc1nnc(SCC2CC(SC3=C(C(=O)O)N4C(=O)C(C(C)O)C4C3C)CN2)s1,7.158429362604483
N=c1ccn(CCCCCCCCCCn2ccc(=N)cc2)cc1,-4.968090752045256
CON=C1CCN(c2c(F)cc3c(=O)c(C(=O)O)cn(C4CC4)c3c2C(C)=O)CC1(C)CN,-3.0
CN(C)C1C(O)=C(C(N)=O)C(=O)C2(O)C(O)=C3C(=O)c4c(O)cnc(Cl)c4CC3CC12,-1.0
CON=C(C(=O)NC1C(=O)N2C(C(=O)[O-])=C(C[n+]3csc(CCOC(C)=O)c3C)CSC12)c1csc(N)n1,5.058893689053568
CSc1ccc(Cc2nnc3sc(-c4ccc([N+](=O)[O-])cc4Cl)nn23)cc1,-3.643856189774725
CCc1c(-c2ccc3c(c2)cc(CNC(C)C)n3C)[nH]c(=O)c(C(=O)O)c1O,4.058893689053568
CC(=O)NC=CSC1=C(C(=O)[O-])N2C(=O)C(C(C)OS(=O)(=O)[O-])C2C1,3.321928094887362
CC(C)(C)n1cc(C(=O)O)c(=O)c2cc(F)c(N3CC4CC3CN4)cc21,1.0
C=C1C(=O)OCC1CC=C(C)CC(=O)C=C(C)C,-4.643856189774724
CCOC(=O)N1CCN(c2c(F)cc3c(=O)c(C(=O)O)cn4c3c2SCC4)CC1,-2.643856189774725
CON=C(C(=O)NC1C(=O)N2C(C(=O)[O-])=C(C[n+]3cccc(-c4cc(N)n(C)n4)c3)CSC12)c1csc(N)n1,6.265344566520995
O=[N+]([O-])c1ccc(-c2ccccc2O)s1,-5.0
CC(=O)N1N=C(c2ccc(Br)cc2)CC1c1ccccc1Cl,-3.643856189774725
Oc1ccc(C(Cc2ccc(Cl)cc2)=Nc2ccc(Br)cc2)c(O)c1O,-3.643856189774725
O=[N+]([O-])c1ccc(N=C(Cc2ccc(F)cc2)c2ccc(O)c(O)c2O)cc1,-4.643856189774724
CCc1ccc(Cc2cnc(N)nc2N)cc1CC,-1.584962500721156
COC(=O)N1CCC(Cc2cccc(C(CC#N)Nc3nc4nc(C)ccc4[nH]3)c2)(C(=O)O)CC1,-4.0
Cc1oc(-c2ccccc2C(F)(F)F)nc1N1N=C(c2ccc(-c3ccco3)cc2)CC1N1CCc2ccccc2C1,-1.6438561897747246
COc1ccc(-c2nc3nc(C)cc(C)c3c(=O)[nH]2)cc1OC,-3.643856189774725
Nc1nc(C(=NO)C(=O)NC2C(=O)N3C(C(=O)O)=C(C=C4CCN(O)C4=O)CSC23)cs1,4.058893689053568
CC1CC(N)CN1c1nc2c(-c3ccc(F)cc3F)cc(C(=O)O)c(=O)n2cc1F,6.643856189774724
COc1c2c(cc(F)c1N1CC3CCC[N+]4(CN5C(C)=CC(C)=C(C(=O)O)C5=N4)C3C1)C(=O)C(C(=O)O)=CC2C1CC1,-2.0
O=C1OC(Cn2ccnc2)CN1c1ccc(-n2cc(-c3ccccn3)cn2)c(F)c1,-5.0
Cc1cccc(CSc2nnc(-c3ccccc3COc3ccccc3C)o2)c1,-3.643856189774725
CC(O)C1C(=O)N2C(C(=O)O)=C(SC3CNC(C(=O)NCCS(=O)(=O)NCCO)C3)C(C)C12,5.321928094887363
CC(NC(=O)c1cn(C2CC2)c2cc(N3CCNCC3)c(F)cc2c1=O)c1ccc([N+](=O)[O-])cc1,-0.0
Cc1ncc([N+](=O)[O-])n1CCCCCCCCCCOCc1c(-c2ccccc2)nc2sc3ccccc3n12,-3.0
CCCCCCNC(=O)C[N+](C)(C)CCCCCOc1cc(C)ccc1C(C)C,-3.0
CCNCC1CCN(c2c(F)cc3c(=O)c(C(=O)O)cn(C4CC4)c3c2[N+](=O)[O-])C1,1.3219280948873622
Cc1ccc(S(=O)(=O)NC(=O)Nc2ccccc2C(=O)C=Cc2ccc(Cl)cc2Cl)cc1,-5.0
CC(C)c1csc(-c2nnc3n2N=C(c2ccc(Br)cc2)CS3)n1,-4.965784284662087
NC1CC(N)CN(c2nc(Nc3ccc(C(=O)CC(=O)Nc4ccccc4Cl)cc3)nc(N3CC(N)CC(N)C3)n2)C1,-2.0
COc1ccc2c(c1)C(=NN=C1C=C(O)c3ccccc31)c1nc3ccccc3c(=O)n1-2,-2.643856189774725
Cc1c(CNC(=O)CCc2cn(C)c3ccc(Cl)cc23)c2cc(OC(F)(F)F)ccc2n1C,-3.643856189774725
N#Cc1ccc(C=Cc2nc3ccccc3c(=O)n2-c2cccc(O)c2)cc1,-4.0
CCCCCCCCCCCCCC(=O)NCCC[N+](C)(C)Cc1cnc(C)c2c1COC(C)(C)O2,-3.0
CNC1CCN(c2c(F)cc3c(=O)c4c(=O)[nH]sc4n(C4CC4)c3c2OC)C1,4.058893689053568
Cc1c(F)c(N2CCC(N)C2)cc2c1c(=O)c(C(=O)O)cn2C1CC1,5.321928094887363
Cn1nnnc1SCC1=C(C(=O)[O-])N2C(=O)C(Nc3cc[n+](COCC(F)(F)F)cc3)C2SC1,4.058893689053568
CCn1cc(C(=O)O)c(=O)c2ccc(N3CCCC3)nc21,-4.643856189774724
C=C1C(=O)OC2CC3(C)C(O)CCC(C)(O)C3C(O)C12,-4.643856189774724
Cc1cc(C)nc(NS(=O)(=O)c2ccc(N=Cc3ccc(C(=O)OCCn4c([N+](=O)[O-])cnc4C)cc3)cc2)n1,-0.6415460290875237
O=C(NN1C(=O)C(=Cc2ccc(Cl)cc2)SC1c1cccc(Br)c1)c1ccc(-c2ccccc2)cc1,-3.643856189774725
CCn1cc(C(=O)O)c(=O)c2cc(F)c(N3CCN(CC#N)CC3)cc21,-3.321928094887362
CC(=CC[n+]1cn(C)c2nc[nH]c(=NOCc3ccccc3)c21)CCCC(C)CCCC(C)CCCC(C)C,-5.0
O=C(NCCc1ccccc1)Nc1cc(-c2ccc(Cl)c(Cl)c2)sc1C(=O)O,-3.0
CN1CC2CC1CN2c1c(F)cc2c(=O)c(C(=O)O)cn(-c3ccc(F)cc3)c2c1F,2.321928094887362
COc1ccc2nccc(-n3cc4c(n3)CCC(NC(=O)c3cc5c(cc3C)SCC(=O)N5)C4)c2n1,-4.0
Brc1cc2c(c3ncccc13)OCN(CCCCc1ccccc1)C2,-4.643856189774724
CC(=O)c1cc2ccccc2n(N=Cc2cccc([N+](=O)[O-])c2)c1=O,-0.6780719051126377
CCON=C1CC(N)CN(c2nc3c(cc2F)c(=O)c(C(=O)O)cn3C2CC2)C1,2.0
C#CCN(C)c1nc(NCCCCC2CCN(Cc3ccccc3)CC2)c(C#N)c(-c2ccccc2)c1C#N,-5.0
NCC1CN(c2nc3c(cc2F)c(=O)c(C(=O)O)cn3C2CC2F)CC1=NOCc1ccc(OC(F)(F)F)cc1,-1.0
CC(C)c1csc(-c2nnc3n2N=C(c2ccc([N+](=O)[O-])cc2)CS3)n1,-4.0
CC1CCN(c2cc(C=Cc3ccc(N(C)C)cc3)c3ccccc3[n+]2C)CC1,-5.0
Oc1c(Br)cc(Br)cc1CNc1ccccc1Cl,-4.643856189774724
O=C(O)CNC(=O)c1ccc(NC(=S)Nc2cccc(Br)c2)cc1,-2.643856189774725
CC(C)=CCN1CCCc2cc(OCCCCNC(=N)N)ccc21,-4.643856189774724
COc1ccc2nccc(C(O)C(O)C3CCC(NCc4ccc5c(n4)NC(=O)CS5)CO3)c2n1,9.965784284662087
Cc1nnc(SCC2=C(C(=O)O)N3C(=O)C(NC(=O)C(N)c4ccc5c(c4)OCO5)C3SC2)s1,-3.643856189774725
N#Cc1ccccc1C(N=Nc1ccccc1)C(N)=O,-4.643856189774724
CCc1cc(Nc2cc(=O)n(CCCCN3CCNCC3)c(=O)[nH]2)ccc1C,-4.321928094887363
O=C(CSc1nnc(-c2cccc([N+](=O)[O-])c2)o1)Nc1ccc(C(=O)C=Cc2ccccc2)cc1,-4.965784284662087
COc1ccc2cc3[n+](cc2c1OCCN(CCn1cncn1)Cc1ccc(Cl)cc1)CCc1cc2c(cc1-3)OCO2,-4.0
CCCCC(CC)CN=c1ccn(CCCCCCCn2ccc(=NCC(CC)CCCC)cc2)cc1,-1.9634741239748859
O=c1c2ccccc2n2c(-c3ccccc3Cl)nnc2n1-c1ccccc1,-3.643856189774725
Fc1ccc(-c2nc3cc(Cl)ccc3n2C2CCCC2)cc1,-4.643856189774724
CC(=NN1CCOC1=O)C1=C(O)C(N)C2Cc3c(c(O)c4c(O)c(C)ccc4c3C)C(=O)C2(O)C1=O,-4.643856189774724
Cc1ccc(OCc2ccccc2-c2nnc(-c3cc(C)cc(C)c3)o2)cc1,-3.643856189774725
Nc1nc(-c2ccc(NC(=O)c3ccccc3)cc2)c(N=Nc2ccc(Br)cc2)s1,2.0
Cc1ccc(CCn2ccn3cc([N+](=O)[O-])nc3c2=O)cc1,-5.0
CC(=O)N1N=C(c2ccc(Br)cc2)CC1c1ccc(C)cc1,-4.643856189774724
O=C(O)c1cn(CC(O)Cn2cnc([N+](=O)[O-])c2)c2c(Cl)cc(Cl)cc2c1=O,-3.0
O=C(C=Cc1ccncc1)c1ccc2ccc(C(F)(F)F)cc2n1,-5.0
N#Cc1cnn(-c2ccc(Cl)cc2)c1NC(=O)c1cc2cc(Cl)ccc2oc1=O,-2.0
CCCON=C1CCN(c2nc3c(cc2F)c(=O)c(C(=O)O)cn3C2CC2)CC1N(C)C,-4.0
O=c1ccc2ncc(F)c3c2n1CC3(O)CC12CCC(NCC=Cc3ccccc3)(CC1)CO2,-5.0
CCOC(=O)ON=C1CC(c2ccccc2)N(C)C(c2ccccc2)C1CC,-4.643856189774724
OCC(O)CSc1nnc(-c2nnn(-c3ccccc3Cl)c2-c2nnc(SCC(O)CO)o2)o1,-2.0
Cc1nnc(Cn2cnc3ccccc32)o1,-4.0
CC(C)C(NC(=S)Nc1cc(C(F)(F)F)cc(C(F)(F)F)c1)c1nc2ccccc2[nH]1,-3.643856189774725
CN(C)c1ccc(Nc2c(Cl)c(Cl)c(C#N)c(Cl)c2C#N)c2nc[nH]c(=O)c12,-0.37851162325372983
Cc1ncc([N+](=O)[O-])n1CCSc1nnc(-c2cnccc2N)o1,-3.643856189774725
CC1SC(N2N=C3c4ccccc4CCC3C2c2ccccc2)=NC1=O,-2.643856189774725
CCCCCSc1nc(Cl)cc(Sc2nnc(-c3cc(C(F)(F)F)cc(C(F)(F)F)c3)[nH]2)n1,-0.6780719051126377
O=Cc1ccc(-c2ccc(N3CC(CO)OC3=O)cc2F)cc1O,-3.0
Oc1ccc(N=C(Cc2ccc(F)cc2)c2ccc(O)c(O)c2O)cc1,-4.643856189774724
COc1c(N2CCN(CC(=O)Nc3nc4ccc(F)cc4s3)C(C)C2)c(F)cc2c(=O)c(C(=O)O)cn(C3CC3)c12,-2.584962500721156
COC(=O)N(CC1CN(c2ccc(N3CCOCC3)c(F)c2)C(=O)O1)C(C)=O,-5.0
CCCCCCCCCc1ccccc1C(=O)NS(=O)(=O)c1ccc([N+](=O)[O-])cc1,1.0
CC1(C)SC2C(NC(=O)C(N)c3ccc(O)cc3)C(=O)N2C1C(=O)O,3.0588936890535687
C#CCNc1ccc(Cl)cn1,-5.0
COc1ccc(Cl)cc1-n1ncc(-c2nnc(-c3cccc(F)c3)o2)c1C,-4.9354597478052895
COc1cc(C=CC(=O)CC(=O)C=Cc2ccc(O)c(OC)c2)ccc1O,-5.0
CON=C1CCN(c2c(F)cc3c(=O)c(C(=O)O)cn(C4CC4)c3c2OC)CC1NC(=O)C1CCCN1,-2.0
O=C(NN=Cc1ccccc1Cl)c1cc(-c2ccc(Cl)cc2)n[nH]1,6.158429362604483
CN(C(=O)C(N)CCCN)C(c1ccccc1)c1ccccc1,-5.0
CC1C(=NN=Cc2ccccc2Cl)CC(Cc2ccco2)NC1Cc1ccco1,-3.643856189774725
Cn1c(C2CC(=O)N(c3cccc(-c4ccccc4)c3)C2)nc2ccccc21,-5.0
Cc1nnc(-c2ccc(-n3c(-c4ccccc4)nc4c(Br)cc(Br)cc4c3=O)cc2)o1,-4.643856189774724
O=C1OCc2c1c(O)cc1c(=O)c3cc4c(=O)c(O)cc(=O)c4c(O)c3c(=O)c21,-4.0
COc1c(N2CC3CCCN(Cc4c(CO)nc(C)c(O)c4CO)C3C2)c(F)cc2c(=O)c(C(=O)O)cn(C3CC3)c12,-1.0
COc1cc(NS(=O)(=O)c2ccc(N)cc2)nc(OC)n1,-1.0
COc1ccc2nc(CNC34CCC(CCc5c(F)cnc6ccc(=O)n(CCO)c56)(CC3)OC4)c(F)cc2n1,-4.0
Cc1ccc(S(=O)(=O)N2CCN(c3ccc(N4CC(Cn5ccnn5)OC4=O)cc3F)CC2)cc1,-3.0
CC(C)c1cc2cc(C(N)=O)c(N)nc2nc1C(F)(F)F,-0.0
C=Cn1cc(C(=O)O)c(=O)c2cc(F)c(N3CCN(C)CC3)nc21,2.321928094887362
Cc1ncc(-c2cccc(Cl)c2-c2cc3cnc(N)nc3nc2N2CC3C(N)C3C2)s1,7.965784284662087
C=C(C(=O)OC1CC(C)=CCCC(CO)=CC2OC(=O)C(C)C21)C(O)CO,2.321928094887362
Cc1ccnc(NS(=O)(=O)c2ccc(N=Cc3ccc(C(=O)OCCn4c([N+](=O)[O-])cnc4C)cc3)cc2)n1,-1.6461626571578936
NC1(COc2cc(F)c3c(c2)CC(CNCCC2CN(c4cnc5c(n4)NC(=O)CO5)C(=O)O2)C3)CC1,4.058893689053568
OB1OC(c2cccs2)c2ccccc21,1.0
CC(C)c1csc(-c2nnc(S(=O)(=O)Cc3ccccc3)o2)n1,-3.0
CC1=CC2CN(C(=O)N2OC(F)C(=O)O)C1C(=O)NOCC1CC1,-5.0
CC(C)CN1CCN(c2cc3c(cc2F)c(=O)c(C(=O)O)cn3-c2ccc(F)cc2F)CC1,-1.632268215499513
NCCCNC(=O)OC1C(O)C(NC(=O)C(O)CCN)CC(N)C1OC1OC(CN)CCC1N,-5.0
CC(=O)OCC1=C(C(=O)[O-])N2C(=O)C(Nc3cc[n+](COCc4ccc([N+](=O)[O-])cc4)cc3)C2SC1,-0.0
CC(C)(ON=C(C(=O)NC1C(=O)N(S(=O)(=O)O)C1Cn1ncnc1CNC(=N)N)c1csc(N)n1)C(=O)O,-4.0
O=C(O)c1cn(-c2ccc(O)cc2)c2cc(N3CCNCC3)c(F)cc2c1=O,4.321928094887363
CC(=O)OCC1=C(C(=O)[O-])N2C(=O)C(NC(=O)C(NC(=O)C3CCC(C(=O)[O-])O3)c3ccccc3)C2SC1,-3.643856189774725
O=C1c2cccnc2C(=O)c2c1c(C(=O)OCCN1CCCCC1)c1ccc(Br)cn21,-2.0
CCn1cc(C(=O)O)c(=O)c2cc(F)c(N3CCNCC3)c(Cl)c21,3.321928094887362
O=c1c2ccccc2nc(C=Cc2ccc(O)cc2)n1-c1cccc(O)c1,-4.0
CCCCCCCCCCCC(=O)OCC[n+]1ccccc1,-4.643856189774724
CCC(C)C(=O)c1c(O)cc2c3c1OC(C)(C)C1CCC(C)(CC31)O2,-0.0
CCCON=C1CN(c2nc3c(cc2F)c(=O)c(C(=O)O)cn3C2CC2)CCC1NC,-2.0
COc1cc(CON=C2CN(c3nc4c(cc3F)c(=O)c(C(=O)O)cn4C3CC3)CC2CN)cc(Cl)c1OC,6.058893689053568
CC(O)c1nccn1C(CN)c1cc(-c2ccc(C#CC3(N)CC3)cc2)on1,-1.0
COc1ccc2nc(C)cc(-n3cc(CNC4CCCC4)nn3)c2c1,-2.643856189774725
C=CC1(C)CC(OC(=O)Cn2ccnn2)C2(C)C(C)CCC3(CCC(=O)C32)C(C)C1O,-4.0
CNc1cc(F)cc2cc(C(=O)Nc3ccc(C(=O)O)cc3CN(CCO)C3CCCCC3)c(=O)[nH]c12,5.058893689053568
CC(=O)Nc1ccc(S(=O)(=O)C(C#N)=Cc2cn(CC3CC3)c3ccccc23)cc1,-4.0
CC(C)(C)c1ccc(S(=O)(=O)NCCn2[se]c3ccccc3c2=O)cc1,-3.0
CCNCc1cc2cc3c(cc2n1C)CCc1c-3[nH]c(=O)c(C(=O)O)c1O,-1.632268215499513
O=c1[nH]c(-c2ccc([N+](=O)[O-])o2)nc2ccccc12,-0.0
CC=CC=CC(=O)NC(CC(=O)NC(C(=O)C1C(=O)N(N(C)C)C(=O)C1C)C(C)C)c1ccccc1,-2.0
CCOc1ccc2nc(N3C(=O)CSC3N3CCN(c4cc5c(cc4F)c(=O)c(C(=O)O)cn5CC)CC3)sc2c1,-1.0
Clc1ccc(CN(CCBr)CCBr)cc1Cl,-1.0
CCc1nc2c[n+](CC3=C(C(=O)[O-])N4C(=O)C(NC(=O)C(=NOC)c5csc(N)n5)C4SC3)ccc2s1,6.058893689053568
CCC(O)C1C(=O)N2C(C(=O)[O-])=C(C3CCCO3)SC12,-1.6461626571578936
O=c1ccsn1-c1ccc(Cl)cc1,-3.321928094887362
C=C(C)C1COc2c(C)cc3oc4c(CC(OC=O)C(C)(C)O)ccc(O)c4c(=O)c3c2C1O,-3.643856189774725
O=C1C(=NNc2ccc(Cl)cc2)c2ccccc2N1CC(O)CSc1nc[nH]n1,-3.0
O=C(c1ccc([N+](=O)[O-])cc1)N1CCN(c2ccc(N3CC(Cn4ccnn4)OC3=O)cc2F)CC1,-3.0
CC(C)[n+]1ccc(NC2C(=O)N3C(C(=O)[O-])=C(CSc4nnnn4C)CSC23)cc1,1.0
Sc1nc(-c2cc(Cl)cc(Cl)c2)c(-c2cc(Cl)cc(Cl)c2)[nH]1,-5.0
O=C1c2cccnc2C(=O)c2c1c(C(=O)OCCCCCN1CCCC1)c1ccc(Br)cn21,-1.0
COC(=O)C12COC(C(C)(C)C)N1C(=O)C(=C(C)NC13CC4CC(CC(C4)C1)C3)C2=O,-5.0
O=C(O)c1cn(C2CC2)c2c([N+](=O)[O-])c(-c3ccc(F)cc3)c(F)cc2c1=O,-1.584962500721156
Cc1ccc(C=NNCc2ccc(O)cc2O)cc1Cl,-5.0
O=C(NC1CCNCC1)C1CCC2CN1C(=O)N2OS(=O)(=O)O,3.0588936890535687
C=CC1(C)CC(OC(=O)CSC(C)(C)CNC(=O)c2cccc(C)c2)C2(C)C(C)CCC3(CCC(=O)C32)C(C)C1O,-3.0
Cc1c(N2CC(N)CC2C)c(F)cn2c(=O)c(C(=O)O)cc(C3CC3)c12,7.643856189774724
CCS(=O)(=O)Cc1nc2ccccc2[n+]([O-])c1C(=O)NC,-3.643856189774725
O=C1NCC(c2c[nH]c3ccccc23)NC1c1c[nH]c2cc(Br)ccc12,-4.643856189774724
Cc1c(N2CCc3ccccc3C2)ccc2c(=O)c(C(=O)O)cn(C3CC3)c12,-0.0
CC(O)C1C(=O)N2C(C(=O)O)=C(SC3CNC(C(=O)NCCS(=O)(=O)N4CCOCC4)C3)C(C)C12,4.351074440546879
CCn1cc(C(=O)O)c(=O)c2cc(F)c(N3CCN(C)CC3)c(Cl)c21,-1.0
CC(c1ccc2oc(-c3ccccc3)cc2c1)N(O)C(=O)c1ccccc1-c1ccccc1C(=O)O,-3.963474123974886
COc1ccc2ncc(C(N)=O)c(CCC34CCC(NCc5ccc6c(n5)NC(=O)CO6)(CC3)CO4)c2n1,-5.0
Cc1ccc(-c2ccc(C(=O)NC(C(=O)NO)C(C)(C)NS(C)(=O)=O)cn2)cc1,-3.0
CC1(C)C(=NN2C(=O)CNC2=S)CC(c2ccc(F)cc2)NC1c1ccc(F)cc1,-2.643856189774725
Cn1cc(C=C2C(=O)OC(C)(C)OC2=O)c2ccccc21,-3.9068905956085187
Cc1cc(Nc2ccc(OCC3CCCCC3)cc2)c2c(ccc3[nH]cnc32)n1,3.9885043611621707
Nc1nnc(Cc2noc3ccccc23)s1,-1.8073549220576042
CC1C(=NNc2nc3ccccc3s2)CC(c2ccc(Cl)cc2)NC1c1ccc(Cl)cc1,-4.643856189774724
O=[N+]([O-])c1ccc(-c2nnc(-c3cnc4nc(-c5ccc(Br)cc5)c(Nc5ccccc5)n4c3)o2)cc1,-1.6415460290875237
COc1cc(-c2[nH]c(=S)nc(NN)c2C#N)cc(OC)c1OC,-5.0
CCN(C(=O)Nc1cc(-c2ccc(Cl)c(Cl)c2)sc1C(=O)O)c1ccccc1,-4.0
Cn1c(=O)c2c(ncn2CCCC#N)n(C)c1=O,3.0
Cn1c(=O)n(CCOC(=O)CNC(=O)c2ccco2)c(=O)c2ccccc21,-2.0
CCOC(=O)c1ccc(Nc2nc(Nc3ccc(S(=O)(=O)Nc4ncccn4)cc3)nc(N3CCCCC3)n2)cc1,-4.643856189774724
C#Cc1ccc(NC(=O)C(N)C(C)CC)cc1,-4.321928094887363
O=c1oc2ccccc2cc1C(Cn1cnc2ccccc21)=NOCc1ccc(Cl)cc1,-1.6415460290875237
CONC(=O)C1CN(c2ccc(-n3cc(-c4ccccn4)cn3)c(F)c2)C(=O)O1,-5.0
NCC(N)CCNC(CCc1ccccc1)CCc1ccccc1,-5.0
O=S(=O)(c1ccc(Cl)cc1)n1cnc2ccccc21,3.356975041986563
Cc1cc(Cc2cnc(N)nc2N)cc2c1OC(C)(C)C2,-3.321928094887362
c1ccc(Sn2cc(COc3ccc(-c4nc5cc(C6=NCCN6)ccc5[nH]4)cc3)nn2)cc1,-3.0
Cn1cc([N+](=O)[O-])cc1-c1nnc(-c2ccns2)o1,-2.643856189774725
Cc1ccc(Nc2c3ccccc3[n+](C)c3c2[nH]c2ccccc23)cc1F,-3.0
CCn1cc(C(=O)O)c(=O)c2cc(F)c(N3CC(C)(N)C3)cc21,1.0
Oc1ccc(-c2cccs2)cc1O,-1.584962500721156
CCn1cc(C(=O)O)c(=O)c2cnc(N3CCNCC3)nc21,1.3584539709124763
Cn1c(C2CC(=O)N(c3ccc(Br)c(Br)c3)C2)nc2ccccc21,-5.0
CC(C)NC(=N)c1ccc2[nH]c(-c3ccc(OCc4cn(Sc5ccccc5)nn4)cc3)nc2c1,-3.0
CCc1ccc(Nc2c3ccccc3[n+](C)c3c2oc2ccccc23)cc1,-3.584962500721156
Cc1c(N2CCC(F)(CN)C2)c(F)cn2c(=O)c(C(=O)O)cc(C3CC3)c12,5.643856189774724
CN(C)c1ccc2ncc(F)c(CCC34CCC(NCc5ccc6c(n5)NC(=O)CO6)(CC3)CO4)c2n1,-3.0
CCOC(=O)C(=CNc1ccccc1F)c1ccc(OCc2ccccc2)cc1,-3.643856189774725
CC(=O)c1ccc(N2CC(c3nc4ccccc4n3C)CC2=O)cc1,-5.0
CC1C(=NOCc2ccccc2)CC(c2ccc(Cl)cc2)N(C)C1c1ccc(Cl)cc1,-3.643856189774725
COC(=O)C(ON=C(C(=O)NC1C(=O)N(OS(=O)(=O)O)C1(C)C)c1csc(N)n1)c1cc(=O)c(O)cn1O,2.0
CN(CC(=O)O)NC(=O)CC(N)C1CCC(N)CC1,-5.0
O=C(NC(=S)Nc1nc2cc([N+](=O)[O-])ccc2s1)c1ccccc1,-4.321928094887363
C[n+]1nn(C2CCNCC2)c2c1C(=O)c1ccccc1C2=O,-5.0
O=C(NCC1CN(c2ccc(-c3nnc4ncccn34)cc2)C(=O)O1)Oc1ccccc1,-4.0
Cc1ccc2c(-c3ccccc3)cc(=O)n(Cc3nnc(S)n3N)c2c1,-3.0
O=C(O)c1cn(C2CC2)c2cc(-c3cccnc3)c(F)cc2c1=O,6.965784284662087
CN1C=C2CC3C(CC(CNC(=O)c4nc5ccccc5[nH]4)CN3C)C3C=CC=C1C23,-4.0
CCc1cc(Nc2cc(=O)n(CCCCN3CCN(C(=O)c4ccco4)CC3)c(=O)[nH]2)ccc1C,-4.321928094887363
CCOC(=O)C1=C(N)OC(c2ccccc2)=C(C(C)=O)C12C(=O)Nc1ccc(S(=O)(=O)N3CCOCC3)cc12,-1.9634741239748859
C=CC1(C)C=C2C(=O)C=C3C(C)(C)CCCC3(O)C2(O)CC1,-5.0
c1ccc(Nc2nn3c(COc4ccc(-c5ccccc5)cc4)nnc3s2)cc1,-4.643856189774724
Cc1[nH]c2ccc(OC(F)(F)F)cc2c1CNC(=O)CCc1c[nH]c2ccc(Cl)cc12,-3.643856189774725
CCCON=C(C(=O)NC1CN2CC(S(=O)(=O)CCC)=C(C(=O)O)N2C1=O)c1csc(N)n1,1.0
Cn1nnnc1SCC1=C(C(=O)O)N2C(=O)C(NC(=O)Cn3ccc4ccccc43)C2SC1,-3.643856189774725
Cc1ccc(-c2csc(SC3=C(C(=O)O)N4C(=O)C(C(C)O)C4C3C)n2)cc1,-3.643856189774725
O=C1ON=C2C=C(c3cccs3)CC(c3cccc([N+](=O)[O-])c3)C12,-1.3219280948873624
Cc1cc(=O)oc2cc(Oc3nc(Nc4ccccc4)nc(N4CCN(c5ccccn5)CC4)n3)ccc12,-4.643856189774724
Fc1ccccc1N(Cc1ccc(Cl)c(Cl)c1)Cc1nc2ccccc2[nH]1,-5.0
CC1C(N)CN1c1c(F)cc2c(=O)c(C(=O)O)cn3c2c1SCC3,1.0
CC(C)(C)c1ccc(NC(=O)CCCCN)c(-c2ccc(-c3cc(C(C)(C)C)ccc3NC(=O)CCCCN)cc2)c1,-2.643856189774725
O=C(CSc1nnc(-c2ccccc2OCc2cn(-c3ccc(Cl)cc3)nn2)n1Cc1ccccc1)c1ccccc1,-3.321928094887362
Nc1ncc2cc(-c3c(Cl)cccc3-c3cccnc3)c(N)nc2n1,4.058893689053568
CCCCCCCCCCCCCCCCNC(=N)NCCCCN,-5.0
CON=C(C(=O)NC1C(=O)N2C(C(=O)[O-])=C(CC3C=CC(=O)O3)CSC12)c1csc(N)n1,5.058893689053568
Cc1cccc(N(CCCCCC2CCCCC2)c2ccc[n+](C)c2)c1,-4.321928094887363
CC12CCC(O)(CO)C(C1)C1(C)CC(O)CC21C,-2.0
CCNCC1CCN(c2c(F)cc3c(=O)c(C(=O)O)cn(C4CC4)c3c2OCC)CC1,0.3219280948873623
COc1cc(C2C(Cl)C(=O)N2NC(=O)c2cc(-c3ccc(Cl)cc3)n[nH]2)ccc1O,5.321928094887363
Cc1c(N2CCC3=C(C2)C(=NO)C(C)CS3)c(N)cc2c(=O)c(C(=O)O)cn(C3CC3)c12,1.0
O=C1c2ccc3cc(C(O)CO)cc(O)c3c2C(=O)c2cccc(O)c21,-0.6415460290875237
CCCCCCCCC=CCCCCCCCc1nnc(Nc2ccccc2)o1,-3.643856189774725
CC(=O)NCC1CN(c2ccc(C3=NOC(Cn4ccnc4)C3)c(F)c2)C(=O)O1,-5.0
Cn1cc([N+](=O)[O-])cc1-c1nnc(-c2ccc(Cl)cc2Cl)o1,-0.6415460290875237
CCOC(=O)c1cn(CC(O)Cn2cncn2)c2c(Cl)cc(Cl)cc2c1=O,-2.0
CC(=O)OCC#Cc1ccc(C=Cc2nc3ccccc3c(=O)n2-c2cccc(C(=O)O)c2)cc1,-4.0
Clc1ccc(-c2nnc(-c3cc(Br)c(Br)[nH]3)o2)c(Cl)c1,-3.643856189774725
CCn1cc(C(=O)O)c(=O)c2cc(F)c(N3CCC(NC)C3)nc21,2.321928094887362
CCn1cc(C(=O)O)c(=O)c2cc(F)c(N3CCN(c4nc5ccccc5[nH]4)CC3)cc21,-1.0
Nc1nc(-c2ccc(O)c(O)c2)cs1,-3.4594316186372973
COc1cccc(-c2nnc(-c3cc([N+](=O)[O-])cn3C)o2)c1,-1.6438561897747246
CN(C)c1cnc2c(CCC34CCC(NCc5ccc6c(n5)NC(=O)CO6)(CC3)CO4)c(F)cnc2c1,-4.0
O=C1c2cccnc2C(=O)c2c1c(C(=O)OCCO)c1ccc(Br)cn21,-2.0
COc1ccc2nccc(CC(N)C3CCC(NCc4ccc5c(n4)NC(=O)CO5)CO3)c2n1,3.0
Cc1ccc(C(=O)Oc2ccc(C3CC(=O)c4c(O)c(C)c(OC(=O)c5ccc(C)cc5)c(C)c4O3)cc2)cc1,-3.0
NC1CC(N)CN(c2cc(Nc3ccc(NC(=O)c4ccc5ccccc5c4O)cc3)nc(N3CC(N)CC(N)C3)n2)C1,1.0
O=C(O)c1cn(C2CC2)c2c(F)c(N3CCC4(CCCN4)C3)c(F)cc2c1=O,5.321928094887363
O=C(O)C1=CC(C2CC2)c2nc(N3CCC(=NO)C3)c(F)cc2C1=O,5.643856189774724
COc1cc(NS(=O)(=O)c2cc(F)cc(C(F)(F)F)c2)ccc1-n1cnc(Cl)c1,-2.0
COc1ccc(C2SCC(=O)N2NC(=O)Cn2ncc3cc([N+](=O)[O-])ccc32)cc1,-4.321928094887363
CNC1CC(=NOC)CN(c2c(F)cc3c(=O)c(C(=O)O)cn(C4CC4)c3c2OC)C1,2.0
O=C(Cc1cccc(Br)c1)Nc1nc(-c2ccccc2)cs1,-3.643856189774725
CN1CCN(C(=O)c2nc(-c3ccccc3)c3c(C(F)(F)F)cc(-c4ccccc4)nc3n2)CC1,-3.963474123974886
CCOC(=O)Cc1ccccc1OC(=O)c1ccc(C)cc1,-1.6438561897747246
c1cc2cc(-c3ccc(-c4cnc(N5CCCC5)nc4)cc3)[nH]c2cc1C1=NCCCN1,0.6665762662748083
C=Cn1cc(C(=O)O)c(=O)c2cc(F)c(N3CCC(NC)C3)nc21,3.321928094887362
CCNC1CN(c2c(F)cc3c(=O)c(C(=O)O)cn(-c4cc(N)c(F)cc4CO)c3c2Cl)C1,6.965784284662087
CNC1CN(c2c(F)c(C)c3c(=O)c(C(=O)O)cn(-c4cc(N)c(F)cc4CO)c3c2Cl)C1,6.965784284662087
O=C(OCCO[N+](=O)[O-])c1nn(-c2ccccc2)c(-c2ccccc2)c1C(=O)c1ccccc1,-3.933572638261024
NCC(NO)c1c[nH]c2ccc(I)cc12,-5.0
CN(C)C1C(O)=C(C(N)=O)C(=O)C2(O)C(O)=C3C(=O)c4c(O)c5c(c(F)c4CC3CC12)C1C(CCN1CCO)CN5,-0.0
CC(C)(ON=C(C(=O)NC1C(=O)N(OS(=O)(=O)O)C1(C)C)c1csc(N)n1)C(=O)O,2.0
C=CC1(C)CC(OC(=O)CSC2=NC(C)=C(C(=O)OC)C(C)N2)C2(C)C(C)CCC3(CCC(=O)C32)C(C)C1O,-4.0
Cc1ccc2oc(=O)cc(Cn3nnc(C)c3C(=O)O)c2c1,1.3219280948873622
CCc1ccc(Oc2ccc(N3CC(CNC(C)=O)OC3=O)cc2F)c(O)c1,-5.0
CCCN1CCN(c2nc3c(cc2F)c(=O)c(C(=O)O)cn3CC)CC1,-0.6415460290875237
CCn1cc(C(=O)O)c(=O)c2cc(F)c(N3CC[N+]4(CN5C(=N4)C(C(=O)O)=Cc4ccccc45)C(C)C3)c(F)c21,3.0
CCCCCCCN=c1ccn(CCCCCCn2ccc(=NCCCCCCC)cc2)cc1,-1.0
Clc1ccc(C2=Nn3c(nnc3-c3cc(Cl)cc(Cl)c3Cl)SC2)cc1,-2.643856189774725
CCOC(=O)c1cn(CC)c2c(F)c([C-](C#N)C(=O)OCC)c(F)cc2c1=O,-0.0
CCCN1CCC2(C)CNc3c(O)c4c(c(F)c3C12)CC1CC2C(N(C)C)C(O)=C(C(N)=O)C(=O)C2(O)C(O)=C1C4=O,-0.0
C=CCOc1ccccc1C=CC(=O)c1ccc(O)cc1O,-1.6461626571578936
OB(O)c1ccccc1,-5.0
CCOC(=O)c1c(N2CCN(c3ccccc3C(F)(F)F)CC2)c2ccccc2n(CC)c1=O,-2.963474123974886
COc1ccc2cc1Oc1cc(ccc1OC)CCC(NCCCCc1ccccc1)CCCC2,-3.643856189774725
CC(O)C1C(=O)N2C(C(=O)O)=C(c3ccc(CN)cc3)C(C)C12,-0.6780719051126377
CON=C(C(=O)NC1C(=O)N2C(C(=O)[O-])=C(C[n+]3cccc4ccsc43)CSC12)c1csc(N)n1,6.058893689053568
CN1CC2CC1CN2c1c(F)cc2c(=O)c(C(=O)O)cn(-c3ccc(F)cc3F)c2c1Cl,2.321928094887362
COc1ccc(-c2csc(N3N=C(c4ccc(C)cc4)CC3c3cccs3)n2)cc1,-2.643856189774725
CCOC(=O)C1(C(C)=O)C(c2ccc(N(C)C)cc2)N1c1ccc(N=Nc2cccc(C(=O)O)c2)cc1,14.40737949087481
C=CC1(C)CC(OC(=O)COC(=O)C=Cc2cccnc2)C2(C)C(C)CCC3(CCC(=O)C32)C(C)C1O,-4.0
ON=Cc1n(Cc2ccccc2)cc[n+]1-c1ccccc1,-1.6415460290875237
CC1(C)CC(=O)c2c(ccc3c2NC(=O)C32CC3([N+](=O)[O-])CN4CCCC4CC3C2(C)C)O1,-5.0
COc1cc(C2Oc3cc(O)c(CC=C(C)CCC=C(C)C)c(O)c3C(=O)C2O)ccc1O,-5.0
CCCCC(CC(=O)NO)[S+]([O-])c1ccc(OC)cc1,-1.0
c1cc2cc(-c3ccc(-c4cc5ccc(C6=NCCCN6)cc5o4)cc3)[nH]c2cc1C1=NCCCN1,2.643856189774725
O=C(Nc1ccccc1)N(Cc1cc(Br)cc(Br)c1O)c1ccc(Cl)cc1,-1.6461626571578936
Cc1cc(F)ccc1Nc1c2ccccc2[n+](C)c2c1oc1ccccc12,-3.584962500721156
Cc1ccc(-c2nn(-c3ccccc3)cc2C2N=C(N)NC(N(C)C)=N2)cc1,-5.0
CC(=O)Nc1cccc(-c2cc3c(cc2F)c(=O)c2c(=O)[nH]sc2n3C2CC2)c1,3.0
Nc1nc(OCC2CCC2)nc2c1ncn2C1OC(CF)C(O)C1O,-3.0
Cc1c(F)c(N2CCNCC2)nc2c1c(=O)c(C(=O)O)cn2C(C)(C)C,4.058893689053568
CSCCC(NC(=O)Cc1ccccc1)C(=O)SCC(=O)O,-2.0
CCOC(=O)CCCOc1ccc2ncc(F)c(CCC34CCC(NCc5ccc6c(n5)NC(=O)CO6)(CC3)CO4)c2n1,-3.0
O=C(C=Cc1ccco1)c1cc(C(=O)C=Cc2ccco2)c(O)cc1O,-3.643856189774725
N=C(N)NCCCCCCCCNCCCCCCCCNC(=N)NCC1CC1,1.0
CC(O)C1C(=O)N2C(C(=O)O)=C(CN3CC3C(N)=O)SC12,-1.0
O=C1NC(c2cc3ccccc3[nH]2)CN=C1c1c[nH]c2cc(Br)ccc12,-4.643856189774724
O=C1c2cccc3c(NN=Cc4ccc(O)cc4O)ccc(c23)C(=O)N1C(CO)CO,-5.0
CCNC(=O)Nc1cc2c(-c3ccnc(C)c3)ccc(C)c2cn1,-2.0
Nc1cccc(-c2cn(-c3cccc(C(c4cccc5ccccc45)P(=O)(O)O)c3)nn2)c1,1.0
COC(=O)c1c(O)cc2c(c1C)C(C=C(C)C)C1=C(O2)C(=O)C(C)=CC1=O,-5.0
COc1ccc(C2=NOC(C(=O)NO)C2)cc1,-1.9634741239748859
O=C1COc2cnc(CNC34CCC(CC5(O)Cn6c(=O)ccc7ncc(F)c5c76)(CC3)OC4)cc2N1,-4.0
CC(=NNC(=N)N)c1cn(-c2cc(C(C)(C)C)cc(C(C)(C)C)c2)nn1,-2.0
Cc1c(N2CCC(C(C)N)C2)c(F)cc2c(=O)n(N)c(=O)n(C3CC3)c12,5.058893689053568
CC1CCN(S(=O)(=O)c2ccc(-n3cnc4c(=O)[nH]c(N)nc43)c(F)c2)CC1,-5.0
CC(O)C1C(=O)N2C(C(=O)O)=C(SC3CNC(Cc4cn(C)[n+](CC(=O)O)c4)C3)C(C)C12,3.321928094887362
Cc1ccc(C2SCC(=O)N2NC(=O)CNC(=O)c2ccccc2)cc1,-3.6507645591169022
CCOC(=O)C(=CNc1ccc(C(C)C)cc1)c1ccc(OCc2ccccc2)cc1,-1.6438561897747246
Cn1nc(OC(CN)c2ccccc2)c2cc(-c3ccccc3Cl)ccc21,-1.0
CC(=O)Nc1ccc(S(=O)(=O)C(C#N)=Cc2c[nH]c3cc(F)ccc23)cc1,-3.0
O=c1c2ccccc2[se]n1Cc1ccccc1,-3.0
CC(=O)C[n+]1cccc(C(=O)c2ncn3cc(C4=C(C(=O)[O-])N5C(=O)C(C(C)O)C5C4C)sc23)c1,3.0
COc1ccc(-c2nnc(-c3ccc(F)cc3)o2)c(F)c1,-3.643856189774725
O=c1c2c(Br)cc(Br)cc2nc(-c2ccccc2)n1-c1nc2cc(Cl)ccc2s1,-0.2630344058337938
Cn1cc([N+](=O)[O-])cc1-n1cc(C(=O)O)c(=O)c2cc(F)c(N3CCCC3)cc21,-3.643856189774725
CCCCCCNC(=C1C(=O)CNC1=O)c1ccccc1,-5.0
C=Cc1ccc(CSc2nnc(CSc3nc4nc(C)cc(C)n4n3)s2)cc1,-3.643856189774725
CCN1CCN(CC2CC(SC3=C(C(=O)O)N4C(=O)C(C(C)O)C4C3C)CN2)S1(=O)=O,3.3510744405468786
Cc1c(N2CC(C)NC(C)C2)c(F)cn2c(=O)c(C(=O)O)cc(C3CC3)c12,5.643856189774724
Cc1[nH]c(C(=O)Nc2nc3c(OCC(C)N(C)C)cc(C(=O)O)cc3s2)c(Cl)c1Cl,-0.0
Cc1ccc2c(C3NNC(=O)N3)cc(=O)oc2c1,-0.6780719051126377
Nn1c(SCC(=O)Nc2ccc(F)c(Cl)c2)nnc1-c1cc(F)c(Cl)cc1Cl,-2.643856189774725
S=C(Nc1ccccc1)Nc1ccc(N=Cc2ccc(Cl)cc2)cc1,-2.643856189774725
O=C(NCc1cn(Cc2ccc([N+](=O)[O-])cc2)nn1)c1cnccn1,-2.643856189774725
NC1C(=O)NCC1Oc1ccc2ncc(F)c(CCC34CCC(NCc5ccc6c(n5)NC(=O)CO6)(CC3)CO4)c2n1,-4.0
C=CC1(C)CC(OC(=O)CSc2cc[n+](Cc3ccc(OC)cc3)cc2)C2(C)C(C)CCC3(CCC(=O)C32)C(C)C1O,1.0
Cn1nnnc1SCC(O)CN1C(=O)C(=NNc2ccc(C(=O)O)cc2)c2ccccc21,-4.0
COc1c(N2CCC(C3(N)CC3)C2)c(F)cc2c(=O)c(C(=O)O)cn(C3CC3F)c12,8.380821783940931
CON=C1CCN(c2c(F)cc3c(=O)c(C(=O)O)cn(C4CC4)c3c2OC)CC1NC(=O)C(N)CC(C)C,-2.0
CC(=O)N1N=C(Cn2c([N+](=O)[O-])cnc2C)OC1(C)c1ccc(Br)cc1,2.0
Cc1ccc2c(c1)sc1nc(C=C3C(=O)N4C(C(=O)[O-])=CSC34)cn12,4.058893689053568
CCCCCCCOC(=O)c1ccncc1,-4.0
CC(O)C(NC1CCc2cc(C#Cc3ccccc3)ccc21)C(=O)NO,1.0
Cc1nc2ccccc2c(=O)n1-c1ccc(NC(=O)CNN=Cc2ccc([N+](=O)[O-])cc2)cc1,-4.965784284662087
CCCCCCCCSC1=CC(=O)C(CC2(C)C(C)CCC3(C)C(C)=CCCC32)=CC1=O,-4.643856189774724
CN(C)C1CN(c2nc3c(cc2F)c(=O)c(C(=O)O)cn3C2CC2)C1,4.058893689053568
CC(=O)N(O)CC1CN(c2ccc(N3CCOCC3)c(F)c2)C(=O)O1,-5.0
CC(C)(ON=C(C(=O)NC1C(=O)N(S(=O)(=O)O)C1CN1CC(CO)OC1=O)c1csc(N)n1)C(=O)O,-0.0
CC(NC(=O)CNC(=O)CN)C(=O)N1CCCC1C(=O)N1CCC(c2noc3cc(F)ccc23)CC1,-4.087462841250339
CCCCCCCCN(CCCCCCCC)C(=O)C(N)C(C)O,-4.0
CSc1ccc(-c2n[nH]cc2C=Nn2c(S)nnc2-c2ccncc2)cc1,-1.6438561897747246
CC(C)(C)n1cc(C(=O)O)c(=O)c2cc(N)c(N3CCCC3)cc21,3.0588936890535687
CC(=O)NCC1OC(OC2C(O)C(OC3OC(CN)C(O)C(O)C3N)C(N)CC2(N)CO)C(O)C(N)C1O,-2.0
CC#Cc1ccc(N2CC(CC(C)(C(=O)NO)S(C)(=O)=O)OC2=O)cc1,-1.0
Cc1cc(=O)n(C)c2c3c4c(cc12)c(C)cc(=O)n4CCO3,-2.0
CC(C)(CF)n1cc(C(=O)O)c(=O)c2cc(F)c(N3CC4CC3CN4)cc21,5.965784284662087
Cc1c(N2CC(c3nc4ccccc4n3C)CC2=O)cccc1[N+](=O)[O-],-5.0
CCCCc1nc(Cl)c(C2NC(=O)NC(C)=C2C(=O)OCC)n1CC,-5.0
COC1CN(c2nc3cccc(C(=O)O)c3s2)CCC1NC(=O)c1[nH]c(C)c(Cl)c1Cl,2.0
CC(O)C(NC(=O)c1ccc(C#Cc2ccccc2)cc1)C(=O)NO,5.643856189774724
C=CCC(Nc1ccc(C(C)(C)C)cc1)c1ccc(F)cc1F,-1.6438561897747246
COc1cc2c(c(O)c1OCC=C(C)CCC=C(C)CCCC(C)(C)OC(C)=O)COC2=O,-5.0
Fc1ccc(-c2nc3ccccc3c3oc(NCc4ccccc4)nc23)cc1,-2.643856189774725
CCn1cc(C(=O)O)c(=O)c2cc(F)c(N3CCN(Cn4cnc5ccccc54)CC3)cc21,-2.0
O=C(O)c1cn(C2CC2)c2c(cc(F)c3nc(-c4ccc(Cl)cc4)[nH]c32)c1=O,-1.584962500721156
CCn1cc(C(=O)O)c(=O)c2ccc(Cl)cc21,-4.643856189774724
CCCCCCOCC1OC(OC2C(N)CC(N)C(OC3OC(CN)C(O)C(O)C3N)C2O)C(O)C(O)C1O,-5.0
CCn1cc(C(=O)O)c(=O)c2cc(F)c(-n3cnc(CN(C)C)c3)c(F)c21,-4.643856189774724
COc1c(N2CC3CCCN(C(O)Cn4cc([N+](=O)[O-])nc4Cl)C3C2)c(F)cc2c(=O)c(C(=O)O)cn(C3CC3)c12,-1.0
CC(=O)OCC1=C(C(=O)O)N2C(=O)C(NC(=O)CC#N)C2SC1,-2.655351828612554
COc1c(N2CCCC(CN)C2)c(F)cc2c(=O)c(C(=O)O)cn(C3CC3)c12,3.321928094887362
Cc1cc(O)c(C(c2c(O)cc(C)oc2=O)c2coc3ccccc3c2=O)c(=O)o1,-4.643856189774724
COc1ccc(-c2csc(N3N=C(c4ccc(F)cc4)CC3c3ccco3)n2)cc1,-2.643856189774725
CC(=O)NC=C[S+]([O-])C1=C(C(=O)[O-])N2C(=O)C(C(C)(C)O)C2C1,3.321928094887362
CNC1CCN(c2c(F)cc3c(=O)n(N)c(=O)n(C4CC4)c3c2Cl)C1,1.0
CCOC(=O)C1=C(C(=O)O)N2C(=O)C(NC(=O)C(=NOC)c3csc(N)n3)CN2C1,-4.0
O=C(CN1CCc2sccc2C1)NN=Cc1ccc(Cl)cc1,-4.643856189774724
COc1c(N2CCC(CN(C)C)C2)c(F)cc2c(=O)c3c(=O)[nH]sc3n(C3CC3)c12,2.9434164716336326
Cc1ccc2c(C3C(C#N)=C(N)Oc4[nH]nc(C)c43)cc(=O)oc2c1,0.3584539709124763
CCOC(=O)c1cnn(-c2ccccc2Br)c1-c1ccccc1,-0.6897464384935557
CC(O)C1C(=O)N2C(C(=O)[O-])=C(c3ccc(O)cc3)CC12,-1.4854268271702418
C=C(C(=O)CC)C(O)c1ccc(Cl)cc1,-4.321928094887363
O=c1[nH]c(=O)n(Cc2nc3ccccc3[nH]2)cc1F,-5.0
O=C(Nc1ccc(C2NCCc3c2[nH]c2ccccc32)cc1)c1ccc(Cl)cc1,-4.0
COc1ccc(C2=NN(c3ccccc3)C(c3noc(-c4ccc(OC)c(OC)c4)n3)C2)cc1,-4.321928094887363
CC1CCCC2C1(C)CCC(C)C2(C)CC1=CC(=O)C(Cl)=CC1=O,-4.643856189774724
O=S(=O)(c1ccccc1Cl)N1N=Cc2sc(Br)cc2B1O,-4.643856189774724
CCOC(=O)C1CCC(c2ccc(OC)c(OC)c2)=NO1,-4.906890595608519
COc1cc(CN2CCN(c3cc4c(cc3F)c(=O)c(C(=O)O)cn4C3CC3)CC2)c([N+](=O)[O-])cc1OC,-1.0
CC1CCN(c2cc3c(c(=O)c(C(=O)O)cn3C3CC3)c3[nH]nnc23)CC1,4.321928094887363
O=c1cc(OCc2nnc(-c3ccc(Br)cc3)[nH]2)c2ccccc2o1,-2.643856189774725
COc1ccc(C2C(C)C(=O)C(C)C(c3ccc(OC)cc3)N2C(=O)Cn2ccnc2)cc1,-4.643856189774724
C=CC1(C)CC(OC(=O)CSc2cc[n+](CC(=O)N3CCOCC3)cc2)C2(C)C(C)CCC3(CCC(=O)C32)C(C)C1O,-3.0
O=C1COc2ccc(CNC34CCC(CCc5c(F)cnc6ccc(OCC7CC7C(=O)O)nc56)(CC3)OC4)nc2N1,-4.0
O=C1OC(CNO)CN1c1ccc(N2CCOCC2)c(F)c1,-5.0
COc1cc(=O)oc(CO)c1C,-4.643856189774724
Cc1cc(S(C)(=O)=O)nc2c(CCC34CCC(NCc5ccc6c(n5)NC(=O)CO6)(CC3)CO4)ccnc12,-5.0
COc1ccc(-c2cn(Cc3ccc(B(O)O)cc3)nn2)cc1,5.058893689053568
CCc1c(-c2ccc(N3CC4CCCNC4C3)cc2)[nH]c(=O)c(C(=O)O)c1O,3.0
CCn1cc(C(=O)O)c(=O)c2cc(F)c(N3CCN(c4nnc(SCc5ccc([N+](=O)[O-])cc5)s4)CC3)cc21,-5.0
CCn1cc(C(=O)O)c(=O)c2cc(F)c(N3CCN(Cc4oc(=O)oc4C)CC3)cc21,2.321928094887362
Cc1cc2occ(C=C(c3ccc([N+](=O)[O-])cc3)c3nnn[nH]3)c(=O)c2cc1Cl,-5.0
COc1ccc2nc(C)cc(-n3cc(CNC(=O)C4CCC4)nn3)c2c1,-0.6780719051126377
O=C1OC(Cn2ccnn2)CN1c1ccc(N2CCN(S(=O)(=O)c3cccs3)CC2)c(F)c1,-3.0
O=C1c2cccc(O)c2C(=O)c2c(O)cc(Cn3cnc([N+](=O)[O-])c3)cc21,-5.0
CCn1cc(C(=O)O)c(=O)c2cc(F)c(N3CCN(CN4C(=O)C(=O)c5cc(Cl)ccc54)CC3)cc21,5.795859283219775
CON=C1CN(c2c(F)cc3c(=O)c(C(=O)O)cn(C4CC4)c3c2F)CC1N,6.965784284662087
FC(F)(F)c1cc(NN=Cc2c[nH]cn2)c2cccc(C(F)(F)F)c2n1,-2.643856189774725
O=C1c2ccccc2C(=O)N1CC(=O)N1c2ccccc2Sc2ccc(Cl)cc21,-3.321928094887362
CN(C)c1ccc(O)c2c1CC1CC3C(N(C)C)C(O)=C(C(N)=O)C(=O)C3(O)C(O)=C1C2=O,3.0588936890535687
O=C1COc2cc(F)ccc2N1Cc1ccccc1,-4.0
CNC1=NC(=O)C(C(C)c2c[nH]c3cccc(OC)c23)O1,-4.0
O=c1[nH]sc2c1c(=O)c1cc(F)c(-c3ccc(O)cc3)cc1n2C1CC1,5.058893689053568
CC1Sc2c(C(=O)O)c(=O)c3cc(F)c(N4CCN(C)CC4)cc3n21,5.321928094887363
NC(=S)NN=C1C2CCCC1C(c1ccc(Cl)cc1)NC2c1ccc(Cl)cc1,-2.643856189774725
COc1ccc(C=NN=c2scc(-c3cc(O)ccc3O)n2-c2ccc(Cl)cc2)cc1,-4.643856189774724
O=C(O)c1cn(C2CC2)c2cc(N3CCN(CCCOC4OC(CO)C(O)C(O)C4O)CC3)c(F)cc2c1=O,3.0588936890535687
CNCC1CCN(c2c(F)cc3c(=O)c(C(=O)O)cn(C4CC4)c3c2F)C1,7.380821783940931
CC(O)C1C(=O)N2C(C(=O)[O-])=C3CCCOC3C12,-0.0
Nc1nc(N)c2c(Cl)c(S(=O)(=O)c3cccc(C(F)(F)F)c3)ccc2n1,-4.643856189774724
Clc1ccccc1CN(Cc1nnn[nH]1)c1ccccc1,-3.0
N=C(N)Nc1nnn(CCn2nnc(C(=N)N)n2)n1,-4.906890595608519
CSc1ccc(C(c2cccc(-n3cc(-c4cccc(N)c4)nn3)c2)P(=O)(O)O)cc1,-0.0
COc1ccc(C(=O)N2CCN(c3ccc(N4CC(Cn5ccnn5)OC4=O)cc3F)CC2)cc1,-3.0
CC(C)C(N)C(=O)NCC1OCCC1SC1=C(C(=O)O)N2C(=O)C(C(C)O)C2C1C,4.058893689053568
NCCCN(CCCN)C(=O)COc1ccc2sc(CNc3nncc(-c4c(Cl)cccc4Cl)n3)nc2c1,-2.0
O=C(CSc1nnc(N2CCN(c3cc4c(cc3F)c(=O)c(C(=O)O)cn4C3CC3)CC2)s1)c1ccccc1,-5.0
O=C1CCCC2C3CCCN4CCCC(CN12)C34,-2.4486366970843303
Cc1ccc(OCc2nnc3sc(-c4sc5ccccc5c4Cl)nn23)cc1,-2.584962500721156
Cn1nnnc1SCC1=C(C(=O)O)N2C(=O)C(NC(=O)Cc3ccc(O)cc3)C2SC1,0.3584539709124763
O=C1c2cccc3c(Br)ccc(c23)C(=O)N1CCCn1c[n+](Cc2ccc(F)cc2F)cn1,-2.0
CC=CC=CC1CC(O)CCN1,-4.584962500721156
COc1ccc(Nc2ncccc2C(=O)NNS(=O)(=O)c2ccc(C)cc2)cc1,-3.9068905956085187
CCn1cc(C(=O)NC(C)C(=O)O)c(=O)c2ccc(C(F)(F)F)cc21,-3.643856189774725
O=C(CC(c1ccc(Cl)cc1)C1CCCc2[se]nnc21)c1ccccc1,-3.643856189774725
CCC1CN(c2c(F)cc3c(=O)c(C(=O)O)c4scc5n4c3c2N(C)C5)CCO1,1.3584539709124763
Cc1cc(C)n(-c2nc(=S)[nH]c(-c3ccc(Br)cc3)c2C#N)n1,-5.0
Cc1ccc(-c2csc(NN=Cc3c(-c4ccc(Cl)cc4)nc4sc(C(F)(F)F)nn34)n2)cc1,-4.643856189774724
COC(=O)c1c(O)cc2c(c1C)C=C1c3c(cc(C)c(O)c3O2)OC1(C)C,-5.0
O=C(O)C(Cc1c[nH]c2ccccc12)N1C(=O)C(=Cc2ccc(OCc3ccc(Cl)cc3)cc2)SC1=S,-2.0
CCn1cc(C(=O)O)c(=O)c2cc(C#N)c(N3CCNCC3)cc21,1.3584539709124763
C=CC1(C)C=C2C(=O)C=C3C(C)(C)CCC(O)C3(O)C2CC1,-5.0
NC1CCN(c2nc3c(cc2F)c(=O)ccn3-c2nccs2)C1,-3.643856189774725
COc1ccccc1Cc1nnc(Cn2c([N+](=O)[O-])cnc2C)o1,-1.6415460290875237
COc1ccc2nccc(-n3cc4c(n3)CCC(NCc3ccc5c(c3)NCCS5)C4)c2n1,-3.0
CCn1cc(C(=O)O)c(=O)c2cc(F)c(N3CCN(Cn4nc(-c5ccco5)oc4=S)CC3)cc21,3.0
COc1ccc(Br)c(C(=O)NN=Cc2cccc(Cl)c2)c1,-3.643856189774725
Fc1ccc(C2CCNCC2COc2cc(Br)ccc2Cl)cc1,-4.643856189774724
CSc1ccc(NC(=O)Nc2c(-c3cccc(F)c3)nc3ccccc3c2O)cc1,-2.643856189774725
CC(O)c1nccn1Cc1cc(-c2ccc(C#CCCCO)cc2)on1,-0.0
Cc1cc(=O)oc2cc(N=C3SC(=Cc4c[nH]c5cc(Cl)ccc45)C(=O)N3CCO)ccc12,-3.0
CC1COc2c(N3CC(N(C)C)C3)c(F)cc3c(=O)c(C(=O)O)cn1c23,4.058893689053568
Cc1nc2ccccc2n1Cc1ccc(Cl)c(Cl)c1,-4.643856189774724
O=C(COC(Cn1cc(CO)nn1)c1ccc(C#Cc2ccccc2)cc1)NO,-2.0
Nc1c(N2CCNCC2)c(F)cc2c(=O)c(C(=O)O)cn(C3CC3)c12,2.321928094887362
O=C(O)c1cn(-c2ccc(F)cc2F)c2nc(C3=CCNCC3)c(F)cc2c1=O,3.321928094887362
N#Cc1ccc(C(=O)OCc2csc(N)n2)cn1,-2.643856189774725
O=C(CN1CCN(c2cc3c(cc2F)c(=O)c(C(=O)O)cn3-c2ccc(F)cc2)CC1)c1ccc(Cl)cc1,1.0
NC1CCCCN(c2c(F)cc3c(=O)c(C(=O)O)cn(C4CC4)c3c2Cl)C1,2.0
CC(O)C1C(=O)N2C(C(=O)O)=C(C(N)CCC(=O)O)SC12,-1.6369145803558778
O=C1OC(Cn2sccc2=O)CN1Cc1ccccc1,-3.643856189774725
CCCCn1c(-c2cc(-c3ccc(C)cc3)nc(N)n2)nc2ccccc21,-4.0
COc1ccc(C2CC(=NOCc3ccccc3)C(C)C(c3ccc(OC)cc3)N2C)cc1,-4.643856189774724
NCC1CN(c2nc3c(cc2F)c(=O)c(C(=O)O)cn3C2CC2F)CC1=NOCc1ccc(Cl)cc1,3.0
COc1cc(-c2nnc(-c3ccccc3COc3ccccc3C)o2)cc(OC)c1OC,-2.643856189774725
CCCCCCCCOC1C(CO)OC(OC2C(N)CC(N)C(OC3OC(CN)C(O)C(O)C3N)C2O)C(O)C1O,-5.0
O=c1cc(OCc2cn(Cc3ccc(Br)cc3)nn2)c2ccccc2o1,-1.0
O=C(Nc1ccc(Cl)cc1)c1cc(Br)cc(Br)c1O,-3.0
Clc1cccc(CON=C2c3ccccc3CCC2Cn2ccnc2)c1,1.3547594873547346
O=C(NN=Cc1cc([N+](=O)[O-])ccc1F)c1ccc2c(c1)OCCCO2,-2.643856189774725
Cc1[nH]c(C(=O)Nc2nc3c(OC(CN4CCOCC4)C(F)(F)F)cc(C(=O)O)cc3s2)c(Cl)c1Cl,3.0
CC(CO)CCCC(C)(O)c1ccc(C(=O)O)cc1O,-5.0
CN(C=O)C1=C2C(=CSS2(=O)=O)NC1=O,-5.0
COC(=O)C1=C(c2ccsc2C)OC(C)(C=CC=CC(C)O)C1=O,-2.807354922057604
CC(N)C(=O)NC1CN(c2nc3c(cc2F)c(=O)c(C(=O)O)cn3C2CC2)C1C,3.0588936890535687
CC1C(=NN=C2NC(=O)CS2)CC(c2ccc(F)cc2)NC1c1ccc(F)cc1,-5.0
CCNCC1CCN(c2c(F)c(C)c3c(=O)c(C(=O)O)cn(C4CC4)c3c2F)C1,4.321928094887363
Cc1ccc(-c2ccc(O)c(O)c2)s1,-4.169925001442312
C=C1CC2OC(=O)C(=C)C2C(O)C=C(C)CCC1O,-4.643856189774724
N#CC1=C(N)OC2=C(CNc3c2cccc3[N+](=O)[O-])C1c1ccc(F)cc1,-4.087462841250339
CC(C)Cc1ccc(C(C)C(=O)c2ccc(OCc3cn(-c4ccccc4)nn3)cc2O)cc1,-3.584962500721156
CC(C)=CCCC(C)=CCCC(C)=CCCC(C)=C[n+]1ccn(C)c1,-5.0
CCn1cc(-c2nc(NC(=O)c3ccccc3)n[nH]2)c(=O)c2ccc(C)nc21,5.011587974275212
CC(C)(C)OC(=O)NCCCCCn1[se]c2ccccc2c1=O,-3.0
CCn1cc(-c2csc(N)n2)c(=O)c2cc(OC)ccc21,-3.733354340613827
O=C(Cn1nc(C(F)(F)F)c2c(-c3ccccc3)c3ccccc3nc21)NC1CCCCC1,-2.963474123974886
CCNc1cc(F)cc2c1[nH]c1ncc(-c3cncc(C(=O)NC)c3)c(-n3ccc(C(F)(F)F)n3)c12,2.0
COc1ccc(-n2sccc2=O)cc1,-4.643856189774724
CC(C)(ON=C(C(=O)NC1CON(C2(C(=O)O)CCC(=O)O2)C1=O)c1csc(N)n1)C(=O)O,3.9885043611621707
SCC1SCC2Sc3ccccc3N12,-5.0
CN1CCN(c2cc3c(cc2F)c(=O)c(C(=O)O)cn3-c2ccc(F)cc2)CC1,4.321928094887363
Cc1ccc(OCc2ccccc2-c2nnc(Cc3cccnc3Cl)o2)cc1,-3.643856189774725
CC1(C)C2CCC(C2)C1CCC(CCC1C2CCC(C2)C1(C)C)NCCN(CCN)CCN,-3.0
Nc1nc(N)c2cc([S+]([O-])c3ccc(Br)cc3)ccc2n1,-1.3219280948873624
Cc1ncc(CO)c2cc(C(=O)Nc3ccccc3)c(=Nc3ccc(Oc4ccccc4)cc3)oc12,-4.643856189774724
Cc1nc(-c2ccccc2)sc1-c1nnc(S)n1N=Cc1ccc(Br)cc1,-0.963474123974886
CC(O)C1C(=O)N2C(C(=O)[O-])=C(SCCNc3cc[n+](Cc4ccccc4)cc3)CC12,-4.832890014164741
Cc1nn(C(=O)c2ccc(Cl)cc2Cl)c2c1nnc1cc(Cl)c(F)cc12,-3.643856189774725
C=C(C)C(=O)OCC1=C(C(=O)O)N2C(=O)C(NC(=O)C(=NO)c3cnc(N)s3)C2SC1,5.058893689053568
O=C1CC(c2ccccc2)=NN1c1nc2ccccc2[nH]c1=O,-3.963474123974886
Nc1nc(N)c2cc([S+]([O-])c3ccc(Cl)cc3)ccc2n1,-0.5849625007211562
C=CCC(Nc1cc(F)c(F)cc1F)c1ccc(F)cc1F,-0.6897464384935557
CC1C(SCc2cccnc2)=C(C(=O)O)N2C(=O)C(CO)C12,5.965784284662087
CC1=CC(C)(CO)OC1=CC(=O)CC1CC(=O)NC(=O)C1,-3.0
COc1ccc(Cn2cnc3c(-c4ccco4)nc(C(F)(F)F)nc32)cc1,-5.0
O=C(Cc1cccs1)N1CCCN(c2ccn3cc(-c4ccc(F)cc4)nc3n2)CC1,-1.632268215499513
CN(C)C1C(O)=C(C(N)=O)C(=O)C2(O)C(O)=C3C(=O)c4c(O)c(NC(=O)c5ccn(C)n5)cc(F)c4CC3CC12,-5.0
CN1CCN(c2c(F)c(S)c3c(=O)c(C(=O)O)cn(C4CC4)c3c2F)CC1,1.3584539709124763
COc1ccc(-c2csc(NN=Cc3cc(Cl)cc(Cl)c3Cl)n2)cc1,-4.643856189774724
CCc1ccc(C(=O)Nc2cc(N)ccc2O)cc1,-3.963474123974886
CCOC(=O)c1cn(Cc2ccc(Cl)cc2Cl)c2cc(F)c(F)cc2c1=O,-4.0
COc1ccc2ncc(F)c(CCC34CCC(N(C)Cc5ccc6c(n5)NC(=O)CO6)(CC3)CO4)c2n1,-4.0
Fc1ccc2sc(NCCCNCc3ccc(Cl)c(Cl)c3)nc2c1,-5.0
CCc1nc2ccccc2n1Cc1cc(O)c2c(c1)C(=O)c1cccc(O)c1C2=O,-5.0
COc1cc(C=CC(=O)c2ccc(O)cc2)ccc1OCc1nnc(-c2ccc(C)cc2)o1,-3.643856189774725
Nc1nc(-c2ccc(Cl)cc2)cc(-c2cccc3ccccc23)n1,-3.7548875021634687
CCCCCCCCCc1ccccc1C(=O)NS(=O)(=O)C(C)(C)C,1.0
CC(=O)NCC1CN(c2ccc(N3CC4C(N)C4C3)c(F)c2)C(=O)O1,-5.0
Cc1ncc([N+](=O)[O-])n1CC(C)OC(=O)C=Cc1ccc(Cl)cc1Cl,-1.6461626571578936
O=c1[nH]c(=O)c2cc3ccccc3nc2[nH]1,-1.9634741239748859
O=C(NNS(=O)(=O)c1ccc(F)cc1)N1N=C(c2ccc(F)cc2)CC1c1ccc(F)cc1,-4.643856189774724
CC(=O)c1sc(N=C2NC(=O)C(=C3C(=O)N(C)c4ccc(Cl)cc43)S2)nc1C,1.0291463456595165
O=C1c2ccccc2-[n+]2ccc3c([nH]c4ccc(-c5cccc(Cl)c5)cc43)c21,-4.643856189774724
CC1(C)CC(=O)C2=C(C1)N(c1ccc(F)cc1)C(=O)CC2c1cn(-c2ccccc2)nc1-c1cccs1,2.321928094887362
O=C(NN=Cc1ccccc1)c1cc(Cl)c(Cl)[nH]1,-3.643856189774725
Cc1cc(C)c(CC(=NOC(=O)c2ccccc2)c2cc3ccccc3o2)c(C)c1,-5.0
O=C(C=Cc1ccccc1)c1ccc(-n2cccc2)cc1,-4.643856189774724
CN(C)c1ccc2cc3ccc(N(C)C)cc3nc2c1,-0.03421571533791298
CC(O)C1C(=O)N2C(C(=O)O)=C(SC3CNC(CSc4ncccn4)C3)C(C)C12,4.351074440546879
CCC(CC)c1cc(C2CN3CCC2CC3CN)nc(-c2ccncc2)n1,-4.169925001442312
O=C1c2c(Cl)cccc2NC2(C(=O)Nc3ccc(Br)cc32)N1Nc1ccccc1,-1.0
O=C1Oc2cc([N+](=O)[O-])ccc2NC1=CC(=O)c1cccc2ccccc12,-3.643856189774725
CCS(=O)(=O)N1N=Cc2sc(Br)cc2B1O,-3.643856189774725
O=C(O)c1cn(C2CC2)c2cc(N3CCC4=C(C3)C(=NO)CCS4)c(F)cc2c1=O,-0.0
O=C(Nc1cccc(B(O)O)c1)c1ccsc1,3.0588936890535687
CCCc1nc(Cl)c2c(c1O)C(=O)C1=C(O)C3(O)C(=O)C(C(N)=O)=C(O)C(N(C)C)C3CC1C2,-5.0
O=C1c2ccccc2-[n+]2ccc3c([nH]c4ccc(-c5ccccc5F)cc43)c21,-2.643856189774725
N#CC1=C(N)OC(c2c[nH]c3ccccc23)=C(C#N)C1c1cccc([N+](=O)[O-])c1,-4.78135971352466
CCCCCCn1c(CN2CCN(c3cc4c(cc3F)c(=O)c(C(=O)O)cn4CC)CC2)nc2ccccc21,-2.0
COc1c(N2CCC(C3(N)CC3)C2)c(F)cc2c(=O)c3c(=O)[nH]sc3n(C3CC3)c12,6.965784284662087
Cc1cc(-c2cc3c(cc2F)c(=O)c2c(=O)[nH]sc2n3C2CC2)cc(C)n1,5.011587974275212
O=C(O)c1cn(-c2ccccc2F)c2cc(N3CCNCC3)c(F)cc2c1=O,3.321928094887362
CCCCN(CCCC)CC1(CN(CCCC)CCCC)Oc2cc(OC)cc(OC)c2C1=O,-4.643856189774724
O=[N+]([O-])c1c[nH]c(-c2nnc(Cc3ccccc3F)o2)c1,-0.6415460290875237
O=C(O)c1ccccc1C=Nn1c(Cc2ccc3ccccc3c2)n[nH]c1=S,-3.0
Cc1ccccc1CNC1CCCCC1NCc1ccccc1C,3.0
O=C(O)c1cn(C2CC2)c2c(F)c(N3CCNCC3)c(F)c(O)c2c1=O,5.321928094887363
CON=C(C(=O)NC1C(=O)N(S(=O)(=O)[O-])C1C)c1csc(N)n1,4.321928094887363
Fc1ccc(-c2nnc3n2ccc2nnc(-c4ccc(F)cc4)n23)cc1,-2.0
OC(CNCCNc1ccccc1C(F)(F)F)CSc1ccc(C(F)(F)F)cc1,-4.0
O=[N+]([O-])c1ccc(C=Nc2ccc(NC(=S)Nc3ccccc3)cc2)cc1,-4.643856189774724
CN1CCN(c2c(F)cc3c(=O)c(C(=O)O)c4n5c3c2SCC5CO4)CC1,-0.6415460290875237
CC1=NN(C2CC(C(F)(F)F)Nc3c2cccc3C(F)(F)F)C(=O)C1,-2.643856189774725
CCNCC1(c2ccccc2)CCN(c2c(F)cc3c(=O)c(C(=O)O)cn(C4CC4)c3c2F)C1,3.321928094887362
O=C1NCC(c2c[nH]c3cc(Br)ccc23)NC1c1c[nH]c2ccccc12,-4.643856189774724
O=C(O)c1cn(-c2ccccc2)c2nc(N3CCNCC3)c(F)cc2c1=O,2.321928094887362
CC(C)c1csc(-c2nnc(S)n2N=CC=Cc2ccccc2)n1,-2.0
Cc1ccc(-c2cc(-c3cc4cc(Br)ccc4o3)nc(N)n2)s1,-2.111031312388744
NCC(=O)NC1CCN(c2cc3c(cc2F)c(=O)c(C(=O)O)cn3C2CC2)C1,1.3219280948873622
CCn1cc(C(=O)O)c(=O)c2cc(F)c(N3CCNCC3)nc21,5.011587974275212
COc1ccc2cc1Oc1cccc(c1)CCC(NCCc1ccc(F)cc1)CC2,-3.643856189774725
O=C(NN1C(=O)C(Cl)=C(Cl)C1=O)c1ccc(-n2c3c(c4ccccc42)CCCC3)cc1,-4.643856189774724
CCNC(=O)Nc1nc2cc(-c3cccnc3)cc(-n3ccnc3)n2n1,-5.0
O=C1CC(c2cc(=O)oc3c2ccc2ccccc23)c2c(c3ccccc3oc2=O)O1,-2.643856189774725
N#Cc1c(N)nnn1Cc1cc(=O)oc2ccc3c(c12)OCO3,2.321928094887362
Cc1cc(C)n2nc(SCc3nnc(SCc4c(F)cccc4F)s3)nc2n1,-3.643856189774725
CC(O)C(NC(=O)c1ccc(C#Cc2ccc(C=NN3CCOCC3)cc2)cc1)C(=O)NO,2.0
CC1Sc2c(C(=O)O)c(=O)c3cc(F)c(-n4ccnc4)cc3n21,2.321928094887362
Clc1ccc(-c2nnc(-c3cc(Br)c(Br)[nH]3)o2)cc1,-0.6415460290875237
CCn1cc(C(=O)O)c(=O)c2cc(F)c(N3CCN(Cn4nc(-c5ccncc5)oc4=S)CC3)cc21,3.0
CC(C)Oc1ccc2ncc(F)c(CCC34CCC(NCc5ccc6c(n5)NC(=O)CO6)(CC3)CO4)c2n1,-4.0
CCN(CC)c1ccc2cc(C(=O)Nc3c(C(=O)O)cnn3-c3ccccc3)c(=O)oc2c1,-3.0
CN(C)CCn1c(-c2ccccc2)nc2ccc(Cl)cc2c1=O,-1.6415460290875237
CCCCC(CN(O)C=O)C(=O)N1CC2(CC2)CC1c1nc2ccccc2[nH]1,1.0
CC(=Cc1ncc(-c2csc([N+](=O)[O-])c2)o1)CC1OCC(CC2OC2C(C)C(C)O)C(O)C1O,4.058893689053568
CC(=O)NCC1CN(c2ccc(-n3cc(-c4ccccn4)cn3)c(F)c2)C(=O)O1,-5.0
O=C(O)c1cn(-c2ccc(F)cc2)c2cc(N3CCC(O)C3)c(F)cc2c1=O,2.321928094887362
CCSc1nnc(-c2ccccc2COc2cccc(C)c2)o1,-4.643856189774724
Clc1ccc(-c2csc(-c3cc(Cl)cc(Cl)c3Cl)n2)cc1,-2.643856189774725
Cc1ccc(NC(=O)Nc2ccc(-c3nc(Oc4cccc(C)c4)c4ccccc4n3)cc2)cc1,-4.643856189774724
CC(C)CCOc1ccccc1-c1ccccc1OCc1cn(CC(CCCNC(=N)N)NC(=O)Cc2ccccc2)nn1,-5.0
CCCCCCCCOc1ccc(CNC(CO)(CO)CO)cc1,-5.0
CN1CCN(c2c(F)c(F)c3c(=O)c(C(=O)O)cn(C4CC4)c3c2F)CC1,6.058893689053568
CCS(=O)(=O)Cc1nc2ccccc2[n+]([O-])c1C(C)=O,-4.643856189774724
CCn1cc(C(=O)O)c(=O)c2cc(F)c(N3CCN(CC(O)CSc4nccn4C)CC3)cc21,-3.0
OC(c1ccccc1)(c1ccccc1)C1CCN(Cc2ccc(-c3ccccc3)cc2)CC1,-1.0
O=C(c1cccs1)C1C(c2ccc(Cl)cc2)C2CCCN2C12C(=O)Nc1ccccc12,-4.643856189774724
Cc1ccc2c(C)c3c(c(O)c2c1O)C(=O)C1(O)C(=O)C(C(N)=O)=C(O)C(N2C(=O)c4ccccc4C2=O)C1C3,1.0
CCCCNc1nc(SCCCC)nc2n[nH]cc12,-2.0
CCn1cc(C(=O)O)c(=O)c2cc(F)c(N3CCN(C(C)=N)CC3)nc21,-2.655351828612554
Cc1cc(Cl)c(-n2c(=O)c3ccccc3c3ccccc3c2=O)c(Cl)c1,-1.3785116232537298
O=c1ccc2ncc(F)c(CCC34CCC(NCc5cnc(-c6ccsc6)s5)(CC3)CO4)c2n1CCO,-5.0
NCC(Oc1noc2ccc(-c3ccccc3Cl)nc12)c1ccccc1,-2.0
CC1CSC2=C(CN(c3cc4c(cc3F)c(=O)c(C(=O)O)cn4C3CC3)CC2)C1=O,-3.0
O=[N+]([O-])c1ccc(Sc2nc3ccccc3nc2Sc2ccc([N+](=O)[O-])cc2)cc1,-1.3219280948873624
COc1ccc2ncc(C#N)c(CCC34CCC(NCc5ccc6c(n5)NC(=O)CO6)(CC3)CO4)c2n1,-1.0
CCOc1ccc2nc(NS(=O)(=O)c3ccc(Cl)cc3)sc2c1,2.3562361456626575
CCCCCc1ccc(C(=O)NCCn2cc(CCCCCc3cnc(N)n3Cc3ccc(CCCC)cc3)nn2)cc1,10.994930630321603
COc1ccc(-c2cc3n(c2)C(=O)N(CCC(C)(C(=O)NO)S(C)(=O)=O)C3)c(F)c1,3.0588936890535687
CC(CCN1Cc2cc(C#Cc3ccc(COC(N)=O)cc3)cn2C1=O)(C(=O)NO)S(C)(=O)=O,3.9885043611621707
CCCCCCn1cc(C(=O)OCC)c(=O)c2cc(F)c(F)cc21,-3.0
CCN(CC)[c+]1sc2c(s1)C(c1ccc(Cl)cc1)Oc1c(Br)cc(Br)cc1-2,-2.9653225483672547
Fc1ccc(C2=NN(c3nc(-c4ccccc4)cs3)C(c3cccs3)C2)cc1,-3.643856189774725
Cc1cncc(-c2cc3c(cc2F)c(=O)c(C(=O)O)cn3C2CC2)c1,4.058893689053568
CC(O)C1C(=O)N2C(C(=O)O)=C(SC3CNC(C=Cc4ccon4)C3)C(C)C12,3.3510744405468786
CC(C)CS(=O)(=O)N1N=Cc2sc(Br)cc2B1O,-3.643856189774725
COc1cc(C=Nn2cnnc2)c2c(c1OCc1cccc(Cl)c1)CN1CCc3cc4c(cc3C1C2)OCO4,1.0
O=c1oc2ccccc2cc1Sc1c(-c2ccc(Br)cc2)nc2ccccc2c1-c1ccccc1,-3.643856189774725
Cc1nn(CC(=O)NC2CC2)c2nc3ccccc3c(C)c12,-2.963474123974886
S=C(S)NCCC[Si-]123OCC[N+]1(CCO2)CCO3,0.3864683470820729
O=c1c2cc(F)c(N3CCCC3)cc2n(CC2CC2)c(=O)n1O,1.0
CN1C=C2CC3C(CC(CNC(=O)CCc4ccc(Cl)cc4)CN3C)C3C=CC=C1C23,-3.0565835283663674
CCCCCCCC[N+](C)(C)CC(=O)Nc1ccc(C(=O)C=Cc2cccnc2)cc1,-4.0
Cc1[nH]c2ccc(OC(F)(F)F)cc2c1CNC(=O)CCc1cn(C)c2ccc(Cl)cc12,-2.643856189774725
Sc1nnc(COc2cccc3ccccc23)n1N=Cc1c[nH]nc1-c1cc(Cl)sc1Cl,-1.6438561897747246
CC(C)(C)ON=C(CN1CCN(c2cc3c(cc2F)c(=O)c(C(=O)O)cn3C2CC2)CC1)c1nccs1,-0.0
COc1ccc(C(=O)Nc2ccccc2C)cc1OC,-4.20945336562895
CC(O)C(NC(=O)N1CCN(c2ccc(C#Cc3ccc(CO)cc3)cc2)CC1)C(=O)NO,1.3219280948873622
CN1CCN(c2cc3ncnc(Sc4nnc(-c5cccnc5)o4)c3cc2NC(=O)NC2CCCCC2)CC1,-4.643856189774724
CC1(C=CC#N)C(C(=O)[O-])N2C(=O)C(CO)C2S1(=O)=O,-2.0
COc1ccc(C(=O)C=Cc2ccc(OCc3nnc(-c4ccc(Cl)cc4)o3)c(OC)c2)cc1,-3.643856189774725
Nc1nn(-c2nc3ccccc3s2)c(N)c1N=Nc1ccc(F)cc1,-3.0
CC(=NNC1=NCCN1)c1cnn(-c2ccc(C#CC3(O)CCCCC3)cc2)c1C,-5.0
CCn1cc(C(=O)O)c(=O)c2cc(F)c(N3CCN(CC(=NN)c4ccc(C)cc4)CC3)cc21,-4.643856189774724
Cc1c2ccncc2c(C)c2c1[nH]c1ccc(O)cc12,-3.0
COc1ccc(C(=O)Nc2cccc(O)c2)cc1OC,-4.247927513443585
O=C(Cn1c2ccccc2c2nc3ccccc3nc21)N1N=C(c2cc3ccccc3o2)CC1c1cccc([N+](=O)[O-])c1,-3.3923174227787602
CON=C(C(=O)NC1C(=O)N2C(C(=O)[O-])=C(CN(C)c3sc4c([n+]3C)CCCC4)CSC12)c1csc(N)n1,5.321928094887363
Cc1ccc(S(=O)(=O)n2ncc3ccccc32)cc1,-1.632268215499513
CCOC1=NC(=NN=C2C(=O)Nc3ccc(Br)cc32)SC1=NNc1ccccc1,-2.0
CC(C)CCCC(C)C1CCC2C3C(NCCc4cnc[nH]4)CC4CC(NCCc5cnc[nH]5)CCC4(C)C3CCC12C,-5.0
O=C(Cc1ccccc1)Nc1ccc2oc(Cc3ccccc3)nc2c1,-4.643856189774724
Cc1ccc2oc(=O)c(C(=O)Nc3c(C(=O)O)cnn3-c3ccc(F)cc3)cc2c1,-2.0
CCn1cc(C=NNc2ccc3c4c(cccc24)C(=O)N(C(CO)CO)C3=O)c2ccccc21,-4.0
N=C(N)OCc1ccc(Cl)cc1,-5.0
Cn1ncc2cc(-n3cc(CSc4nnnn4-c4cccc(F)c4)nn3)ccc21,-2.321928094887362
C=CC1(C)CC(OC(=O)CSc2nc(N3CCCC3)c3ccsc3n2)C2(C)C(C)CCC3(CCC(=O)C32)C(C)C1O,-3.9653225483672547
Fc1ccc(C2(Cn3cncn3)CO2)c(F)c1,-5.0
CCc1cc(O)c(Oc2ccccc2)cc1F,-0.0
CCOC(=O)C(C)SC1=C(Cl)C(=O)c2ccccc2C1=O,-3.643856189774725
COc1ccc(C2CC(c3ccc(C)c(C)c3)=NN2C(C)=O)cc1,-4.643856189774724
CC1CN(c2cc3c(cc2F)c(=O)c(C(=O)O)cn3C(C)C)CC(C)N1,-0.6780719051126377
COc1ccc(-n2c(-c3ccc(F)cc3)nc(C)c2C)cc1,-4.643856189774724
COC(=O)C(Cc1ccccc1)NP(=O)(OCCN(C)c1cc(=O)oc2ccc(C(C)(C)C)cc12)Oc1ccccc1,-4.0
NC(=O)c1cccc(-n2c(C=Cc3ccc(F)cc3)nc3ccncc3c2=O)c1,-4.0
Oc1cccc(C=Cc2nc3cc(Br)ccc3[nH]2)c1,-2.0
CCn1cc(C(=O)O)c(=O)c2cc(F)c(N3CCN(Cn4nc(-c5cccnc5)oc4=S)CC3)cc21,3.0
CC(N)C1CCN(c2cc3c(c(N)c2F)c(=O)c(C(=O)O)cn3C2CC2)C1,5.321928094887363
O=C(C=Cc1ccco1)c1ccc(-n2cccc2)cc1,-4.643856189774724
Cc1cc(C)n(CC(=O)NC2CCN(c3c(F)cc4c(=O)c(C(=O)O)cn(C5CC5)c4c3Cl)C2)n1,-4.0
O=[N+]([O-])c1ccc2c(cnn2S(=O)(=O)c2ccc(Cl)cc2)c1,2.3562361456626575
CC(O)C1C(=O)N2C(C(=O)[O-])=C(c3cn4c(N5CCOCC5)nc(C(=O)c5ccc[n+](CC(N)=O)c5)c4s3)C(C)C12,-4.0
N=C(N)c1ccc(-c2ccc(-c3cccs3)o2)nc1,-3.9068905956085187
CCCCCCn1c(-c2cc(-c3ccc(C)cc3)nc(N)n2)nc2ccccc21,-4.0
Nc1cccc(-c2nc3ccccc3n2Cc2ccc(Cl)c(Cl)c2)c1,-2.0
Nc1nc(N)c2cc(Sc3ccc(O)cc3)ccc2n1,-1.3219280948873624
C=CCn1c2ccccc2c2c(OCc3nnn[nH]3)cccc21,-0.0
CC(O)C(NC(=O)c1ccc(C#Cc2ccc(C=NN3CCN(C4CCCC4)CC3)cc2)cc1)C(=O)NO,-1.0
O=C(O)c1cn2c3c(c(N4CCC(O)CC4)c(F)cc3c1=O)OCC2CF,-0.0
COc1ccc(-c2nnc(SCCSc3nnc(-c4c[nH]c5ccccc45)n3N)o2)cc1,-1.0
COc1ccc2ncc(F)c(C3OC(=O)OC3C34CCC(NCc5ccc6c(n5)NC(=O)CO6)(CC3)CO4)c2n1,-4.0
Cc1ccc(NC2=Nn3c(nnc3-c3cc(F)c(Cl)cc3Cl)SC2)c(C)c1,-3.643856189774725
O=C1NC(=O)C2(Cc3cc(-c4ccc(N5CC(CO)OC5=O)cc4F)ccc3N3CCOCC32)C(=O)N1,-2.0
C=C1C(=O)OC2CC3(C)C(O)CCC(=C)C3C(O)C12,-4.643856189774724
Cc1cc(C)n2nc(SCc3nnc(SCc4ccc(Br)cc4)s3)nc2n1,-3.643856189774725
CNc1cc(F)cc2c1[nH]c1ncc(-c3cnc(C4(C(=O)O)CC4)nc3)c(-n3ccc(C(F)(F)F)n3)c12,5.965784284662087
COc1ccc(-c2[nH]nc(N)c2C(=O)Nc2ccc(S(=O)(=O)Nc3onc(C)c3C)cc2)cc1,-2.9653225483672547
CC1(C)C2CCC(C2)C1CCC(CCC1C2CCC(C2)C1(C)C)NCCCNCCNCCCN,-4.906890595608519
CC1CN(S(=O)(=O)c2ccc([N+](=O)[O-])cc2)N(C(=O)OC(C)(C)C)C1O,-5.0
CCSC(Cn1nnc2cc(C#Cc3ccc(CN4CCOCC4)cc3)ccc21)N(O)C=O,1.0
N#Cc1c(NN)nc(=S)[nH]c1-c1ccc(F)cc1,-5.0
CCC1C(=NOC(=O)OC)CC(c2ccccc2)N(C)C1c1ccccc1,-4.643856189774724
CC(O)C(NC(=O)c1ccc(C#Cc2ccc(C=NN3CCN(C(=O)C4CC4)CC3)cc2)cc1)C(=O)NO,5.058893689053568
CC(O)C1C(=O)N2C(C(=O)O)=C(SC(=S)N(C)c3cccs3)C(C)C12,-3.643856189774725
Fc1cc2c(c3ncccc13)OCN(Cc1ccc(OC(F)(F)F)cc1)C2,-4.643856189774724
C=C1CC23C=CC(=O)C(C)(CCC(=O)Nc4c(O)ccc(C(=O)O)c4O)C2CC1CC3,-1.0
CC(O)C(NC1CCOc2cc(C#Cc3ccc(CN4CCOCC4)cc3)ccc21)C(=O)NO,-1.0
CC(=O)NCC1CN(c2ccc(-c3ccc(CN)cc3)c(F)c2)C(=O)O1,-3.0
CC1COc2c(N3CCN(C)CC3)c(F)cc3c(=O)c(C(=O)NN=Cc4cccc([N+](=O)[O-])c4)cn1c23,1.0
NCC1CN(c2nc3c(cc2F)c(=O)c(C(=O)O)cn3C2CC2)CC1=NOCc1ccc2c(c1)OCO2,3.0
C=C1C(=O)CCC2(C)c3ccc(C(C)C)c(OC)c3CCC12,-2.655351828612554
NC(=O)c1cccc2nc3c(Cl)ccc(Cl)c3nc12,-5.0
NCC1CCC(N)C(OC2C(N)CC(NC(=O)C(O)CCN=C(N)N)C(C3OC(CO)C(O)C(N)C3O)C2O)O1,0.3584539709124763
CCCCCCCCCCCCn1cc(C(=O)OCC)c(=O)c2cc(F)c(F)cc21,-4.0
CCCCCCCCCCN(Cc1ccccc1)C(=O)C(N)CCCCN,-2.700439718141092
COc1ccccc1NC(=S)Nc1ccc2ncnc(Sc3nnc(-c4cccnc4)o3)c2c1,-4.643856189774724
COC1CC(c2ccccc2)=NN1C(C)=NOC(=O)c1ccccc1C,-3.643856189774725
O=C1c2ccccc2C(=O)N1CC(=O)N1c2ccccc2Sc2ccccc21,-3.321928094887362
O=c1oc2c(Br)cc(Br)cc2cc1-c1nc2ccccc2c2nc3c4nsnc4ccc3n12,-3.321928094887362
N=C(N)NN=Cc1ccc(C=CC(=O)c2cccc(Cl)c2)cc1,-2.0
Nc1ccc(C2CN(c3nc4c(cc3F)c(=O)c(C(=O)O)cn4C3CC3)CC2N)cc1,3.321928094887362
CCCCOc1c(OC)cc(C=Nn2cnnc2)c2c1CN1CCc3cc4c(cc3C1C2)OCO4,-4.0
Cc1nc2c(=O)n(C3CC3)c3cc(N4CCC(C(C)(C)N)C4)c(F)cc3c2o1,-3.0
O=C1CCc2c(cccc2NC(=O)CN2CCCC2)N1,-5.0
CN(C)CC(=O)NCC=CC1=C(C(=O)O)N2C(=O)C(NC(=O)CSc3ccc4ccccc4c3)C2SC1,-5.0
O=C(O)c1cn(C2CCC2)c2cc(N3CCNCC3)c(F)cc2c1=O,2.9434164716336326
Cc1nnc(SCC2=C(C(=O)O)N3C(=O)C(NC(=O)CS(=O)(=O)CC#N)C3SC2)s1,-2.655351828612554
CC1CN(c2nc3c(cc2F)c(=O)c(C(=O)O)cn3C(C)(C)C)CCN1,1.0
CCCCCCCCOC1C(OC2C(N)CC(N)C(OC3OC(CN)C(O)C(O)C3N)C2O)OC(CO)C(O)C1O,-5.0
COc1c(N2CC3CCCNC3C2)c(F)cc2c(=O)c(C(=O)O)cn(-c3ccc(O)cc3)c12,4.321928094887363
CC(C)c1ccc2c(c1)CCC1C(CNC(=O)c3ccccn3)(Cc3ccc(Br)cc3)CCCC21C,-2.0
CN(C)CCOC(S)=NCC1CN(c2ccc(-n3nnc4ccccc43)c(F)c2)C(=O)O1,-4.0
Cn1cc([N+](=O)[O-])cc1-c1nnc(C2CCCNC2)o1,-1.6438561897747246
O=C(C=Cc1ccc(F)cc1)c1nc2ccccc2[nH]1,-4.0
COc1ccc(C=CCn2c(=O)[nH]c3sc4c(c3c2=O)C(Cc2ccccc2)CC(C(C)C)C4)cc1,-5.0
CC(=NO)c1ccc(NC(=O)c2nn(-c3ccccc3)c(-c3ccccc3)c2C(=O)c2ccccc2)cc1,-0.6959938131099002
CC1(C)CC(=O)C2=C(C1)Oc1ccc3ccccc3c1C2c1cn(-c2ccc(Cl)cc2)nn1,-3.643856189774725
